{"authorDailyContributionsMap":{"agarwal-anjali":[{"date":"2022-09-28","commitResults":[{"hash":"3ecb63df86bf2a0f0b4a89db6301ab5b845054a2","messageTitle":"Update AboutUs","messageBody":"","fileTypesAndContributionMap":{"docs":{"insertions":51,"deletions":4}}},{"hash":"1d4c6b05fcd652314077fd2383a9d65d88341337","messageTitle":"Add skeletal PPP","messageBody":"","fileTypesAndContributionMap":{"docs":{"insertions":14,"deletions":23}}},{"hash":"52248d733e590e1bcd9d0e83d70376f15be7103e","messageTitle":"Update User Guide","messageBody":"","fileTypesAndContributionMap":{"docs":{"insertions":41,"deletions":1}}},{"hash":"b666a74d4c193731a5c880048315433739c52c18","messageTitle":"Update Developer Guide","messageBody":"","fileTypesAndContributionMap":{"docs":{"insertions":29,"deletions":13}}},{"hash":"3d47a43a3552364e9e92c40fcd99f7d29095b54e","messageTitle":"Update DeveloperGuide.md","messageBody":"","fileTypesAndContributionMap":{"docs":{"insertions":3,"deletions":1}}}]},{"date":"2022-10-07","commitResults":[{"hash":"2c288dcac70c179d95c92dde5bfe4d8b73c5a04d","messageTitle":"Add skeletal tag type and tag commands","messageBody":"","fileTypesAndContributionMap":{"functional-code":{"insertions":231,"deletions":13}}},{"hash":"3f4789458d83fa792feaede44ffbbcdcabbfa7ad","messageTitle":"Add java doc","messageBody":"","fileTypesAndContributionMap":{"functional-code":{"insertions":43,"deletions":0}}},{"hash":"3d5efc8c1afce5cc5e6b9fce10e0c6e29fdfc23e","messageTitle":"Update parser","messageBody":"","fileTypesAndContributionMap":{"functional-code":{"insertions":10,"deletions":12}}},{"hash":"8b88a21f7c1f0e96be7acc0b10f9de64cde99c14","messageTitle":"Fix checkstyle issues","messageBody":"","fileTypesAndContributionMap":{"functional-code":{"insertions":1,"deletions":1}}},{"hash":"0cec8d6c027be951c625976e4d1c386327cf34ac","messageTitle":"Fix import statements checkstyle issues","messageBody":"","fileTypesAndContributionMap":{"functional-code":{"insertions":35,"deletions":24}}},{"hash":"0135ccfbbcdd8a6b87581dfc287088fc77f0c7d4","messageTitle":"Fix whitespace issues","messageBody":"","fileTypesAndContributionMap":{"functional-code":{"insertions":1,"deletions":1}}},{"hash":"5a35e1715ac77d5d7878712ebc1ddcbf9a87e4dc","messageTitle":"Fix checkstyle issues","messageBody":"","fileTypesAndContributionMap":{"functional-code":{"insertions":4,"deletions":4}}}]},{"date":"2022-10-10","commitResults":[{"hash":"63d9030aecdce242a36139ea92718e30c9904abf","messageTitle":"Update execute functions and storage files","messageBody":"","fileTypesAndContributionMap":{"functional-code":{"insertions":300,"deletions":54},"other":{"insertions":10,"deletions":10}}},{"hash":"31ea2314e20a1dd515b1000e6ccf4609dd9532e4","messageTitle":"Fix invocation errors","messageBody":"","fileTypesAndContributionMap":{"functional-code":{"insertions":11,"deletions":9}}},{"hash":"0e272f53be7cfcc7e770710575f5f700ddb67766","messageTitle":"Update TagType Commands","messageBody":"","fileTypesAndContributionMap":{"functional-code":{"insertions":96,"deletions":13}}},{"hash":"c64c49e59fcd0e911beb7b693668e0dd363c4350","messageTitle":"Fix merge conflicts","messageBody":"","fileTypesAndContributionMap":{"functional-code":{"insertions":2,"deletions":2}}}]},{"date":"2022-10-11","commitResults":[{"hash":"60a30ff2275b3cffd2342d45c41b5f18dd7704e8","messageTitle":"Update set and tag methods of EditPersondescriptor class","messageBody":"","fileTypesAndContributionMap":{"functional-code":{"insertions":34,"deletions":9}}},{"hash":"2f358f919710a824d191cc1795ad7a4cb47b07ae","messageTitle":"Modify execute methods of AddTag and DeleteTag commands","messageBody":"","fileTypesAndContributionMap":{"functional-code":{"insertions":15,"deletions":11}}},{"hash":"91191e69bae49ddaa272c30a594ad91d2cd93fa7","messageTitle":"Modify method descriptor","messageBody":"","fileTypesAndContributionMap":{"functional-code":{"insertions":3,"deletions":3}}},{"hash":"d9ca73d723c585beba80a89c7aa714292c87f805","messageTitle":"Fix invocation error caused by AddTag command","messageBody":"","fileTypesAndContributionMap":{"functional-code":{"insertions":2,"deletions":2}}}]},{"date":"2022-10-12","commitResults":[{"hash":"f46cf875c9e05bf15aa9a748e49020d87583fba9","messageTitle":"Update storage files to store a map","messageBody":"","fileTypesAndContributionMap":{"functional-code":{"insertions":37,"deletions":10}}},{"hash":"b9bfdf19e2110c9502f4a6625a79b852f24d0f0f","messageTitle":"Fix sample data format","messageBody":"","fileTypesAndContributionMap":{"functional-code":{"insertions":28,"deletions":25}}},{"hash":"e1310f0d58367ef5fd83c30180b36467cf1a6c29","messageTitle":"Fix invocation error caused by deleteTag command","messageBody":"","fileTypesAndContributionMap":{"functional-code":{"insertions":1,"deletions":0}}},{"hash":"ec53c3a68dbab270b42f53bf89c4181892c41872","messageTitle":"Fix unsupported operation exception","messageBody":"","fileTypesAndContributionMap":{"functional-code":{"insertions":9,"deletions":3}}}]},{"date":"2022-10-13","commitResults":[{"hash":"3878ade3055cab41d809fc7c4a239930ec0bcaf3","messageTitle":"Add more checks for invalid tag command inputs and handle exceptions","messageBody":"","fileTypesAndContributionMap":{"functional-code":{"insertions":68,"deletions":32}}},{"hash":"5ca4ecf60ca89d4dcad73651896f0c75078a8dd3","messageTitle":"Fix errors in editTagType command","messageBody":"","fileTypesAndContributionMap":{"functional-code":{"insertions":17,"deletions":6}}},{"hash":"47c1d1055c18b287fb14399154fc0059e4bbd8c8","messageTitle":"Fix issues in editing tag types for all persons","messageBody":"","fileTypesAndContributionMap":{"functional-code":{"insertions":4,"deletions":2}}},{"hash":"31f4aa8446a94a61e975a8598dda8570ac243784","messageTitle":"Updated the deleteTag command","messageBody":"","fileTypesAndContributionMap":{"functional-code":{"insertions":2,"deletions":2}}},{"hash":"cfda385e71a4927db69dec729427daeb95344a45","messageTitle":"Remove unused import statements","messageBody":"","fileTypesAndContributionMap":{"functional-code":{"insertions":0,"deletions":3}}},{"hash":"876ec358a17a50b8bb85e13648787966859e053b","messageTitle":"Fix build issues","messageBody":"","fileTypesAndContributionMap":{"functional-code":{"insertions":0,"deletions":1}}}]}],"ytingtan":[{"date":"2022-09-28","commitResults":[{"hash":"d761726efd006d5ea35dc1b89ee9b8f0406c56da","messageTitle":"Update AboutUs","messageBody":"","fileTypesAndContributionMap":{"docs":{"insertions":4,"deletions":5}}},{"hash":"2cf212eb9ecc592b9fec8224c6ba5694e2f7476c","messageTitle":"Update find command of CLinkedIn","messageBody":"","fileTypesAndContributionMap":{"docs":{"insertions":43,"deletions":1}}},{"hash":"f86af58202fdd5ab3dd8f5c51cf41d2a3fc8b23c","messageTitle":"Add Ying Ting\u0027s skeletal PPP","messageBody":"","fileTypesAndContributionMap":{"docs":{"insertions":36,"deletions":0}}},{"hash":"67c7c84606fb19bc16b169718a518b772e08f715","messageTitle":"Update Glossary and NFRs of DG","messageBody":"","fileTypesAndContributionMap":{"docs":{"insertions":11,"deletions":5}}},{"hash":"f924eb98770dd6c84300e03a4576789e255e1442","messageTitle":"Add status command into command summary","messageBody":"","fileTypesAndContributionMap":{"docs":{"insertions":15,"deletions":14}}},{"hash":"c9c103fe6526d7968dd51cef45f0e326049f58e7","messageTitle":"Fix minor bug in status command in command summary","messageBody":"","fileTypesAndContributionMap":{"docs":{"insertions":1,"deletions":1}}},{"hash":"e1a643817233a534db132c84c4788469da53c234","messageTitle":"Change find command to search to align with User Storeis","messageBody":"","fileTypesAndContributionMap":{"docs":{"insertions":7,"deletions":9}}}]},{"date":"2022-09-29","commitResults":[{"hash":"cf28b88cc699d074637b5b832be20cd6f64e840b","messageTitle":"Correct inconsistencies in UG","messageBody":"","fileTypesAndContributionMap":{"docs":{"insertions":5,"deletions":5}}},{"hash":"de28b39d033d92d930ba8613bde2c0e7c4673e5c","messageTitle":"Update AboutUs","messageBody":"","fileTypesAndContributionMap":{"docs":{"insertions":1,"deletions":1}}}]},{"date":"2022-10-07","commitResults":[{"hash":"66d1a781c2981b6b840a1032dd4e595132050133","messageTitle":"Add FindName Command","messageBody":"Find command currently returns persons whose details and tags contain keywords. Very general search function. Users might want to search for specific attributes of a person, in this base by name only.\n\nLet\u0027s,\n\n    Create more specific find commands based on specific attributes of a person, in this case, based on name\n","fileTypesAndContributionMap":{"functional-code":{"insertions":81,"deletions":10}}},{"hash":"e6614fc1a3233771dabcc3d31a03665d21dbb062","messageTitle":"Add Testing","messageBody":"","fileTypesAndContributionMap":{"test-code":{"insertions":117,"deletions":0}}},{"hash":"92eb1925367679a3f6ad85a8b563407cf66ddb0b","messageTitle":"Add tests for AddressBookParser","messageBody":"","fileTypesAndContributionMap":{"test-code":{"insertions":12,"deletions":8}}},{"hash":"29f190a21e45712ec4b3aa5829183281020e74c6","messageTitle":"Fix no newline at EOF errors","messageBody":"","fileTypesAndContributionMap":{"functional-code":{"insertions":2,"deletions":0},"test-code":{"insertions":2,"deletions":0}}},{"hash":"3594bed12a5957551c596380b9e3fe8c5e11d584","messageTitle":"Fix no newline at EOF errors v2","messageBody":"","fileTypesAndContributionMap":{"functional-code":{"insertions":3,"deletions":2},"test-code":{"insertions":2,"deletions":4}}},{"hash":"839bf9f5ae488219e2eaf2d83254926c1bf384e9","messageTitle":"Remove use of Star Import","messageBody":"","fileTypesAndContributionMap":{"functional-code":{"insertions":12,"deletions":1}}},{"hash":"d07d978deb73d459b85552591821942d815d2725","messageTitle":"Order imports in lexicographical order","messageBody":"","fileTypesAndContributionMap":{"functional-code":{"insertions":4,"deletions":6}}},{"hash":"035bb29cde7895742efc28674130fd2f00ed320a","messageTitle":"Order imports in lexicographical order v2","messageBody":"","fileTypesAndContributionMap":{"functional-code":{"insertions":1,"deletions":1}}},{"hash":"2ed9d728270f1fa0353967087bc8030db3b67c4c","messageTitle":"Remove star imports in AddressBookParserTest and correct line length","messageBody":"","fileTypesAndContributionMap":{"test-code":{"insertions":13,"deletions":2}}},{"hash":"614124811ddc3fddae99b4d1f116ce52a01701e7","messageTitle":"Remove unused imports and extra newline","messageBody":"","fileTypesAndContributionMap":{"test-code":{"insertions":0,"deletions":2}}},{"hash":"86c5d5172993c120f1d02c7d132f5544468b9ceb","messageTitle":"Fix parse_emptyArg_throwsParseException","messageBody":"","fileTypesAndContributionMap":{"functional-code":{"insertions":1,"deletions":1}}},{"hash":"a23b48af602b91454aad3a29e6cc7ad2fd11a7b4","messageTitle":"Fix equals method for FindNameCommand","messageBody":"","fileTypesAndContributionMap":{"functional-code":{"insertions":2,"deletions":3}}}]},{"date":"2022-10-09","commitResults":[{"hash":"a849207e049f427d033bfe6c333f3e6f03243ee8","messageTitle":"Add FindLocation Command","messageBody":"Previously, there is only the general FindCommand that returns persons whose names, addresses, emails, tags and statuses contains the keywords.\n\nLet\u0027s add a more specific command to display search results of a certain attribute, in this case returns persons whose addresses fit the keywords.\n","fileTypesAndContributionMap":{"functional-code":{"insertions":115,"deletions":12},"test-code":{"insertions":118,"deletions":0}}},{"hash":"4dd2e1aa5f9e7f9cc127f139b921af50e9e34f6d","messageTitle":"Add missing import to AddressBookParser","messageBody":"","fileTypesAndContributionMap":{"functional-code":{"insertions":1,"deletions":0}}},{"hash":"b142a01118b4516296e6d6be4ed4af5b6887c29a","messageTitle":"Add FindEmailCommand","messageBody":"Previously, there is only the general FindCommand that returns persons whose names, addresses, emails, tags and statuses contains the keywords.\n\nLet\u0027s add a more specific command to display search results of a certain attribute, in this case returns persons whose emails fit the keywords.\n","fileTypesAndContributionMap":{"functional-code":{"insertions":116,"deletions":2},"test-code":{"insertions":121,"deletions":3}}},{"hash":"f69a92c76591a797d0d20bd4bb4de7a66a432c32","messageTitle":"Fix spacing errors","messageBody":"","fileTypesAndContributionMap":{"test-code":{"insertions":1,"deletions":1}}},{"hash":"65f54d23108af622bb131cb4c3aa56879ec561d2","messageTitle":"Create Status Attribute and FindStatus Command","messageBody":"This is an essential feature as recruiters need to keep track of applicants\u0027 status.\n\nLet\u0027s\n- Add Status attribute in Person\n- Create FindStatusCommand\n","fileTypesAndContributionMap":{"functional-code":{"insertions":237,"deletions":28},"test-code":{"insertions":180,"deletions":27}}},{"hash":"c8927b860ab3e36c374265f1e1f587d5478263a8","messageTitle":"Fix checkstyle errors","messageBody":"","fileTypesAndContributionMap":{"functional-code":{"insertions":25,"deletions":5}}},{"hash":"6042f6f2fa33039f10b66f8af69920a1d28f1a2a","messageTitle":"Fix checkstyle errors v2","messageBody":"","fileTypesAndContributionMap":{"test-code":{"insertions":17,"deletions":8}}},{"hash":"cae42121436f8e65b62f40b2ae63b8b80a25a505","messageTitle":"Fix checkstyle errors v3","messageBody":"","fileTypesAndContributionMap":{"test-code":{"insertions":2,"deletions":2}}},{"hash":"2e840f197b9f28d04ac1aedadac401e93c16ad6b","messageTitle":"Fix testing errors","messageBody":"","fileTypesAndContributionMap":{"functional-code":{"insertions":5,"deletions":3},"test-code":{"insertions":34,"deletions":62}}},{"hash":"4d40b63c90a17ab901d0651a23bc305965511bf1","messageTitle":"Fix checkstyle errors v4","messageBody":"","fileTypesAndContributionMap":{"test-code":{"insertions":42,"deletions":13}}}]},{"date":"2022-10-10","commitResults":[{"hash":"aca6e2973aeb0f1a798f11d28efa1afebc182734","messageTitle":"Fix testcases","messageBody":"","fileTypesAndContributionMap":{"test-code":{"insertions":26,"deletions":16}}},{"hash":"c9d9284a8fa2e157bb46ce44d2b41e8ac2f60e66","messageTitle":"Fix import order","messageBody":"","fileTypesAndContributionMap":{"test-code":{"insertions":4,"deletions":4}}},{"hash":"9a2d31f980d91c29590fa9264ca5ca38f79abcf1","messageTitle":"Fix checkstyle","messageBody":"","fileTypesAndContributionMap":{"test-code":{"insertions":1,"deletions":1}}},{"hash":"1deec674385c2b72de3825c9645e61e8990cacaa","messageTitle":"Fix checkstyle","messageBody":"","fileTypesAndContributionMap":{"test-code":{"insertions":9,"deletions":9}}}]},{"date":"2022-10-16","commitResults":[{"hash":"59acbc3c6ec38cea77bd502cc81cce1c5e7a0409","messageTitle":"Write more tests to increase code coverage","messageBody":"","fileTypesAndContributionMap":{"functional-code":{"insertions":3,"deletions":2},"test-code":{"insertions":60,"deletions":21}}},{"hash":"f07c2ad25686f79d976707e65cba203f3ed91757","messageTitle":"Fix testcases","messageBody":"","fileTypesAndContributionMap":{"test-code":{"insertions":8,"deletions":4}}},{"hash":"60454e5f1e2421a570b0d51a122ca1c787b79354","messageTitle":"Fix testcases v2","messageBody":"","fileTypesAndContributionMap":{"functional-code":{"insertions":2,"deletions":2},"test-code":{"insertions":20,"deletions":2}}}]}],"josephaedan":[{"date":"2022-09-28","commitResults":[{"hash":"9039c9fce9b5441493a103864fb5f554de8f30ae","messageTitle":"Create josephaedan.md","messageBody":"","fileTypesAndContributionMap":{"docs":{"insertions":39,"deletions":0}}},{"hash":"a47e3e75ba4b8031aa67e8a0f5212d02fbb9d630","messageTitle":"Update README.md","messageBody":"","fileTypesAndContributionMap":{"docs":{"insertions":22,"deletions":11}}},{"hash":"67b1c215985ad736a15169ac15f656ef4107b458","messageTitle":"Update AboutUs","messageBody":"","fileTypesAndContributionMap":{"docs":{"insertions":6,"deletions":6}}},{"hash":"6d1796c270c2ce8a6b2800fb020ea0049cdc8ad2","messageTitle":"Add recruitment status documentation","messageBody":"","fileTypesAndContributionMap":{"docs":{"insertions":23,"deletions":3}}}]},{"date":"2022-09-29","commitResults":[{"hash":"26d25fa2fb326492e3ab5505beed90cb2b530c96","messageTitle":"Update README.md","messageBody":"","fileTypesAndContributionMap":{"docs":{"insertions":1,"deletions":1}}},{"hash":"0d9bf00c90922aed6ceb60f184fd32cbf2bd768a","messageTitle":"Update UserGuide.md","messageBody":"- Let\u0027s add a title section and introduction section to the page\r\n- Let\u0027s let users know about the various notations/symbols used in our user guide and what they mean\r\n- Let\u0027s shift the recruitment status feature description above to match the feature descriptions list","fileTypesAndContributionMap":{"docs":{"insertions":47,"deletions":23}}}]},{"date":"2022-10-07","commitResults":[{"hash":"2e747afb80bd24513c3c085efed9a3210e9ebde5","messageTitle":"Add functions for calculating total count of candidates","messageBody":"","fileTypesAndContributionMap":{"functional-code":{"insertions":61,"deletions":19}}},{"hash":"49b41ef6608b90f25af483f9a30cc1060fb37f13","messageTitle":"Add implemented functions from interface","messageBody":"","fileTypesAndContributionMap":{"functional-code":{"insertions":13,"deletions":4},"test-code":{"insertions":12,"deletions":1}}},{"hash":"435c11766d13130bafa9effb179a42dfbdf00435","messageTitle":"Remove trailing whitespace","messageBody":"","fileTypesAndContributionMap":{"functional-code":{"insertions":0,"deletions":4}}}]},{"date":"2022-10-08","commitResults":[{"hash":"785be8ae6bfcfab60a1a7d2360f8476e4dfcd27e","messageTitle":"Add UI Component to display person count","messageBody":"","fileTypesAndContributionMap":{"functional-code":{"insertions":77,"deletions":0}}},{"hash":"479dc091662c130f353c30fd2ea1e23ba74968e3","messageTitle":"Update PersonCountDisplay.java","messageBody":"","fileTypesAndContributionMap":{"functional-code":{"insertions":1,"deletions":1}}},{"hash":"6eed15169b6fd066b75f509462afc70907d8d0b9","messageTitle":"Dynamically updates total count display upon each command execution","messageBody":"","fileTypesAndContributionMap":{"functional-code":{"insertions":68,"deletions":13},"test-code":{"insertions":5,"deletions":0}}}]},{"date":"2022-10-09","commitResults":[{"hash":"d1d11e4cfb033f23040ac83f78d90d43dafa50cb","messageTitle":"Add command summary to Help section","messageBody":"","fileTypesAndContributionMap":{"functional-code":{"insertions":96,"deletions":24}}},{"hash":"8dee93a41fc2fea0d91e63fe586fedd7a55e2fed","messageTitle":"Add EOF to HelpWindow.css","messageBody":"","fileTypesAndContributionMap":{"functional-code":{"insertions":5,"deletions":5}}},{"hash":"a36673e604ce39b245ea33b43c9143a1271c51d3","messageTitle":"Update UserGuide.md","messageBody":"","fileTypesAndContributionMap":{"docs":{"insertions":7,"deletions":7}}}]},{"date":"2022-10-10","commitResults":[{"hash":"04e0dd141f97fbf19610f71121c7dde06bdaa4b9","messageTitle":"Fix testcases","messageBody":"","fileTypesAndContributionMap":{"functional-code":{"insertions":1,"deletions":1},"test-code":{"insertions":25,"deletions":20}}},{"hash":"22f114122ce0b6189a93662f0f55d310e8a62451","messageTitle":"Update AddCommand help message","messageBody":"","fileTypesAndContributionMap":{"functional-code":{"insertions":2,"deletions":2}}},{"hash":"e94c9e7b4bf590d00a8d2de0222ac13d3d2d559f","messageTitle":"Fix EditCommand test case","messageBody":"","fileTypesAndContributionMap":{"functional-code":{"insertions":6,"deletions":1},"test-code":{"insertions":2,"deletions":2}}}]},{"date":"2022-10-12","commitResults":[{"hash":"129e8aaad53c4a33bba097499f96dda0ff304b7e","messageTitle":"Add Note command","messageBody":"","fileTypesAndContributionMap":{"functional-code":{"insertions":281,"deletions":24},"docs":{"insertions":4,"deletions":24},"test-code":{"insertions":204,"deletions":18}}},{"hash":"ddb4b9610d7ea7743ee6e14605a74c1c25b07f56","messageTitle":"Update NoteCommand.java","messageBody":"","fileTypesAndContributionMap":{"functional-code":{"insertions":1,"deletions":1}}},{"hash":"1a0c4b1722610d056d9a7609f43422be1f0c6850","messageTitle":"Remove print statement","messageBody":"","fileTypesAndContributionMap":{"test-code":{"insertions":0,"deletions":2}}},{"hash":"ae7f1af2f1a45e71a666752fcff983da980af5ad","messageTitle":"Update EditCommand.java","messageBody":"","fileTypesAndContributionMap":{"functional-code":{"insertions":1,"deletions":1}}},{"hash":"0599f753d973607197b492b16ecbff67c2e582fe","messageTitle":"Update EditCommand.java","messageBody":"","fileTypesAndContributionMap":{"functional-code":{"insertions":5,"deletions":1}}}]},{"date":"2022-10-16","commitResults":[{"hash":"73c5b77bf86121803b56ebd490259341343a88b8","messageTitle":"Add default welcome message","messageBody":"","fileTypesAndContributionMap":{"functional-code":{"insertions":14,"deletions":3}}},{"hash":"2e8c4f5c225c796cfffa93904770bb418e20a160","messageTitle":"Fix checkstyle and add javadoc","messageBody":"","fileTypesAndContributionMap":{"functional-code":{"insertions":6,"deletions":1}}}]}],"emptygx":[{"date":"2022-09-28","commitResults":[{"hash":"7f2cd5ba46a9e46d9965d7bafe5863d081e45169","messageTitle":"Update AboutUs with personal details","messageBody":"","fileTypesAndContributionMap":{"docs":{"insertions":5,"deletions":5}}},{"hash":"c860a6773a5a749dda2784de6b284917fa770642","messageTitle":"Update UG with skill and note commands","messageBody":"","fileTypesAndContributionMap":{"docs":{"insertions":33,"deletions":0}}},{"hash":"58434ea15c9a14a13e4b965ca3a4430ed983af9b","messageTitle":"Add skeletal PPP","messageBody":"","fileTypesAndContributionMap":{"docs":{"insertions":36,"deletions":0}}},{"hash":"bf3935d20fc8442f2d4b6bc6fe663de51436bf01","messageTitle":"Update Skeletal PPP","messageBody":"","fileTypesAndContributionMap":{"docs":{"insertions":1,"deletions":1}}},{"hash":"3f660f41b3074c1fe49e5358c2a646e29fa685bd","messageTitle":"Update UG to remove some errors","messageBody":"","fileTypesAndContributionMap":{"docs":{"insertions":0,"deletions":17}}}]},{"date":"2022-09-29","commitResults":[{"hash":"c0d6081f67c243e8a497e91fc6e1505b2e6e9fdf","messageTitle":"Update file names to reflect github username","messageBody":"","fileTypesAndContributionMap":{"docs":{"insertions":2,"deletions":2}}},{"hash":"45035bb7c98bd7685b30476c9ce5d5fb44292098","messageTitle":"Update UG to remove AB3 references","messageBody":"","fileTypesAndContributionMap":{"docs":{"insertions":7,"deletions":7}}},{"hash":"56689ee35efb7b8129bb2edc996e95a11298e9d5","messageTitle":"Update UserGuide.md","messageBody":"","fileTypesAndContributionMap":{"docs":{"insertions":1,"deletions":1}}}]},{"date":"2022-10-06","commitResults":[{"hash":"fdabae826d3525743889bc4ed14db3056ad4018d","messageTitle":"Improve Find feature to be more versatile","messageBody":"Find command only returns names that fufill full word matching.\n\nA more general find feature matches the general nature of the\nword, and is more user-friendly as the user might want to search\nfor a person based on details other than the name and may only\nremember a part of a name or email for example.\n\nLet\u0027s,\n* update the search algorithm to use non full word matching\n* update the search algorithm to search all details of a person\n","fileTypesAndContributionMap":{"functional-code":{"insertions":67,"deletions":5}}},{"hash":"3c981e5766be9a70dcf464cf8ec15ccdbe3955c9","messageTitle":"Update tests to match new format and implementation","messageBody":"","fileTypesAndContributionMap":{"test-code":{"insertions":14,"deletions":14}}}]},{"date":"2022-10-09","commitResults":[{"hash":"b189a6ab699aa476bd59e782c08f89589aee698b","messageTitle":"Add FindPhoneCommand","messageBody":"Currently, there is only a general Find Command that returns persons\nwhose names, addresses, emails, tags and statuses contain the keywords.\n\nLet\u0027s add a more specific command to display search results of a certain attribute.\nThis command returns persons whose phone numbers fit the string of number keywords.\nLet\u0027s also add the appropriate junit tests for this feature.\n","fileTypesAndContributionMap":{"functional-code":{"insertions":113,"deletions":0},"test-code":{"insertions":111,"deletions":0}}},{"hash":"3a13368c4b7e9ad3c8ff95b5e2106f923f6cd2c0","messageTitle":"Fix checkstyle issues with imports","messageBody":"","fileTypesAndContributionMap":{"test-code":{"insertions":21,"deletions":13}}},{"hash":"a6abefbb3f606210dcbc340947c8168d52a743fc","messageTitle":"Update FindEmailCommand.java","messageBody":"","fileTypesAndContributionMap":{"functional-code":{"insertions":1,"deletions":1}}},{"hash":"aa5ef7d254d51059343d59990485c1400ff81a63","messageTitle":"Update FindEmailCommandParserTest.java","messageBody":"","fileTypesAndContributionMap":{"test-code":{"insertions":2,"deletions":2}}},{"hash":"b21b7c3935203d0952c5cf2dc2e940f20f316f8b","messageTitle":"Update FindEmailCommandParserTest.java","messageBody":"","fileTypesAndContributionMap":{"test-code":{"insertions":1,"deletions":1}}},{"hash":"53a207642a201354a284305ff70829a9ebcc081e","messageTitle":"Fix checkstyle issues with imports","messageBody":"","fileTypesAndContributionMap":{"functional-code":{"insertions":8,"deletions":8}}},{"hash":"9b38e1a7dd0f0d09865889c0ad5ecde156c1355a","messageTitle":"Update various Find commands to match strings of characters","messageBody":"","fileTypesAndContributionMap":{"functional-code":{"insertions":4,"deletions":4}}}]},{"date":"2022-10-10","commitResults":[{"hash":"aa085040f7081e555164ac87cb54bcdb9358d99d","messageTitle":"Update colour scheme to match UI mockup","messageBody":"","fileTypesAndContributionMap":{"functional-code":{"insertions":15,"deletions":15}}},{"hash":"65938cb88183b1e2f1a27769576703642c21a1a5","messageTitle":"Update parser to be case-insensitive when checking commands","messageBody":"","fileTypesAndContributionMap":{"functional-code":{"insertions":4,"deletions":4}}},{"hash":"642d8856b3ffd82c62e2fc110af37cfb9fae8661","messageTitle":"Update find command to consolidate all find features","messageBody":"Currently, find is the generic command to search within all details of persons,\nand there are other specific find commands to search by different types of\nattributes.\n\nThis is confusing for the user as there are many commands to remember and does not\nalign with other features commands like add.\n\nLet\u0027s consolidate all find features into one find command by:\n- Making it such that when a user enters find with no tags,\nthe app returns all persons whose details matches any keyword\n- Making it such that a user can type find with tags like /n, and the\napp will return results by searching based on those attributes\n","fileTypesAndContributionMap":{"functional-code":{"insertions":138,"deletions":3}}},{"hash":"e4bbf232e09c321e4ee2ba518a1acafdaadd483d","messageTitle":"Update find to include status field and removed old specific find commands","messageBody":"","fileTypesAndContributionMap":{"functional-code":{"insertions":50,"deletions":429},"test-code":{"insertions":0,"deletions":603}}},{"hash":"baac9a1186775c758b7a58ba6474090f4ae783b3","messageTitle":"Update UG to match new command format","messageBody":"","fileTypesAndContributionMap":{"docs":{"insertions":9,"deletions":3}}},{"hash":"849f8878261402324295ba696425cce6d6533b9c","messageTitle":"Add UI component for status and fix some UI colours","messageBody":"","fileTypesAndContributionMap":{"functional-code":{"insertions":42,"deletions":28}}},{"hash":"0fc482ee533c2c6fb6f223ba7284f337d160f1b7","messageTitle":"Change application name in window bar","messageBody":"","fileTypesAndContributionMap":{"functional-code":{"insertions":1,"deletions":1}}}]},{"date":"2022-10-13","commitResults":[{"hash":"418b953e7ba07ab680a9e90935217f9a5d0158f8","messageTitle":"Fix bug for find command and update for note prefix","messageBody":"Find command does not allow searching for prefixes with argument values\nthat have spaces.\n\nThis is an issue as it does not allow searching for a full name or address\nas examples.\n\nLet\u0027s:\n- Fix the issue by allowing arguments with spaces\n- Update the command to search for the note prefix as well\n","fileTypesAndContributionMap":{"functional-code":{"insertions":59,"deletions":13}}}]},{"date":"2022-10-14","commitResults":[{"hash":"cc5f019292a400a658909b12578cd138924df4be","messageTitle":"Fix find functionalities except for tags","messageBody":"","fileTypesAndContributionMap":{"functional-code":{"insertions":4,"deletions":5}}},{"hash":"8b719881399e15043e915f0f73785d12180fa4df","messageTitle":"Update Find Command for new Tag Features","messageBody":"","fileTypesAndContributionMap":{"functional-code":{"insertions":53,"deletions":7}}}]},{"date":"2022-10-15","commitResults":[{"hash":"9aac5e4491cd211f892a9f67070d5b2d2194442e","messageTitle":"Rename package to seedu.clinkedin","messageBody":"","fileTypesAndContributionMap":{"other":{"insertions":1069,"deletions":1069},"docs":{"insertions":13,"deletions":13},"test-code":{"insertions":3,"deletions":3}}}]},{"date":"2022-10-16","commitResults":[{"hash":"36c45c9b66d126bfdf11f0bae60a16bc5bb099e7","messageTitle":"Edit build.gradle and remove unnecassary print statement - Changed JAR files to be named as CLInkedIn.jar - Enabled assertions - Removed System.out.print statement in DetailsContainKeywordsPredicate.java","messageBody":"","fileTypesAndContributionMap":{"functional-code":{"insertions":0,"deletions":1},"other":{"insertions":5,"deletions":1}}}]}],"pratham31012002":[{"date":"2022-09-28","commitResults":[{"hash":"a9e6b5f5d35fbfc69bb49f223daedf4cfa0d38fa","messageTitle":"Update AboutUs","messageBody":"","fileTypesAndContributionMap":{"docs":{"insertions":6,"deletions":6}}},{"hash":"c835b2530095fac1b7abf81ec2a62db23d86d87a","messageTitle":"Add Skeletal PPP","messageBody":"","fileTypesAndContributionMap":{"docs":{"insertions":38,"deletions":0}}},{"hash":"f8f092c89d587371f99eb1d0ac3bffadead62e5e","messageTitle":"Update User Guide","messageBody":"","fileTypesAndContributionMap":{"docs":{"insertions":54,"deletions":21}}},{"hash":"93b7c63a537a673a8c688b5e43716f27c5abf2a1","messageTitle":"Update DG","messageBody":"","fileTypesAndContributionMap":{"docs":{"insertions":72,"deletions":9}}}]},{"date":"2022-10-07","commitResults":[{"hash":"d8c6fa9f005485704ea34d2da8ae02cf15b5772c","messageTitle":"Add TagType, TagList and TagTypeList","messageBody":"","fileTypesAndContributionMap":{"functional-code":{"insertions":357,"deletions":3}}},{"hash":"8be772c5aabae51241c718641567466a78f4f17e","messageTitle":"Add Skeletal Parsers for TagTypes","messageBody":"","fileTypesAndContributionMap":{"functional-code":{"insertions":89,"deletions":0}}},{"hash":"561e92683b908f342033815de9f28c50fbb1699f","messageTitle":"Fix formatting issue","messageBody":"","fileTypesAndContributionMap":{"functional-code":{"insertions":1,"deletions":1},"docs":{"insertions":4,"deletions":4}}},{"hash":"5f5ae67ee5cec9bd42724d90a7336360ec80671d","messageTitle":"Fix Checkstyle issues","messageBody":"","fileTypesAndContributionMap":{"functional-code":{"insertions":55,"deletions":3}}},{"hash":"84cf62a5c052ce77c7c7a8226b7a892b771eaf9e","messageTitle":"Fix Checkstyle issue","messageBody":"","fileTypesAndContributionMap":{"functional-code":{"insertions":0,"deletions":1}}},{"hash":"6450bf02c1c96776edf74f7eb2e9a025f055cce0","messageTitle":"Update ListCommand.java","messageBody":"","fileTypesAndContributionMap":{"functional-code":{"insertions":1,"deletions":3}}},{"hash":"2c89978ed6ef9a0a6963616d8eea0062d5596467","messageTitle":"Update CliSyntax.java","messageBody":"","fileTypesAndContributionMap":{"functional-code":{"insertions":2,"deletions":2}}}]},{"date":"2022-10-08","commitResults":[{"hash":"62959370c5f16c1b4ce0f51627c60bf28d66b480","messageTitle":"Add parse cases to AddressbookParser","messageBody":"","fileTypesAndContributionMap":{"functional-code":{"insertions":12,"deletions":0}}}]},{"date":"2022-10-09","commitResults":[{"hash":"9cd1ca4c8a8fefc77af08fa3119c0c9efcd49ee7","messageTitle":"Modify the tag classes","messageBody":"","fileTypesAndContributionMap":{"functional-code":{"insertions":331,"deletions":208},"other":{"insertions":2,"deletions":2},"test-code":{"insertions":71,"deletions":70}}}]},{"date":"2022-10-10","commitResults":[{"hash":"d26685ae27ec80cbf6fd1554f35b4305b73773d0","messageTitle":"Update AddCommandParser","messageBody":"","fileTypesAndContributionMap":{"functional-code":{"insertions":21,"deletions":4}}},{"hash":"3c0950d009c42d234ba51ab67e99ef3526cadd36","messageTitle":"Change parser for Add Command","messageBody":"","fileTypesAndContributionMap":{"functional-code":{"insertions":45,"deletions":32},"test-code":{"insertions":10,"deletions":10}}},{"hash":"2b99e4bc6b8ca32aa38f7399cf145e7fb570e96c","messageTitle":"Add initial tag types","messageBody":"","fileTypesAndContributionMap":{"functional-code":{"insertions":7,"deletions":2}}}]},{"date":"2022-10-11","commitResults":[{"hash":"42149bdd2719b89bd0cb3204df8d04cd2d029345","messageTitle":"Update EditCommand Parser","messageBody":"","fileTypesAndContributionMap":{"functional-code":{"insertions":48,"deletions":15}}},{"hash":"e3230e7d54c7b4f3d66fee751b69232f2f7baeb5","messageTitle":"Update CliSyntax","messageBody":"","fileTypesAndContributionMap":{"functional-code":{"insertions":50,"deletions":3},"test-code":{"insertions":1,"deletions":1}}},{"hash":"c0013d936b06cee8308d735a388d80a96b492da4","messageTitle":"Update AddTag Command Parser","messageBody":"","fileTypesAndContributionMap":{"functional-code":{"insertions":36,"deletions":2}}},{"hash":"46365fd3591e2aeb46261c2829b55099e2335abe","messageTitle":"Update CreateTagTypeCommand Parser","messageBody":"","fileTypesAndContributionMap":{"functional-code":{"insertions":89,"deletions":34}}},{"hash":"a60527591b16a46967133dfd2322375032900133","messageTitle":"Update DeleteTagCommand Parser","messageBody":"","fileTypesAndContributionMap":{"functional-code":{"insertions":29,"deletions":4}}},{"hash":"0fcf72dbf416cb2960e2e3e52101f89e730327d4","messageTitle":"Update DeleteTagTypeCommand Parser","messageBody":"","fileTypesAndContributionMap":{"functional-code":{"insertions":39,"deletions":1}}}]},{"date":"2022-10-12","commitResults":[{"hash":"644fc82dc46a3b036052e888ee640cd6002c4c43","messageTitle":"Update EditTagTypeCommand Parser","messageBody":"","fileTypesAndContributionMap":{"functional-code":{"insertions":39,"deletions":33}}},{"hash":"3acbc3df8b5b060ca6be032f051e202bff2d33cb","messageTitle":"Fix UniqueTagTypeMap mergeTag() function","messageBody":"","fileTypesAndContributionMap":{"functional-code":{"insertions":1,"deletions":1}}},{"hash":"b96153cad7246b60e5b54e0c0c07661aa4c05a0f","messageTitle":"Fix addTag Command Parser","messageBody":"","fileTypesAndContributionMap":{"functional-code":{"insertions":9,"deletions":7}}},{"hash":"f750f30f518eda2448e394483066bc31d624a30b","messageTitle":"Fix Create Command","messageBody":"","fileTypesAndContributionMap":{"functional-code":{"insertions":8,"deletions":7}}},{"hash":"b7d628c3e279bc4f4be8a05fa29e210534b91c25","messageTitle":"Fix DeleteTagType Commmand","messageBody":"","fileTypesAndContributionMap":{"functional-code":{"insertions":10,"deletions":2}}}]},{"date":"2022-10-13","commitResults":[{"hash":"203e5c313ce8ccc73ab5cd4fc8e11ff990f021d5","messageTitle":"Fix EditTagType Command","messageBody":"","fileTypesAndContributionMap":{"functional-code":{"insertions":25,"deletions":10}}},{"hash":"49af0154d6f4eed5263c9cb8dde0843694d80a61","messageTitle":"Update UI element for tags","messageBody":"","fileTypesAndContributionMap":{"functional-code":{"insertions":34,"deletions":6}}},{"hash":"9b4f7d2a4483ec3ca7f1b385c306f332fba94ca6","messageTitle":"Fix more merge conflicts","messageBody":"","fileTypesAndContributionMap":{"functional-code":{"insertions":10,"deletions":46}}},{"hash":"388b496ee3ef92823897c3a37c2328a5ad7d8d3d","messageTitle":"Update files after merging note and status","messageBody":"","fileTypesAndContributionMap":{"functional-code":{"insertions":16,"deletions":23}}},{"hash":"3bd134611a1411be640b4435cc96a95f95d46182","messageTitle":"Update UI Element for Tags","messageBody":"","fileTypesAndContributionMap":{"functional-code":{"insertions":1,"deletions":5}}},{"hash":"6e889afcc83a0a138e6fbec87d59c34e9a620269","messageTitle":"Modify UI and Test Cases","messageBody":"","fileTypesAndContributionMap":{"functional-code":{"insertions":8,"deletions":1},"test-code":{"insertions":47,"deletions":115}}},{"hash":"c46ca3f4cd73c3fc6c57bca98aea4dcf2b836aae","messageTitle":"Fix toString() of Tag and removeTags() of UniqueTagTypeMap","messageBody":"","fileTypesAndContributionMap":{"functional-code":{"insertions":6,"deletions":0}}},{"hash":"8aaf6b70d05c69e1d24ca77b35e1d5aa0a490d81","messageTitle":"Fix edit Command","messageBody":"","fileTypesAndContributionMap":{"functional-code":{"insertions":10,"deletions":1}}},{"hash":"fd08168e9d0a7e590fc2842a957f69e46f88a5e0","messageTitle":"Fix test cases","messageBody":"","fileTypesAndContributionMap":{"functional-code":{"insertions":7,"deletions":10},"test-code":{"insertions":80,"deletions":73}}}]}]},"authorFileTypeContributionMap":{"agarwal-anjali":{"docs":115,"functional-code":637,"test-code":0},"ytingtan":{"docs":91,"functional-code":193,"test-code":135},"josephaedan":{"docs":101,"functional-code":493,"test-code":199,"other":1},"emptygx":{"docs":85,"functional-code":981,"test-code":478,"other":6},"pratham31012002":{"docs":155,"functional-code":963,"test-code":171}},"authorContributionVariance":{"agarwal-anjali":13185.902,"ytingtan":45585.76,"josephaedan":11390.308,"emptygx":195832.97,"pratham31012002":32751.135},"authorDisplayNameMap":{"agarwal-anjali":"CS2103T-T13-3 ANJA..RWAL","ytingtan":"CS2103T-T13-3 TAN ..TING","josephaedan":"CS2103T-T13-3 JOSE..RCUS","emptygx":"CS2103T-T13-3 TAN ..RCUS","pratham31012002":"CS2103T-T13-3 PRAT..JAIN"}}
