{"authorDailyContributionsMap":{"KeithPJX":[{"date":"2022-09-24","commitResults":[{"hash":"827f8835813556643c7a2ee778b39dc590eb49ce","messageTitle":"Add personal information in AboutUs.md","messageBody":"","fileTypesAndContributionMap":{"docs":{"insertions":3,"deletions":3}}},{"hash":"2da97831744072f7d87458fc601b3b389122b4fe","messageTitle":"Update CI badge in README.md","messageBody":"","fileTypesAndContributionMap":{"docs":{"insertions":2,"deletions":1}}},{"hash":"6819639bf218eca0c9c523dda163f4a70ec9e143","messageTitle":"Remove duplicate line in README.md","messageBody":"","fileTypesAndContributionMap":{"docs":{"insertions":0,"deletions":1}}},{"hash":"bf90f92ce183c07eb74d8d15442ad8e26492048c","messageTitle":"Update UserGuide.md","messageBody":"","fileTypesAndContributionMap":{"docs":{"insertions":7,"deletions":8}}},{"hash":"51a63a83f5396f9b04f93e2c7ef2dba7ff2fc37e","messageTitle":"Add own portfolio","messageBody":"","fileTypesAndContributionMap":{"docs":{"insertions":40,"deletions":0}}},{"hash":"25631e6838d8718a2b2f4e9a09d15fea03c6839e","messageTitle":"Update user stories table in DG","messageBody":"","fileTypesAndContributionMap":{"docs":{"insertions":9,"deletions":8}}}]},{"date":"2022-09-27","commitResults":[{"hash":"9f36c314ad1aab27fcc68e57788edeb20a096b2c","messageTitle":"Add placeholder image","messageBody":"","fileTypesAndContributionMap":{"docs":{"insertions":2,"deletions":2}}}]},{"date":"2022-10-01","commitResults":[{"hash":"de08f9edb34f71d53fbc2776bbeeef847abb1856","messageTitle":"Update AboutUs files and DG","messageBody":"","fileTypesAndContributionMap":{"docs":{"insertions":51,"deletions":13}}},{"hash":"6b068a612340696d4bac8b03e8b6a707572afb3d","messageTitle":"Update AboutUs and add groupmate image","messageBody":"","fileTypesAndContributionMap":{"docs":{"insertions":1,"deletions":1}}}]},{"date":"2022-10-02","commitResults":[{"hash":"dc69a1e6f661266b938a456cf26a826fba9872e0","messageTitle":"Add new classes for new identity fields of a Person","messageBody":"","fileTypesAndContributionMap":{"functional-code":{"insertions":276,"deletions":0}}},{"hash":"61e345e4e420ce51c4e8f33fa889345984a90216","messageTitle":"Add tests for Birthdate and Gender classes","messageBody":"","fileTypesAndContributionMap":{"test-code":{"insertions":58,"deletions":0}}},{"hash":"231a6bc3f7db6baf7bc428daa0d7b62e114815a7","messageTitle":"Update UserGuide.md","messageBody":"","fileTypesAndContributionMap":{"docs":{"insertions":9,"deletions":6}}},{"hash":"48e0622f27e20fb60ee79913c8ec6049a8234430","messageTitle":"Add ReligionTest and update UserGuide.md","messageBody":"","fileTypesAndContributionMap":{"docs":{"insertions":1,"deletions":1},"test-code":{"insertions":26,"deletions":0}}},{"hash":"28a94071ab6b68233e89acde0a43c797f67fbdd9","messageTitle":"Update Add command to handle new Person fields","messageBody":"","fileTypesAndContributionMap":{"functional-code":{"insertions":346,"deletions":22},"test-code":{"insertions":67,"deletions":1}}}]},{"date":"2022-10-03","commitResults":[{"hash":"71656be63422facdbea535d595f7f1ce0c7e58aa","messageTitle":"Fix some tests","messageBody":"Note that not all the tests pass. Some tests require the Edit\ncommand to be fixed in order for it to pass.\n","fileTypesAndContributionMap":{"test-code":{"insertions":185,"deletions":36}}},{"hash":"361aa2b0a4f2e30fecd00f76b739fe2b20bd8165","messageTitle":"Remove trailing whitespaces","messageBody":"","fileTypesAndContributionMap":{"functional-code":{"insertions":2,"deletions":2},"test-code":{"insertions":3,"deletions":3}}},{"hash":"8d350fe09c00a76db9f48c22f1c3301f72ce5314","messageTitle":"Fix checkstyle issues","messageBody":"","fileTypesAndContributionMap":{"functional-code":{"insertions":9,"deletions":8},"test-code":{"insertions":25,"deletions":19}}},{"hash":"41c7b4a8792132274611a964acbabe21045da2b7","messageTitle":"Remove changes to EditCommand to pass test","messageBody":"EditCommand will be updated later.\n","fileTypesAndContributionMap":{"functional-code":{"insertions":0,"deletions":5},"test-code":{"insertions":0,"deletions":7}}}]},{"date":"2022-10-04","commitResults":[{"hash":"539a8fbf5fe3634e78aa7c92e0b44ba1b048022a","messageTitle":"Remove line breaks","messageBody":"","fileTypesAndContributionMap":{"functional-code":{"insertions":0,"deletions":5}}}]},{"date":"2022-10-07","commitResults":[{"hash":"e88cd07e7718aba44f5843624dc4ed71398bb2fa","messageTitle":"Update MESSAGE_USAGE in AddCommand","messageBody":"","fileTypesAndContributionMap":{"functional-code":{"insertions":10,"deletions":0}}},{"hash":"8b7edb210c42195de766804bda7db005fe283217","messageTitle":"Change race and religion to only accept alphabetical characters and update tests","messageBody":"","fileTypesAndContributionMap":{"functional-code":{"insertions":4,"deletions":4},"test-code":{"insertions":3,"deletions":2}}}]},{"date":"2022-10-10","commitResults":[{"hash":"e475adbe543f251616dc5a1d25fd86db831545f0","messageTitle":"Add logic to swap css files","messageBody":"","fileTypesAndContributionMap":{"functional-code":{"insertions":376,"deletions":0}}}]},{"date":"2022-10-11","commitResults":[{"hash":"6abe939359c21dee46f0a8f1968993ce5f6eda95","messageTitle":"Update dark theme css and add theme switching to help window","messageBody":"","fileTypesAndContributionMap":{"functional-code":{"insertions":120,"deletions":58},"other":{"insertions":0,"deletions":0}}}]},{"date":"2022-10-14","commitResults":[{"hash":"a07ff292e5125b714af2bc2449c814bffbf786a4","messageTitle":"Fix add command parameters","messageBody":"","fileTypesAndContributionMap":{"functional-code":{"insertions":5,"deletions":0}}}]},{"date":"2022-10-18","commitResults":[{"hash":"08008d423bbf6a4fb0557b04d8dab9af79d26c22","messageTitle":"Set default theme to light theme","messageBody":"","fileTypesAndContributionMap":{"functional-code":{"insertions":2,"deletions":3}}},{"hash":"c241d89fbb7abe4159f2644863c50770e9bc0098","messageTitle":"Add light and dark versions of Extensions.css","messageBody":"","fileTypesAndContributionMap":{"functional-code":{"insertions":27,"deletions":2},"other":{"insertions":0,"deletions":0}}},{"hash":"17b601e3c09eb190b0b7a5f1e35a736a6db3a753","messageTitle":"Add compact ui","messageBody":"","fileTypesAndContributionMap":{"functional-code":{"insertions":67,"deletions":8}}},{"hash":"8447c68134118ecf3047142b8ae84cae1855bfad","messageTitle":"Update ui to handle multiple surveys","messageBody":"","fileTypesAndContributionMap":{"functional-code":{"insertions":5,"deletions":6}}},{"hash":"5b162d70cb4c361efc7fbcd74935671eee9404a5","messageTitle":"Remove unused imports","messageBody":"","fileTypesAndContributionMap":{"functional-code":{"insertions":0,"deletions":2}}},{"hash":"aa1d57ede469d5f4cb3a097d7b6c59969988c166","messageTitle":"Add toggleable light/dark theme button","messageBody":"","fileTypesAndContributionMap":{"functional-code":{"insertions":33,"deletions":42}}},{"hash":"c42b70c9b40203a7af4d2c66f088d26c33485e97","messageTitle":"Add ability to swap between compacted and expanded PersonCards","messageBody":"","fileTypesAndContributionMap":{"functional-code":{"insertions":37,"deletions":6}}},{"hash":"8283f5ca3f55ff4326a9dae4819c81144372ff88","messageTitle":"Enable assertions in build.gradle","messageBody":"","fileTypesAndContributionMap":{"other":{"insertions":4,"deletions":0}}}]},{"date":"2022-10-19","commitResults":[{"hash":"98bb3884ccc9e0531336618d3e6ed311522594fe","messageTitle":"Update DeveloperGuide.md with implementation of compact UI","messageBody":"","fileTypesAndContributionMap":{"docs":{"insertions":27,"deletions":0}}}]},{"date":"2022-10-20","commitResults":[{"hash":"5e735e95f7d6295ce91b9f1cda083eeb5530a9bd","messageTitle":"Fix grammar issue","messageBody":"","fileTypesAndContributionMap":{"docs":{"insertions":1,"deletions":1}}},{"hash":"10e532d82adfc555fb3ee9d1aea03b05a9e4bc6e","messageTitle":"Update JavaDocs","messageBody":"","fileTypesAndContributionMap":{"functional-code":{"insertions":5,"deletions":1}}},{"hash":"d27fab5f87377bd5e3f51892e7209a0be68559d8","messageTitle":"Update edit command to handle new fields","messageBody":"","fileTypesAndContributionMap":{"functional-code":{"insertions":37,"deletions":2}}},{"hash":"f522785fae2a981f269adf03f9a19d3ecdcf72a6","messageTitle":"Fix minor bugs with light theme","messageBody":"","fileTypesAndContributionMap":{"functional-code":{"insertions":3,"deletions":4}}},{"hash":"e96dbbe41a246f13cea627e1a40edf9a30d3c3ab","messageTitle":"Update MESSAGE_USAGE in EditCommand","messageBody":"","fileTypesAndContributionMap":{"functional-code":{"insertions":10,"deletions":3}}},{"hash":"6261743c826c308c38453f212e244c3e682d550e","messageTitle":"Fix checkstyle issue","messageBody":"","fileTypesAndContributionMap":{"functional-code":{"insertions":1,"deletions":1}}},{"hash":"1fde5574e6f34cf02deb3c7657efc29aeb84f5ea","messageTitle":"Update version number","messageBody":"","fileTypesAndContributionMap":{"functional-code":{"insertions":1,"deletions":1}}},{"hash":"0b6c028df765cacc8778f950dc697169ce358632","messageTitle":"Fix typos","messageBody":"","fileTypesAndContributionMap":{"docs":{"insertions":1,"deletions":1}}}]},{"date":"2022-10-25","commitResults":[{"hash":"1ecda562c7195b50e877a67c9c4eaad6db8d2ab1","messageTitle":"Add theme command","messageBody":"","fileTypesAndContributionMap":{"functional-code":{"insertions":154,"deletions":10}}},{"hash":"55561c2ae83d563670ee69d56a73e7f7dfc7b9c4","messageTitle":"Fix MESSAGE_USAGE","messageBody":"","fileTypesAndContributionMap":{"functional-code":{"insertions":2,"deletions":2}}},{"hash":"dd84fd36d123190c2555e04ed05f62dfb046fd16","messageTitle":"Add toggle-card-view command","messageBody":"","fileTypesAndContributionMap":{"functional-code":{"insertions":56,"deletions":8},"test-code":{"insertions":7,"deletions":7}}},{"hash":"6d0b32def25cd9f54b129a6582a64d40cac48306","messageTitle":"Add done and not done survey tags","messageBody":"","fileTypesAndContributionMap":{"functional-code":{"insertions":24,"deletions":3}}},{"hash":"c4642857e5fa08dac47dff0d8c581405dfcbfead","messageTitle":"Update add command to make surveys optional","messageBody":"","fileTypesAndContributionMap":{"functional-code":{"insertions":8,"deletions":7}}},{"hash":"bb35fcfc58586b68c1fb951b4521e8b0329a4374","messageTitle":"Update UserGuide","messageBody":"","fileTypesAndContributionMap":{"docs":{"insertions":22,"deletions":7}}},{"hash":"44040d00c6e0c8b459819c1e8b2239422b13570d","messageTitle":"Change name of toggle-card-view command to toggle-list-view","messageBody":"","fileTypesAndContributionMap":{"functional-code":{"insertions":37,"deletions":36}}},{"hash":"b1a16259ffda60eaf85633ae2eccecd4a25d8874","messageTitle":"Fix mistake in naming ToggleListModeCommand.java","messageBody":"","fileTypesAndContributionMap":{"functional-code":{"insertions":3,"deletions":3},"other":{"insertions":1,"deletions":1}}},{"hash":"b4320b0c9e836bdac3260cf2770fce0c24a7054d","messageTitle":"Change messages to fit new command name","messageBody":"","fileTypesAndContributionMap":{"functional-code":{"insertions":4,"deletions":4}}},{"hash":"c68e24b3ce39504c61b2de5f66a214b665936ec5","messageTitle":"Update UserGuide","messageBody":"","fileTypesAndContributionMap":{"docs":{"insertions":3,"deletions":3}}},{"hash":"bd887d0689bd2b950c5e3dedf003bc619f589cbf","messageTitle":"Add images to show compacted and expanded modes","messageBody":"","fileTypesAndContributionMap":{"docs":{"insertions":6,"deletions":0}}},{"hash":"df1cf69a8cb8ed0895147224f3fc76adcdf53cbf","messageTitle":"Fix checkstyle issue","messageBody":"","fileTypesAndContributionMap":{"functional-code":{"insertions":1,"deletions":1}}},{"hash":"f5e82f45c74bf0fdb23dcf761d56c24dcbc16f3c","messageTitle":"Fix checkstyle issue","messageBody":"","fileTypesAndContributionMap":{"functional-code":{"insertions":1,"deletions":1}}}]},{"date":"2022-10-26","commitResults":[{"hash":"9e01b00addda6c2bf2a86e6d542e8a3aa58a6546","messageTitle":"Add new logo and clean up instances of AddressBook","messageBody":"","fileTypesAndContributionMap":{"functional-code":{"insertions":4,"deletions":4},"docs":{"insertions":2,"deletions":2}}},{"hash":"9e53284abad63f5cf79d12d3dc6f8a17c89f2742","messageTitle":"Fix bug with add command","messageBody":"","fileTypesAndContributionMap":{"functional-code":{"insertions":1,"deletions":1}}}]},{"date":"2022-10-27","commitResults":[{"hash":"db569c808e6a44b94fb2c8eeb05eae9a405cdd4e","messageTitle":"Add early stage append command and removed more inappropriate instances of address book","messageBody":"","fileTypesAndContributionMap":{"functional-code":{"insertions":168,"deletions":2}}},{"hash":"222cceae25b2ddbe34e96c889d9332f9e4d4a702","messageTitle":"Add append command","messageBody":"","fileTypesAndContributionMap":{"functional-code":{"insertions":2,"deletions":6}}},{"hash":"31702f38b2b4c9ffcffee749b530fa38e6bedecd","messageTitle":"Add user guide for append","messageBody":"","fileTypesAndContributionMap":{"docs":{"insertions":12,"deletions":0}}},{"hash":"13ea21ec3fb19570b1be1c9a877e1c4e93e02d66","messageTitle":"Add JavaDocs","messageBody":"","fileTypesAndContributionMap":{"functional-code":{"insertions":3,"deletions":0}}},{"hash":"0635efc823b39515a5c209e955045c198c253ca8","messageTitle":"Fix bug with append command","messageBody":"","fileTypesAndContributionMap":{"functional-code":{"insertions":15,"deletions":0}}},{"hash":"a9ede646680f535ab54cca5b2a368023c3bef6ec","messageTitle":"Add unappend command","messageBody":"","fileTypesAndContributionMap":{"functional-code":{"insertions":179,"deletions":3}}},{"hash":"2153d7ee1339e6af51041caa94dbe3f4b3b88b4a","messageTitle":"Update user guide with unappend command","messageBody":"","fileTypesAndContributionMap":{"docs":{"insertions":12,"deletions":0}}},{"hash":"50f9376aa366e4261663fb0826bcfec2e46dda08","messageTitle":"Update docs/UserGuide.md","messageBody":"Co-authored-by: ryanlml \u003c78495817+ryanlml@users.noreply.github.com\u003e","fileTypesAndContributionMap":{"docs":{"insertions":1,"deletions":1}}},{"hash":"b44783bdd4070f5907b14ed56d9f3e4a34629248","messageTitle":"Merge branch \u0027master\u0027 into append-command","messageBody":"","fileTypesAndContributionMap":{"functional-code":{"insertions":0,"deletions":3}}},{"hash":"eb197f5a826a25cf73ff237f954c4b83d16d047e","messageTitle":"Fix checkstyle issue","messageBody":"","fileTypesAndContributionMap":{"functional-code":{"insertions":1,"deletions":1}}}]},{"date":"2022-10-28","commitResults":[{"hash":"110fbca0fb230aa0ee96afbf5347ccecd251acaa","messageTitle":"Update UserGuide","messageBody":"","fileTypesAndContributionMap":{"docs":{"insertions":4,"deletions":0}}}]},{"date":"2022-10-30","commitResults":[{"hash":"143a420757adb68171019ada8d2d165feff95781","messageTitle":"Fix wrong message for unappend command","messageBody":"","fileTypesAndContributionMap":{"functional-code":{"insertions":3,"deletions":4}}},{"hash":"c7b4c945bd0bd0e0931820ca8cd7ff5130959215","messageTitle":"Add wrapping for UI elements, stops elements from being cutoff in a small window size","messageBody":"","fileTypesAndContributionMap":{"functional-code":{"insertions":29,"deletions":16}}},{"hash":"719081d1f1208449aa877d639dd51592667b337d","messageTitle":"Fix future birthdate bug","messageBody":"","fileTypesAndContributionMap":{"functional-code":{"insertions":14,"deletions":2}}},{"hash":"a8ef117e73147d5b62d5f1e7dcede38542af69e5","messageTitle":"Fix append command not showing error when appending an existing survey or tag","messageBody":"","fileTypesAndContributionMap":{"functional-code":{"insertions":34,"deletions":1}}},{"hash":"bb525d4536567762e5974f15c8c43cbf143ce6d3","messageTitle":"Update UserGuide","messageBody":"Add parameters format\nUpdate the behavior of append and unappend command in the guide\nSome other fixes\n","fileTypesAndContributionMap":{"docs":{"insertions":33,"deletions":9}}},{"hash":"ca2a877a71108aa541a94f42cd546394530c2f9e","messageTitle":"Fix checkstyle issues","messageBody":"","fileTypesAndContributionMap":{"functional-code":{"insertions":10,"deletions":3}}}]},{"date":"2022-10-31","commitResults":[{"hash":"ed431ec6b4b95e30412a1d4d22662ffc8b566dbe","messageTitle":"Add tests for append command","messageBody":"","fileTypesAndContributionMap":{"test-code":{"insertions":138,"deletions":0}}},{"hash":"d538982abca677c7b94f823712cbee7dda27c68d","messageTitle":"Fix error message not mentioning integer limit","messageBody":"","fileTypesAndContributionMap":{"functional-code":{"insertions":1,"deletions":1}}},{"hash":"57f5c12010e89dc681032f92a6863f5b005579e5","messageTitle":"Add unappend command tests","messageBody":"","fileTypesAndContributionMap":{"test-code":{"insertions":117,"deletions":0}}},{"hash":"d084e545defa8cf1e9b4975381eab0497788a3be","messageTitle":"Add more append command test and fix test names","messageBody":"","fileTypesAndContributionMap":{"test-code":{"insertions":16,"deletions":3}}},{"hash":"8bb02891fe57eae1ef5be38d868ab0649c12803f","messageTitle":"Fix checkstyle issue","messageBody":"","fileTypesAndContributionMap":{"functional-code":{"insertions":2,"deletions":1}}},{"hash":"23185b903b50aedb47edd83ef00cf144824326f8","messageTitle":"Update user guide to include information on a unique person","messageBody":"","fileTypesAndContributionMap":{"docs":{"insertions":2,"deletions":0}}},{"hash":"ad70ae703d8e8f5c5cc27193306a05c0f58ca9c1","messageTitle":"Update DG with user stories and use cases, update UG","messageBody":"","fileTypesAndContributionMap":{"docs":{"insertions":242,"deletions":103}}}]},{"date":"2022-11-01","commitResults":[{"hash":"c35af83a24591445026e918c536413a557b70bbd","messageTitle":"Add changing themes implementation guide","messageBody":"","fileTypesAndContributionMap":{"docs":{"insertions":16,"deletions":0}}},{"hash":"e37ab93c74ee0d4ff5e32352c3b1065c64b7d1ed","messageTitle":"Add effort appendix to DG as recommended by prof","messageBody":"","fileTypesAndContributionMap":{"docs":{"insertions":6,"deletions":0}}},{"hash":"394c5bc8b078ce6926cc58fa6fecc24c81a15494","messageTitle":"Fix checkstyle issue","messageBody":"","fileTypesAndContributionMap":{"test-code":{"insertions":6,"deletions":3}}},{"hash":"549c5f18b452e6b7b163d5710c0bcaf4966305ed","messageTitle":"Update user guide to be clearer about uniqueness of a person","messageBody":"","fileTypesAndContributionMap":{"docs":{"insertions":1,"deletions":1}}},{"hash":"9fd967f97f5ab1c720c737b41de9577396eadca1","messageTitle":"Update PPP","messageBody":"","fileTypesAndContributionMap":{"docs":{"insertions":36,"deletions":19}}},{"hash":"637fc2549326c25e6184f0c6f135afbed4a89e60","messageTitle":"Fix merge issue","messageBody":"","fileTypesAndContributionMap":{"test-code":{"insertions":1,"deletions":1}}}]},{"date":"2022-11-03","commitResults":[{"hash":"3d76d2c27cf2f8d9a164aa8a52c1e2218faa3a6f","messageTitle":"Fix formatting error with user guide and add mention of case-sensitive nature of mark and unmark command","messageBody":"","fileTypesAndContributionMap":{"docs":{"insertions":9,"deletions":1}}},{"hash":"a0d70fcee53beb03b693be4418fceaa553522ea1","messageTitle":"Fix minor error in PPP","messageBody":"","fileTypesAndContributionMap":{"docs":{"insertions":1,"deletions":1}}}]}],"NUSDG":[{"date":"2022-09-24","commitResults":[{"hash":"fc15eb858ebd2fb852d71d15f9b31853a6f8b651","messageTitle":"Update AboutUs.md","messageBody":"","fileTypesAndContributionMap":{"docs":{"insertions":4,"deletions":4}}},{"hash":"d61cc135c1b38683443e0fa4d87fe2b904cb7c43","messageTitle":"Update UserGuide.md","messageBody":"","fileTypesAndContributionMap":{"docs":{"insertions":14,"deletions":0}}},{"hash":"033bb0ead02675b343005e484b0ce9dfa82e650e","messageTitle":"Add nusdg.md","messageBody":"","fileTypesAndContributionMap":{"docs":{"insertions":39,"deletions":0}}}]},{"date":"2022-09-27","commitResults":[{"hash":"79e1c29f955db1687ab471d784c20f854f097236","messageTitle":"Add nusdg\u0027s placeholder image","messageBody":"","fileTypesAndContributionMap":{"docs":{"insertions":1,"deletions":1}}},{"hash":"5c2a0b953c48e16f1b1fd93d84cfa63cd60c3841","messageTitle":"Edit the portfolio in AboutUs.md","messageBody":"","fileTypesAndContributionMap":{"docs":{"insertions":1,"deletions":1}}}]},{"date":"2022-10-14","commitResults":[{"hash":"a78f48934d2069aa49579d86ff5b5249dc703571","messageTitle":"Added Clone Command","messageBody":"","fileTypesAndContributionMap":{"functional-code":{"insertions":138,"deletions":3},"docs":{"insertions":3,"deletions":3},"test-code":{"insertions":140,"deletions":0}}},{"hash":"b787747508a5b34d3448fb4ed978366b41ff8205","messageTitle":"Fix Check style Errors","messageBody":"","fileTypesAndContributionMap":{"functional-code":{"insertions":12,"deletions":8},"test-code":{"insertions":1,"deletions":33}}}]},{"date":"2022-10-19","commitResults":[{"hash":"d2d2c842396c51e1b061ab6f04f05a700ba8e579","messageTitle":"Revamp CloneCommand","messageBody":"","fileTypesAndContributionMap":{"functional-code":{"insertions":273,"deletions":30}}}]},{"date":"2022-10-20","commitResults":[{"hash":"96e7bf7625851bea617ef3a930c7cbf619813512","messageTitle":"Update Clone Command info in UG.","messageBody":"","fileTypesAndContributionMap":{"docs":{"insertions":10,"deletions":6}}}]},{"date":"2022-10-21","commitResults":[{"hash":"e6a043d6dfbbe87364046142d4f0b29030647c1c","messageTitle":"Updated DG, added in sequence diagram using plantUML","messageBody":"","fileTypesAndContributionMap":{"docs":{"insertions":105,"deletions":3}}}]},{"date":"2022-10-24","commitResults":[{"hash":"2d278def8fd9c1b237ce9105c5e1a58236216028","messageTitle":"Add in summary for clone command in command summary section of user guide","messageBody":"","fileTypesAndContributionMap":{"docs":{"insertions":10,"deletions":9}}}]},{"date":"2022-10-25","commitResults":[{"hash":"ca021ed8f1306c74511970fd8c461e70ddaff0f4","messageTitle":"Added shortcuts for add, view, delete, edit, and clone commands","messageBody":"","fileTypesAndContributionMap":{"functional-code":{"insertions":47,"deletions":1}}}]},{"date":"2022-10-26","commitResults":[{"hash":"cb31b184c85363a11a6c45dc7e3ab5cc0de8aa39","messageTitle":"Add shortcut functions and update user guide","messageBody":"","fileTypesAndContributionMap":{"functional-code":{"insertions":11,"deletions":7},"docs":{"insertions":14,"deletions":1}}},{"hash":"fcc905b64e3cd10533f8e5c55ca547b98161202a","messageTitle":"Update the shortcut for add command and add in a new shortcut that will clear all the texts in the command box.","messageBody":"","fileTypesAndContributionMap":{"functional-code":{"insertions":4,"deletions":1},"docs":{"insertions":2,"deletions":1}}},{"hash":"f0e5c44fe7fd802b2cc10a9b2fc8bd937a089f3c","messageTitle":"Update shortcut key for empty command","messageBody":"","fileTypesAndContributionMap":{"functional-code":{"insertions":1,"deletions":1},"docs":{"insertions":1,"deletions":1}}}]},{"date":"2022-10-31","commitResults":[{"hash":"620f4533e595822f264af4d8b89e4236a603b2cb","messageTitle":"Update the behavior of clone command and userguide.","messageBody":"","fileTypesAndContributionMap":{"functional-code":{"insertions":4,"deletions":4},"docs":{"insertions":1,"deletions":1}}},{"hash":"c57db0bba16fb21ccdb9d45ebd4365e346edb5ca","messageTitle":"Fix style check error and update the equal method in EditPersonDescriptor.","messageBody":"","fileTypesAndContributionMap":{"functional-code":{"insertions":15,"deletions":5}}},{"hash":"16026f06e0512b6e29ade32ba49ef8f98cea9181","messageTitle":"Update clone command test","messageBody":"","fileTypesAndContributionMap":{"functional-code":{"insertions":4,"deletions":11},"test-code":{"insertions":2,"deletions":2}}},{"hash":"cdeeb6a602d2dea3324a529a485ee5c74aad485e","messageTitle":"Update message in clone command","messageBody":"","fileTypesAndContributionMap":{"functional-code":{"insertions":1,"deletions":1}}},{"hash":"befe2ae3cbddcdbe81d2fa1b7f5c5ba0e721bcef","messageTitle":"Changed name from address book to Survin in edit class.","messageBody":"","fileTypesAndContributionMap":{"functional-code":{"insertions":1,"deletions":1}}},{"hash":"cb3cd5594cdfffc952964cb357c8c064ca438d34","messageTitle":"Fix some extra wording changes I accidentally made","messageBody":"","fileTypesAndContributionMap":{"functional-code":{"insertions":1,"deletions":1}}},{"hash":"a0dd6ed1fe2987aee13dee4525525f5f66dc343d","messageTitle":"Fix the extra spacing i accidentally added in edit class","messageBody":"","fileTypesAndContributionMap":{"functional-code":{"insertions":0,"deletions":1}}},{"hash":"04625576ad255b4a5f19a5594ba8e3e0bbdd9030","messageTitle":"Remove find command in user guide.","messageBody":"","fileTypesAndContributionMap":{"functional-code":{"insertions":2,"deletions":2},"docs":{"insertions":3,"deletions":20}}},{"hash":"9cbbed4e00162e33c291247fbb2d42967bb1dff0","messageTitle":"Fix check style error","messageBody":"","fileTypesAndContributionMap":{"functional-code":{"insertions":2,"deletions":2}}}]},{"date":"2022-11-06","commitResults":[{"hash":"4c7717e8dcb4db0678f9f80c21c639da8bdf6a1a","messageTitle":"Update PPP","messageBody":"","fileTypesAndContributionMap":{"docs":{"insertions":13,"deletions":20}}},{"hash":"e5d4bd0a4acd6ab8b49a61b0752054775a16ea7a","messageTitle":"Update developer guide, ppp and fix a bug in clone command","messageBody":"","fileTypesAndContributionMap":{"functional-code":{"insertions":1,"deletions":1},"docs":{"insertions":36,"deletions":2}}},{"hash":"f081293cfe4c329883a47ab494de96464d0b7cec","messageTitle":"Update DG and PPP","messageBody":"","fileTypesAndContributionMap":{"docs":{"insertions":3,"deletions":3}}},{"hash":"b16c7de18a4926e6f5b3fde24d93d78ef5cb32a6","messageTitle":"Update DG","messageBody":"","fileTypesAndContributionMap":{"docs":{"insertions":0,"deletions":9}}}]},{"date":"2022-11-07","commitResults":[{"hash":"26030dde1244c3ef35c756caa08a11093b0b99de","messageTitle":"Update DG and UG","messageBody":"","fileTypesAndContributionMap":{"docs":{"insertions":0,"deletions":16}}},{"hash":"04da35386a766be393284ee0fa7b72daac6dc1c9","messageTitle":"Fix a small bug in puml files and update diagrams in DG","messageBody":"","fileTypesAndContributionMap":{"docs":{"insertions":6,"deletions":6}}}]}],"ryanlml":[{"date":"2022-09-24","commitResults":[{"hash":"9ba10115deb9ee84a799a968b7f671ebe3636b8d","messageTitle":"Add personal information in AboutUs.md","messageBody":"","fileTypesAndContributionMap":{"docs":{"insertions":3,"deletions":3}}},{"hash":"e2bf09cb6a0b2b661ff18d98e9b85eea40f09dbc","messageTitle":"Add `view` into UserGuide.md","messageBody":"","fileTypesAndContributionMap":{"docs":{"insertions":17,"deletions":0}}},{"hash":"336454bfb452669cd3a247ca105fb7a6074fbb1e","messageTitle":"Add skeleton PPP","messageBody":"","fileTypesAndContributionMap":{"docs":{"insertions":24,"deletions":0}}},{"hash":"9602e02b853947b1e7304bdf28513d6c2d6b9730","messageTitle":"Fix formatting issues with PPP","messageBody":"","fileTypesAndContributionMap":{"docs":{"insertions":7,"deletions":2}}},{"hash":"f79f9a87d654fa588f74eb8dbba40d688deac822","messageTitle":"Fix more formatting issues with PPP.","messageBody":"","fileTypesAndContributionMap":{"docs":{"insertions":13,"deletions":2}}},{"hash":"c3adcc96fbc2d9fa61888e637f4a8a97b477540b","messageTitle":"Add new line at EOF.","messageBody":"","fileTypesAndContributionMap":{"docs":{"insertions":1,"deletions":1}}}]},{"date":"2022-09-30","commitResults":[{"hash":"18c33fb643742937eba9a93bee4783875198266b","messageTitle":"Edit AboutUs.md","messageBody":"","fileTypesAndContributionMap":{"docs":{"insertions":1,"deletions":1}}}]},{"date":"2022-10-08","commitResults":[{"hash":"9ff40d90464073c604a9732107b3b7e7e1b9e336","messageTitle":"Add \u0027view\u0027 command and fix a minor bug in the Person class.","messageBody":"","fileTypesAndContributionMap":{"functional-code":{"insertions":215,"deletions":1},"test-code":{"insertions":230,"deletions":0}}},{"hash":"fc647a094365f79fb99e78919555d289411f9a27","messageTitle":"Remove unnecessary import statements and fixed some typos.","messageBody":"","fileTypesAndContributionMap":{"test-code":{"insertions":2,"deletions":16}}},{"hash":"82d74f875a14c3335708348cd1bb6bfac63ee0eb","messageTitle":"Fix coding standard violations.","messageBody":"","fileTypesAndContributionMap":{"functional-code":{"insertions":42,"deletions":24}}},{"hash":"4eb9b505698717e964e2db9872feed658b9cd427","messageTitle":"Fix style for checkStyleCheck","messageBody":"","fileTypesAndContributionMap":{"functional-code":{"insertions":35,"deletions":20}}},{"hash":"70c7898549b506fea3753ea87343cadbf4aadea8","messageTitle":"Revise order of import statements","messageBody":"","fileTypesAndContributionMap":{"test-code":{"insertions":8,"deletions":5}}},{"hash":"daf5a2dc7cc81902448d3e637d7d9fa28d98cde4","messageTitle":"Revise order of import statements","messageBody":"","fileTypesAndContributionMap":{"test-code":{"insertions":20,"deletions":15}}},{"hash":"ff424f3eddd0769f0a22a32f2cccbf43b7955fa2","messageTitle":"Revise order of import statements","messageBody":"","fileTypesAndContributionMap":{"test-code":{"insertions":1,"deletions":1}}}]},{"date":"2022-10-13","commitResults":[{"hash":"43e5e35079e335413d381a79b0c9c4af603bc3b5","messageTitle":"Abstract repeated code in \u0027ViewCommandParser\u0027 by creating a separate helper method, as suggested by @deepimpactmir.","messageBody":"","fileTypesAndContributionMap":{"functional-code":{"insertions":23,"deletions":39}}},{"hash":"ec0b5dce2295b0098169686e61c557ad31d119e6","messageTitle":"Add ability to view via tags","messageBody":"","fileTypesAndContributionMap":{"functional-code":{"insertions":26,"deletions":8},"test-code":{"insertions":37,"deletions":21}}},{"hash":"f8ab83e514a1f31168e5e0313164c2e484fd0c42","messageTitle":"Fix coding standard violations","messageBody":"","fileTypesAndContributionMap":{"functional-code":{"insertions":5,"deletions":5}}},{"hash":"1dddae6bac0768fdae915eb9991ef5bf2994838b","messageTitle":"Fix coding standard violations","messageBody":"","fileTypesAndContributionMap":{"functional-code":{"insertions":1,"deletions":2}}},{"hash":"b10649ad19ba61f854a4505a10d8627978b97e21","messageTitle":"Fix order of import statements","messageBody":"","fileTypesAndContributionMap":{"test-code":{"insertions":1,"deletions":1}}},{"hash":"5bce0f37e5194629d1e7a6274ef5b6cfef00799c","messageTitle":"Fix order of import statements","messageBody":"","fileTypesAndContributionMap":{"test-code":{"insertions":1,"deletions":1}}}]},{"date":"2022-10-14","commitResults":[{"hash":"309b53bfbd473051b55c2d5d8cb670dc16182c93","messageTitle":"Extend the definition of equality in the `isSamePerson` method in `Person` class, which now checks the equality of name, phone number, email and survey.","messageBody":"","fileTypesAndContributionMap":{"functional-code":{"insertions":9,"deletions":2},"test-code":{"insertions":14,"deletions":6}}},{"hash":"561a4e3d7391d2423e67140ebba820b1f53974de","messageTitle":"Update JavaDocs to be more precise Update `JsonSerializableAddressBookTest` test cases to correctly reflect the changes in the `isSamePerson` method","messageBody":"","fileTypesAndContributionMap":{"functional-code":{"insertions":1,"deletions":1}}},{"hash":"d0df6ec3b134b23b5924c18aba814f09f9de37e1","messageTitle":"Remove wildcard import, no thanks to IntelliJ.","messageBody":"","fileTypesAndContributionMap":{"test-code":{"insertions":7,"deletions":1}}},{"hash":"bd0bf9d45178c2abdee3229aac7bd3c2d13756e9","messageTitle":"Fix order of import statements","messageBody":"","fileTypesAndContributionMap":{"test-code":{"insertions":1,"deletions":2}}}]},{"date":"2022-10-18","commitResults":[{"hash":"3432b96276ccecd5b4c8d1c82831d340d7743caf","messageTitle":"Add functionality for `Person` class to keep track of multiple `Survey` objects Update user interface so that the survey names look better","messageBody":"","fileTypesAndContributionMap":{"functional-code":{"insertions":190,"deletions":56},"test-code":{"insertions":7,"deletions":5}}},{"hash":"c83e3043a13e2b6707a47a1d9b614fc15fbaf463","messageTitle":"Fix coding style violations","messageBody":"","fileTypesAndContributionMap":{"functional-code":{"insertions":6,"deletions":4}}},{"hash":"13f0424ec492abb176c03394a49a13b5e171318c","messageTitle":"Change tests to fix new functionalities","messageBody":"","fileTypesAndContributionMap":{"test-code":{"insertions":30,"deletions":20}}},{"hash":"229903dadfecf8384be9047ace53652eee80628c","messageTitle":"Add missing Javadoc","messageBody":"","fileTypesAndContributionMap":{"test-code":{"insertions":3,"deletions":0}}},{"hash":"330fafed08826a0674bb0a8c015c812e28cb5308","messageTitle":"Change tests to fit new functionalities","messageBody":"","fileTypesAndContributionMap":{"test-code":{"insertions":1,"deletions":0}}},{"hash":"88d02166e7da4b09636c46b91f4a8bbcf627ccfc","messageTitle":"Implement suggestions and fixes by @KeithPJX and @deepimpactmir Rename `survey` to `surveys` in `JsonAdaptedPerson` class Rename all `survey` to `surveys` in .json files Fix typo in `JsonAdaptedPerson`","messageBody":"","fileTypesAndContributionMap":{"functional-code":{"insertions":7,"deletions":7}}}]},{"date":"2022-10-20","commitResults":[{"hash":"1d83cce0132b57bccef07c3c6e10c323aae5a5cd","messageTitle":"Add developer guide for `view`","messageBody":"","fileTypesAndContributionMap":{"docs":{"insertions":16,"deletions":0}}}]},{"date":"2022-10-24","commitResults":[{"hash":"d912646bba6e3170bea0285a71f25c0d6d2631ff","messageTitle":"Improve behaviour of `view`","messageBody":"","fileTypesAndContributionMap":{"functional-code":{"insertions":57,"deletions":26},"docs":{"insertions":12,"deletions":2},"test-code":{"insertions":24,"deletions":24}}},{"hash":"87087eb82bf5957b8d7646a78b5df47b223de4d5","messageTitle":"Fix coding standard violations","messageBody":"","fileTypesAndContributionMap":{"functional-code":{"insertions":9,"deletions":12},"test-code":{"insertions":0,"deletions":3}}},{"hash":"b0f737bf6f4ecacbf59900b2aea3e1316783f6c7","messageTitle":"Fix issue with `view`","messageBody":"","fileTypesAndContributionMap":{"functional-code":{"insertions":2,"deletions":1}}}]},{"date":"2022-10-25","commitResults":[{"hash":"fd731f4baa119d9728069e2624360621c2002201","messageTitle":"Fix coding standard violation","messageBody":"","fileTypesAndContributionMap":{"functional-code":{"insertions":2,"deletions":2}}}]},{"date":"2022-10-27","commitResults":[{"hash":"8784ff30e9a531373edbb0763298cc715dc3710e","messageTitle":"Improve `help` command","messageBody":"","fileTypesAndContributionMap":{"functional-code":{"insertions":367,"deletions":16},"test-code":{"insertions":1,"deletions":1}}},{"hash":"a442b10c37d412299e8134e0366b7506a145e8c4","messageTitle":"Change tests to fit new functionality of `help`","messageBody":"","fileTypesAndContributionMap":{"test-code":{"insertions":1,"deletions":1}}},{"hash":"29591cb26da4c166a22346e234045a48301f2746","messageTitle":"Update CommandResult.java","messageBody":"Remove trailing spaces","fileTypesAndContributionMap":{"functional-code":{"insertions":1,"deletions":1}}},{"hash":"c8364594323c76581a4718d33361cd132b87bb2c","messageTitle":"Fix codestyle violation","messageBody":"","fileTypesAndContributionMap":{"functional-code":{"insertions":2,"deletions":1}}},{"hash":"8fc8b79f7e5efcc830251cec5cb5389073af25f3","messageTitle":"Update user guide Add `help` for the commands `append`, `unappend` and `toggle-list-view`","messageBody":"","fileTypesAndContributionMap":{"functional-code":{"insertions":27,"deletions":0},"docs":{"insertions":5,"deletions":1}}}]},{"date":"2022-10-29","commitResults":[{"hash":"427d4083bfb25cddddd8241f7440eb48423db0b2","messageTitle":"Update user guide for `help`","messageBody":"Remove specification that `help` is a command that takes in parameters\n","fileTypesAndContributionMap":{"docs":{"insertions":2,"deletions":2}}},{"hash":"dd4c223cdee4383304775ca0b9aad48eea3483c3","messageTitle":"Remove `find` command","messageBody":"The functionality of `find` is already covered by `view`. Most instances of `find` in the user guide has been replaced by `view`.\n","fileTypesAndContributionMap":{"functional-code":{"insertions":1,"deletions":89},"docs":{"insertions":3,"deletions":22},"test-code":{"insertions":0,"deletions":130}}},{"hash":"013b8d0e3ea6586fc15142f4aa1317993bf2c97c","messageTitle":"Update user guide command summary of `add`","messageBody":"Previous format and examples were outdated.\n","fileTypesAndContributionMap":{"docs":{"insertions":1,"deletions":1}}},{"hash":"8c9410d83c88591605af3714bbd25026df2d6328","messageTitle":"Fix issue with `view`","messageBody":"- Does not allow empty values or spaces `\" \"` for any entered prefix.\n- Fix an issue where `alex y` unintentionally matches `alex yeoh`.\n","fileTypesAndContributionMap":{"functional-code":{"insertions":68,"deletions":22}}},{"hash":"75d33d2e5a0938002c84992eb803151baff2a849","messageTitle":"Improve wording for `view` in user guide","messageBody":"","fileTypesAndContributionMap":{"docs":{"insertions":5,"deletions":3}}}]},{"date":"2022-10-30","commitResults":[{"hash":"642fee96a0726f1feca2666a31d973c7e064cee4","messageTitle":"Update command summary in user guide","messageBody":"","fileTypesAndContributionMap":{"docs":{"insertions":19,"deletions":11}}},{"hash":"6d2b5c91cda8e4752da3f348ce09cbab2c84f2f0","messageTitle":"Reorder import statements","messageBody":"","fileTypesAndContributionMap":{"functional-code":{"insertions":2,"deletions":3}}}]},{"date":"2022-11-04","commitResults":[{"hash":"b15ba0f2997ab02901227cc692d62242b4617f7c","messageTitle":"Rename all instances of `address book` to `survin`","messageBody":"","fileTypesAndContributionMap":{"functional-code":{"insertions":300,"deletions":302},"other":{"insertions":38,"deletions":39},"docs":{"insertions":137,"deletions":137},"test-code":{"insertions":277,"deletions":277}}},{"hash":"08fe5dc182f4be3002d35fe6603750e6c43ef5e7","messageTitle":"Add draft for PPP","messageBody":"","fileTypesAndContributionMap":{"functional-code":{"insertions":4,"deletions":5},"other":{"insertions":0,"deletions":0},"docs":{"insertions":14,"deletions":16}}},{"hash":"0a4fce3e99edd6da80f3319cdd3fcf02973c2485","messageTitle":"Update developer guide","messageBody":"Add more verbose documentation for `view`\nAdd use case for `view`\n","fileTypesAndContributionMap":{"docs":{"insertions":37,"deletions":3}}},{"hash":"7a260703f7037399fb46657c60f51a7a5d5fda4d","messageTitle":"Update user guide for `view` and fix bug in `view`","messageBody":"- Missed certain edge cases when using `view` on empty string\n","fileTypesAndContributionMap":{"functional-code":{"insertions":9,"deletions":2},"docs":{"insertions":49,"deletions":11}}},{"hash":"0632e2b5860d3ee7ae67e6d8933bd625784f0310","messageTitle":"Reformat user guide","messageBody":"","fileTypesAndContributionMap":{"docs":{"insertions":3,"deletions":0}}},{"hash":"f338faea05a4a6de8195b241e2f65087678d79a5","messageTitle":"Reformat user guide","messageBody":"","fileTypesAndContributionMap":{"docs":{"insertions":3,"deletions":3}}},{"hash":"0af5f85e895d6c0d05efafe0da0fa52207e304d3","messageTitle":"Reformat user guide","messageBody":"","fileTypesAndContributionMap":{"docs":{"insertions":7,"deletions":7}}},{"hash":"91c9e58552c6724a141ef5690e8329f870b80517","messageTitle":"Reformat user guide","messageBody":"","fileTypesAndContributionMap":{"docs":{"insertions":5,"deletions":7}}},{"hash":"7aa1da5950bc9b17ff8614f81833d49d3c83c5af","messageTitle":"Add better examples for user guide","messageBody":"","fileTypesAndContributionMap":{"docs":{"insertions":3,"deletions":3}}},{"hash":"2d8d40ce3ffae317de71652e203eefe43a033917","messageTitle":"Revert an unintended replacement of `Survin` with `AddressBook`","messageBody":"","fileTypesAndContributionMap":{"docs":{"insertions":1,"deletions":1}}}]},{"date":"2022-11-05","commitResults":[{"hash":"0cddfe006235773a21eed8ebf6d46059fc22bfd8","messageTitle":"Reorder import statements","messageBody":"","fileTypesAndContributionMap":{"functional-code":{"insertions":5,"deletions":5},"other":{"insertions":1,"deletions":1},"test-code":{"insertions":8,"deletions":8}}},{"hash":"d01932eaa16cecee173a8a6cd33876a7e043bff3","messageTitle":"Update developer guide","messageBody":"","fileTypesAndContributionMap":{"docs":{"insertions":6,"deletions":6}}}]},{"date":"2022-11-07","commitResults":[{"hash":"34ad84efd63bc7cedd326bc9c4101f10a85b390e","messageTitle":"Finalise PPP","messageBody":"","fileTypesAndContributionMap":{"docs":{"insertions":8,"deletions":4}}},{"hash":"070512f8ebc70dd3e3bb5b3f7d5c249e00f160eb","messageTitle":"Add newline at EOF","messageBody":"","fileTypesAndContributionMap":{"docs":{"insertions":1,"deletions":1}}},{"hash":"fefd2034e4f4ae69578727e1bf005315cd29d03a","messageTitle":"Update hyperlinks in developer guide","messageBody":"","fileTypesAndContributionMap":{"docs":{"insertions":6,"deletions":6}}}]}],"deepimpactmir":[{"date":"2022-09-24","commitResults":[{"hash":"a74ed707206a08a55adf3dfa71a8d45b85a09c1a","messageTitle":"Add personal details into AboutUs.md","messageBody":"","fileTypesAndContributionMap":{"docs":{"insertions":12,"deletions":12}}},{"hash":"3e18a6c34418bf4b2b4644917939770df1b173d4","messageTitle":"Update README.md to match project","messageBody":"","fileTypesAndContributionMap":{"docs":{"insertions":7,"deletions":9}}},{"hash":"ed789247c9e9f07b1005a408049e71641abe75d9","messageTitle":"Add `delete` by attributes into UserGuide.md","messageBody":"","fileTypesAndContributionMap":{"docs":{"insertions":9,"deletions":4}}},{"hash":"ed2895ba3de36ffc38afcf87b7b780b49554ae8a","messageTitle":"Add skeleton PPP","messageBody":"","fileTypesAndContributionMap":{"docs":{"insertions":43,"deletions":0}}},{"hash":"f3af44a2869992628faacaf05971c691d04bdc1f","messageTitle":"Update Product scope of DeveloperGuide.md","messageBody":"","fileTypesAndContributionMap":{"docs":{"insertions":2,"deletions":2}}},{"hash":"3c2cf21989822f7b1b25ccedf3ebfbf850122989","messageTitle":"Modify Use Case in DeveloperGuide.md","messageBody":"","fileTypesAndContributionMap":{"docs":{"insertions":7,"deletions":7}}}]},{"date":"2022-10-01","commitResults":[{"hash":"30ac9fab27670eaa5375d822099ff5d7db6961bf","messageTitle":"Adapted UserGuide to remove AB3 mentions.","messageBody":"","fileTypesAndContributionMap":{"docs":{"insertions":104,"deletions":55}}},{"hash":"2ae9ab774b05523b440daff2a197895d0d860095","messageTitle":"Remove mentions of AddressBook.","messageBody":"","fileTypesAndContributionMap":{"docs":{"insertions":5,"deletions":5}}},{"hash":"946bfd1a497940994141ebd940674b2619eca25c","messageTitle":"Fix conflicts in UserGuide.md","messageBody":"","fileTypesAndContributionMap":{"docs":{"insertions":12,"deletions":27}}},{"hash":"23fccaeb0d8864e27e5a6057d08a561b633027a6","messageTitle":"Update the filepath of storage to match the UG.","messageBody":"","fileTypesAndContributionMap":{"functional-code":{"insertions":1,"deletions":1}}},{"hash":"0e4199e838577831685a829fc3031188c0d20f08","messageTitle":"Update UserGuide.md","messageBody":"","fileTypesAndContributionMap":{"docs":{"insertions":6,"deletions":5}}},{"hash":"23b717cf88e1d8ee007edc8bfb60e6bbc63e32a1","messageTitle":"Update index.md","messageBody":"","fileTypesAndContributionMap":{"docs":{"insertions":6,"deletions":7}}}]},{"date":"2022-10-07","commitResults":[{"hash":"a1ef8be088507ab6f5512c7748504a485a8276c5","messageTitle":"Add ability to delete by attributes","messageBody":"","fileTypesAndContributionMap":{"functional-code":{"insertions":108,"deletions":33}}},{"hash":"b86c154f69cce1c7629bcc51125556667cca5ef2","messageTitle":"Fix tests for the new functionality.","messageBody":"","fileTypesAndContributionMap":{"functional-code":{"insertions":53,"deletions":28},"test-code":{"insertions":34,"deletions":11}}},{"hash":"756e93fadd6137efcd87fbcc8ced3bcfc4f95d34","messageTitle":"Add more tests for DeleteCommand","messageBody":"","fileTypesAndContributionMap":{"functional-code":{"insertions":0,"deletions":1},"test-code":{"insertions":19,"deletions":4}}},{"hash":"11d9508dd66ee4d10c225aa22ef1d34e3251f5f6","messageTitle":"Fix style for tests","messageBody":"","fileTypesAndContributionMap":{"functional-code":{"insertions":8,"deletions":1},"test-code":{"insertions":14,"deletions":9}}},{"hash":"c25c187f6ebe3a2f80fd5fed52b738179562d17b","messageTitle":"Fix style for checkstyleTest","messageBody":"","fileTypesAndContributionMap":{"test-code":{"insertions":11,"deletions":8}}},{"hash":"3ecf0c79ff70b1d678a613f9e58bfef1a7217a59","messageTitle":"Add more test for parsing DeleteCommand","messageBody":"","fileTypesAndContributionMap":{"test-code":{"insertions":27,"deletions":2}}}]},{"date":"2022-10-10","commitResults":[{"hash":"2eef08bd4835130ea8c0183465c00f8db7c00a85","messageTitle":"Update `gradle`, `javafx`, `junit`","messageBody":"","fileTypesAndContributionMap":{"other":{"insertions":95,"deletions":93}}},{"hash":"54fc6b949f31b930b9ce8b0b0ebaf4b2e3bbe035","messageTitle":"Fix gradlew.bat line breaks","messageBody":"","fileTypesAndContributionMap":{"other":{"insertions":91,"deletions":91}}}]},{"date":"2022-10-11","commitResults":[{"hash":"fb992f8a242881fca119c75467332483f3cfc646","messageTitle":"Fix `MESSAGE_USAGE` in `DeleteCommand`","messageBody":"","fileTypesAndContributionMap":{"functional-code":{"insertions":6,"deletions":2}}}]},{"date":"2022-10-14","commitResults":[{"hash":"288a2d57f657422e3cab5725ad3bdb50308abc00","messageTitle":"Update URL for HelpWindow","messageBody":"","fileTypesAndContributionMap":{"functional-code":{"insertions":12,"deletions":15}}},{"hash":"1434527f44347766d2da20795df353a5039938cc","messageTitle":"Add UndoCommand through by saving previous states","messageBody":"Let\u0027s us add VersionedAddressBook that will save states of address book\nso that we can undo to the previous states. This is the proposed\nimplementation in the Developer\u0027s Guide.\n","fileTypesAndContributionMap":{"functional-code":{"insertions":187,"deletions":56}}},{"hash":"25feb710af7aaf3f0228ba0a140228cedd1f4e40","messageTitle":"Fix checkstyle tests","messageBody":"","fileTypesAndContributionMap":{"functional-code":{"insertions":18,"deletions":0},"test-code":{"insertions":15,"deletions":0}}}]},{"date":"2022-10-17","commitResults":[{"hash":"cbd186e23172a110cfe8acb54531c482b08876bd","messageTitle":"Fix tests for UndoCommand","messageBody":"","fileTypesAndContributionMap":{"functional-code":{"insertions":11,"deletions":11},"test-code":{"insertions":12,"deletions":0}}},{"hash":"ee4f5c62725ca785f593f03135ed115104897387","messageTitle":"Add more tests for UndoCommand","messageBody":"","fileTypesAndContributionMap":{"functional-code":{"insertions":1,"deletions":0},"test-code":{"insertions":97,"deletions":12}}},{"hash":"9c353cefce2661eed625c441258828aab5b944d8","messageTitle":"Fix equals in DeleteCommand","messageBody":"","fileTypesAndContributionMap":{"functional-code":{"insertions":12,"deletions":4}}},{"hash":"85df0359bb14f4c1650dd1e7d75acb35578ddbc4","messageTitle":"Fix checkstyle tests","messageBody":"","fileTypesAndContributionMap":{"test-code":{"insertions":9,"deletions":3}}},{"hash":"f66d95e62d01c8d59e59d21b139906489f87f25e","messageTitle":"Fix checkstyle","messageBody":"","fileTypesAndContributionMap":{"functional-code":{"insertions":1,"deletions":0}}}]},{"date":"2022-10-18","commitResults":[{"hash":"b0f9a0615baef6b11ba422271516ffba3eca6fcf","messageTitle":"Add assertion to undo","messageBody":"","fileTypesAndContributionMap":{"functional-code":{"insertions":2,"deletions":0}}}]},{"date":"2022-10-19","commitResults":[{"hash":"65def9f8b62e30b74555719c761f20932cd7f0df","messageTitle":"Improve DeleteCommand for multiple surveys","messageBody":"","fileTypesAndContributionMap":{"functional-code":{"insertions":79,"deletions":71}}},{"hash":"23335d27e850a9af1b95258d4fad77be0f65e407","messageTitle":"Remove unused functions","messageBody":"","fileTypesAndContributionMap":{"functional-code":{"insertions":0,"deletions":31},"test-code":{"insertions":12,"deletions":6}}},{"hash":"17489d7d75e19bdcfe962d99781292a931b9a3e2","messageTitle":"Fix checkstyle tests","messageBody":"","fileTypesAndContributionMap":{"functional-code":{"insertions":0,"deletions":3}}}]},{"date":"2022-10-20","commitResults":[{"hash":"f79b707ad9061faecaf4504c3ed9146a97ed1d82","messageTitle":"Add DeveloperGuide for `delete`","messageBody":"","fileTypesAndContributionMap":{"docs":{"insertions":94,"deletions":80}}},{"hash":"0d4c26d10971a4fde5d6205fa62a23e36a6a7ec2","messageTitle":"Add new diagrams for `delete`","messageBody":"","fileTypesAndContributionMap":{"docs":{"insertions":73,"deletions":0}}}]},{"date":"2022-10-24","commitResults":[{"hash":"5920feab13cc78b7ac413ff952f4918d8e8f2bfe","messageTitle":"Fix behaviour of `add`","messageBody":"","fileTypesAndContributionMap":{"functional-code":{"insertions":73,"deletions":30},"test-code":{"insertions":12,"deletions":1}}},{"hash":"7185cba95f711a8d9fe0d5c91b603d4a973d9363","messageTitle":"Add ability to mark/unmark survey as completed","messageBody":"","fileTypesAndContributionMap":{"functional-code":{"insertions":266,"deletions":12}}}]},{"date":"2022-10-25","commitResults":[{"hash":"983c61ec81298b07a08c1087391e82c2f2e12566","messageTitle":"Fix equals method in Survey","messageBody":"","fileTypesAndContributionMap":{"functional-code":{"insertions":10,"deletions":3}}},{"hash":"d7ac5b0fdbaed766248e690101429f20cce5354d","messageTitle":"Fix behaviour of mark and unmark command","messageBody":"","fileTypesAndContributionMap":{"functional-code":{"insertions":14,"deletions":2}}}]},{"date":"2022-10-27","commitResults":[{"hash":"214d5bbd9b824d94854afea2dc71c640275ec64f","messageTitle":"Add new commands to UserGuide.md","messageBody":"","fileTypesAndContributionMap":{"docs":{"insertions":45,"deletions":41}}},{"hash":"f1a8bddb8bbb02845965571ea22011f26f4f7946","messageTitle":"Remove the mentions of address book","messageBody":"","fileTypesAndContributionMap":{"docs":{"insertions":22,"deletions":19}}},{"hash":"3658657a9ce439ec965a3ea6a8b51e953be56452","messageTitle":"Rollback changes","messageBody":"","fileTypesAndContributionMap":{"docs":{"insertions":1,"deletions":1}}},{"hash":"182a3cad0d1e331617ab465572acd2957b426295","messageTitle":"Fix typos and commas","messageBody":"","fileTypesAndContributionMap":{"docs":{"insertions":2,"deletions":2}}}]},{"date":"2022-10-30","commitResults":[{"hash":"e15c9c9afcdfd644b24f6f13205d8c3cbed4477b","messageTitle":"Fix bugs with `delete`","messageBody":"","fileTypesAndContributionMap":{"functional-code":{"insertions":8,"deletions":8},"docs":{"insertions":94,"deletions":85}}},{"hash":"12a4e595c653c0b2c8572f4fc09e07a5604234f4","messageTitle":"Fix tests","messageBody":"","fileTypesAndContributionMap":{"test-code":{"insertions":2,"deletions":0}}},{"hash":"50bf44eb15f8d063be60f80e39d6e9285c76090b","messageTitle":"Fix typos in UserGuide","messageBody":"","fileTypesAndContributionMap":{"docs":{"insertions":1,"deletions":1}}},{"hash":"3cda068f98a5d60b5280a05527920bfdae2de6d9","messageTitle":"Fix behaviour to throw exception when no match","messageBody":"","fileTypesAndContributionMap":{"functional-code":{"insertions":8,"deletions":2},"test-code":{"insertions":5,"deletions":4}}},{"hash":"75e4432d239b67c52774469eab775a3377f26d42","messageTitle":"Remove unused import","messageBody":"","fileTypesAndContributionMap":{"test-code":{"insertions":0,"deletions":1}}}]},{"date":"2022-10-31","commitResults":[{"hash":"1755a6bceaca5af273be2912ee35cc80dc937e61","messageTitle":"Fix TOC","messageBody":"","fileTypesAndContributionMap":{"docs":{"insertions":2,"deletions":2}}},{"hash":"efe79c0ca3d0a222d4f82159164c21d0dd3040e6","messageTitle":"Fix wrong case in `delete` example","messageBody":"","fileTypesAndContributionMap":{"docs":{"insertions":1,"deletions":1}}},{"hash":"0a5d0e72bf166dcb32cb029c64e39577378df108","messageTitle":"Add more tests to `delete`","messageBody":"","fileTypesAndContributionMap":{"test-code":{"insertions":66,"deletions":3}}},{"hash":"7eecefc2b3fbfd13fc5eafe83203b7d85115a5cf","messageTitle":"Fix checkstyle for test","messageBody":"","fileTypesAndContributionMap":{"test-code":{"insertions":11,"deletions":4}}}]},{"date":"2022-11-01","commitResults":[{"hash":"23c9e73c251d3b1870daf1981392c40efb5ed46d","messageTitle":"Fix bugs with `delete`","messageBody":"","fileTypesAndContributionMap":{"functional-code":{"insertions":1,"deletions":1}}},{"hash":"2b56bbf1a452be6edcfb28de7acd58b9d1068c2a","messageTitle":"Add more tests to `mark` and `unmark`","messageBody":"","fileTypesAndContributionMap":{"functional-code":{"insertions":51,"deletions":10},"test-code":{"insertions":256,"deletions":14}}}]},{"date":"2022-11-03","commitResults":[{"hash":"77be5d91d7727ff49a05e21e5e34277dfc6144d6","messageTitle":"Fix TOC for DeveloperGuide.md","messageBody":"","fileTypesAndContributionMap":{"docs":{"insertions":2,"deletions":2}}},{"hash":"eb4c8f89a4066e23080761fb5f1aad0c2252d09b","messageTitle":"Add draft of PPP","messageBody":"","fileTypesAndContributionMap":{"docs":{"insertions":29,"deletions":19}}}]},{"date":"2022-11-05","commitResults":[{"hash":"3e9459bea0bdf2089d201af566850b86ddefc8a4","messageTitle":"Fix DeveloperGuide.md","messageBody":"","fileTypesAndContributionMap":{"docs":{"insertions":171,"deletions":169}}}]},{"date":"2022-11-06","commitResults":[{"hash":"cf1fd84c7101ae466f9fcf002f2bf7664d70f790","messageTitle":"Add table for UserGuide","messageBody":"","fileTypesAndContributionMap":{"docs":{"insertions":76,"deletions":57}}},{"hash":"25883e214fb5114d66de46eaf5f19aa6dc134fd1","messageTitle":"Fix TOC","messageBody":"","fileTypesAndContributionMap":{"docs":{"insertions":4,"deletions":4}}},{"hash":"1a5db95e8ff7d2d828ffb32d3f5b4f03b5864e4f","messageTitle":"Add an entry to FAQ","messageBody":"","fileTypesAndContributionMap":{"docs":{"insertions":3,"deletions":0}}},{"hash":"f2dd2c321ac3b4016bf6bf13aa2c7e28c86a02ef","messageTitle":"Fix FAQ","messageBody":"","fileTypesAndContributionMap":{"docs":{"insertions":20,"deletions":4}}},{"hash":"afd80712e953764d0ac931c210af2b07efc985cb","messageTitle":"Update Model diagram","messageBody":"","fileTypesAndContributionMap":{"docs":{"insertions":6,"deletions":0}}}]}]},"authorFileTypeContributionMap":{"KeithPJX":{"docs":399,"functional-code":1768,"test-code":577,"other":4},"NUSDG":{"docs":191,"functional-code":475,"test-code":542},"ryanlml":{"docs":310,"functional-code":1196,"test-code":547},"deepimpactmir":{"docs":330,"functional-code":664,"test-code":521,"other":10}},"authorContributionVariance":{"KeithPJX":27966.418,"NUSDG":4144.6772,"ryanlml":65514.832,"deepimpactmir":14801.383},"authorDisplayNameMap":{"KeithPJX":"CS2103-F13-2 KEIT.. XIN","NUSDG":"CS2103-F13-2 GUO ..O QI","ryanlml":"CS2103-F13-2 LEE ..RYAN","deepimpactmir":"CS2103-F13-2 TOH ..REMY"}}
