{"authorDailyContributionsMap":{"SeekSaveServe":[{"date":"2022-09-20","commitResults":[{"hash":"3c77793e09c00ae130ffb1b0b0d2b57ed64923ef","messageTitle":":fire: Add Cheng Yi\u0027s information to AboutUs.md","messageBody":"Previously, we didn\u0027t have Cheng Yi\u0027s information\n\nLet\u0027s add Cheng Yi\u0027s information\n","fileTypesAndContributionMap":{"docs":{"insertions":49,"deletions":3}}},{"hash":"1e3b3af48fe22c3bad4fc1cf90e03be8a4edd30a","messageTitle":":fire: Add Cheng Yi\u0027s information to AboutUs.md","messageBody":"Previously, we didn\u0027t have Cheng Yi\u0027s information\n\nLet\u0027s add Cheng Yi\u0027s information\n","fileTypesAndContributionMap":{"docs":{"insertions":1,"deletions":1}}},{"hash":"ceb4e1b355cbe295639f6d82091fbcd2d7ae501e","messageTitle":":fire: Add Cheng Yi\u0027s information to AboutUs.md","messageBody":"Previously, we didn\u0027t have Cheng Yi\u0027s information\n\nLet\u0027s add Cheng Yi\u0027s information\n","fileTypesAndContributionMap":{"docs":{"insertions":1,"deletions":1}}}]}],"sarrrdin":[{"date":"2022-09-21","commitResults":[{"hash":"e9ea1f780a7a65be33bf1d7cd3a53ea209a4b5d9","messageTitle":"Update `AboutUs.md` with Hong Jin\u0027s information.","messageBody":"","fileTypesAndContributionMap":{"docs":{"insertions":17,"deletions":5}}},{"hash":"75519a6bb419e323e7c4fdf978899237007b0f4a","messageTitle":"Change from JPG to PNG file","messageBody":"","fileTypesAndContributionMap":{"docs":{"insertions":1,"deletions":1}}},{"hash":"3a5b2295a78b2e5fd950690062cc7e828398481f","messageTitle":"Revert \"Change from JPG to PNG file\"","messageBody":"This reverts commit 75519a6bb419e323e7c4fdf978899237007b0f4a.\n","fileTypesAndContributionMap":{"docs":{"insertions":1,"deletions":1}}},{"hash":"a3404e9b9ab0a311e1e34732f7e5b9b40ac6f9c7","messageTitle":"Revert \"Revert \"Change from JPG to PNG file\"\"","messageBody":"This reverts commit 3a5b2295a78b2e5fd950690062cc7e828398481f.\n","fileTypesAndContributionMap":{"docs":{"insertions":1,"deletions":1}}}]}],"huzaifa1712":[{"date":"2022-09-25","commitResults":[{"hash":"9559cf76d3bfb540722143b1279f6d03c75036d2","messageTitle":"Add personal project portfolio page skeleton","messageBody":"","fileTypesAndContributionMap":{"docs":{"insertions":14,"deletions":0}}},{"hash":"403f50cae68e588ef1aa336ff4f883417b15dfe2","messageTitle":"Add links to image and PPP in AboutUs.md","messageBody":"","fileTypesAndContributionMap":{"docs":{"insertions":6,"deletions":6}}},{"hash":"039c765391ab24f7f13101ee315955c3825d4684","messageTitle":"Update link in AboutUs.md","messageBody":"","fileTypesAndContributionMap":{"docs":{"insertions":1,"deletions":1}}}]}],"zupey":[{"date":"2022-09-21","commitResults":[{"hash":"ec6a89afa7dd9666f8bac424f979ae73d7e4349b","messageTitle":"Add Linus picture","messageBody":"","fileTypesAndContributionMap":{"docs":{"insertions":14,"deletions":0}}},{"hash":"a593109f79f354baa7231451b9727bb2366c5e17","messageTitle":"Update AboutUs.md and Linus.md","messageBody":"","fileTypesAndContributionMap":{"docs":{"insertions":4,"deletions":4}}},{"hash":"6d0d1126829538953e8949fafeb1baf994b68628","messageTitle":"Update AboutUs.md to read updated filename.","messageBody":"","fileTypesAndContributionMap":{"docs":{"insertions":5,"deletions":5}}}]}],"shenyih0ng":[{"date":"2022-09-17","commitResults":[{"hash":"975fcca3976cac96ef4dc388c886540b8fff5179","messageTitle":"Setup project repository  (#3)","messageBody":"- Update `README.md`\r\n- Add status badges","fileTypesAndContributionMap":{"docs":{"insertions":7,"deletions":12}}}]},{"date":"2022-09-20","commitResults":[{"hash":"068c2da44f02891a7a0c11569b2a1292cd6186a0","messageTitle":"Update `AboutUs.md` with photo and github link","messageBody":"","fileTypesAndContributionMap":{"docs":{"insertions":6,"deletions":6}}},{"hash":"32b76b3a5989027492bd88a88c2e22771ddb20ac","messageTitle":"Add portfolio page","messageBody":"","fileTypesAndContributionMap":{"docs":{"insertions":14,"deletions":0}}},{"hash":"e9b5b54ba7947f039c78cb5d1f86a5e5f2ee2660","messageTitle":"Fix newlines and whitespaces","messageBody":"","fileTypesAndContributionMap":{"docs":{"insertions":3,"deletions":3}}}]},{"date":"2022-09-25","commitResults":[{"hash":"3abdbfe1958f4ccd320f0f511f317fdffb483e01","messageTitle":"Update `CLIMods` doc site","messageBody":"- change header from AB3 -\u003e `CLIMods`\n- update CI+codecov status badges\n","fileTypesAndContributionMap":{"docs":{"insertions":7,"deletions":11}}},{"hash":"0d6891550a2244c62cfd858054ec99bd38a6d950","messageTitle":"Add AB3 credits to `README.md`","messageBody":"","fileTypesAndContributionMap":{"docs":{"insertions":2,"deletions":0}}},{"hash":"987522a2ef256067c6fb1807038089d6dce59ebc","messageTitle":"Add UI mockup to `README.md`","messageBody":"","fileTypesAndContributionMap":{"docs":{"insertions":2,"deletions":0}}}]},{"date":"2022-09-26","commitResults":[{"hash":"3c11528d5400b400b62aacdf1beb9df448585e9d","messageTitle":"Update user guide with `v1.2` features","messageBody":"","fileTypesAndContributionMap":{"docs":{"insertions":65,"deletions":131}}}]}]},"authorFileTypeContributionMap":{"SeekSaveServe":{"docs":48,"functional-code":0,"test-code":0},"sarrrdin":{"docs":17,"functional-code":0,"test-code":0},"huzaifa1712":{"docs":21,"functional-code":0,"test-code":0},"zupey":{"docs":20,"functional-code":0,"test-code":0},"shenyih0ng":{"docs":102,"functional-code":0,"test-code":0,"other":1}},"authorContributionVariance":{"SeekSaveServe":259.1735,"sarrrdin":64.79338,"huzaifa1712":64.79339,"zupey":84.628105,"shenyih0ng":3064.2478},"authorDisplayNameMap":{"SeekSaveServe":"CS2103-F14-1 PEI ..G YI","sarrrdin":"CS2103-F14-1 CHEW.. JIN","huzaifa1712":"CS2103-F14-1 HUZA..GHAV","zupey":"CS2103-F14-1 LINU..FENG","shenyih0ng":"CS2103-F14-1 SHEN..HONG"}}
