{"authorDailyContributionsMap":{"weiquany":[{"date":"2022-09-21","commitResults":[{"hash":"075cfe32f093ebf64058e9b9a3839bedc8e6dda8","messageTitle":"Update user stories in developer guide","messageBody":"","fileTypesAndContributionMap":{"docs":{"insertions":25,"deletions":12}}},{"hash":"41e85b96c00f61a2be0000ba8ad631990e7e92c5","messageTitle":"Add skeleton for proposed features in developer guide","messageBody":"","fileTypesAndContributionMap":{"docs":{"insertions":24,"deletions":1}}}]},{"date":"2022-09-25","commitResults":[{"hash":"ac64cbebfc984861203599f4b246bd4912b8f064","messageTitle":"Add show command","messageBody":"","fileTypesAndContributionMap":{"functional-code":{"insertions":212,"deletions":0},"test-code":{"insertions":20,"deletions":0}}}]},{"date":"2022-09-27","commitResults":[{"hash":"b9129140760a8919aa9a0678d1d6f1f6c0ef9449","messageTitle":"Add non-functional requirements and update the glossary","messageBody":"","fileTypesAndContributionMap":{"docs":{"insertions":65,"deletions":23}}}]},{"date":"2022-09-28","commitResults":[{"hash":"afc193a2eaa2349b86f8080caf94176a43465e5e","messageTitle":"Add use cases","messageBody":"","fileTypesAndContributionMap":{"docs":{"insertions":114,"deletions":33}}},{"hash":"e9f177d656ee365da66a1bd4b796f68aa6598f7e","messageTitle":"Fix formatting for use cases","messageBody":"","fileTypesAndContributionMap":{"docs":{"insertions":62,"deletions":38}}}]},{"date":"2022-10-02","commitResults":[{"hash":"90a76efa6af4d6d86cebd830c53f8ca890978eb9","messageTitle":"Create TargetPerson class","messageBody":"","fileTypesAndContributionMap":{"functional-code":{"insertions":58,"deletions":19}}},{"hash":"8e7e40b8d087e3213128eadc6234c8147a69d1b4","messageTitle":"Update EditCommand to support target person edit","messageBody":"","fileTypesAndContributionMap":{"functional-code":{"insertions":42,"deletions":8}}},{"hash":"f561aa6393efc60849a365d0a32cbb5c2ea3d984","messageTitle":"Update tests to support TargetPerson usage","messageBody":"","fileTypesAndContributionMap":{"test-code":{"insertions":11,"deletions":4}}},{"hash":"3ece2cf726bd208177067fc383cd1dc3030df8c7","messageTitle":"Refactor code to appropriate level of abstraction","messageBody":"","fileTypesAndContributionMap":{"functional-code":{"insertions":19,"deletions":9}}}]},{"date":"2022-10-04","commitResults":[{"hash":"6b2815af606a88aba0f252d10a52cf6c3183b9b1","messageTitle":"Change to unmodifiable list for return value of TargetPerson class getAsObservableList method","messageBody":"","fileTypesAndContributionMap":{"functional-code":{"insertions":3,"deletions":1}}},{"hash":"4d70152ac304198e65aa6dceacb2edd68ee63c86","messageTitle":"Refactor code to improve code style","messageBody":"","fileTypesAndContributionMap":{"functional-code":{"insertions":19,"deletions":6}}}]},{"date":"2022-10-05","commitResults":[{"hash":"33644e4db9fe05d2a374da8fc4cca9cd9a26e39f","messageTitle":"Update EditCommandParser parse function to use Optional","messageBody":"","fileTypesAndContributionMap":{"functional-code":{"insertions":6,"deletions":5}}}]}],"malwaregarry":[{"date":"2022-09-16","commitResults":[{"hash":"4c6b3a27d9544a68d4a3e1cb485b0eb707492edc","messageTitle":"Update AboutUs page of project website","messageBody":"","fileTypesAndContributionMap":{"docs":{"insertions":32,"deletions":29}}},{"hash":"026176374aa4bd01bb52b179c98eb2dd1dc9a100","messageTitle":"Create skeleton for members\u0027 portfolio page","messageBody":"","fileTypesAndContributionMap":{"docs":{"insertions":107,"deletions":46}}}]},{"date":"2022-09-19","commitResults":[{"hash":"eb9944846cd78b2935bf098c41110fa96c888e84","messageTitle":"Add Simpson\u0027s github link to AboutUs page","messageBody":"","fileTypesAndContributionMap":{"docs":{"insertions":1,"deletions":1}}}]},{"date":"2022-09-23","commitResults":[{"hash":"9042fbaed9142189a66ee562987debf4e68ab056","messageTitle":"Update use case in DG with list, add, delete, edit","messageBody":"","fileTypesAndContributionMap":{"docs":{"insertions":45,"deletions":10}}},{"hash":"288a9d430eb0797588697d76b1307311a4631ca5","messageTitle":"Update use case in DG with filter and filter clearing","messageBody":"","fileTypesAndContributionMap":{"docs":{"insertions":33,"deletions":0}}}]},{"date":"2022-09-26","commitResults":[{"hash":"751b66290898f198bf366aaded86001abd7a6056","messageTitle":"Update use case in DG with list, add, delete, edit","messageBody":"","fileTypesAndContributionMap":{"docs":{"insertions":45,"deletions":10}}},{"hash":"adfbd24f24ed963a8943b1f5a68dc910660dfe65","messageTitle":"Update use case in DG with filter and filter clearing","messageBody":"","fileTypesAndContributionMap":{"docs":{"insertions":33,"deletions":0}}},{"hash":"cd39f98c0c84d6f3d3c2981123caf63638be0445","messageTitle":"Update use case in DG with list, add, delete, edit","messageBody":"","fileTypesAndContributionMap":{"docs":{"insertions":17,"deletions":0}}}]}],"Polygonalr":[{"date":"2022-09-23","commitResults":[{"hash":"a1073143c9760e355b2ee9490cae01149120e321","messageTitle":"Translate user guide from GDocs to Markdown","messageBody":"","fileTypesAndContributionMap":{"docs":{"insertions":123,"deletions":70}}}]},{"date":"2022-09-25","commitResults":[{"hash":"538424e6d46bcbf91230d157aa2b026042b7c437","messageTitle":"Rename the docs/team files to correct names","messageBody":"","fileTypesAndContributionMap":{"docs":{"insertions":0,"deletions":0}}}]},{"date":"2022-09-26","commitResults":[{"hash":"858926a1c8daec53ad9f6b696cdab8b420621aeb","messageTitle":"Add team member images and update aboutus","messageBody":"","fileTypesAndContributionMap":{"docs":{"insertions":5,"deletions":5}}},{"hash":"ddd187633ef9949b75870eba102ad23d3a607e7c","messageTitle":"Resolve typos and resolve missing features section and images","messageBody":"","fileTypesAndContributionMap":{"docs":{"insertions":9,"deletions":10}}}]}],"craeyeons":[{"date":"2022-09-25","commitResults":[{"hash":"b27acd45a65c967e89563bbd35eecd2ad168d218","messageTitle":"Add remark command.","messageBody":"","fileTypesAndContributionMap":{"functional-code":{"insertions":225,"deletions":30},"test-code":{"insertions":251,"deletions":9}}},{"hash":"e7d67ababf289cdd41b3251c7cf9956b21c00977","messageTitle":"Revise command syntaxes.","messageBody":"","fileTypesAndContributionMap":{"functional-code":{"insertions":6,"deletions":6}}},{"hash":"e2ec9bbb4e72f48664b1dc486055478300450cac","messageTitle":"Fix edit command to be compatible with remark.","messageBody":"","fileTypesAndContributionMap":{"functional-code":{"insertions":49,"deletions":3}}},{"hash":"74ab1258aac1bbf8c0564333102f818bb8896590","messageTitle":"Fix add command to be compatible with remark.","messageBody":"","fileTypesAndContributionMap":{"functional-code":{"insertions":7,"deletions":2}}}]},{"date":"2022-09-26","commitResults":[{"hash":"3bab0017c49c6f0461512142560f9898b25b6cc7","messageTitle":"Update project website to add README with mockup.","messageBody":"","fileTypesAndContributionMap":{"docs":{"insertions":9,"deletions":5}}},{"hash":"1895d6994110a40de2f590c162c3aa7e943308ac","messageTitle":"Add acknowledgement section.","messageBody":"","fileTypesAndContributionMap":{"docs":{"insertions":4,"deletions":0}}},{"hash":"8c7b82aa8f6c3fee5a712541e8a9fc2b1cba40de","messageTitle":"Add credits to source and removed remark command.","messageBody":"Previously, remark could be changed with the remark command due to my\nmisunderstanding on the requirements.\n\nRemark command is now removed, and can only be manipulated via add,\ndelete and edit commands only.\n","fileTypesAndContributionMap":{"functional-code":{"insertions":5,"deletions":136},"test-code":{"insertions":5,"deletions":189}}}]}],"kelvinou01":[{"date":"2022-09-21","commitResults":[{"hash":"6ceb04b737646615b08fb0ffd80f3eb1ea8a5bbf","messageTitle":"Add skeletal project portfolio page","messageBody":"","fileTypesAndContributionMap":{"docs":{"insertions":63,"deletions":0}}},{"hash":"e59a20bab74328380a64708ef6099ede1c84628c","messageTitle":"Modified skeletal ppp to conform to example given","messageBody":"","fileTypesAndContributionMap":{"docs":{"insertions":35,"deletions":84}}}]},{"date":"2022-09-22","commitResults":[{"hash":"68c26d061d4eaaecfbb10869ed1dc19dff5c212f","messageTitle":"Add `TagCommandGroup` and `TagCommandGroupParser`","messageBody":"There was no good way to parse `tag`, `tag create`, and `tag remove` separately.\n\nTo keep the code clean, `TagCommandGroup` represents all commands that are invoked with the `tag` keyword\n\nThis is to stay consistent heavy use of OOP in the rest of the codebase.\n","fileTypesAndContributionMap":{"functional-code":{"insertions":58,"deletions":0}}},{"hash":"ee0a116148c3c06ebf0b19b94226cc81e023672b","messageTitle":"Add pretty printing for multiple tags","messageBody":"","fileTypesAndContributionMap":{"functional-code":{"insertions":17,"deletions":0}}},{"hash":"8a27f5ff12c107c4a687ffc1de1abbc50b102e03","messageTitle":"Add the `tagSet` attribute to `AddressBook`","messageBody":"As per the user guide, we require users to create tags before they can be used.\n\nThis necessitates storing the created tags in `AddressBook`.\n\nWe further encapsulate the set of tags in its own class to provide helper methods like `asUnmodifiableSet`, and to disallow `null` tags.\n","fileTypesAndContributionMap":{"functional-code":{"insertions":113,"deletions":0}}},{"hash":"d769be8f27f9df39d11d861cfe42d4d4afa9bf4d","messageTitle":"Add tag helper methdos in `Model` and `ModelManager`","messageBody":"","fileTypesAndContributionMap":{"functional-code":{"insertions":41,"deletions":1}}},{"hash":"d23d4f491ae4c53ad38a0028a9fcc2bc66e13cd0","messageTitle":"Add saving and loading tags from storage.","messageBody":"Lets say a user creates a tag using `tag create`, but does not assign it to anybody before closing the program. How do we ensure that the tag is still there the next time they start the program?\n\nLets save the tags into `addressbook.json` by adding a `tags` field (alongside the already present `persons` field)\n","fileTypesAndContributionMap":{"functional-code":{"insertions":25,"deletions":1}}},{"hash":"d5a36b1f732073468bef840e9162b73ec3f22036","messageTitle":"Add tagging command","messageBody":"","fileTypesAndContributionMap":{"functional-code":{"insertions":157,"deletions":0}}},{"hash":"ce2a155520c316cb07a28b794ccf2c7c273d9837","messageTitle":"Add create tag command","messageBody":"","fileTypesAndContributionMap":{"functional-code":{"insertions":109,"deletions":0}}},{"hash":"0e68bc1e67b13000968a7e569d38134f98074720","messageTitle":"Add remove tag command","messageBody":"","fileTypesAndContributionMap":{"functional-code":{"insertions":126,"deletions":0}}},{"hash":"457d7b03fc15b2e7eb7db1f379ff18ebf581ec41","messageTitle":"Refactor to conform to style guide","messageBody":"","fileTypesAndContributionMap":{"functional-code":{"insertions":22,"deletions":11}}},{"hash":"62271d7fc4515b1f26d96481616f4fb8709c2e90","messageTitle":"Fix old tests","messageBody":"","fileTypesAndContributionMap":{"functional-code":{"insertions":6,"deletions":3},"test-code":{"insertions":59,"deletions":2}}},{"hash":"1a2b409d44e4534771138f0e0e9d1d32f5fa0f83","messageTitle":"Refactor tests to conform to style guide","messageBody":"","fileTypesAndContributionMap":{"test-code":{"insertions":3,"deletions":3}}}]},{"date":"2022-09-29","commitResults":[{"hash":"5bb796d101becd48c1bb9f8e8a57c8064efc17fe","messageTitle":"Improve `CreateTagCommand` message formatting","messageBody":"","fileTypesAndContributionMap":{"functional-code":{"insertions":4,"deletions":7}}},{"hash":"6963d2ee3cd38d5e80f42a052b29f9db5f484673","messageTitle":"Refactor code to conform to style guide","messageBody":"","fileTypesAndContributionMap":{"functional-code":{"insertions":4,"deletions":2}}},{"hash":"6d8a824be61b7c41eb7903348ce1eb42feedefa3","messageTitle":"Refactor constants to follow convention adopted in codebase","messageBody":"","fileTypesAndContributionMap":{"test-code":{"insertions":4,"deletions":4}}},{"hash":"09dd01738df22c1b85fba58904d37a6f2e7e5454","messageTitle":"Renamed variable.","messageBody":"","fileTypesAndContributionMap":{"test-code":{"insertions":1,"deletions":1}}},{"hash":"d62c8cb3801cfd5a1e614336ba2a501f88d1298c","messageTitle":"Remove print statement","messageBody":"","fileTypesAndContributionMap":{"test-code":{"insertions":0,"deletions":1}}}]},{"date":"2022-10-01","commitResults":[{"hash":"58d055c5e011e956a0bc9e530ce1fcd18583b8d8","messageTitle":"Refactor code to conform to style guide","messageBody":"","fileTypesAndContributionMap":{"functional-code":{"insertions":6,"deletions":4}}}]},{"date":"2022-10-02","commitResults":[{"hash":"2321ac0743c081b82fdd6c8d151c154a8572a067","messageTitle":"Add out-of-bounds checking for `RemoveTagCommand`","messageBody":"Co-authored-by: wei quan \u003cweiquan7122@gmail.com\u003e","fileTypesAndContributionMap":{"functional-code":{"insertions":3,"deletions":0}}},{"hash":"27e64d517a6736fe9f7c393003df1ca8285fb1d0","messageTitle":"Add missing import","messageBody":"Co-authored-by: wei quan \u003cweiquan7122@gmail.com\u003e","fileTypesAndContributionMap":{"functional-code":{"insertions":1,"deletions":0}}},{"hash":"011c0bb00aaa2402178358db088c297aa5e25eb0","messageTitle":"Integrate remarks with tagging","messageBody":"","fileTypesAndContributionMap":{"functional-code":{"insertions":2,"deletions":2}}}]}]},"authorFileTypeContributionMap":{"weiquany":{"docs":214,"functional-code":313,"test-code":30},"malwaregarry":{"docs":189,"functional-code":0,"test-code":0},"Polygonalr":{"docs":131,"functional-code":0,"test-code":0},"craeyeons":{"docs":12,"functional-code":95,"test-code":37},"kelvinou01":{"docs":16,"functional-code":667,"test-code":59}},"authorContributionVariance":{"weiquany":6054.348,"malwaregarry":2810.2483,"Polygonalr":1781.2904,"craeyeons":21303.941,"kelvinou01":27930.488},"authorDisplayNameMap":{"weiquany":"CS2103T-T13-2 YEW ..QUAN","malwaregarry":"CS2103T-T13-2 TAN .. WEI","Polygonalr":"CS2103T-T13-2 YAP ..HENG","craeyeons":"CS2103T-T13-2 ENG ..PSON","kelvinou01":"CS2103T-T13-2 OU J.. BIN"}}
