{"authorDailyContributionsMap":{"kangzongxian":[{"date":"2022-09-30","commitResults":[{"hash":"623ba9dd760f7a0b25a8e4c5349a77e7ae8bf6e0","messageTitle":"Add Skeletal PPP and update AboutUs","messageBody":"","fileTypesAndContributionMap":{"docs":{"insertions":45,"deletions":5}}},{"hash":"b774a983dc9bcaf3cf879ba377b833fdf4d5a619","messageTitle":"Update UserGuide","messageBody":"","fileTypesAndContributionMap":{"docs":{"insertions":63,"deletions":55}}},{"hash":"0f7ff654f4342c92cb35ed44b7d9591acfc568ae","messageTitle":"Fixed typos","messageBody":"","fileTypesAndContributionMap":{"docs":{"insertions":3,"deletions":3}}},{"hash":"aeecf37c47b9b2ea6a86d3d9a76eb08eab6ea4f7","messageTitle":"Add content to MD","messageBody":"","fileTypesAndContributionMap":{"docs":{"insertions":6,"deletions":0}}}]},{"date":"2022-10-09","commitResults":[{"hash":"20db378c932288d285a835fd6f04ea822a4fcae6","messageTitle":"Delete address and tag fields","messageBody":"These are fields that are irrelevant to\nour application.\n\nDeleting these fields improves code quality,\nand makes our codebase neater.\n","fileTypesAndContributionMap":{"functional-code":{"insertions":22,"deletions":420},"test-code":{"insertions":70,"deletions":471}}},{"hash":"6c18cb501f0f84276103fa6d30f5df90234eb4b3","messageTitle":"Fix minor styling issues","messageBody":"","fileTypesAndContributionMap":{"functional-code":{"insertions":2,"deletions":2}}}]},{"date":"2022-10-10","commitResults":[{"hash":"6b83ed29029a7c8e4b0a5e3e451403604ab0fd9d","messageTitle":"Re-factored test cases and class names","messageBody":"This is to make it sound more in line with our\napplication.\n\nThis makes our code base more readable.\n","fileTypesAndContributionMap":{"other":{"insertions":32,"deletions":32},"test-code":{"insertions":173,"deletions":173}}},{"hash":"2cb32e675203cb26ee9787794b1c22ea3c54a591","messageTitle":"Fix naming issues","messageBody":"","fileTypesAndContributionMap":{"test-code":{"insertions":3,"deletions":3}}},{"hash":"5595ab5a0585e4014230874f6116821f4c031c8f","messageTitle":"Fix naming issues for methods","messageBody":"","fileTypesAndContributionMap":{"test-code":{"insertions":6,"deletions":6}}},{"hash":"966d3c3429e66d588106acca8136928902041e62","messageTitle":"Update user guide to reflect our current application","messageBody":"This is so that the user guide is more appropriate and clear to the user.\n","fileTypesAndContributionMap":{"docs":{"insertions":14,"deletions":14}}},{"hash":"7c8844cd492e47855daae2fa612068af925a7651","messageTitle":"Fix naming issues","messageBody":"","fileTypesAndContributionMap":{"docs":{"insertions":9,"deletions":9}}}]},{"date":"2022-10-16","commitResults":[{"hash":"7b5d1644d727bc29b4e106524813595e0a4f5aef","messageTitle":"Added new field Room","messageBody":"This denotes the room that the Guest is staying at.\nThis is because the room is a quintessential element for a hotel.\n","fileTypesAndContributionMap":{"functional-code":{"insertions":146,"deletions":19},"docs":{"insertions":14,"deletions":14},"test-code":{"insertions":262,"deletions":72}}}]},{"date":"2022-10-17","commitResults":[{"hash":"5f4eec53a25602da19871e92d4611fa51ea33f93","messageTitle":"Fix code styling issues Add more test cases for better coverage","messageBody":"","fileTypesAndContributionMap":{"functional-code":{"insertions":6,"deletions":6},"docs":{"insertions":1,"deletions":1},"test-code":{"insertions":26,"deletions":22}}}]},{"date":"2022-10-18","commitResults":[{"hash":"033f43d68e4c28e52c40eb52f9b0af3a1c065412","messageTitle":"Update comments regarding Room","messageBody":"","fileTypesAndContributionMap":{"functional-code":{"insertions":1,"deletions":0}}}]},{"date":"2022-10-19","commitResults":[{"hash":"3a82d0a994d05592b56303f38196dfb741a92593","messageTitle":"Update Developer Guide","messageBody":"Add the parts for the find command, and our proposed implementation for a more extensible find command.\n","fileTypesAndContributionMap":{"docs":{"insertions":79,"deletions":10}}},{"hash":"110314885b5dcb7860bb3fb2858d28dc869a7907","messageTitle":"Fix styling issues","messageBody":"","fileTypesAndContributionMap":{"docs":{"insertions":33,"deletions":33}}},{"hash":"2062f5895ec0976ce1091e7d6333d1714994b516","messageTitle":"Fix grammar issues","messageBody":"","fileTypesAndContributionMap":{"docs":{"insertions":1,"deletions":1}}}]},{"date":"2022-10-23","commitResults":[{"hash":"fd4791005809957abcd0e05849a4fcd54467fb90","messageTitle":"Update user guide to reflect current features in our application.","messageBody":"","fileTypesAndContributionMap":{"docs":{"insertions":7,"deletions":5}}},{"hash":"fdf91e92201e8d65db6ee27f95f4b77e35778ad6","messageTitle":"Fix styling issues","messageBody":"","fileTypesAndContributionMap":{"docs":{"insertions":1,"deletions":1}}}]},{"date":"2022-10-25","commitResults":[{"hash":"c9704911929151da9112bffe9976785e40178bbc","messageTitle":"Add functionality to make sure guests\u0027 rooms are unique to each guest","messageBody":"This is because it makes sense for 2 different guests to only stay in different rooms at the same time.\n","fileTypesAndContributionMap":{"functional-code":{"insertions":64,"deletions":1},"test-code":{"insertions":33,"deletions":6}}},{"hash":"fc88778af87168021a1c1b9f16f03863cb0e1cd0","messageTitle":"Fix styling issues","messageBody":"","fileTypesAndContributionMap":{"functional-code":{"insertions":2,"deletions":2}}},{"hash":"0e8c51446cc8bf7dbd3a46a68915114d2ea0f44c","messageTitle":"Add additional test cases","messageBody":"","fileTypesAndContributionMap":{"test-code":{"insertions":16,"deletions":0}}},{"hash":"a46110ef6aff814f78aa16557556d5ec48f4fba1","messageTitle":"Fix comment issues","messageBody":"","fileTypesAndContributionMap":{"functional-code":{"insertions":2,"deletions":1}}},{"hash":"27817985617c8caa66d49e94c65f208c70acd69f","messageTitle":"Update user and developer guide to reflect our current implementations","messageBody":"Added implementation of improved `find` command\nAdded How to use User Guide in User Guide\nFix styling issues\n","fileTypesAndContributionMap":{"docs":{"insertions":47,"deletions":86}}}]},{"date":"2022-10-26","commitResults":[{"hash":"78911d9a956c38f6c2a70456eb28c093acd7ac0e","messageTitle":"Fix wording issue","messageBody":"","fileTypesAndContributionMap":{"docs":{"insertions":1,"deletions":1}}},{"hash":"e3202491115319a7e2dc80fcc8f6e4f5ca07a153","messageTitle":"Make duplicate room issue start with a default guestbook","messageBody":"This is to make the action flow synonymous to that of having duplicate guests\n","fileTypesAndContributionMap":{"functional-code":{"insertions":3,"deletions":0}}},{"hash":"a439a4edcaa3352a710064d416bc4b6f8255a68f","messageTitle":"Update User Guide and Developer Guide","messageBody":"Clean up to ensure that the details are appropriate and reflect our current application.\n","fileTypesAndContributionMap":{"docs":{"insertions":60,"deletions":57}}},{"hash":"ee09715dc1ad5bf3b26d1fd624abff1dfff1e6b4","messageTitle":"Fix grammer issues","messageBody":"","fileTypesAndContributionMap":{"docs":{"insertions":1,"deletions":1}}}]},{"date":"2022-10-27","commitResults":[{"hash":"d58161bc10e3d6a66c2ebc4d5cb52f5c857bb301","messageTitle":"Remove unnecessary commands","messageBody":"","fileTypesAndContributionMap":{"docs":{"insertions":1,"deletions":3}}},{"hash":"68eec79f0c2372d1ba2c96d6579b9f232d8b1441","messageTitle":"Add exit command to command summary","messageBody":"","fileTypesAndContributionMap":{"docs":{"insertions":2,"deletions":1}}},{"hash":"283c69b844a79ee35617b7b78d3df8da8e7d8286","messageTitle":"Fix styling issues","messageBody":"","fileTypesAndContributionMap":{"docs":{"insertions":3,"deletions":3}}},{"hash":"53bcb518b889beec816d8762e1d53913ce4f4099","messageTitle":"Fix additional styling issues","messageBody":"","fileTypesAndContributionMap":{"docs":{"insertions":1,"deletions":1}}},{"hash":"786cd19cc90d8f45394ff8165203c1f5bd1807aa","messageTitle":"Update User Guide","messageBody":"Change the QuickStart portion to be more narrative\nChange the image of the Jar File\n","fileTypesAndContributionMap":{"docs":{"insertions":18,"deletions":10}}},{"hash":"0b9cb7525f79a8ef41c320aa9d6843105d0b64de","messageTitle":"Fix wording issues","messageBody":"","fileTypesAndContributionMap":{"docs":{"insertions":3,"deletions":3}}}]},{"date":"2022-10-28","commitResults":[{"hash":"277991deb57cf2fc123869e70f6d793f44673e57","messageTitle":"Fix grammer issues","messageBody":"","fileTypesAndContributionMap":{"docs":{"insertions":4,"deletions":4}}},{"hash":"f80d9126b9b1327c889d840621d827783c2c3c3b","messageTitle":"Add code reuse portion","messageBody":"","fileTypesAndContributionMap":{"functional-code":{"insertions":1,"deletions":0}}}]},{"date":"2022-10-30","commitResults":[{"hash":"dc49db87ea94e206306ed06259e2f82878a99586","messageTitle":"Update my ppp","messageBody":"","fileTypesAndContributionMap":{"docs":{"insertions":29,"deletions":10}}}]},{"date":"2022-10-31","commitResults":[{"hash":"927f61fb5a06ba64875ea81a698292c538156c79","messageTitle":"Correct some typos in PPP","messageBody":"","fileTypesAndContributionMap":{"docs":{"insertions":11,"deletions":19}}}]},{"date":"2022-11-01","commitResults":[{"hash":"d7188ebb45ca017a8462e7fe71e3078577099feb","messageTitle":"Fix Room bugs","messageBody":"Limited the length to be up to 100 characters\nChanged the regex so that single characters are possible as well\n","fileTypesAndContributionMap":{"functional-code":{"insertions":10,"deletions":6},"test-code":{"insertions":6,"deletions":2}}},{"hash":"5db90de38a1f9246f8fa12526e5d5ab173f72cf2","messageTitle":"Fix styling issues","messageBody":"","fileTypesAndContributionMap":{"functional-code":{"insertions":5,"deletions":4}}},{"hash":"bae64b507fa6df55664c4a61d968e5074db4fd75","messageTitle":"Improve test cases","messageBody":"","fileTypesAndContributionMap":{"functional-code":{"insertions":2,"deletions":2},"test-code":{"insertions":4,"deletions":5}}}]},{"date":"2022-11-03","commitResults":[{"hash":"32cf6c52d28654155590fab664fedc294695b303","messageTitle":"Fix user guide","messageBody":"Used more personal language to make GuestBook more friendly to read.\n\nUpdate User Guide command examples so that it can be copied and pasted seamlessly to be used in GuestBook (closes #156)\n\nClarified that finding dates only work through the start and end dates (closes #172)\n\nClarified that finding a date range can return other results as well (closes #175)\n\nClarified that the room numbers must be unique in GuestBook irregardless of dates of stay of a guest (closes #172).\n","fileTypesAndContributionMap":{"docs":{"insertions":48,"deletions":41}}},{"hash":"3389cd953c49bb9567bbbbdacd79d4fe13ac12fc","messageTitle":"Fix styling and grammar issues","messageBody":"","fileTypesAndContributionMap":{"docs":{"insertions":19,"deletions":11}}}]},{"date":"2022-11-04","commitResults":[{"hash":"e3445b2ddb411d3f2565e469db0455149aeb1373","messageTitle":"Refactor the structure of the Developer Guide","messageBody":"","fileTypesAndContributionMap":{"docs":{"insertions":64,"deletions":53}}},{"hash":"7ec8a77cbcb57d49a1fe182aed8984ff56c193fe","messageTitle":"Update diagrams for the Developer Guide, add explanations","messageBody":"","fileTypesAndContributionMap":{"docs":{"insertions":28,"deletions":19}}},{"hash":"695b39cd70d4d159eee1846bdbee7dbfa9667e49","messageTitle":"Fix styling issues","messageBody":"","fileTypesAndContributionMap":{"docs":{"insertions":51,"deletions":51}}},{"hash":"837b968aaaeca225ce2ed365fcdd900cf156a035","messageTitle":"Fix styling issues for Activity Diagrams","messageBody":"","fileTypesAndContributionMap":{"docs":{"insertions":1,"deletions":1}}}]},{"date":"2022-11-05","commitResults":[{"hash":"4358764e2457c4a6dbfaa7d23d677543b2a57452","messageTitle":"Update user guide","messageBody":"Improve grammar and styling\nEnsure correctness\n","fileTypesAndContributionMap":{"docs":{"insertions":55,"deletions":56}}},{"hash":"ea7e234d355e8a4174d3df1d8dc131cdcd11f59a","messageTitle":"Add find command information","messageBody":"","fileTypesAndContributionMap":{"docs":{"insertions":3,"deletions":0}}},{"hash":"dbf1418294dce708ddd7629b0127f0ee76ab7fd1","messageTitle":"Fix grammar issues","messageBody":"","fileTypesAndContributionMap":{"docs":{"insertions":2,"deletions":2}}}]}],"jehousoh":[{"date":"2022-09-27","commitResults":[{"hash":"3c61b2b168ff94c919af62e11a11514d4216a65f","messageTitle":"Update AboutUs.md and add Skeletal PPP","messageBody":"","fileTypesAndContributionMap":{"docs":{"insertions":42,"deletions":5}}},{"hash":"0c0a691073410a0a5f3d630935061f2e4694810f","messageTitle":"Update README.md to match GuestList","messageBody":"","fileTypesAndContributionMap":{"docs":{"insertions":8,"deletions":10}}}]},{"date":"2022-09-30","commitResults":[{"hash":"b7368f8e349c8e50336d1babb4c11692f4b43aac","messageTitle":"Add NumberOfGuests field","messageBody":"Let\u0027s add a NumberOfGuests class and integrate it into the other\nclasses.\n","fileTypesAndContributionMap":{"functional-code":{"insertions":146,"deletions":18}}},{"hash":"5a251909b64ed28db6299497cb92b92ba4933585","messageTitle":"Update test cases","messageBody":"Test cases did not work due to the added field \"NumberOfGuests\".\n\nLet\u0027s fix the old tests cases for it to be able to test whether the\nclasses are working again.\n","fileTypesAndContributionMap":{"test-code":{"insertions":131,"deletions":62}}},{"hash":"c974ade80710b5ab395329d6d991dcdf0c80f6b7","messageTitle":"Fix checkstyle","messageBody":"There is some errors regarding checkstyle.\n\nLet\u0027s fix the code to fit into the checkstyle format.\n","fileTypesAndContributionMap":{"functional-code":{"insertions":8,"deletions":3},"test-code":{"insertions":14,"deletions":7}}},{"hash":"0806bcfa12cf83555bcdda638bcb5ffe820e4049","messageTitle":"Add NumberOfGuests test cases","messageBody":"There is no test cases for the NumberOfGuests field.\n\nLet\u0027s add test cases to test if the field works completely.\n","fileTypesAndContributionMap":{"test-code":{"insertions":96,"deletions":7}}},{"hash":"5aa91b20ebb1cb290121d3d5fb483a7432b44088","messageTitle":"Update README.md and individual md based on new project name","messageBody":"","fileTypesAndContributionMap":{"docs":{"insertions":45,"deletions":33}}},{"hash":"5ec7c98df3f66e0a3bd7d7c6e9baa2adda640269","messageTitle":"Add newline at EOF","messageBody":"","fileTypesAndContributionMap":{"docs":{"insertions":1,"deletions":1}}}]},{"date":"2022-10-04","commitResults":[{"hash":"2c723257bddc0e2ca1fe9891e0dd69207b4df85e","messageTitle":"Update names of files","messageBody":"Certain names of files did not fit the style of cs2103T\u0027s requirements\n\nLet\u0027s rename the files to fix this issue\n","fileTypesAndContributionMap":{"docs":{"insertions":2,"deletions":2}}},{"hash":"6f4d9b5b4d8c95cf3bb52c7af28244cd92e45811","messageTitle":"Fix checkstyle issue and merge conflicts","messageBody":"There were some problems with the import statements and merge conflicts\nin the PersonUtil class.\n\nLet\u0027s\nfix all the checkstyle issues that are present\nresolve the merge conflict in the PersonUtil class\n","fileTypesAndContributionMap":{"functional-code":{"insertions":3,"deletions":5},"test-code":{"insertions":18,"deletions":33}}}]},{"date":"2022-10-05","commitResults":[{"hash":"46a5dccea301db571b90d033c149710f6b1810a0","messageTitle":"Fix minor typo","messageBody":"","fileTypesAndContributionMap":{"functional-code":{"insertions":1,"deletions":1}}},{"hash":"c74b6f8ad4f2ae1b0e0976500be2ebe02b0689e0","messageTitle":"Change NUMBER OF GUESTS to NUMBER_OF_GUESTS","messageBody":"","fileTypesAndContributionMap":{"functional-code":{"insertions":1,"deletions":1}}},{"hash":"84ea15cf02c9df3978b33c5c0f2bee57e818c76f","messageTitle":"Fix tests that were missed","messageBody":"Some tests did not have NumberOfGuests tested\n\nLet\u0027s add NumberOfGuests to those test cases\n","fileTypesAndContributionMap":{"test-code":{"insertions":25,"deletions":5}}}]},{"date":"2022-10-06","commitResults":[{"hash":"30d6dadf0737f47232d53ccaaeee74bb08d32131","messageTitle":"Fix execute_personAcceptedByModel_addSuccessful() and execute_someFieldsSpecifiedUnfilteredList_success() by refactoring Person to Guest","messageBody":"","fileTypesAndContributionMap":{"test-code":{"insertions":2,"deletions":2}}}]},{"date":"2022-10-10","commitResults":[{"hash":"dc0770936c264c0eb323efe69bc907851c437ae8","messageTitle":"Add test cases","messageBody":"","fileTypesAndContributionMap":{"test-code":{"insertions":47,"deletions":0}}},{"hash":"8766cf1d08825ab6d5c5f24fe49b716fa1055db6","messageTitle":"Add test cases","messageBody":"","fileTypesAndContributionMap":{"test-code":{"insertions":180,"deletions":3}}},{"hash":"9bf208e592e0fa6331c66b2d7ed2dae27b16ba34","messageTitle":"Fix checkstyle","messageBody":"","fileTypesAndContributionMap":{"test-code":{"insertions":6,"deletions":3}}}]},{"date":"2022-10-11","commitResults":[{"hash":"cd7b43f654108ed0bce21bc6ede2e7070efbae28","messageTitle":"Fix jar file name","messageBody":"","fileTypesAndContributionMap":{"functional-code":{"insertions":1,"deletions":1},"other":{"insertions":2,"deletions":2}}},{"hash":"7ae45d92499e7652120ca73954deee09ecd63982","messageTitle":"Refactored rest of tests","messageBody":"","fileTypesAndContributionMap":{"test-code":{"insertions":50,"deletions":50}}},{"hash":"5fe7d9e05c1e0c3212f858d01d8f9863fcb1c173","messageTitle":"Change ab to gb","messageBody":"","fileTypesAndContributionMap":{"functional-code":{"insertions":3,"deletions":3},"test-code":{"insertions":2,"deletions":2}}},{"hash":"072647dee6acae57889ff1f1425e5a6fddef9604","messageTitle":"Add tests for SampleDataUtil","messageBody":"","fileTypesAndContributionMap":{"test-code":{"insertions":69,"deletions":0}}},{"hash":"a70058b735a006732693c374d4c142be0c7b9695","messageTitle":"Fix checkstyle","messageBody":"","fileTypesAndContributionMap":{"test-code":{"insertions":21,"deletions":23}}},{"hash":"3616ee3d1643751fa4c15c6a9ddee6c54590e14d","messageTitle":"Add icons to each field","messageBody":"Ui was very wordy due to all the information\n\nLet\u0027s add icons to replace some of the words and make it intuitive\n","fileTypesAndContributionMap":{"functional-code":{"insertions":73,"deletions":4}}}]},{"date":"2022-10-12","commitResults":[{"hash":"c424fe3712cedbb44179ccb0fd525dfd565e6589","messageTitle":"Add room status column","messageBody":"","fileTypesAndContributionMap":{"functional-code":{"insertions":32,"deletions":4}}},{"hash":"31c061f533c86aa75d4115f3597e8adf282944a7","messageTitle":"Fix text going out of screen","messageBody":"Let\u0027s implement text wrapping\n","fileTypesAndContributionMap":{"functional-code":{"insertions":5,"deletions":2}}},{"hash":"e31e36379cf8c2c7f3ec7b313d9b3132d648e7d5","messageTitle":"Update icon","messageBody":"","fileTypesAndContributionMap":{"functional-code":{"insertions":2,"deletions":2}}},{"hash":"a9b5a64f161248af7cabebd80c34f62960291cdd","messageTitle":"Change icon size","messageBody":"","fileTypesAndContributionMap":{"functional-code":{"insertions":4,"deletions":4}}},{"hash":"39b1b31030364c8e3906f3235914318f6706101f","messageTitle":"Add line spacing and comments","messageBody":"","fileTypesAndContributionMap":{"test-code":{"insertions":45,"deletions":1}}},{"hash":"4efb886c4a1f9736c92df2217361af579ac66e68","messageTitle":"Add test cases","messageBody":"","fileTypesAndContributionMap":{"test-code":{"insertions":12,"deletions":0}}},{"hash":"130c2c76d815ff0533b26d601eedd1fd2b93c12e","messageTitle":"Fixed typo","messageBody":"","fileTypesAndContributionMap":{"test-code":{"insertions":3,"deletions":3}}},{"hash":"afca882f27ef62523de394a437e6ebadb7dcd379","messageTitle":"Change hashCodeTest to hashcode for consistency","messageBody":"","fileTypesAndContributionMap":{"test-code":{"insertions":1,"deletions":1}}},{"hash":"9c3c3c8b42242330bb869b767133cf8f52bf24ac","messageTitle":"Change test values to more obvious differences","messageBody":"","fileTypesAndContributionMap":{"test-code":{"insertions":25,"deletions":24}}},{"hash":"5c1b9fc15f2a007674463ff5c8f53215c713a8c8","messageTitle":"Add null test","messageBody":"","fileTypesAndContributionMap":{"test-code":{"insertions":3,"deletions":0}}},{"hash":"8a6f404854a4a73eca1c201bac97dee50241f62e","messageTitle":"Add empty guest[] test","messageBody":"","fileTypesAndContributionMap":{"test-code":{"insertions":3,"deletions":0}}}]},{"date":"2022-10-13","commitResults":[{"hash":"d56b94b138f348afb04b15c158d0f1e15a6ed813","messageTitle":"Rename guests and add test for different guestbook","messageBody":"","fileTypesAndContributionMap":{"test-code":{"insertions":18,"deletions":14}}},{"hash":"5bcc15c65eaaffaf7d15fbb60abff718ec9e77c4","messageTitle":"Fix typo in comment","messageBody":"","fileTypesAndContributionMap":{"test-code":{"insertions":1,"deletions":1}}},{"hash":"f4fd8829a4a7c6126cfe2f8b96c28cff9200314e","messageTitle":"Fix linelength checkstyle","messageBody":"","fileTypesAndContributionMap":{"test-code":{"insertions":10,"deletions":10}}}]},{"date":"2022-10-17","commitResults":[{"hash":"c8050d734b0a031c6e2e4c77d1322bcb0853d5ed","messageTitle":"Enable assertion","messageBody":"","fileTypesAndContributionMap":{"other":{"insertions":4,"deletions":0}}},{"hash":"bbbf750ebd565f8b226dc163d5b1edb7c687accc","messageTitle":"Add bill to UI","messageBody":"","fileTypesAndContributionMap":{"functional-code":{"insertions":25,"deletions":6}}},{"hash":"0857b0278ac4b65b493fc69fba2a90c346b9b3fd","messageTitle":"Update DG (Ui and Implementation)","messageBody":"Update Ui diagram\nAdd implementation of Add and Edit commands\nAdd activity diagrams for Add and Edit commands\n","fileTypesAndContributionMap":{"docs":{"insertions":94,"deletions":11}}},{"hash":"9352051151212bb9c8af7b55fb1394db1d594c06","messageTitle":"Add aspect in add command","messageBody":"","fileTypesAndContributionMap":{"docs":{"insertions":8,"deletions":4}}}]},{"date":"2022-10-18","commitResults":[{"hash":"ec01dd3e98a8d6c2c925b6b973f0f0e451a1468f","messageTitle":"Fix bug where loading json file gives notClean image to all guests","messageBody":"","fileTypesAndContributionMap":{"functional-code":{"insertions":1,"deletions":1}}},{"hash":"0f49219ddcf70e8d8ee662e14c7aaeaa14dc8e6d","messageTitle":"Change Room Number to Room for consistency Add information that default room bill is 0","messageBody":"","fileTypesAndContributionMap":{"docs":{"insertions":4,"deletions":4}}}]},{"date":"2022-10-19","commitResults":[{"hash":"9d8010355ff5c385d2a628e2fa147ba5ac8dcea7","messageTitle":"Update website and UG","messageBody":"","fileTypesAndContributionMap":{"docs":{"insertions":1,"deletions":1}}}]},{"date":"2022-10-21","commitResults":[{"hash":"7b01f0071ffc50bc437b2bf341800c23d13e82d4","messageTitle":"Add tooltips and removed label text","messageBody":"","fileTypesAndContributionMap":{"functional-code":{"insertions":82,"deletions":110}}},{"hash":"4921bc2814ed7f05f5cb0534e4505e804a2ef1dd","messageTitle":"Add find for other fields","messageBody":"Add test cases for find\n","fileTypesAndContributionMap":{"functional-code":{"insertions":86,"deletions":36},"test-code":{"insertions":354,"deletions":92}}},{"hash":"7a71eaa3021376a93ecaf995c967f5ebb36d101c","messageTitle":"Add gap between each label","messageBody":"","fileTypesAndContributionMap":{"functional-code":{"insertions":11,"deletions":1}}},{"hash":"c5a7936edea81404488941bbd0ee24b9e29949e1","messageTitle":"Decrease gap between labels","messageBody":"","fileTypesAndContributionMap":{"functional-code":{"insertions":5,"deletions":5}}},{"hash":"187ea4d172e41c73d1138354e43a2337ef2da992","messageTitle":"Add spacing between icon and text","messageBody":"","fileTypesAndContributionMap":{"functional-code":{"insertions":7,"deletions":0}}},{"hash":"e31235479cc635fd761a6ec50e92f98d5625310d","messageTitle":"Improve abstracted","messageBody":"Abstracted each Label\u0027s text and graphic setting into a method\nChange roomNotClean to roomUnclean for consistency\n","fileTypesAndContributionMap":{"functional-code":{"insertions":42,"deletions":69}}},{"hash":"ed67dfdf51af4cbb79c4f0a11fc27936eeb4cfb9","messageTitle":"Change contact to guests\u0027","messageBody":"","fileTypesAndContributionMap":{"docs":{"insertions":1,"deletions":1}}},{"hash":"c4df18c7925eced46e52e1acbc11f70cd22d2fef","messageTitle":"Fix typo","messageBody":"","fileTypesAndContributionMap":{"functional-code":{"insertions":6,"deletions":6}}}]},{"date":"2022-10-22","commitResults":[{"hash":"717422bb26ac692bcbedf23aca5797b51a10c093","messageTitle":"Refactor into method","messageBody":"","fileTypesAndContributionMap":{"functional-code":{"insertions":18,"deletions":19}}},{"hash":"19ff5ce869f3829b638f478756c8dc65ea92daa1","messageTitle":"Update documentation","messageBody":"","fileTypesAndContributionMap":{"docs":{"insertions":8,"deletions":7}}},{"hash":"33969f6219a6719247213e33a49695b3b5e01e5d","messageTitle":"Update line breaks for MESSAGE_USAGE","messageBody":"","fileTypesAndContributionMap":{"functional-code":{"insertions":5,"deletions":5}}},{"hash":"b3d83a4767d4cad8e12e33b7b3e1a8f65aa4299d","messageTitle":"Fix small spacing issues","messageBody":"","fileTypesAndContributionMap":{"functional-code":{"insertions":3,"deletions":3}}},{"hash":"29b63ed547df83b7d313eea1387fa0b77d5a462e","messageTitle":"Rename dateRange to date","messageBody":"","fileTypesAndContributionMap":{"functional-code":{"insertions":21,"deletions":18}}},{"hash":"e9f306f68f2ec29f36faebae0520406a4cb0152e","messageTitle":"Fix small typo","messageBody":"","fileTypesAndContributionMap":{"functional-code":{"insertions":1,"deletions":1}}}]},{"date":"2022-10-23","commitResults":[{"hash":"da930238c1602fe006438b6311e46b34a12f66a9","messageTitle":"Fix typos","messageBody":"","fileTypesAndContributionMap":{"functional-code":{"insertions":2,"deletions":8},"docs":{"insertions":1,"deletions":1}}}]},{"date":"2022-10-24","commitResults":[{"hash":"9db37882434d2f5e04b8c5a6a70fc77ac785754d","messageTitle":"Enable wrap text","messageBody":"","fileTypesAndContributionMap":{"functional-code":{"insertions":1,"deletions":0}}},{"hash":"08f736ff399c8b9223e7022de1d3022325503e6c","messageTitle":"Fix small typo","messageBody":"","fileTypesAndContributionMap":{"docs":{"insertions":2,"deletions":3}}}]},{"date":"2022-10-25","commitResults":[{"hash":"1c0f3362e613851c14d59f3de59fa9b6592e4c34","messageTitle":"Replace help message","messageBody":"","fileTypesAndContributionMap":{"functional-code":{"insertions":1,"deletions":1}}},{"hash":"11323abcc8ae9b1a18443f016a269a65cd9c7354","messageTitle":"Set minWidth to 800","messageBody":"","fileTypesAndContributionMap":{"functional-code":{"insertions":1,"deletions":1}}},{"hash":"1ae74f965a5c0fc2db0afbf8add753075f2042cb","messageTitle":"Add \"Components of the Ui\" section Update \"FAQ\" list","messageBody":"","fileTypesAndContributionMap":{"docs":{"insertions":30,"deletions":2}}},{"hash":"51146c9e6971b7719aa7f1edbc44a8970d573ae8","messageTitle":"Allow Ui to be resizable with the main window","messageBody":"","fileTypesAndContributionMap":{"functional-code":{"insertions":5,"deletions":5}}},{"hash":"05f87042a27c517b993f78343d9bd2d3ae9187cd","messageTitle":"Add hyperlink to \"contact us\"","messageBody":"","fileTypesAndContributionMap":{"docs":{"insertions":1,"deletions":1}}},{"hash":"d0ae232897e00f53383ab8878a758bbd6ba00c43","messageTitle":"Fix checkstyle","messageBody":"","fileTypesAndContributionMap":{"docs":{"insertions":18,"deletions":18}}},{"hash":"d3a1d915a6c0291ab76502507cc5d7a9d94248f5","messageTitle":"Fix Ui alignment","messageBody":"","fileTypesAndContributionMap":{"functional-code":{"insertions":32,"deletions":36}}},{"hash":"23ea540779c33ff0d6e695980ae23e4850c0f49c","messageTitle":"Fix error message","messageBody":"","fileTypesAndContributionMap":{"functional-code":{"insertions":1,"deletions":1}}},{"hash":"6859b9ef1e9f9442270d594089dc3fb27b5a6efa","messageTitle":"Minor typo","messageBody":"","fileTypesAndContributionMap":{"docs":{"insertions":2,"deletions":2}}},{"hash":"083b1fcff88a79e875e0dfd9f7e7ca10f71bb1b9","messageTitle":"Change to more proper requests","messageBody":"","fileTypesAndContributionMap":{"functional-code":{"insertions":4,"deletions":4}}},{"hash":"a185a9f78216623677dadacb72b3f21557062ec7","messageTitle":"Remove unwanted feature","messageBody":"","fileTypesAndContributionMap":{"docs":{"insertions":0,"deletions":1}}},{"hash":"9db969f70f4e3d2df2d91b3255ae76d7b9e79b6c","messageTitle":"Small typo","messageBody":"","fileTypesAndContributionMap":{"docs":{"insertions":1,"deletions":1}}},{"hash":"cb3d92a360937c5eebebf5e371c3d7c0d97914f6","messageTitle":"Small typo","messageBody":"","fileTypesAndContributionMap":{"docs":{"insertions":1,"deletions":1}}}]},{"date":"2022-10-26","commitResults":[{"hash":"fdd76d998d104eb5e8cd9969b349899daef210c3","messageTitle":"Allow \u0027y\u0027 and \u0027n\u0027 for isRoomClean","messageBody":"","fileTypesAndContributionMap":{"functional-code":{"insertions":44,"deletions":2}}},{"hash":"e3b962ad0c020bdc878d09d18e7a78ec77d5ff0f","messageTitle":"Add test cases","messageBody":"","fileTypesAndContributionMap":{"test-code":{"insertions":166,"deletions":0}}},{"hash":"ce1d3de25b14c655630b46767350d85a6034ae79","messageTitle":"Add IS_ROOM_CLEAN","messageBody":"","fileTypesAndContributionMap":{"docs":{"insertions":1,"deletions":0}}},{"hash":"61c8f31b17dcafa56c5b2adf8d286a9d7e3dee13","messageTitle":"Fix typo","messageBody":"","fileTypesAndContributionMap":{"functional-code":{"insertions":5,"deletions":5}}},{"hash":"20b87065d332c787a5f130903e256052a5bc31c5","messageTitle":"Fix typo","messageBody":"","fileTypesAndContributionMap":{"test-code":{"insertions":2,"deletions":2}}},{"hash":"be6b5a64122eb454ceed55d4a596b60ef9495242","messageTitle":"Fix missing date","messageBody":"","fileTypesAndContributionMap":{"test-code":{"insertions":2,"deletions":2}}},{"hash":"ae3c2077951b7354e1fe6cb2de8c49f7ef4492bf","messageTitle":"Improve abstraction","messageBody":"","fileTypesAndContributionMap":{"functional-code":{"insertions":17,"deletions":11}}},{"hash":"9d8c360ed8d3bebeb2a90c30105f39edb0239a40","messageTitle":"Add test cases","messageBody":"","fileTypesAndContributionMap":{"test-code":{"insertions":7,"deletions":0}}},{"hash":"17c711be357356c34fa0ff484e1cdffce5080af9","messageTitle":"Move variables into method","messageBody":"","fileTypesAndContributionMap":{"functional-code":{"insertions":10,"deletions":8}}},{"hash":"62ea2baac3a6511ac26576ef2803f8948b67914d","messageTitle":"Fix bug of bill command showing wrong bill value","messageBody":"","fileTypesAndContributionMap":{"functional-code":{"insertions":1,"deletions":1}}},{"hash":"7bbc2b522d900c7f19d6612efd7a585493331c43","messageTitle":"Fix test cases","messageBody":"","fileTypesAndContributionMap":{"test-code":{"insertions":6,"deletions":6}}},{"hash":"887b063c06eba9600488f367384ef8676dcb7199","messageTitle":"Fix codecov warning","messageBody":"","fileTypesAndContributionMap":{"functional-code":{"insertions":1,"deletions":1}}}]},{"date":"2022-10-27","commitResults":[{"hash":"11bd7fe31893c05337d4d0e0c9d9b4277a9122ee","messageTitle":"Fix error message","messageBody":"","fileTypesAndContributionMap":{"functional-code":{"insertions":2,"deletions":1}}}]},{"date":"2022-10-28","commitResults":[{"hash":"8960cd9712870838d8872c472a59e577118d76c1","messageTitle":"Change app icon","messageBody":"","fileTypesAndContributionMap":{"docs":{"insertions":1,"deletions":1}}},{"hash":"218c3ad372eef8b8168ff20c5a97c0d9d590cff1","messageTitle":"Add icons acknowledgement","messageBody":"","fileTypesAndContributionMap":{"docs":{"insertions":3,"deletions":0}}},{"hash":"84b3d2b8aeea936e7291f40dee89a6991105e91a","messageTitle":"Add table of components","messageBody":"","fileTypesAndContributionMap":{"docs":{"insertions":16,"deletions":4}}},{"hash":"a954493990fabce06dbe59246c9648527ce38c70","messageTitle":"Add component table images","messageBody":"","fileTypesAndContributionMap":{"docs":{"insertions":14,"deletions":14}}},{"hash":"c34cf23f54b14bf4b965af18e53889b3f2e67553","messageTitle":"Revert \"Add UG\"","messageBody":"","fileTypesAndContributionMap":{"docs":{"insertions":5,"deletions":20}}},{"hash":"ba4be8a6835e53c1e69ed273ffe34ac91661057b","messageTitle":"Add component use table","messageBody":"","fileTypesAndContributionMap":{"docs":{"insertions":18,"deletions":5}}},{"hash":"9d33dadb3a1a323306eeaf96ffe4b7b09d93f86d","messageTitle":"Add acknowledgements for icons","messageBody":"","fileTypesAndContributionMap":{"docs":{"insertions":3,"deletions":0}}}]},{"date":"2022-10-31","commitResults":[{"hash":"819b730ce286a28ba821cf7be373714ba0e6a197","messageTitle":"Update PPP","messageBody":"","fileTypesAndContributionMap":{"docs":{"insertions":46,"deletions":20}}}]},{"date":"2022-11-01","commitResults":[{"hash":"7fc825b3ae402799ca261b7fc6285e24f64000d3","messageTitle":"Fix typo","messageBody":"","fileTypesAndContributionMap":{"docs":{"insertions":1,"deletions":1}}},{"hash":"aee503de1ea705d1eeae937929c0aaba50e43d80","messageTitle":"Change tense","messageBody":"","fileTypesAndContributionMap":{"docs":{"insertions":5,"deletions":5}}}]},{"date":"2022-11-03","commitResults":[{"hash":"86bb3717cebb0ff8a035642b30e45a8d82286cc1","messageTitle":"Fix missing space in error message","messageBody":"","fileTypesAndContributionMap":{"functional-code":{"insertions":1,"deletions":1}}},{"hash":"de6feae883cbe54e5a0bde7edba6414655454dae","messageTitle":"Change JavaFX version to be able to open on Linux","messageBody":"","fileTypesAndContributionMap":{"other":{"insertions":1,"deletions":1}}}]},{"date":"2022-11-04","commitResults":[{"hash":"ae92196e1389a31917dce847296730766fa9cd55","messageTitle":"Change room occupied message","messageBody":"","fileTypesAndContributionMap":{"functional-code":{"insertions":1,"deletions":1}}},{"hash":"47eca29d60840b14e4da07208da461b0bc2bd782","messageTitle":"Update use cases","messageBody":"","fileTypesAndContributionMap":{"docs":{"insertions":41,"deletions":29}}},{"hash":"4b4f5e2582fd360f4254f6fce393928ae074dbf0","messageTitle":"Update sample data to same date","messageBody":"","fileTypesAndContributionMap":{"functional-code":{"insertions":6,"deletions":6}}},{"hash":"bef74e597de2b2ef31f41839bef24387c581bc11","messageTitle":"Style fix","messageBody":"","fileTypesAndContributionMap":{"functional-code":{"insertions":1,"deletions":1},"docs":{"insertions":32,"deletions":32}}},{"hash":"eb1f9ba9942474370535f6b6d3e3418e512b3d12","messageTitle":"Style fix","messageBody":"","fileTypesAndContributionMap":{"docs":{"insertions":7,"deletions":7}}}]},{"date":"2022-11-05","commitResults":[{"hash":"c6fee4c92a762e0d885514e3c664c7e63fd33920","messageTitle":"Remove extra space","messageBody":"","fileTypesAndContributionMap":{"docs":{"insertions":1,"deletions":1}}},{"hash":"0e4170cbe2da888d45de9ec902849a652471905a","messageTitle":"Fix extra table column","messageBody":"","fileTypesAndContributionMap":{"docs":{"insertions":2,"deletions":2}}},{"hash":"c1603d5d2a36b0063c9aeeda495f0fa7fe0af565","messageTitle":"Fix Quick Start numbering","messageBody":"","fileTypesAndContributionMap":{"docs":{"insertions":2,"deletions":2}}},{"hash":"7b7e11461fc9fb3baeef19b54c90ec326b150d9c","messageTitle":"Add caution for duplication detection of name","messageBody":"","fileTypesAndContributionMap":{"docs":{"insertions":11,"deletions":11}}},{"hash":"4ee78e6baebd0e1ac6ece6005e7c8f559648a7bc","messageTitle":"Add full stops","messageBody":"","fileTypesAndContributionMap":{"functional-code":{"insertions":2,"deletions":2},"docs":{"insertions":1,"deletions":1}}},{"hash":"415fe796b5bf464e7641034e410348747e8eed27","messageTitle":"Add additional line before caution","messageBody":"","fileTypesAndContributionMap":{"docs":{"insertions":1,"deletions":1}}}]}],"Lan-Jingbo":[{"date":"2022-09-29","commitResults":[{"hash":"e0d3e3c1c52781c7ed404eeb2c3e028a5ad93e60","messageTitle":"Update AboutUs.md","messageBody":"","fileTypesAndContributionMap":{"docs":{"insertions":4,"deletions":4}}},{"hash":"5fee0db850fbdb27be74e0ef967cc8f45ac904f2","messageTitle":"Update and rename johndoe.md to lanjingbo.md","messageBody":"","fileTypesAndContributionMap":{"docs":{"insertions":1,"deletions":1}}},{"hash":"af28955366c12bc8a294a7a26398ddc20032f316","messageTitle":"Update lanjingbo.md","messageBody":"","fileTypesAndContributionMap":{"docs":{"insertions":1,"deletions":1}}},{"hash":"a07631299379ae256ae8a641d416780e28be0531","messageTitle":"Update AboutUs.md","messageBody":"","fileTypesAndContributionMap":{"docs":{"insertions":1,"deletions":1}}},{"hash":"e8755b6a61cb4cc02d31969c1650c3f878abeb57","messageTitle":"Update Justin\u0027s part","messageBody":"","fileTypesAndContributionMap":{"docs":{"insertions":1,"deletions":1}}}]},{"date":"2022-10-01","commitResults":[{"hash":"313c6e3b2a3d195d2f1e9d7cb0e3434e19f284f1","messageTitle":"Add \"Edit email\" and \"Get check-in/out date\"","messageBody":"","fileTypesAndContributionMap":{"docs":{"insertions":23,"deletions":1}}},{"hash":"17f30029c615b29deb7a4c92b170f89f14a99055","messageTitle":"Update Lan Jingbo\u0027s Part","messageBody":"","fileTypesAndContributionMap":{"docs":{"insertions":1,"deletions":1}}}]},{"date":"2022-10-03","commitResults":[{"hash":"1045b85b35a3f1ac6b228112964506a1de9e88ba","messageTitle":"Update AboutUs.md","messageBody":"","fileTypesAndContributionMap":{"docs":{"insertions":1,"deletions":1}}},{"hash":"153886c9efd10cd0fe44849b2f4a941bb0e92d16","messageTitle":"Update DG-User Stories","messageBody":"","fileTypesAndContributionMap":{"docs":{"insertions":19,"deletions":6}}},{"hash":"5878b607d187f82465cfdcecbb64b0f6840f32ad","messageTitle":"Update DG 2nd time","messageBody":"","fileTypesAndContributionMap":{"docs":{"insertions":1,"deletions":23}}},{"hash":"652065dede6f018e923674282a23a9d2c141fedc","messageTitle":"Update DeveloperGuide.md","messageBody":"","fileTypesAndContributionMap":{"docs":{"insertions":35,"deletions":21}}},{"hash":"29453a0e891a34368adf94d91aef348e4490b378","messageTitle":"Specify the users stories in Developer Guide","messageBody":"Specify User Stories as must have, nice to have, and unlikely to have, three levels\n","fileTypesAndContributionMap":{"docs":{"insertions":4,"deletions":4}}}]},{"date":"2022-10-10","commitResults":[{"hash":"a3715a5815f04c317f99c0dac848854868dacc6f","messageTitle":"Update README.md(for helper)","messageBody":"","fileTypesAndContributionMap":{"docs":{"insertions":1,"deletions":0}}},{"hash":"c9f07fd4f0caef464d99ed15a3f4a916fe5f555d","messageTitle":"Update JsonGuestBookStorageTest.java","messageBody":"","fileTypesAndContributionMap":{"test-code":{"insertions":7,"deletions":7}}},{"hash":"a48377b931016f1cc4f1706ba83d7154addf178f","messageTitle":"Update JsonAdaptedGuestTest.java","messageBody":"","fileTypesAndContributionMap":{"test-code":{"insertions":23,"deletions":23}}},{"hash":"843f4d953b4fb75606f9e7d1f7de53d0596bc76c","messageTitle":"Update JsonGuestBookStorageTest.java","messageBody":"","fileTypesAndContributionMap":{"test-code":{"insertions":3,"deletions":3}}},{"hash":"9b803cff46fab020dd5693218ba51588dec4fa8b","messageTitle":"Refractor some remaining \"Addressbook\" to \"Guestbook\"","messageBody":"","fileTypesAndContributionMap":{"test-code":{"insertions":13,"deletions":13}}}]},{"date":"2022-10-12","commitResults":[{"hash":"36bd8576cc9c662b6608f3c902ca0cc9b29e5b91","messageTitle":"Update GuestBook.java","messageBody":"","fileTypesAndContributionMap":{"functional-code":{"insertions":1,"deletions":1}}}]},{"date":"2022-10-18","commitResults":[{"hash":"b0563c91f44415a8e7f9b5989854c0479d7beb7b","messageTitle":"Create request field","messageBody":"","fileTypesAndContributionMap":{"functional-code":{"insertions":102,"deletions":15},"test-code":{"insertions":98,"deletions":46}}},{"hash":"72d53eee77a70df2190f3bbfcd9b91f090cf6c05","messageTitle":"Solve EOF problem","messageBody":"","fileTypesAndContributionMap":{"functional-code":{"insertions":29,"deletions":4},"test-code":{"insertions":1,"deletions":1}}},{"hash":"b435003cfaf7ad0a50aebceaf203d80e0a770416","messageTitle":"Resolve unused import problem","messageBody":"","fileTypesAndContributionMap":{"functional-code":{"insertions":2,"deletions":0}}},{"hash":"a1d0ed9cfd0c337dcf782d24c4e02d70ec80be00","messageTitle":"add missing javadoc","messageBody":"","fileTypesAndContributionMap":{"functional-code":{"insertions":3,"deletions":0}}},{"hash":"de9ffe4166291d250c1c6c5181c54c377efd11ad","messageTitle":"Solved another unused javadoc problem and remove java.*","messageBody":"","fileTypesAndContributionMap":{"test-code":{"insertions":9,"deletions":2}}},{"hash":"b336c27f5167d7a3949d110bb5f39d2e2518ec77","messageTitle":"Fixed required change","messageBody":"","fileTypesAndContributionMap":{"functional-code":{"insertions":15,"deletions":15},"test-code":{"insertions":36,"deletions":21}}},{"hash":"76a9d09bb16e359bc11a2a3d4b182b3d88699992","messageTitle":"Update BillCommand to be suitable for Request field","messageBody":"","fileTypesAndContributionMap":{"functional-code":{"insertions":2,"deletions":1}}},{"hash":"04d8c07947a3bc16f196ca95073842c865523fe7","messageTitle":"Remove unused import","messageBody":"Remove unused import:\nimport seedu.guest.model.guest.Request;\n","fileTypesAndContributionMap":{"functional-code":{"insertions":0,"deletions":1}}}]},{"date":"2022-10-19","commitResults":[{"hash":"b379336060208a02c705600136d09d0cd11c5333","messageTitle":"Make request field optional","messageBody":"","fileTypesAndContributionMap":{"functional-code":{"insertions":34,"deletions":21}}},{"hash":"3a0f9c35c0cb4f332e502c39cd5eb9d312929112","messageTitle":"Merge conflict","messageBody":"","fileTypesAndContributionMap":{"functional-code":{"insertions":2,"deletions":2},"test-code":{"insertions":1,"deletions":1}}},{"hash":"ec106c07eb68839429034b4f19c4dcdf48739fbd","messageTitle":"Resolve trailing space problem","messageBody":"","fileTypesAndContributionMap":{"functional-code":{"insertions":1,"deletions":1},"test-code":{"insertions":1,"deletions":1}}},{"hash":"2e6138f12ab12e08c149efba3562749e5fc7a203","messageTitle":"Wrong Lexi Order problem fixed","messageBody":"","fileTypesAndContributionMap":{"functional-code":{"insertions":1,"deletions":1}}},{"hash":"9bb9c03ed1ebafe9aea6698ece070b1a9e5caa0c","messageTitle":"Too long line problem fixed","messageBody":"","fileTypesAndContributionMap":{"test-code":{"insertions":4,"deletions":2}}},{"hash":"648ff3ce8bcd6e2ed45fa382800a3ca3d7c7faa3","messageTitle":"Change default from \"Nothing\" to \"-\"","messageBody":"","fileTypesAndContributionMap":{"functional-code":{"insertions":1,"deletions":1},"test-code":{"insertions":2,"deletions":2}}},{"hash":"e983828116077b6062efbc69c2197004c4f649f7","messageTitle":"Specify the Request JavaDoc","messageBody":"Change request content within sample guest.\nRemove unused Java comment\n","fileTypesAndContributionMap":{"functional-code":{"insertions":4,"deletions":1},"test-code":{"insertions":3,"deletions":3}}},{"hash":"d7dfdf5d3d05701e59947623b2222f6f3bb8558d","messageTitle":"change the definition of invalid request","messageBody":"","fileTypesAndContributionMap":{"functional-code":{"insertions":3,"deletions":3},"test-code":{"insertions":2,"deletions":2}}},{"hash":"0232810c7e380a32d3ed15b8a299b97ddd4cbebf","messageTitle":"Change for request","messageBody":"","fileTypesAndContributionMap":{"functional-code":{"insertions":9,"deletions":9},"test-code":{"insertions":8,"deletions":7}}},{"hash":"6cc71aad384d428fba4a1c480bf058564ac532bf","messageTitle":"Change JavaDoc in Request to correspond to other classes","messageBody":"","fileTypesAndContributionMap":{"functional-code":{"insertions":5,"deletions":15}}},{"hash":"5b87c4f385dd4b1875e7c051686c58e761ac7b95","messageTitle":"add request as nonnull","messageBody":"","fileTypesAndContributionMap":{"functional-code":{"insertions":1,"deletions":1}}},{"hash":"f0ee945093e17db401cc7faad2ba9a09014429a6","messageTitle":"Remove useless bracket","messageBody":"","fileTypesAndContributionMap":{"functional-code":{"insertions":1,"deletions":1}}},{"hash":"9867dca483a8f0d1b3aa2757208f4f6971713b0b","messageTitle":"Make getSampleGuest and getSampleGuestBook be the same","messageBody":"","fileTypesAndContributionMap":{"test-code":{"insertions":6,"deletions":6}}}]},{"date":"2022-10-20","commitResults":[{"hash":"39a0c55d171d58a85dc3d540d17b9a2614b0ee46","messageTitle":"fix different request","messageBody":"","fileTypesAndContributionMap":{"test-code":{"insertions":1,"deletions":1}}},{"hash":"9c2ad691bfcb0b5c8ffc48992b8569ac2fa3d358","messageTitle":"Update DeveloperGuide.md","messageBody":"","fileTypesAndContributionMap":{"docs":{"insertions":6,"deletions":0}}},{"hash":"db6de1e59d95101ede72ebd6d9810b93b2613ac7","messageTitle":"add testcase in manual testing guest(DG)","messageBody":"","fileTypesAndContributionMap":{"docs":{"insertions":40,"deletions":1}}},{"hash":"e728c81c92368624705f4b3973d35ce34834636a","messageTitle":"Update appendix: manual testing guide","messageBody":"","fileTypesAndContributionMap":{"docs":{"insertions":42,"deletions":9}}},{"hash":"75f741daa5e7252e599e91c99b50c36af9036239","messageTitle":"add \u003cbr\u003e at the end of edit command","messageBody":"","fileTypesAndContributionMap":{"docs":{"insertions":3,"deletions":3}}},{"hash":"f0dba3474e81c1f81cb317cd5dddb1b0a200dbc8","messageTitle":"Add more test cases for editing part","messageBody":"","fileTypesAndContributionMap":{"docs":{"insertions":4,"deletions":1}}},{"hash":"2caf9b82b4169165c62144f74ce8543756243ed1","messageTitle":"fixed EOF problem","messageBody":"","fileTypesAndContributionMap":{"docs":{"insertions":1,"deletions":1}}}]},{"date":"2022-10-21","commitResults":[{"hash":"2c65e13ab4b608ab03d1bf0508da00ce98babc52","messageTitle":"Update path of Logic API","messageBody":"","fileTypesAndContributionMap":{"docs":{"insertions":1,"deletions":1}}}]},{"date":"2022-10-22","commitResults":[{"hash":"58a24524c0efc7aa021a6cb44fd5c5674b7b7a50","messageTitle":"Change the PUML graph","messageBody":"","fileTypesAndContributionMap":{"docs":{"insertions":8,"deletions":8}}}]},{"date":"2022-10-24","commitResults":[{"hash":"67633d2c3b2117f35c12234e2cb315d682f00639","messageTitle":"allow edit function for request part","messageBody":"","fileTypesAndContributionMap":{"functional-code":{"insertions":24,"deletions":5}}},{"hash":"d354008ae5d58f938ac1ab8797f63cb2b090570d","messageTitle":"Add some test cases for editing request","messageBody":"","fileTypesAndContributionMap":{"functional-code":{"insertions":1,"deletions":1},"test-code":{"insertions":37,"deletions":2}}},{"hash":"008063c85f257f6e47b79e9ccc488a659fcc5125","messageTitle":"Update DG","messageBody":"","fileTypesAndContributionMap":{"docs":{"insertions":39,"deletions":39}}},{"hash":"58962266b35225cab9ac4c63b41e0b928271690c","messageTitle":"Update DG and some PUML/PNG","messageBody":"","fileTypesAndContributionMap":{"docs":{"insertions":43,"deletions":43}}},{"hash":"2e3c78b003cb262aa17b631d9ce0d8389aea80f8","messageTitle":"change back","messageBody":"","fileTypesAndContributionMap":{"docs":{"insertions":5,"deletions":5}}}]},{"date":"2022-10-26","commitResults":[{"hash":"8d5a475528a084b05974ec68b1cac01e3306f0f0","messageTitle":"Update UserGuide.md","messageBody":"","fileTypesAndContributionMap":{"docs":{"insertions":12,"deletions":10}}},{"hash":"3f2dd2b87e387985991e5574f08e75abbaa600e9","messageTitle":"Update UG","messageBody":"","fileTypesAndContributionMap":{"docs":{"insertions":12,"deletions":12}}},{"hash":"92039a9454ab3435f54a22bfa56455bd10588f72","messageTitle":"add pictures","messageBody":"","fileTypesAndContributionMap":{"docs":{"insertions":2,"deletions":2}}},{"hash":"55b16824ac037a6869a23dce922c6696fbc124d2","messageTitle":"update UG and change some pictures","messageBody":"","fileTypesAndContributionMap":{"docs":{"insertions":2,"deletions":1}}},{"hash":"3365e7384812d82afc188ac5e6b20a2ca75f9529","messageTitle":"Change of the name","messageBody":"","fileTypesAndContributionMap":{"docs":{"insertions":2,"deletions":3}}}]},{"date":"2022-10-29","commitResults":[{"hash":"cfeec55a28bc1ec98d40031794de94c74c457592","messageTitle":"Handle bold and boxing after bill in UG","messageBody":"","fileTypesAndContributionMap":{"docs":{"insertions":20,"deletions":19}}},{"hash":"5f1eb2f550d855ec2021a090827fd5d3b9164f2a","messageTitle":"Update Some Change Request","messageBody":"","fileTypesAndContributionMap":{"docs":{"insertions":14,"deletions":13}}},{"hash":"b88deb3be674108c190eba7b69cb6ea952624478","messageTitle":"add code block","messageBody":"","fileTypesAndContributionMap":{"docs":{"insertions":1,"deletions":1}}},{"hash":"00a5d7163f969e7ba1106903427d7206900336d4","messageTitle":"update find command UG","messageBody":"","fileTypesAndContributionMap":{"docs":{"insertions":3,"deletions":4}}},{"hash":"43651fdd1a199c8466d0fd0e2d903432a5d7e347","messageTitle":"Update AddCommandParser.java","messageBody":"","fileTypesAndContributionMap":{"functional-code":{"insertions":9,"deletions":18}}}]},{"date":"2022-10-30","commitResults":[{"hash":"1c5b6c45e9c860f822aabef050d1aa8facb2f783","messageTitle":"REMOVE else part","messageBody":"","fileTypesAndContributionMap":{"functional-code":{"insertions":4,"deletions":7}}}]},{"date":"2022-11-02","commitResults":[{"hash":"5e80c282cac143618b07557ad2411b5d63f2070c","messageTitle":"Update PPP, Lan Jingbo Part","messageBody":"","fileTypesAndContributionMap":{"docs":{"insertions":26,"deletions":9}}},{"hash":"0a0f0c76f7580df27e1f4984a8ef68323cd69c44","messageTitle":"Update DateRange.java","messageBody":"","fileTypesAndContributionMap":{"functional-code":{"insertions":1,"deletions":1}}},{"hash":"8c14f8d3a9335ff4040d42e8347f99cca8cc0603","messageTitle":"Fix singular related grammar","messageBody":"","fileTypesAndContributionMap":{"functional-code":{"insertions":2,"deletions":2}}},{"hash":"b8b1e88e94e55a1c233364ee300109aba0349878","messageTitle":"ERROR(dun care)","messageBody":"","fileTypesAndContributionMap":{"functional-code":{"insertions":1,"deletions":1}}},{"hash":"78c7aecb40b0fad437840a474e9de81c94d8533d","messageTitle":"Update Messages.java","messageBody":"","fileTypesAndContributionMap":{"functional-code":{"insertions":1,"deletions":1}}},{"hash":"bd56d2f44c50b1fb6defa7e8be2a291db1acd27d","messageTitle":"Fix edit Request true blank problem","messageBody":"","fileTypesAndContributionMap":{"functional-code":{"insertions":3,"deletions":0}}},{"hash":"9370141899466c93b76d83e34b0ac7831f2b7b9f","messageTitle":"Update lan-jingbo.md","messageBody":"","fileTypesAndContributionMap":{"docs":{"insertions":4,"deletions":4}}},{"hash":"62ff7bc6336907b1b5f9816aa71d496dbbed181d","messageTitle":"Update lan-jingbo.md","messageBody":"","fileTypesAndContributionMap":{"docs":{"insertions":2,"deletions":2}}}]},{"date":"2022-11-03","commitResults":[{"hash":"c20b835f4df719f1343c671323c887e150906d1a","messageTitle":"add request test","messageBody":"","fileTypesAndContributionMap":{"functional-code":{"insertions":2,"deletions":2},"test-code":{"insertions":50,"deletions":0}}},{"hash":"a482bd244d2abd63377215e71013276423389425","messageTitle":"EOF","messageBody":"","fileTypesAndContributionMap":{"test-code":{"insertions":1,"deletions":1}}}]}],"bryanhce":[{"date":"2022-09-26","commitResults":[{"hash":"d3e58dc8e8ecd0e76cbde34c5742d15c2f46100f","messageTitle":"Update README.md","messageBody":"For milestone v1.1","fileTypesAndContributionMap":{"docs":{"insertions":3,"deletions":1}}}]},{"date":"2022-09-27","commitResults":[{"hash":"87937821fe052c16aacfe9787ef5d3f46f88b44c","messageTitle":"Update AboutUs.md and add Skeletal PPP","messageBody":"Include image of self.\n","fileTypesAndContributionMap":{"docs":{"insertions":46,"deletions":7}}},{"hash":"f64d1d101aff5b700d1ccc0bdf737fdba84c43e3","messageTitle":"Update Developer Guide","messageBody":"Update target user profile, value proposition, use cases, non-functional\nrequirements and glossary.\n","fileTypesAndContributionMap":{"docs":{"insertions":105,"deletions":19}}},{"hash":"66ca74dd64fdb302063685edca6900de076baa72","messageTitle":"Reorder use cases","messageBody":"Reorder to follow the same order as the user guide of use case about\nadd, use case about delete, use case about list, use case about exit\n","fileTypesAndContributionMap":{"docs":{"insertions":15,"deletions":15}}}]},{"date":"2022-10-01","commitResults":[{"hash":"c128d40c7901b6a9732f6d8a1ed89b521be4409e","messageTitle":"Refactor AddressBook to GuestBook","messageBody":"Also refactored Person to Guest\n","fileTypesAndContributionMap":{"functional-code":{"insertions":955,"deletions":958},"other":{"insertions":1053,"deletions":1080},"docs":{"insertions":78,"deletions":78},"test-code":{"insertions":477,"deletions":477}}},{"hash":"c646869dd2c1324703b6b8449e624836b8bddba3","messageTitle":"Rename imports by removing * imports","messageBody":"","fileTypesAndContributionMap":{"functional-code":{"insertions":31,"deletions":6},"test-code":{"insertions":10,"deletions":4}}}]},{"date":"2022-10-03","commitResults":[{"hash":"b3c280a7814fb723915319741c91e1187e1cb1db","messageTitle":"Refactor classes that was missed out previously","messageBody":"","fileTypesAndContributionMap":{"docs":{"insertions":98,"deletions":98}}}]},{"date":"2022-10-04","commitResults":[{"hash":"4684e6e7769ef09740d398aa055225829249a0a6","messageTitle":"Refactor commons and logic test cases","messageBody":"Some imported classes were not renamed as they are under other packages.\n","fileTypesAndContributionMap":{"test-code":{"insertions":66,"deletions":66}}}]},{"date":"2022-10-13","commitResults":[{"hash":"d4cff386f0e9c49ba5ad39b7f27719980b8eae3e","messageTitle":"Add new field isRoomClean","messageBody":"","fileTypesAndContributionMap":{"functional-code":{"insertions":153,"deletions":28},"docs":{"insertions":12,"deletions":10},"test-code":{"insertions":240,"deletions":72}}},{"hash":"025531dc4472028baaf2aea65074401b8752ceb2","messageTitle":"Add rc/ prefix in user guide","messageBody":"","fileTypesAndContributionMap":{"docs":{"insertions":4,"deletions":4}}},{"hash":"ee94c4ab59bbb6b625d8a69dd0d11d0562058743","messageTitle":"Update new test case with isRoomClean field","messageBody":"","fileTypesAndContributionMap":{"test-code":{"insertions":13,"deletions":12}}}]},{"date":"2022-10-17","commitResults":[{"hash":"cd2251dae3cbee64bc29e65ea3f757fd5e94344e","messageTitle":"Add resetRoomClean command","messageBody":"","fileTypesAndContributionMap":{"functional-code":{"insertions":69,"deletions":0},"docs":{"insertions":132,"deletions":63},"test-code":{"insertions":85,"deletions":1}}},{"hash":"4a501a43a7c0753b0f1dacb38a9ed2dfd410de88","messageTitle":"Resolve merge conflict","messageBody":"","fileTypesAndContributionMap":{"functional-code":{"insertions":3,"deletions":2}}}]},{"date":"2022-10-18","commitResults":[{"hash":"54f33eae96575bb6b4767a898038b25e67550829","messageTitle":"Refactor resetRoomClean command to MarkRoomUnclean","messageBody":"","fileTypesAndContributionMap":{"functional-code":{"insertions":3,"deletions":3},"other":{"insertions":22,"deletions":23},"docs":{"insertions":17,"deletions":17},"test-code":{"insertions":4,"deletions":4}}},{"hash":"c679b20e682572a3807ab6c23f967dc09163e6df","messageTitle":"Fix order of import statements","messageBody":"","fileTypesAndContributionMap":{"functional-code":{"insertions":1,"deletions":1},"test-code":{"insertions":1,"deletions":1}}}]},{"date":"2022-10-19","commitResults":[{"hash":"d46ce7c263f277b6c0f02faf72f5c75323e7f718","messageTitle":"Fix descriptions for markRoomsUnclean command","messageBody":"","fileTypesAndContributionMap":{"functional-code":{"insertions":3,"deletions":3},"other":{"insertions":16,"deletions":16},"docs":{"insertions":13,"deletions":13},"test-code":{"insertions":4,"deletions":4}}},{"hash":"f03975cdee254bec4b43cb9ce4e6d206abeb03ff","messageTitle":"Add implementation of MarkRoomsUnclean command to Developer Guide","messageBody":"","fileTypesAndContributionMap":{"docs":{"insertions":35,"deletions":0}}},{"hash":"2c3bf7516d32ffa8d8962b7359e23da0d130a53f","messageTitle":"Add whitespace between 2 variables","messageBody":"","fileTypesAndContributionMap":{"functional-code":{"insertions":1,"deletions":1}}},{"hash":"d570206f4e72c6aa777fce39ebac3771c5a75bda","messageTitle":"Add white space between 2 variables","messageBody":"","fileTypesAndContributionMap":{"functional-code":{"insertions":1,"deletions":1}}},{"hash":"d968d6eb110c21cdee8ad5e347278aca73cb152d","messageTitle":"Fix command summary table in user guide","messageBody":"","fileTypesAndContributionMap":{"docs":{"insertions":2,"deletions":0}}},{"hash":"2f44b4dbb0261403c6b3994a9e365bb332a379fd","messageTitle":"Fix user guide","messageBody":"","fileTypesAndContributionMap":{"docs":{"insertions":10,"deletions":10}}}]},{"date":"2022-10-20","commitResults":[{"hash":"bb035a77079e33aa3cb80b974c154243a8b5bc70","messageTitle":"Resolve merge conflicts","messageBody":"","fileTypesAndContributionMap":{"functional-code":{"insertions":4,"deletions":2}}},{"hash":"04b7166eb1658af83720b2b235bffa2e26bd0a22","messageTitle":"Remove isRoomClean field from add command","messageBody":"","fileTypesAndContributionMap":{"functional-code":{"insertions":40,"deletions":21},"docs":{"insertions":16,"deletions":16},"test-code":{"insertions":32,"deletions":55}}},{"hash":"6931e679085eaaeccbb893e54828d672a5623a40","messageTitle":"Standardise the isRoomClean field","messageBody":"","fileTypesAndContributionMap":{"docs":{"insertions":1,"deletions":1}}}]},{"date":"2022-10-21","commitResults":[{"hash":"83aeca987570b44673b44d4d6ee273d0ab2734be","messageTitle":"Improve isRoomClean code","messageBody":"","fileTypesAndContributionMap":{"functional-code":{"insertions":4,"deletions":5},"test-code":{"insertions":1,"deletions":1}}},{"hash":"6e73c8c91030cd18970c62f7ccc5c8aafcc162d3","messageTitle":"Format user guide","messageBody":"","fileTypesAndContributionMap":{"docs":{"insertions":12,"deletions":12}}}]},{"date":"2022-10-23","commitResults":[{"hash":"80dd1c018f8da41c27bf7564f157d83f6bd4b121","messageTitle":"Update add guest in user guide","messageBody":"","fileTypesAndContributionMap":{"docs":{"insertions":24,"deletions":21}}},{"hash":"c9e0bd57dfa58d45424865c1e4ee9e5696aa98fa","messageTitle":"Edit adding guest in user guide","messageBody":"","fileTypesAndContributionMap":{"docs":{"insertions":6,"deletions":6}}},{"hash":"0e9bdf5a1c97ced5408a4e6d3963762bc6d68da4","messageTitle":"Fix spelling error","messageBody":"","fileTypesAndContributionMap":{"docs":{"insertions":1,"deletions":1}}}]},{"date":"2022-10-25","commitResults":[{"hash":"6f5a526aa046be6a9c5b929e20fde7f35d662d75","messageTitle":"Add glossary to user guide","messageBody":"Also updated the activity diagram of markRoomsUnclean in developer guide\nand added more information on markRoomsUnclean command in user guide.\n","fileTypesAndContributionMap":{"docs":{"insertions":30,"deletions":4}}},{"hash":"676298bfc13046e7b4f134a2c70889cd3b7a9dbb","messageTitle":"Standardise user guide formatting","messageBody":"","fileTypesAndContributionMap":{"docs":{"insertions":54,"deletions":38}}},{"hash":"3e4e942180e36132a4758c52255342c96de0317a","messageTitle":"Update edit command in user guide","messageBody":"","fileTypesAndContributionMap":{"docs":{"insertions":2,"deletions":2}}}]},{"date":"2022-10-26","commitResults":[{"hash":"57d335116e1931620c5c8ed7c4264a7a3b6a7e4c","messageTitle":"Update user guide and developer guide","messageBody":"","fileTypesAndContributionMap":{"docs":{"insertions":148,"deletions":114}}}]},{"date":"2022-10-27","commitResults":[{"hash":"30737ced080e07ac19c148eab089a3abcaba42d5","messageTitle":"More touch ups to user guide and developer guide","messageBody":"","fileTypesAndContributionMap":{"docs":{"insertions":11,"deletions":10}}}]},{"date":"2022-10-28","commitResults":[{"hash":"b943fc1a08cfba777700515180649e9b6d033dd7","messageTitle":"Add subheadings and edit introduction","messageBody":"","fileTypesAndContributionMap":{"docs":{"insertions":28,"deletions":26}}},{"hash":"ae46c6d81047d64a219f80ae7e49995f2f4775db","messageTitle":"Rephrase user guide","messageBody":"","fileTypesAndContributionMap":{"docs":{"insertions":2,"deletions":2}}},{"hash":"71d26184fb765413a77f872208082d6c52ce19cd","messageTitle":"Add information about bill","messageBody":"","fileTypesAndContributionMap":{"docs":{"insertions":2,"deletions":1}}},{"hash":"2a9f3def5a0458886c75a5ae765a8de47cf9f1d4","messageTitle":"Rewrite note at bill","messageBody":"","fileTypesAndContributionMap":{"docs":{"insertions":2,"deletions":2}}}]},{"date":"2022-10-29","commitResults":[{"hash":"ffc9f2330357d0364e90f3f1ef845390601db650","messageTitle":"Update PPP and UG","messageBody":"","fileTypesAndContributionMap":{"docs":{"insertions":73,"deletions":49}}},{"hash":"d9bda165962b1c1bc080183311145d739e9d0d58","messageTitle":"Fix grammar error","messageBody":"","fileTypesAndContributionMap":{"docs":{"insertions":1,"deletions":1}}}]},{"date":"2022-10-30","commitResults":[{"hash":"80dd926a7ac1562f5be13c4e2ba5138c58b78587","messageTitle":"Standardise the UG","messageBody":"","fileTypesAndContributionMap":{"docs":{"insertions":45,"deletions":28}}},{"hash":"7401be9cfe104f22ff897d035287f1a69d52765c","messageTitle":"Add more details to description of index","messageBody":"","fileTypesAndContributionMap":{"docs":{"insertions":4,"deletions":4}}},{"hash":"9def735a0d956eb8da7d4ee9291f80756edeced1","messageTitle":"Fix numbering of list and space formatting","messageBody":"","fileTypesAndContributionMap":{"docs":{"insertions":27,"deletions":28}}}]},{"date":"2022-11-01","commitResults":[{"hash":"91cc347b423e82857af7a345311144fc69fd626a","messageTitle":"Improve user guide","messageBody":"Add more information about markroomsclean implementation in developer\nguide\n\nAdd more information about error messages for UI\n","fileTypesAndContributionMap":{"functional-code":{"insertions":6,"deletions":3},"docs":{"insertions":244,"deletions":114}}},{"hash":"64e911d54774d70bda0273f554c211dcc33e9dad","messageTitle":"Make edits based on comments","messageBody":"","fileTypesAndContributionMap":{"docs":{"insertions":51,"deletions":21}}},{"hash":"544cac20c3e03b2d869e8e30f3993de70342ceb9","messageTitle":"Add more details to quick start","messageBody":"","fileTypesAndContributionMap":{"docs":{"insertions":5,"deletions":1}}}]},{"date":"2022-11-02","commitResults":[{"hash":"3761cd7f5832396271b7154bcfe7337fe8b940a2","messageTitle":"Improve DG markroomsunclean section","messageBody":"","fileTypesAndContributionMap":{"docs":{"insertions":15,"deletions":11}}},{"hash":"747884dd48e925d9ea0d39a6f2a5aa1b14ca9d0f","messageTitle":"Rename to command prompt","messageBody":"","fileTypesAndContributionMap":{"docs":{"insertions":7,"deletions":7}}},{"hash":"6f91226a5eafba251be7dbedbd523169fafdc09c","messageTitle":"Fix command prompt","messageBody":"","fileTypesAndContributionMap":{"docs":{"insertions":2,"deletions":2}}},{"hash":"2629c6085dce6270edbca59b82d87cffe920ad81","messageTitle":"Make format consistent on pdf version","messageBody":"","fileTypesAndContributionMap":{"docs":{"insertions":42,"deletions":9}}},{"hash":"ef3068f77469f5c4d31b39cf2f78ae780a72bba4","messageTitle":"Format fix for UG for html","messageBody":"","fileTypesAndContributionMap":{"docs":{"insertions":16,"deletions":17}}}]},{"date":"2022-11-03","commitResults":[{"hash":"32f93ea140a0aeb642817ada9ac8badff0a8ba18","messageTitle":"Improve code quality","messageBody":"","fileTypesAndContributionMap":{"functional-code":{"insertions":3,"deletions":3},"test-code":{"insertions":10,"deletions":25}}}]},{"date":"2022-11-04","commitResults":[{"hash":"da07483cb2ba893f432e6b8f484e26badcdb9c26","messageTitle":"Add introduction to DG","messageBody":"","fileTypesAndContributionMap":{"docs":{"insertions":22,"deletions":0}}},{"hash":"43dcbd6c9e5bc88a50a3479e66dbcbd2377e9469","messageTitle":"Add more details about each section and standardised formatting","messageBody":"Add page breaks for user guide\n","fileTypesAndContributionMap":{"docs":{"insertions":102,"deletions":82}}},{"hash":"f1d4dc41a0552186c8cf8336b68dd82b0cff393d","messageTitle":"Change Github to GitHub","messageBody":"","fileTypesAndContributionMap":{"docs":{"insertions":9,"deletions":10}}},{"hash":"28c47099eb45f2dc388f3a9878f478e5127dded1","messageTitle":"Standardising DG","messageBody":"","fileTypesAndContributionMap":{"docs":{"insertions":51,"deletions":63}}},{"hash":"e78148f8776b8fef5c928bf40bc2fa80050d8cb5","messageTitle":"Fix EOF error","messageBody":"","fileTypesAndContributionMap":{"docs":{"insertions":1,"deletions":1}}}]},{"date":"2022-11-05","commitResults":[{"hash":"0bc37e9fc949c5de010fb08761ccb4902beedefe","messageTitle":"Final standardisation to DG","messageBody":"","fileTypesAndContributionMap":{"docs":{"insertions":66,"deletions":57}}},{"hash":"a6fc9a7156be74ae593d02d06815cd520a3c551a","messageTitle":"Fixing errors in DG","messageBody":"","fileTypesAndContributionMap":{"docs":{"insertions":9,"deletions":7}}}]}],"JustinPeng13":[{"date":"2022-09-28","commitResults":[{"hash":"0211f6dbd4b43e8e27d2247d741a65a8df07917f","messageTitle":"Include self-intro and image in AboutUs page","messageBody":"","fileTypesAndContributionMap":{"docs":{"insertions":5,"deletions":5}}},{"hash":"1ede971df3f036672a85dbf4f0d1db06693289d8","messageTitle":"Add skeletal Project Portfolio Page","messageBody":"","fileTypesAndContributionMap":{"docs":{"insertions":46,"deletions":0}}},{"hash":"4226cfe4597f6511b038d32765f9db618b835b02","messageTitle":"Fix formatting error on PPP","messageBody":"","fileTypesAndContributionMap":{"docs":{"insertions":2,"deletions":2}}}]},{"date":"2022-10-05","commitResults":[{"hash":"866bf4178b0905e0e897b57a84acc0ace6289bcd","messageTitle":"Added date range field to guests","messageBody":"","fileTypesAndContributionMap":{"functional-code":{"insertions":153,"deletions":12},"test-code":{"insertions":242,"deletions":72}}},{"hash":"5b16864dc6f320b7e62f5a2c0528c023c30ed66d","messageTitle":"Resolve build/checkstyle issues","messageBody":"","fileTypesAndContributionMap":{"test-code":{"insertions":6,"deletions":6}}}]},{"date":"2022-10-07","commitResults":[{"hash":"e6bcef5ee9bddc6cc30d10f2d85e4b12de8b17a7","messageTitle":"Fix refactoring issues, added DateRange test cases and checks","messageBody":"","fileTypesAndContributionMap":{"functional-code":{"insertions":7,"deletions":4},"test-code":{"insertions":12,"deletions":11}}}]},{"date":"2022-10-10","commitResults":[{"hash":"eed9712ca08975322ddf36bc2a12177099c924a8","messageTitle":"Update documentation to reflect date range and user stories","messageBody":"","fileTypesAndContributionMap":{"docs":{"insertions":67,"deletions":70}}}]},{"date":"2022-10-15","commitResults":[{"hash":"255a18b18c8044d33b1805f9788ebed94d4734a9","messageTitle":"Add bill field to Guest","messageBody":"Guestbook does not keep track of each guest\u0027s bill as payment for\nthe room is made during booking.\n\nGuests may rack up a bill due to room service or damages in the\nroom.\n\nLet\u0027s abstract behaviours common to a bill into a new class called\nBill, and add a Bill field to the Guest model.\n","fileTypesAndContributionMap":{"functional-code":{"insertions":134,"deletions":21},"test-code":{"insertions":96,"deletions":38}}},{"hash":"95afa7114bc0db65d2dcb12fa5d4aa1f03c911e7","messageTitle":"Add BillTest class, modify Bill validation regex","messageBody":"","fileTypesAndContributionMap":{"functional-code":{"insertions":1,"deletions":1},"test-code":{"insertions":55,"deletions":0}}},{"hash":"8260ab4c1284ca0f8141d9d008130826c2e1b954","messageTitle":"Fix wildcard imports","messageBody":"","fileTypesAndContributionMap":{"test-code":{"insertions":5,"deletions":1}}}]},{"date":"2022-10-16","commitResults":[{"hash":"5cffc8679b447dff2dc6176df3142b4ec1ea9460","messageTitle":"Add additional test cases for bill and validation message","messageBody":"","fileTypesAndContributionMap":{"functional-code":{"insertions":2,"deletions":1},"test-code":{"insertions":2,"deletions":1}}},{"hash":"35a93f775bf033f943e61e02860bb4a702023bc1","messageTitle":"Add bill command","messageBody":"The bill field of each guest cannot be edited.\n\nLet\u0027s implement a function to allow hotel managers to add to each\nguest\u0027s bill and subtract from it if required, so that they can\ntrack the guest\u0027s bill.\n","fileTypesAndContributionMap":{"functional-code":{"insertions":152,"deletions":4},"test-code":{"insertions":15,"deletions":3}}}]},{"date":"2022-10-17","commitResults":[{"hash":"3fa84ae06743ad4eacc4f5350f0e857b8ddee156","messageTitle":"Update user guide with bill command","messageBody":"","fileTypesAndContributionMap":{"docs":{"insertions":23,"deletions":1}}},{"hash":"97f295b5262b6f1008159d5256db7fb9743519c1","messageTitle":"Add test classes for BillComand and BillCommandParser","messageBody":"","fileTypesAndContributionMap":{"functional-code":{"insertions":6,"deletions":0},"test-code":{"insertions":298,"deletions":2}}}]},{"date":"2022-10-18","commitResults":[{"hash":"79745a3ed597a7b04163c4f307966edcdfe5f914","messageTitle":"Increase flexibility of bill command input and add tests for negative total bill","messageBody":"","fileTypesAndContributionMap":{"functional-code":{"insertions":5,"deletions":6},"docs":{"insertions":1,"deletions":1},"test-code":{"insertions":36,"deletions":19}}}]},{"date":"2022-10-20","commitResults":[{"hash":"1f522fff6b15f5e79f3e10af1ee17dd7786c8717","messageTitle":"Add bill command to developer guide, formatting","messageBody":"","fileTypesAndContributionMap":{"docs":{"insertions":58,"deletions":11}}}]},{"date":"2022-10-21","commitResults":[{"hash":"7a8cda701b13ad237aa3c7e58f96684f723c9346","messageTitle":"Add design consideration to bill command","messageBody":"","fileTypesAndContributionMap":{"docs":{"insertions":4,"deletions":1}}},{"hash":"1b051cbd69d4dcc332017fc35aa2d78cd5cc910c","messageTitle":"Update Model diagram","messageBody":"","fileTypesAndContributionMap":{"docs":{"insertions":27,"deletions":23}}},{"hash":"e59648b5924caee14e022eda28c5e2d2b3737340","messageTitle":"Update model diagram","messageBody":"","fileTypesAndContributionMap":{"docs":{"insertions":11,"deletions":17}}},{"hash":"05aae9313ff8f4f76c3175d3af070c50d26419a2","messageTitle":"Update SettingUp.md","messageBody":"","fileTypesAndContributionMap":{"docs":{"insertions":1,"deletions":1}}},{"hash":"cacd7680880eb7e46d8b894afefbb5ec74eab434","messageTitle":"Add acknowledgements in DG","messageBody":"","fileTypesAndContributionMap":{"docs":{"insertions":4,"deletions":1}}},{"hash":"0432b19664e9491a55629e13fdfe53be8f8681a8","messageTitle":"Add DateRange and Bill fields to DG","messageBody":"","fileTypesAndContributionMap":{"docs":{"insertions":41,"deletions":3}}},{"hash":"cc73c91f3c73f49df47887584deff9657a3a230d","messageTitle":"Add hyperlinks for acknowledgements","messageBody":"","fileTypesAndContributionMap":{"docs":{"insertions":3,"deletions":3}}}]},{"date":"2022-10-26","commitResults":[{"hash":"80eb53c1d32ef024904d27037f9ca8fa51f2761f","messageTitle":"Add to introduction of UG","messageBody":"","fileTypesAndContributionMap":{"docs":{"insertions":12,"deletions":2}}},{"hash":"de7b40f015f7492039b1c73de08e1ca9179df6d6","messageTitle":"Add contact email to UG","messageBody":"","fileTypesAndContributionMap":{"docs":{"insertions":1,"deletions":0}}},{"hash":"7e0f7f06f9564bd20e8e8a27661ad7468a7d2c4c","messageTitle":"Modify sentence structure of UG intro","messageBody":"","fileTypesAndContributionMap":{"docs":{"insertions":3,"deletions":3}}},{"hash":"4c54261b64c863abb5dd0800353f978d1aab1be1","messageTitle":"Implement length validation for phone and email fields","messageBody":"","fileTypesAndContributionMap":{"functional-code":{"insertions":7,"deletions":5},"test-code":{"insertions":6,"deletions":2}}},{"hash":"4008ae6323f81946200d00251844b90a745849c9","messageTitle":"Increase size of UG logo","messageBody":"","fileTypesAndContributionMap":{"docs":{"insertions":2,"deletions":2}}},{"hash":"14f4f791f215294b35824780cad66ddf59a56996","messageTitle":"Improve name validation","messageBody":"","fileTypesAndContributionMap":{"functional-code":{"insertions":3,"deletions":2}}},{"hash":"d2a0c1d423165415a6269a3cde4cdef6a02757ee","messageTitle":"Improve message constraints","messageBody":"","fileTypesAndContributionMap":{"functional-code":{"insertions":5,"deletions":5}}},{"hash":"0f5e57f5ea6c70a3079e89febc22c011db9baf11","messageTitle":"Standardise message constraints","messageBody":"","fileTypesAndContributionMap":{"functional-code":{"insertions":9,"deletions":8}}},{"hash":"43ee539066d1ed0effade727fac8f03c3f054eae","messageTitle":"Abstracted length constraints into variables","messageBody":"","fileTypesAndContributionMap":{"functional-code":{"insertions":23,"deletions":14}}},{"hash":"607c1f7268f18138f92a213cc11d907cadaba341","messageTitle":"Update validation constants","messageBody":"","fileTypesAndContributionMap":{"functional-code":{"insertions":19,"deletions":10}}},{"hash":"326980a6c55d9d9ec9f811f1f66e2c7edc71f3be","messageTitle":"Improve message constraint for Phone","messageBody":"","fileTypesAndContributionMap":{"functional-code":{"insertions":1,"deletions":1}}},{"hash":"fc826250c564fed4d8cf6fd88472d946c273f26e","messageTitle":"Improve message constraints","messageBody":"","fileTypesAndContributionMap":{"functional-code":{"insertions":6,"deletions":4}}},{"hash":"6c615f4cb5fb4317db13a71abc797c71ac3ee0b2","messageTitle":"Format message constraints","messageBody":"","fileTypesAndContributionMap":{"functional-code":{"insertions":1,"deletions":1}}}]},{"date":"2022-10-29","commitResults":[{"hash":"dca624cf3485f8a2afc841d38d11690235ba70cd","messageTitle":"Emphasise keywords and rephrase awkward sentences in UG up to Bill command","messageBody":"","fileTypesAndContributionMap":{"docs":{"insertions":72,"deletions":77}}},{"hash":"087d87c2393a6e831e82169eb6357fda8982e7d7","messageTitle":"Grammatical errors","messageBody":"","fileTypesAndContributionMap":{"docs":{"insertions":12,"deletions":12}}}]},{"date":"2022-11-02","commitResults":[{"hash":"b5a00856b1c99a4ee8606b139c76e8600e741921","messageTitle":"Allow forward slashes in names","messageBody":"","fileTypesAndContributionMap":{"functional-code":{"insertions":4,"deletions":3},"docs":{"insertions":18,"deletions":15},"test-code":{"insertions":8,"deletions":7}}},{"hash":"f44c7331dde2f31aaa5e747a70a991a24e1caceb","messageTitle":"Disallow numbers in names","messageBody":"","fileTypesAndContributionMap":{"test-code":{"insertions":1,"deletions":1}}}]},{"date":"2022-11-03","commitResults":[{"hash":"e216e07ffbb611c3234331dd2142e980273d3b0c","messageTitle":"Warn users of prefixes in name/request content","messageBody":"","fileTypesAndContributionMap":{"functional-code":{"insertions":6,"deletions":4},"docs":{"insertions":38,"deletions":31}}},{"hash":"418f0879ba1c39391cdc468a9223871e42f1ec94","messageTitle":"Add workaround suggestion","messageBody":"","fileTypesAndContributionMap":{"docs":{"insertions":1,"deletions":1}}},{"hash":"9f5b739f85ff4693b29431fb9f1e96317c559159","messageTitle":"Make suggestion clearer","messageBody":"","fileTypesAndContributionMap":{"docs":{"insertions":1,"deletions":1}}},{"hash":"b44cb17d5e1e6862bb8c1d7b47c8946d0fe3513f","messageTitle":"Improve field constraints","messageBody":"","fileTypesAndContributionMap":{"functional-code":{"insertions":4,"deletions":4},"docs":{"insertions":2,"deletions":2}}},{"hash":"3c210faf38c50f7f22e652fe5c15fd6f6dc6e852","messageTitle":"Update message constraints for DateRange to include date validity","messageBody":"","fileTypesAndContributionMap":{"functional-code":{"insertions":2,"deletions":2},"docs":{"insertions":1,"deletions":1}}},{"hash":"cdaa4e74cb50fcae8e37791eae6dd74b910ed053","messageTitle":"Specify number of hyphens in DateRange constraint","messageBody":"","fileTypesAndContributionMap":{"functional-code":{"insertions":2,"deletions":2}}},{"hash":"9a8f671130fb17ac1926214b5d3683cd7d473378","messageTitle":"Add more warnings for prefix in contents","messageBody":"","fileTypesAndContributionMap":{"docs":{"insertions":6,"deletions":2}}},{"hash":"9e14d7910f939d74b50d07576b2574d6e4952da2","messageTitle":"Remove excessive warnings about prefixes","messageBody":"","fileTypesAndContributionMap":{"functional-code":{"insertions":2,"deletions":5},"docs":{"insertions":4,"deletions":5}}},{"hash":"b3512942ec3ca288879e728cac4db53fc03ca021","messageTitle":"Add caution callout for prefix warning","messageBody":"","fileTypesAndContributionMap":{"docs":{"insertions":9,"deletions":2}}}]},{"date":"2022-11-04","commitResults":[{"hash":"298113468cd984c5bbe81b3223501c52750093d1","messageTitle":"Restrict bill max value to prevent rounding error","messageBody":"","fileTypesAndContributionMap":{"functional-code":{"insertions":12,"deletions":6},"docs":{"insertions":10,"deletions":11},"test-code":{"insertions":5,"deletions":1}}},{"hash":"afa204119a032282d9de35dfb31b8d42a601c913","messageTitle":"Add new features","messageBody":"","fileTypesAndContributionMap":{"docs":{"insertions":18,"deletions":4}}},{"hash":"d33eb92afe0096b37f234a49620052c52d3cca26","messageTitle":"Finish PPP","messageBody":"","fileTypesAndContributionMap":{"docs":{"insertions":27,"deletions":18}}},{"hash":"7c27d28fabab109c342f7ef36ebf842910e7e72c","messageTitle":"Add links to PRs","messageBody":"","fileTypesAndContributionMap":{"docs":{"insertions":2,"deletions":2}}},{"hash":"e2d253a13ff01f84f12da49e5f8883d1b9a1a827","messageTitle":"Add test cases for bill exceed max value","messageBody":"","fileTypesAndContributionMap":{"functional-code":{"insertions":2,"deletions":2},"test-code":{"insertions":21,"deletions":1}}},{"hash":"e5acafbfdfd73c5c9153ed174e1b880bf67786ba","messageTitle":"Rephrase UG and add bill test case","messageBody":"","fileTypesAndContributionMap":{"docs":{"insertions":11,"deletions":11},"test-code":{"insertions":1,"deletions":0}}}]}]},"authorFileTypeContributionMap":{"kangzongxian":{"docs":288,"functional-code":208,"test-code":527},"jehousoh":{"docs":244,"functional-code":426,"test-code":1098,"other":6},"Lan-Jingbo":{"docs":123,"functional-code":166,"test-code":249},"bryanhce":{"docs":783,"functional-code":1541,"test-code":1060},"JustinPeng13":{"docs":246,"functional-code":442,"test-code":623}},"authorContributionVariance":{"kangzongxian":29260.549,"jehousoh":25556.066,"Lan-Jingbo":5170.0405,"bryanhce":521471.53,"JustinPeng13":10502.876},"authorDisplayNameMap":{"kangzongxian":"CS2103T-W16-1 KANG..XIAN","jehousoh":"CS2103T-W16-1 SOH .. HOU","Lan-Jingbo":"CS2103T-W16-1 LAN ..NGBO","bryanhce":"CS2103T-W16-1 HO C..RYAN","JustinPeng13":"CS2103T-W16-1 JUST..TENG"}}
