{"authorDailyContributionsMap":{"kangzongxian":[{"date":"2022-09-30","commitResults":[{"hash":"623ba9dd760f7a0b25a8e4c5349a77e7ae8bf6e0","messageTitle":"Add Skeletal PPP and update AboutUs","messageBody":"","fileTypesAndContributionMap":{"docs":{"insertions":45,"deletions":5}}},{"hash":"b774a983dc9bcaf3cf879ba377b833fdf4d5a619","messageTitle":"Update UserGuide","messageBody":"","fileTypesAndContributionMap":{"docs":{"insertions":63,"deletions":55}}},{"hash":"0f7ff654f4342c92cb35ed44b7d9591acfc568ae","messageTitle":"Fixed typos","messageBody":"","fileTypesAndContributionMap":{"docs":{"insertions":3,"deletions":3}}},{"hash":"aeecf37c47b9b2ea6a86d3d9a76eb08eab6ea4f7","messageTitle":"Add content to MD","messageBody":"","fileTypesAndContributionMap":{"docs":{"insertions":6,"deletions":0}}}]}],"jehousoh":[{"date":"2022-09-27","commitResults":[{"hash":"3c61b2b168ff94c919af62e11a11514d4216a65f","messageTitle":"Update AboutUs.md and add Skeletal PPP","messageBody":"","fileTypesAndContributionMap":{"docs":{"insertions":42,"deletions":5}}},{"hash":"0c0a691073410a0a5f3d630935061f2e4694810f","messageTitle":"Update README.md to match GuestList","messageBody":"","fileTypesAndContributionMap":{"docs":{"insertions":8,"deletions":10}}}]},{"date":"2022-09-30","commitResults":[{"hash":"b7368f8e349c8e50336d1babb4c11692f4b43aac","messageTitle":"Add NumberOfGuests field","messageBody":"Let\u0027s add a NumberOfGuests class and integrate it into the other\nclasses.\n","fileTypesAndContributionMap":{"functional-code":{"insertions":146,"deletions":18}}},{"hash":"5a251909b64ed28db6299497cb92b92ba4933585","messageTitle":"Update test cases","messageBody":"Test cases did not work due to the added field \"NumberOfGuests\".\n\nLet\u0027s fix the old tests cases for it to be able to test whether the\nclasses are working again.\n","fileTypesAndContributionMap":{"test-code":{"insertions":131,"deletions":62}}},{"hash":"c974ade80710b5ab395329d6d991dcdf0c80f6b7","messageTitle":"Fix checkstyle","messageBody":"There is some errors regarding checkstyle.\n\nLet\u0027s fix the code to fit into the checkstyle format.\n","fileTypesAndContributionMap":{"functional-code":{"insertions":8,"deletions":3},"test-code":{"insertions":14,"deletions":7}}},{"hash":"0806bcfa12cf83555bcdda638bcb5ffe820e4049","messageTitle":"Add NumberOfGuests test cases","messageBody":"There is no test cases for the NumberOfGuests field.\n\nLet\u0027s add test cases to test if the field works completely.\n","fileTypesAndContributionMap":{"test-code":{"insertions":96,"deletions":7}}},{"hash":"5aa91b20ebb1cb290121d3d5fb483a7432b44088","messageTitle":"Update README.md and individual md based on new project name","messageBody":"","fileTypesAndContributionMap":{"docs":{"insertions":45,"deletions":33}}},{"hash":"5ec7c98df3f66e0a3bd7d7c6e9baa2adda640269","messageTitle":"Add newline at EOF","messageBody":"","fileTypesAndContributionMap":{"docs":{"insertions":1,"deletions":1}}}]},{"date":"2022-10-04","commitResults":[{"hash":"2c723257bddc0e2ca1fe9891e0dd69207b4df85e","messageTitle":"Update names of files","messageBody":"Certain names of files did not fit the style of cs2103T\u0027s requirements\n\nLet\u0027s rename the files to fix this issue\n","fileTypesAndContributionMap":{"docs":{"insertions":2,"deletions":2}}},{"hash":"6f4d9b5b4d8c95cf3bb52c7af28244cd92e45811","messageTitle":"Fix checkstyle issue and merge conflicts","messageBody":"There were some problems with the import statements and merge conflicts\nin the PersonUtil class.\n\nLet\u0027s\nfix all the checkstyle issues that are present\nresolve the merge conflict in the PersonUtil class\n","fileTypesAndContributionMap":{"functional-code":{"insertions":3,"deletions":5},"test-code":{"insertions":18,"deletions":33}}}]},{"date":"2022-10-05","commitResults":[{"hash":"46a5dccea301db571b90d033c149710f6b1810a0","messageTitle":"Fix minor typo","messageBody":"","fileTypesAndContributionMap":{"functional-code":{"insertions":1,"deletions":1}}},{"hash":"c74b6f8ad4f2ae1b0e0976500be2ebe02b0689e0","messageTitle":"Change NUMBER OF GUESTS to NUMBER_OF_GUESTS","messageBody":"","fileTypesAndContributionMap":{"functional-code":{"insertions":1,"deletions":1}}},{"hash":"84ea15cf02c9df3978b33c5c0f2bee57e818c76f","messageTitle":"Fix tests that were missed","messageBody":"Some tests did not have NumberOfGuests tested\n\nLet\u0027s add NumberOfGuests to those test cases\n","fileTypesAndContributionMap":{"test-code":{"insertions":25,"deletions":5}}}]},{"date":"2022-10-06","commitResults":[{"hash":"30d6dadf0737f47232d53ccaaeee74bb08d32131","messageTitle":"Fix execute_personAcceptedByModel_addSuccessful() and execute_someFieldsSpecifiedUnfilteredList_success() by refactoring Person to Guest","messageBody":"","fileTypesAndContributionMap":{"test-code":{"insertions":2,"deletions":2}}}]}],"Lan-Jingbo":[{"date":"2022-09-29","commitResults":[{"hash":"e0d3e3c1c52781c7ed404eeb2c3e028a5ad93e60","messageTitle":"Update AboutUs.md","messageBody":"","fileTypesAndContributionMap":{"docs":{"insertions":4,"deletions":4}}},{"hash":"5fee0db850fbdb27be74e0ef967cc8f45ac904f2","messageTitle":"Update and rename johndoe.md to lanjingbo.md","messageBody":"","fileTypesAndContributionMap":{"docs":{"insertions":1,"deletions":1}}},{"hash":"af28955366c12bc8a294a7a26398ddc20032f316","messageTitle":"Update lanjingbo.md","messageBody":"","fileTypesAndContributionMap":{"docs":{"insertions":1,"deletions":1}}},{"hash":"a07631299379ae256ae8a641d416780e28be0531","messageTitle":"Update AboutUs.md","messageBody":"","fileTypesAndContributionMap":{"docs":{"insertions":1,"deletions":1}}},{"hash":"e8755b6a61cb4cc02d31969c1650c3f878abeb57","messageTitle":"Update Justin\u0027s part","messageBody":"","fileTypesAndContributionMap":{"docs":{"insertions":1,"deletions":1}}}]},{"date":"2022-10-01","commitResults":[{"hash":"313c6e3b2a3d195d2f1e9d7cb0e3434e19f284f1","messageTitle":"Add \"Edit email\" and \"Get check-in/out date\"","messageBody":"","fileTypesAndContributionMap":{"docs":{"insertions":23,"deletions":1}}},{"hash":"17f30029c615b29deb7a4c92b170f89f14a99055","messageTitle":"Update Lan Jingbo\u0027s Part","messageBody":"","fileTypesAndContributionMap":{"docs":{"insertions":1,"deletions":1}}}]},{"date":"2022-10-03","commitResults":[{"hash":"1045b85b35a3f1ac6b228112964506a1de9e88ba","messageTitle":"Update AboutUs.md","messageBody":"","fileTypesAndContributionMap":{"docs":{"insertions":1,"deletions":1}}},{"hash":"153886c9efd10cd0fe44849b2f4a941bb0e92d16","messageTitle":"Update DG-User Stories","messageBody":"","fileTypesAndContributionMap":{"docs":{"insertions":19,"deletions":6}}},{"hash":"5878b607d187f82465cfdcecbb64b0f6840f32ad","messageTitle":"Update DG 2nd time","messageBody":"","fileTypesAndContributionMap":{"docs":{"insertions":1,"deletions":23}}},{"hash":"652065dede6f018e923674282a23a9d2c141fedc","messageTitle":"Update DeveloperGuide.md","messageBody":"","fileTypesAndContributionMap":{"docs":{"insertions":35,"deletions":21}}},{"hash":"29453a0e891a34368adf94d91aef348e4490b378","messageTitle":"Specify the users stories in Developer Guide","messageBody":"Specify User Stories as must have, nice to have, and unlikely to have, three levels\n","fileTypesAndContributionMap":{"docs":{"insertions":4,"deletions":4}}}]}],"bryanhce":[{"date":"2022-09-26","commitResults":[{"hash":"d3e58dc8e8ecd0e76cbde34c5742d15c2f46100f","messageTitle":"Update README.md","messageBody":"For milestone v1.1","fileTypesAndContributionMap":{"docs":{"insertions":3,"deletions":1}}}]},{"date":"2022-09-27","commitResults":[{"hash":"87937821fe052c16aacfe9787ef5d3f46f88b44c","messageTitle":"Update AboutUs.md and add Skeletal PPP","messageBody":"Include image of self.\n","fileTypesAndContributionMap":{"docs":{"insertions":46,"deletions":7}}},{"hash":"f64d1d101aff5b700d1ccc0bdf737fdba84c43e3","messageTitle":"Update Developer Guide","messageBody":"Update target user profile, value proposition, use cases, non-functional\nrequirements and glossary.\n","fileTypesAndContributionMap":{"docs":{"insertions":105,"deletions":19}}},{"hash":"66ca74dd64fdb302063685edca6900de076baa72","messageTitle":"Reorder use cases","messageBody":"Reorder to follow the same order as the user guide of use case about\nadd, use case about delete, use case about list, use case about exit\n","fileTypesAndContributionMap":{"docs":{"insertions":15,"deletions":15}}}]},{"date":"2022-10-01","commitResults":[{"hash":"c128d40c7901b6a9732f6d8a1ed89b521be4409e","messageTitle":"Refactor AddressBook to GuestBook","messageBody":"Also refactored Person to Guest\n","fileTypesAndContributionMap":{"functional-code":{"insertions":955,"deletions":958},"other":{"insertions":1053,"deletions":1080},"docs":{"insertions":78,"deletions":78},"test-code":{"insertions":477,"deletions":477}}},{"hash":"c646869dd2c1324703b6b8449e624836b8bddba3","messageTitle":"Rename imports by removing * imports","messageBody":"","fileTypesAndContributionMap":{"functional-code":{"insertions":31,"deletions":6},"test-code":{"insertions":10,"deletions":4}}}]},{"date":"2022-10-03","commitResults":[{"hash":"b3c280a7814fb723915319741c91e1187e1cb1db","messageTitle":"Refactor classes that was missed out previously","messageBody":"","fileTypesAndContributionMap":{"docs":{"insertions":98,"deletions":98}}}]},{"date":"2022-10-04","commitResults":[{"hash":"4684e6e7769ef09740d398aa055225829249a0a6","messageTitle":"Refactor commons and logic test cases","messageBody":"Some imported classes were not renamed as they are under other packages.\n","fileTypesAndContributionMap":{"test-code":{"insertions":66,"deletions":66}}}]}],"JustinPeng13":[{"date":"2022-09-28","commitResults":[{"hash":"0211f6dbd4b43e8e27d2247d741a65a8df07917f","messageTitle":"Include self-intro and image in AboutUs page","messageBody":"","fileTypesAndContributionMap":{"docs":{"insertions":5,"deletions":5}}},{"hash":"1ede971df3f036672a85dbf4f0d1db06693289d8","messageTitle":"Add skeletal Project Portfolio Page","messageBody":"","fileTypesAndContributionMap":{"docs":{"insertions":46,"deletions":0}}},{"hash":"4226cfe4597f6511b038d32765f9db618b835b02","messageTitle":"Fix formatting error on PPP","messageBody":"","fileTypesAndContributionMap":{"docs":{"insertions":2,"deletions":2}}}]},{"date":"2022-10-05","commitResults":[{"hash":"866bf4178b0905e0e897b57a84acc0ace6289bcd","messageTitle":"Added date range field to guests","messageBody":"","fileTypesAndContributionMap":{"functional-code":{"insertions":153,"deletions":12},"test-code":{"insertions":242,"deletions":72}}},{"hash":"5b16864dc6f320b7e62f5a2c0528c023c30ed66d","messageTitle":"Resolve build/checkstyle issues","messageBody":"","fileTypesAndContributionMap":{"test-code":{"insertions":6,"deletions":6}}}]},{"date":"2022-10-07","commitResults":[{"hash":"e6bcef5ee9bddc6cc30d10f2d85e4b12de8b17a7","messageTitle":"Fix refactoring issues, added DateRange test cases and checks","messageBody":"","fileTypesAndContributionMap":{"functional-code":{"insertions":7,"deletions":4},"test-code":{"insertions":12,"deletions":11}}}]}]},"authorFileTypeContributionMap":{"kangzongxian":{"docs":104,"functional-code":0,"test-code":0},"jehousoh":{"docs":93,"functional-code":133,"test-code":241},"Lan-Jingbo":{"docs":39,"functional-code":0,"test-code":0},"bryanhce":{"docs":291,"functional-code":1392,"test-code":1072,"other":1},"JustinPeng13":{"docs":48,"functional-code":168,"test-code":268}},"authorContributionVariance":{"kangzongxian":1405.7848,"jehousoh":14172.432,"Lan-Jingbo":592.5723,"bryanhce":1168672.9,"JustinPeng13":10467.332},"authorDisplayNameMap":{"kangzongxian":"CS2103T-W16-1 KANG..XIAN","jehousoh":"CS2103T-W16-1 SOH .. HOU","Lan-Jingbo":"CS2103T-W16-1 LAN ..NGBO","bryanhce":"CS2103T-W16-1 HO C..RYAN","JustinPeng13":"CS2103T-W16-1 JUST..TENG"}}
