{"authorDailyContributionsMap":{"dexter-sim":[{"date":"2022-09-20","commitResults":[{"hash":"56f25842092f3950eb434782f3a2e4b8c4db868d","messageTitle":"Add dexter aboutus and picture","messageBody":"","fileTypesAndContributionMap":{"docs":{"insertions":11,"deletions":1}}}]},{"date":"2022-09-22","commitResults":[{"hash":"52d764c04d5e38a213182400f578da526d59d077","messageTitle":"Add skeletal ppp for Dexter","messageBody":"","fileTypesAndContributionMap":{"docs":{"insertions":32,"deletions":0}}},{"hash":"d6b3760bc16bd71b8b637220018334e3f61b3cae","messageTitle":"Add user guide for adding a contact","messageBody":"","fileTypesAndContributionMap":{"docs":{"insertions":21,"deletions":65}}},{"hash":"041bc7b3f074cb8e25b7009d39f97dc63e470b66","messageTitle":"Update header in add contact user guide","messageBody":"","fileTypesAndContributionMap":{"docs":{"insertions":1,"deletions":1}}},{"hash":"24c3178149457d627387f67eecffc60e5f93690a","messageTitle":"Update use cases in developer guide","messageBody":"","fileTypesAndContributionMap":{"docs":{"insertions":50,"deletions":7}}}]},{"date":"2022-09-23","commitResults":[{"hash":"e959492f039ad55edb8c79f8f3fc8642c3d9dc7d","messageTitle":"Update add task format","messageBody":"","fileTypesAndContributionMap":{"docs":{"insertions":1,"deletions":1}}}]},{"date":"2022-09-25","commitResults":[{"hash":"a7e737b1deb1ba4c64e5e52889b579cee3c78734","messageTitle":"Add parsing task add command functionality","messageBody":"","fileTypesAndContributionMap":{"functional-code":{"insertions":101,"deletions":1}}},{"hash":"90a6bd21f293a5c92c97859e67e4375da7c17e7f","messageTitle":"Add parsing task delete command functionality","messageBody":"","fileTypesAndContributionMap":{"functional-code":{"insertions":31,"deletions":22},"test-code":{"insertions":4,"deletions":4}}},{"hash":"50c2c4b7d0e8c4834dab5a2bfeabf7b9e8dec1fa","messageTitle":"Rename exit command to bye","messageBody":"","fileTypesAndContributionMap":{"functional-code":{"insertions":1,"deletions":2}}},{"hash":"913d1e5977ca360ebb06977fb4f78f1015b83e4c","messageTitle":"Implement new commands","messageBody":"Edit user guide for updated prefix for task add command.\n\nRefactor delete command parsers for both task and contact to include prefix for index.\n\nChange unit tests for the methods that are refactored.\n","fileTypesAndContributionMap":{"functional-code":{"insertions":50,"deletions":16},"docs":{"insertions":6,"deletions":6},"test-code":{"insertions":12,"deletions":7}}},{"hash":"0a9de70f56a11ccb00872eb724b74ebc896cfe93","messageTitle":"Update examples for delete task and contact error message","messageBody":"","fileTypesAndContributionMap":{"functional-code":{"insertions":4,"deletions":4}}},{"hash":"bcb276dd22ee7e39a415b6ac0c7f227e854d8881","messageTitle":"Update message usage for new commands","messageBody":"","fileTypesAndContributionMap":{"functional-code":{"insertions":19,"deletions":9}}},{"hash":"271c4534a4eacbcc7cd568073d192212722d21fc","messageTitle":"Add assignment enum to task add command","messageBody":"","fileTypesAndContributionMap":{"functional-code":{"insertions":41,"deletions":26}}},{"hash":"1a6de9137d08d614bba0f6e1f7f7d97c1201d68f","messageTitle":"Update javadoc","messageBody":"","fileTypesAndContributionMap":{"functional-code":{"insertions":5,"deletions":2}}},{"hash":"57d322c7edea248a482a9d0082e0a8fa241f7427","messageTitle":"Update javadoc for task add command constructor","messageBody":"","fileTypesAndContributionMap":{"functional-code":{"insertions":2,"deletions":2}}},{"hash":"88c39ad213491b81af69381bfa1cb2945891b0f9","messageTitle":"Abstract out task description into its own class","messageBody":"","fileTypesAndContributionMap":{"functional-code":{"insertions":76,"deletions":11}}}]},{"date":"2022-10-06","commitResults":[{"hash":"3144b902ff3d9420674b90b42c338d5eb78cc3ca","messageTitle":"Add tests for task add command","messageBody":"","fileTypesAndContributionMap":{"functional-code":{"insertions":21,"deletions":0},"test-code":{"insertions":57,"deletions":0}}},{"hash":"8ab5972669585ba7a4492809da1eac83322f6f61","messageTitle":"Optimize imports","messageBody":"","fileTypesAndContributionMap":{"functional-code":{"insertions":0,"deletions":1},"test-code":{"insertions":1,"deletions":0}}},{"hash":"270b40c3bffb3fd6fbeb1523999f1f57f6d3e5b2","messageTitle":"Add tests for task delete command","messageBody":"","fileTypesAndContributionMap":{"functional-code":{"insertions":10,"deletions":3},"test-code":{"insertions":35,"deletions":0}}},{"hash":"ca25434f14ff93cd9900f273473015e0ba9b280d","messageTitle":"Refactor null check in task add command","messageBody":"","fileTypesAndContributionMap":{"functional-code":{"insertions":3,"deletions":3}}},{"hash":"9c9d3c1f26a6ae2bb0ff1da1203b9dd1e1c2ecc7","messageTitle":"Add tests for task add command parser","messageBody":"","fileTypesAndContributionMap":{"functional-code":{"insertions":2,"deletions":2},"test-code":{"insertions":98,"deletions":2}}},{"hash":"64475841cf5b2bf9ac8e372f5f946153dd64a762","messageTitle":"Add tests for parsers","messageBody":"","fileTypesAndContributionMap":{"functional-code":{"insertions":14,"deletions":4},"test-code":{"insertions":41,"deletions":7}}},{"hash":"f1df4df622d8688aa1c80e830335dad06d5f8f5a","messageTitle":"Fix whitespace checkstyle","messageBody":"","fileTypesAndContributionMap":{"functional-code":{"insertions":2,"deletions":2}}},{"hash":"1b3e8251c8b55e93591993597107d07547c6b9aa","messageTitle":"Add tests for equals task add command","messageBody":"","fileTypesAndContributionMap":{"functional-code":{"insertions":1,"deletions":4},"test-code":{"insertions":29,"deletions":12}}}]},{"date":"2022-10-09","commitResults":[{"hash":"9cd61bfd36d3b8b1fb332b1b2f8d8179cd39ae04","messageTitle":"Change error message for invalid command format","messageBody":"","fileTypesAndContributionMap":{"functional-code":{"insertions":1,"deletions":1}}},{"hash":"b984cb76fdd76e07b4f7a87441028a1d54243eaa","messageTitle":"Change error message for invalid command format","messageBody":"","fileTypesAndContributionMap":{"functional-code":{"insertions":3,"deletions":3}}}]},{"date":"2022-10-13","commitResults":[{"hash":"f9a41631d993f11ef56814f31a0dde001ded5900","messageTitle":"Refactor task equals and is same task","messageBody":"","fileTypesAndContributionMap":{"functional-code":{"insertions":13,"deletions":23}}},{"hash":"92240dfec72f786c93bce72645b7f28db2be1ea7","messageTitle":"Add cli syntax for date","messageBody":"","fileTypesAndContributionMap":{"functional-code":{"insertions":1,"deletions":0}}},{"hash":"abd67fe61b881cfcdd9dc5674fca3663d1fe77c6","messageTitle":"Change task to todo","messageBody":"","fileTypesAndContributionMap":{"functional-code":{"insertions":3,"deletions":3},"other":{"insertions":27,"deletions":28},"docs":{"insertions":9,"deletions":9},"test-code":{"insertions":17,"deletions":17}}},{"hash":"1b63ccf9bd58474990df721d173ad606a4147150","messageTitle":"Add task deadline command class","messageBody":"","fileTypesAndContributionMap":{"functional-code":{"insertions":172,"deletions":29}}}]},{"date":"2022-10-14","commitResults":[{"hash":"b7077b77a6fd6825013d17a80a85c1e088f60b41","messageTitle":"Add task event command class","messageBody":"","fileTypesAndContributionMap":{"functional-code":{"insertions":86,"deletions":7}}},{"hash":"ec2cd9910017bdbdd2e09f477c4a7cb99f51db45","messageTitle":"Add task deadline and task event parsers","messageBody":"","fileTypesAndContributionMap":{"functional-code":{"insertions":184,"deletions":3}}},{"hash":"6ce9939415e23ca901a2e57d8bc13aaf7cc44ded","messageTitle":"Update user guide for deadline and event commands","messageBody":"","fileTypesAndContributionMap":{"docs":{"insertions":43,"deletions":32}}},{"hash":"73bfb58fa33812873969cd5c5c9f6ef9523d5111","messageTitle":"Edit formatting of user guide","messageBody":"","fileTypesAndContributionMap":{"docs":{"insertions":7,"deletions":7}}},{"hash":"397e5a86751b77255821f457bef605c791362c66","messageTitle":"Add unit tests for task event command","messageBody":"","fileTypesAndContributionMap":{"other":{"insertions":17,"deletions":17},"test-code":{"insertions":101,"deletions":0}}},{"hash":"e721a89ffacdedfd9a688c672ae4be684028efec","messageTitle":"Add unit tests for task deadline command","messageBody":"","fileTypesAndContributionMap":{"test-code":{"insertions":117,"deletions":14}}},{"hash":"75f2e7bda9febc219652ba1262bd22c31e421159","messageTitle":"Add unit tests for deadline and event command parsers","messageBody":"","fileTypesAndContributionMap":{"functional-code":{"insertions":2,"deletions":2},"test-code":{"insertions":329,"deletions":3}}},{"hash":"6698718b5ac75c8885a5879cb961681bfaf73812","messageTitle":"Add check for double assignee assignor prefixes","messageBody":"","fileTypesAndContributionMap":{"functional-code":{"insertions":18,"deletions":0},"test-code":{"insertions":42,"deletions":0}}}]},{"date":"2022-10-16","commitResults":[{"hash":"cadcb34db6c7d0d3952047153d743d5730aae5b0","messageTitle":"Add command classes for mark and unmark","messageBody":"","fileTypesAndContributionMap":{"functional-code":{"insertions":14,"deletions":0}}}]},{"date":"2022-10-17","commitResults":[{"hash":"dd83436dc1951a77e316a6283cc563a7562275e6","messageTitle":"Add task mark command","messageBody":"","fileTypesAndContributionMap":{"functional-code":{"insertions":50,"deletions":5}}},{"hash":"0e39483fe04bda13917720cd7eff261dd11b550b","messageTitle":"Add task unmark command","messageBody":"","fileTypesAndContributionMap":{"functional-code":{"insertions":46,"deletions":1}}},{"hash":"8399b606ae2113d553b3ccce965f3e6e50165b3b","messageTitle":"Add task mark command parser","messageBody":"","fileTypesAndContributionMap":{"functional-code":{"insertions":51,"deletions":3}}},{"hash":"d2d58d1b43bd625d57df95500f2b83366b400b5e","messageTitle":"Add tests for task mark and unmark commands","messageBody":"","fileTypesAndContributionMap":{"test-code":{"insertions":68,"deletions":0}}},{"hash":"5f89589888335ada3e4bc90747f0cfffa7072ac2","messageTitle":"Add mark and unmark task functionality","messageBody":"","fileTypesAndContributionMap":{"functional-code":{"insertions":97,"deletions":5}}}]},{"date":"2022-10-18","commitResults":[{"hash":"ddd4455ee4b4be18b3550f36706518a04c37beeb","messageTitle":"Update developer guide for mark and unmark task","messageBody":"","fileTypesAndContributionMap":{"docs":{"insertions":126,"deletions":0}}},{"hash":"0fd07f12f5545990664a1ca7838270ea6e3fcade","messageTitle":"Change the wording of some sentences","messageBody":"","fileTypesAndContributionMap":{"docs":{"insertions":2,"deletions":2}}}]},{"date":"2022-10-21","commitResults":[{"hash":"a71651af6b09c00639adf31138f5e2abd2aa04ea","messageTitle":"Update user guide with mark and unmark task feature","messageBody":"","fileTypesAndContributionMap":{"docs":{"insertions":47,"deletions":18}}},{"hash":"43f961a7d7c8b689ffea98689ef393ae6ade2dd1","messageTitle":"Add tests for mark and unmark command execute and parser","messageBody":"","fileTypesAndContributionMap":{"test-code":{"insertions":157,"deletions":24}}},{"hash":"bd6cc0d3c57fdc0fa580263409f2efc42f329c8d","messageTitle":"Add tests for task category parser","messageBody":"","fileTypesAndContributionMap":{"test-code":{"insertions":48,"deletions":0}}}]},{"date":"2022-10-22","commitResults":[{"hash":"a1a3d3cf000231a4111924eaa82e44049e86adc4","messageTitle":"Fix duplicate task bug","messageBody":"","fileTypesAndContributionMap":{"functional-code":{"insertions":28,"deletions":3},"test-code":{"insertions":48,"deletions":0}}},{"hash":"ac7f1af822d422b2c1ed48d50c93d9eb1a8d9cb1","messageTitle":"Refactor duplicate task checking in execute method","messageBody":"","fileTypesAndContributionMap":{"functional-code":{"insertions":9,"deletions":15},"test-code":{"insertions":33,"deletions":30}}},{"hash":"65fd33c0d3d478e2bf89152e3df9fccbe3f4d2ed","messageTitle":"Add comments","messageBody":"","fileTypesAndContributionMap":{"functional-code":{"insertions":0,"deletions":1},"test-code":{"insertions":6,"deletions":0}}}]},{"date":"2022-10-23","commitResults":[{"hash":"5efe6f71414a8c6c7ee8a0b034004d8e607a482c","messageTitle":"Change phone, email and address to optional fields","messageBody":"","fileTypesAndContributionMap":{"functional-code":{"insertions":20,"deletions":10},"test-code":{"insertions":14,"deletions":20}}},{"hash":"4d959fefd701c300bda3418b1dffdd8aa7f1c3b1","messageTitle":"Update user guide","messageBody":"","fileTypesAndContributionMap":{"docs":{"insertions":24,"deletions":24}}},{"hash":"18c065ae9eca15c76c1a6124c4743980168f7876","messageTitle":"Add brackets","messageBody":"","fileTypesAndContributionMap":{"functional-code":{"insertions":3,"deletions":3}}},{"hash":"cbeb00b8f3cd923d32e86eed070824022f770917","messageTitle":"Remove comment","messageBody":"","fileTypesAndContributionMap":{"test-code":{"insertions":0,"deletions":1}}}]},{"date":"2022-10-27","commitResults":[{"hash":"6f41a3c407a63115682fe202e1504659a1edd5c0","messageTitle":"Update developer guide","messageBody":"","fileTypesAndContributionMap":{"docs":{"insertions":6,"deletions":6}}}]},{"date":"2022-11-01","commitResults":[{"hash":"114872723a7083c336fc6e503bb840cb85dab00a","messageTitle":"Add note for contact delete in user guide","messageBody":"","fileTypesAndContributionMap":{"docs":{"insertions":4,"deletions":0}}},{"hash":"7037e395f6a5dd93959a4d4aa20a403a1041e0e6","messageTitle":"Add div","messageBody":"","fileTypesAndContributionMap":{"docs":{"insertions":4,"deletions":0}}},{"hash":"fdb5d3b282b7d0f446c24951231a9fa9be29158a","messageTitle":"Add notes in user guide for name","messageBody":"","fileTypesAndContributionMap":{"docs":{"insertions":36,"deletions":0}}},{"hash":"16509611518d227c79201d6fe96057fb97c3a102","messageTitle":"Add notes in user guide for duplicate task","messageBody":"","fileTypesAndContributionMap":{"docs":{"insertions":4,"deletions":0}}},{"hash":"dbf157ae718445ee128519786e159d3c2c9f0180","messageTitle":"Fix grammar","messageBody":"","fileTypesAndContributionMap":{"docs":{"insertions":1,"deletions":1}}},{"hash":"309e5899345c4628be104d9f4b830e7bdf2904e7","messageTitle":"Update file name","messageBody":"","fileTypesAndContributionMap":{"docs":{"insertions":5,"deletions":5}}},{"hash":"0ed9b005edd75e31418898aec6015dcc18c876cb","messageTitle":"Update name","messageBody":"","fileTypesAndContributionMap":{"docs":{"insertions":4,"deletions":4}}},{"hash":"9d78d4d1b9fd65eb254acb0023e0450efd946233","messageTitle":"Add reposense link","messageBody":"","fileTypesAndContributionMap":{"docs":{"insertions":2,"deletions":2}}},{"hash":"b3af6563996c55a03bb5ffbceff7cfd7fec1c370","messageTitle":"Rename jar file","messageBody":"","fileTypesAndContributionMap":{"other":{"insertions":1,"deletions":1}}},{"hash":"4bd2584180f2f01e5d394fd0dfc0454ab458511f","messageTitle":"Update user guide","messageBody":"","fileTypesAndContributionMap":{"docs":{"insertions":0,"deletions":4}}},{"hash":"3913ac43a7fa137757a4744e44e0db5a1eddd852","messageTitle":"Add new features section in ppp","messageBody":"","fileTypesAndContributionMap":{"docs":{"insertions":11,"deletions":1}}},{"hash":"4cae5b73b32664990ef33b08cc38fec09e312e05","messageTitle":"Add enhancement section ppp","messageBody":"","fileTypesAndContributionMap":{"docs":{"insertions":2,"deletions":4}}},{"hash":"ef75d2f465c95f6378a4a1bd5bc89625f94f298f","messageTitle":"Add community section in ppp","messageBody":"","fileTypesAndContributionMap":{"docs":{"insertions":24,"deletions":18}}},{"hash":"d87198334af2114534f899f798c87ec270acdbbe","messageTitle":"Update ppp","messageBody":"","fileTypesAndContributionMap":{"docs":{"insertions":2,"deletions":2}}}]},{"date":"2022-11-06","commitResults":[{"hash":"3e2ba9bbc85bca1acb4182c74c821dd757003ec7","messageTitle":"Improve code quality","messageBody":"","fileTypesAndContributionMap":{"functional-code":{"insertions":46,"deletions":20}}},{"hash":"6a8efccdef9d0d2b8139d137660ef0e9fa46a32a","messageTitle":"Improve code quality","messageBody":"","fileTypesAndContributionMap":{"functional-code":{"insertions":2,"deletions":2}}},{"hash":"466457f08bb08727f67c83df1013223167b0de19","messageTitle":"Improve code quality","messageBody":"","fileTypesAndContributionMap":{"functional-code":{"insertions":10,"deletions":3}}},{"hash":"9eb9b7d2096c6eecf0acae3b77f4e97cf51b533a","messageTitle":"Improve code quality","messageBody":"","fileTypesAndContributionMap":{"functional-code":{"insertions":4,"deletions":4}}},{"hash":"4a43f8a9f6d9661472cf7051a76532c2f0adfc27","messageTitle":"Improve code quality","messageBody":"","fileTypesAndContributionMap":{"functional-code":{"insertions":31,"deletions":11}}},{"hash":"b41bdf09f49bfd39ef94b5dda69b3efeb32c07e3","messageTitle":"Improve code quality","messageBody":"","fileTypesAndContributionMap":{"functional-code":{"insertions":1,"deletions":1}}},{"hash":"92b052e903747be3aa65c1fcf8f58ddd9658cb46","messageTitle":"Improve code quality","messageBody":"","fileTypesAndContributionMap":{"functional-code":{"insertions":0,"deletions":24},"test-code":{"insertions":4,"deletions":32}}}]}],"Nephelite":[{"date":"2022-09-18","commitResults":[{"hash":"95f0b5e01f838231ea9abad38bab00efd8e7ebe9","messageTitle":"Add tjanenggerkevin AboutUs","messageBody":"","fileTypesAndContributionMap":{"docs":{"insertions":10,"deletions":0}}},{"hash":"4a8e2e8bc44365019b30bfd5a564d551502d9307","messageTitle":"Add tjanenggerkevin PPP","messageBody":"","fileTypesAndContributionMap":{"docs":{"insertions":33,"deletions":2}}},{"hash":"6ea10a508a13d6ce4f588efb87ca6ccd06fea7e6","messageTitle":"Change PPP file name","messageBody":"","fileTypesAndContributionMap":{"docs":{"insertions":1,"deletions":1}}}]},{"date":"2022-09-20","commitResults":[{"hash":"dab49e96f3579d0b6e48284b4569b33dce1205b7","messageTitle":"Update User Guide with commands to view all tasks and all contacts. Remove `clear` command example.","messageBody":"","fileTypesAndContributionMap":{"docs":{"insertions":23,"deletions":14}}},{"hash":"6045603981067e44e53e8445b576201a87c35b37","messageTitle":"Update list tasks","messageBody":"","fileTypesAndContributionMap":{"docs":{"insertions":1,"deletions":1}}}]},{"date":"2022-09-22","commitResults":[{"hash":"630d08723b64db992fb7b44480467dcbce842c75","messageTitle":"Update user profile, value proposition and user stories in Developer Guide.","messageBody":"","fileTypesAndContributionMap":{"docs":{"insertions":45,"deletions":11}}}]},{"date":"2022-09-23","commitResults":[{"hash":"f61d266bde82ef10c4ac9b6e936b1a7f5969176e","messageTitle":"Update format of user guide","messageBody":"","fileTypesAndContributionMap":{"docs":{"insertions":42,"deletions":42}}},{"hash":"415af8c8e891144a615acf53fda58eee046c4033","messageTitle":"Update developer guide user stories in accordance with changes","messageBody":"","fileTypesAndContributionMap":{"docs":{"insertions":42,"deletions":42}}},{"hash":"4cc1b41183cba748524f4bb17982eb6c5b198d60","messageTitle":"Update user guide in accordance with changes","messageBody":"","fileTypesAndContributionMap":{"docs":{"insertions":18,"deletions":18}}},{"hash":"d2e771fcbd87aa00006f683fdc125ba05350c8ba","messageTitle":"Update to remove \u003c\u003e","messageBody":"","fileTypesAndContributionMap":{"docs":{"insertions":3,"deletions":3}}}]},{"date":"2022-09-25","commitResults":[{"hash":"19987c68f1c8915b97d550e2d002321d1caa296e","messageTitle":"Add Ui Task List panel. Warning: This current iteration will cause many merge conflicts with imminent changes from Logic and Model. DO NOT MERGE!","messageBody":"","fileTypesAndContributionMap":{"functional-code":{"insertions":234,"deletions":12}}}]},{"date":"2022-09-27","commitResults":[{"hash":"254aed018726d75b8ef6a1e1ce854bd8bdd171d1","messageTitle":"Task Panel implement task assignment class","messageBody":"","fileTypesAndContributionMap":{"functional-code":{"insertions":5,"deletions":5}}}]},{"date":"2022-09-28","commitResults":[{"hash":"b674f5bd8dcbc8c081ea3cee88e6b7da4648b611","messageTitle":"Implement Description class in Task List Panel","messageBody":"","fileTypesAndContributionMap":{"functional-code":{"insertions":5,"deletions":4}}},{"hash":"0bc157d48548996f04b7b2f6027ad96cbbdfdabf","messageTitle":"Update javadocs for Ui","messageBody":"","fileTypesAndContributionMap":{"functional-code":{"insertions":2,"deletions":2}}},{"hash":"bd84cb8b78b69bd974e949636a237e114219f8fa","messageTitle":"Update javadocs part 2","messageBody":"","fileTypesAndContributionMap":{"functional-code":{"insertions":1,"deletions":1}}},{"hash":"0cb29c0a707d2940637ecb7af651fa65038021cb","messageTitle":"Update javadocs part 3","messageBody":"","fileTypesAndContributionMap":{"functional-code":{"insertions":1,"deletions":1}}},{"hash":"bbcf33e475c58524facb697cb2dbf570c8a19a91","messageTitle":"Update javadocs part 4","messageBody":"","fileTypesAndContributionMap":{"functional-code":{"insertions":1,"deletions":1}}}]},{"date":"2022-10-06","commitResults":[{"hash":"fbc77d4b9f2aa350f2d13440e5f0c8c0549c7a5d","messageTitle":"Update Ui to display task list next to contact list, rather than below","messageBody":"","fileTypesAndContributionMap":{"functional-code":{"insertions":30,"deletions":16}}},{"hash":"7e32dcaaf1e32bd44bee8f9add2276489ff09b11","messageTitle":"Remove whitespaces","messageBody":"","fileTypesAndContributionMap":{"functional-code":{"insertions":0,"deletions":2}}}]},{"date":"2022-10-09","commitResults":[{"hash":"0b5919c8d5578ff143abe7d10f511e7e32ce4332","messageTitle":"Update task list in Ui to be the global task list","messageBody":"","fileTypesAndContributionMap":{"functional-code":{"insertions":11,"deletions":36}}},{"hash":"fb017f561e1f29a481b49ba9b8566a2a46313f08","messageTitle":"Update comments for task list","messageBody":"","fileTypesAndContributionMap":{"functional-code":{"insertions":2,"deletions":2}}},{"hash":"4bead0ebbb16484a3e8043f5c1eb04db9b250777","messageTitle":"Add getStatus method to task","messageBody":"","fileTypesAndContributionMap":{"functional-code":{"insertions":9,"deletions":1}}}]},{"date":"2022-10-15","commitResults":[{"hash":"fec12f2f7170058eefc7eb312b5c77dc88dfb1e4","messageTitle":"Increase size of console window size Size increase from 100px to 250px","messageBody":"","fileTypesAndContributionMap":{"functional-code":{"insertions":3,"deletions":3}}},{"hash":"f4c74ac0052786ddb77fe0e38ba3e3292cae1fa8","messageTitle":"Add sort command to task list. Sorts added: - Alphabetical Description - Chronological Time Added","messageBody":"","fileTypesAndContributionMap":{"functional-code":{"insertions":196,"deletions":2}}},{"hash":"7685cef57f555b84d4611406a70cf38bcd5a5c0f","messageTitle":"Fix ModelStub","messageBody":"","fileTypesAndContributionMap":{"test-code":{"insertions":15,"deletions":0}}},{"hash":"834f91260281746cd3c482753b27d906c6443ddc","messageTitle":"Update sort command execute to abide by Open Closed Principle","messageBody":"","fileTypesAndContributionMap":{"functional-code":{"insertions":27,"deletions":20}}},{"hash":"70a5d372a78171ee5120ee8dd8fd2a3a16153797","messageTitle":"Fix ModelStub by removing methods","messageBody":"","fileTypesAndContributionMap":{"test-code":{"insertions":2,"deletions":6}}}]},{"date":"2022-10-16","commitResults":[{"hash":"085b4a0538399b865adad57b208a31bcca033cbf","messageTitle":"Add methods to set predicates for filtered task list Also renamed the methods to set comparator for sorted task list","messageBody":"","fileTypesAndContributionMap":{"functional-code":{"insertions":39,"deletions":9},"test-code":{"insertions":16,"deletions":1}}},{"hash":"fe8a963ddcd6b58233c5185ec266f345317bd5da","messageTitle":"Updated Task Sort command parser to match other parsers Updated UG for Task Sort","messageBody":"","fileTypesAndContributionMap":{"functional-code":{"insertions":69,"deletions":14},"docs":{"insertions":13,"deletions":0}}},{"hash":"43c0bba8ba19e35a4a94464cbf1313b212d457a0","messageTitle":"Edit Javadocs","messageBody":"","fileTypesAndContributionMap":{"functional-code":{"insertions":2,"deletions":2}}},{"hash":"c634f6085e893e45c699fae22580363850974625","messageTitle":"Update javadocs","messageBody":"","fileTypesAndContributionMap":{"functional-code":{"insertions":1,"deletions":0}}},{"hash":"3cafd9e5da337c79036575a4b0ebeb9066fb9fbe","messageTitle":"Add find command without implementation details","messageBody":"","fileTypesAndContributionMap":{"functional-code":{"insertions":27,"deletions":0}}},{"hash":"f7a8f083b9dcd2fd3fcb7b8461e3f23a660ce567","messageTitle":"Rename and remove methods","messageBody":"","fileTypesAndContributionMap":{"functional-code":{"insertions":3,"deletions":12},"test-code":{"insertions":1,"deletions":6}}},{"hash":"edc0afba955c33fe4e64d6ea120a860785debb6a","messageTitle":"Renaming methods","messageBody":"","fileTypesAndContributionMap":{"functional-code":{"insertions":2,"deletions":2},"test-code":{"insertions":1,"deletions":1}}},{"hash":"229dbd7bfcbdb0013e42dac291fd43930e2b096b","messageTitle":"Update method name","messageBody":"","fileTypesAndContributionMap":{"functional-code":{"insertions":1,"deletions":1}}},{"hash":"ac9539275389f6e0188debc519075dc96857dead","messageTitle":"Update method names final","messageBody":"","fileTypesAndContributionMap":{"functional-code":{"insertions":3,"deletions":3},"test-code":{"insertions":1,"deletions":1}}},{"hash":"6555c2ddac64e2923e01fe68302bb62599abed2d","messageTitle":"Edit UG","messageBody":"","fileTypesAndContributionMap":{"docs":{"insertions":1,"deletions":1}}},{"hash":"36bdfc8d4c3be2d2300a349b224d6d24139d38b9","messageTitle":"Update UG","messageBody":"","fileTypesAndContributionMap":{"docs":{"insertions":2,"deletions":1}}}]},{"date":"2022-10-18","commitResults":[{"hash":"cfa023f05247469a03d62f6c5062787eebb3ae45","messageTitle":"Fix sort command parsing","messageBody":"","fileTypesAndContributionMap":{"functional-code":{"insertions":2,"deletions":2}}},{"hash":"8a294d32c06416050e4460c1bebba6ce8dfd753c","messageTitle":"Update DG * Update Ui Class diagram with Task-related classes * Add sort task implementation","messageBody":"","fileTypesAndContributionMap":{"docs":{"insertions":64,"deletions":7}}},{"hash":"6b6a3765cdeb02963d7d789b4aa5254bbe7af05d","messageTitle":"Update DG merge conflict","messageBody":"","fileTypesAndContributionMap":{"docs":{"insertions":1,"deletions":1}}},{"hash":"e0f86998906161bcecfe87e98da623cfcc97cf09","messageTitle":"Update DG reorder implementation section","messageBody":"","fileTypesAndContributionMap":{"docs":{"insertions":48,"deletions":48}}}]},{"date":"2022-10-22","commitResults":[{"hash":"c7aa75dbdf190cd87f46135b70b69363a019e4b2","messageTitle":"Implement task find command Part one","messageBody":"","fileTypesAndContributionMap":{"functional-code":{"insertions":106,"deletions":11}}},{"hash":"dc2c0ec1a41fbc0e6befaf491b759c2c54d34bc3","messageTitle":"Implement task find command Part two Also, update bug about task sort exception displaying task todo","messageBody":"","fileTypesAndContributionMap":{"functional-code":{"insertions":6,"deletions":3}}},{"hash":"bf08a5b5e82e00b852efd3b3cab67fe99ee70881","messageTitle":"Fix checkstyle","messageBody":"","fileTypesAndContributionMap":{"functional-code":{"insertions":6,"deletions":1}}},{"hash":"524aeced558d3ca16b5900af89379f2aa13c4b98","messageTitle":"Add unit tests for task sort command parser","messageBody":"","fileTypesAndContributionMap":{"functional-code":{"insertions":3,"deletions":4},"test-code":{"insertions":42,"deletions":0}}},{"hash":"a2864e896228ef3164d9f49e5a4f170bf59ccde5","messageTitle":"Add unit tests to task sort command","messageBody":"","fileTypesAndContributionMap":{"functional-code":{"insertions":2,"deletions":1},"test-code":{"insertions":67,"deletions":0}}}]},{"date":"2022-10-23","commitResults":[{"hash":"58b4b2e04fc582ef9d9a530ac9eaeaeea5f0b6be","messageTitle":"Add shortcut to category words contact and task Commands can now use t and c instead of task and contact","messageBody":"","fileTypesAndContributionMap":{"functional-code":{"insertions":9,"deletions":3},"test-code":{"insertions":20,"deletions":0}}},{"hash":"95ade136e082fbf06b463f50f76fe936999ba4e1","messageTitle":"Add high level unit test","messageBody":"","fileTypesAndContributionMap":{"test-code":{"insertions":11,"deletions":0}}},{"hash":"11bfb00851971a66f152b2523af283dd1a880aa4","messageTitle":"Resolve merge conflict","messageBody":"","fileTypesAndContributionMap":{"test-code":{"insertions":3,"deletions":3}}},{"hash":"ecdb995a6c324dd126513b87030bcff2e21ca5ef","messageTitle":"Remove extra close curly bracket","messageBody":"","fileTypesAndContributionMap":{"functional-code":{"insertions":0,"deletions":1}}},{"hash":"1538c33e59ba66eb8dc9024bbfe1a8e177a11dcc","messageTitle":"Complete task find implementation task find now has option to search by: Description/name key String Assignment FROM/TO Done status Add task find and task find parser tests Update UG to contain task find","messageBody":"","fileTypesAndContributionMap":{"functional-code":{"insertions":171,"deletions":26},"docs":{"insertions":19,"deletions":0},"test-code":{"insertions":128,"deletions":0}}},{"hash":"104ae7261694915bb8d1150a9e55de9f71c0e0f2","messageTitle":"Add contact sort command Removed duplicate methods ModelManager","messageBody":"","fileTypesAndContributionMap":{"functional-code":{"insertions":266,"deletions":26},"test-code":{"insertions":127,"deletions":9}}},{"hash":"91bec7859b409c38abd6840756b3a7d8ef4c7744","messageTitle":"Remove unused import","messageBody":"","fileTypesAndContributionMap":{"functional-code":{"insertions":0,"deletions":1}}},{"hash":"a6bebda4c0c76b692f3c7460768b6e1cfbb0e2da","messageTitle":"Remove unused import","messageBody":"","fileTypesAndContributionMap":{"functional-code":{"insertions":0,"deletions":1}}},{"hash":"3ce54851d68013bc743da8ce6a749f0afdd5568e","messageTitle":"Add task find details to help command","messageBody":"","fileTypesAndContributionMap":{"functional-code":{"insertions":4,"deletions":0}}},{"hash":"de6a2e24e7b6600a56940cfd285c5a8288247766","messageTitle":"Correct format error and magic String abstraction","messageBody":"","fileTypesAndContributionMap":{"functional-code":{"insertions":1,"deletions":1},"docs":{"insertions":1,"deletions":1}}},{"hash":"af218cf8374812665207aa5345b6d26c18c12f0b","messageTitle":"Resolve format issue, merge conflict and add c sort to help","messageBody":"","fileTypesAndContributionMap":{"functional-code":{"insertions":23,"deletions":11}}},{"hash":"518072ec2eeb0c287318ad1e4ba21de7e5eb5323","messageTitle":"Fix method name call issue","messageBody":"","fileTypesAndContributionMap":{"test-code":{"insertions":2,"deletions":2}}},{"hash":"3738d68f845553cbd60788328dcb1091f977d1e0","messageTitle":"Fix format issue","messageBody":"","fileTypesAndContributionMap":{"functional-code":{"insertions":2,"deletions":2}}},{"hash":"179730fd28516ffbc53d9eb641b2c294cd140945","messageTitle":"Add contact find command Update UG to include contact find and contact sort Modify command result of contact sort","messageBody":"","fileTypesAndContributionMap":{"functional-code":{"insertions":128,"deletions":1},"docs":{"insertions":50,"deletions":24},"test-code":{"insertions":86,"deletions":5}}},{"hash":"fa479c2899e39eaf887612484b33004d147d2a6d","messageTitle":"Remove unused import","messageBody":"","fileTypesAndContributionMap":{"test-code":{"insertions":0,"deletions":1}}},{"hash":"8cb14fad30fddf9d44c4cb90bfbc4a5007d8aa57","messageTitle":"Add defensive coding and edit Javadocs","messageBody":"","fileTypesAndContributionMap":{"functional-code":{"insertions":6,"deletions":8}}},{"hash":"8409bcb0e4752d0a81bed9dc690b86018c2ecf5c","messageTitle":"Update javadocs","messageBody":"","fileTypesAndContributionMap":{"functional-code":{"insertions":3,"deletions":3}}}]},{"date":"2022-10-24","commitResults":[{"hash":"84fb0f755c3961bb07dadc32502131f187a74baf","messageTitle":"Add more sorting commands Tasks: Description reverse alphabetical, Date chronological, Date reverse chronological. Contacts: Phone number ascending, Phone number descending, Name reverse alphabetical. Command Results from all sorts and finds are now more descriptive. AB3 find command removed.","messageBody":"","fileTypesAndContributionMap":{"functional-code":{"insertions":455,"deletions":123},"docs":{"insertions":11,"deletions":5},"test-code":{"insertions":144,"deletions":124}}},{"hash":"91428a5befb8d9b66c38afa11f47fac4c61735e3","messageTitle":"Update ui to have dark blue color scheme","messageBody":"","fileTypesAndContributionMap":{"functional-code":{"insertions":1177,"deletions":27}}},{"hash":"e625249011d19d905dee9299c0728b48f798556a","messageTitle":"Update whitespaces to match in Gui","messageBody":"","fileTypesAndContributionMap":{"functional-code":{"insertions":3,"deletions":2}}},{"hash":"c400e9af1a486f75b54e7452bc807dfe2d6c9ec8","messageTitle":"Edit Ui colours","messageBody":"","fileTypesAndContributionMap":{"functional-code":{"insertions":27,"deletions":639}}},{"hash":"ff18ea9fb66349c1c3daa99ab3618c72f6eaef71","messageTitle":"Update Ui style","messageBody":"","fileTypesAndContributionMap":{"functional-code":{"insertions":123,"deletions":20}}},{"hash":"a4e20645ede7293e3d81539d701bfbb787f371fa","messageTitle":"Update help window to link to Task Book UG","messageBody":"","fileTypesAndContributionMap":{"functional-code":{"insertions":1,"deletions":1}}}]},{"date":"2022-10-25","commitResults":[{"hash":"883c34f948533ca9a24d0f0e1c8294782bfae1eb","messageTitle":"Remove trailing whitespaces","messageBody":"","fileTypesAndContributionMap":{"functional-code":{"insertions":1,"deletions":5}}},{"hash":"93fbb3e4561d5885d3b5fb36c13c75ea0dce7c7c","messageTitle":"Remove trailing whitespaces","messageBody":"","fileTypesAndContributionMap":{"functional-code":{"insertions":1,"deletions":1}}},{"hash":"05e02fa7fafd469103045be11c7565fbceef9f5b","messageTitle":"Update javafx version to version 8","messageBody":"","fileTypesAndContributionMap":{"functional-code":{"insertions":3,"deletions":3}}},{"hash":"a80e5b21d00011a555c8665c0109345f2ee6cff9","messageTitle":"Add override tag","messageBody":"","fileTypesAndContributionMap":{"functional-code":{"insertions":1,"deletions":0}}},{"hash":"3323fa19ab70cea7c4f304714a5acbd74444d61f","messageTitle":"Remove whitespace","messageBody":"","fileTypesAndContributionMap":{"functional-code":{"insertions":2,"deletions":1}}},{"hash":"5b0e2881af9a123d549a88babbf2158044c59114","messageTitle":"Update Ui to show task tags Other updates: Contact find command usage message bug fix null list cells now match in colour with border","messageBody":"","fileTypesAndContributionMap":{"functional-code":{"insertions":23,"deletions":2}}}]},{"date":"2022-10-26","commitResults":[{"hash":"8920275d6acf1ec65a8b29aa803143ca782886f0","messageTitle":"Fix bug where tags were not parsed for self assigned tasks","messageBody":"","fileTypesAndContributionMap":{"functional-code":{"insertions":12,"deletions":6}}},{"hash":"fe86b2dea3a64841f349ac793fa9cd930ad90a9a","messageTitle":"Update UGDG and the Ui image","messageBody":"","fileTypesAndContributionMap":{"docs":{"insertions":45,"deletions":36}}},{"hash":"9995bd9e017441df29b71b2a4753a070cc0d69c5","messageTitle":"Update terminology in UGDG Remove old Ui images","messageBody":"","fileTypesAndContributionMap":{"docs":{"insertions":5,"deletions":7}}},{"hash":"ea8e579cc8f56b722c63a1315f2fee97b9646e9a","messageTitle":"Update version number","messageBody":"","fileTypesAndContributionMap":{"functional-code":{"insertions":1,"deletions":1}}},{"hash":"44b3f1b244869c526b8588002401147e6681fb17","messageTitle":"Edit UG","messageBody":"","fileTypesAndContributionMap":{"docs":{"insertions":51,"deletions":47}}},{"hash":"9013286f7afab5bb8699df0a22b83e928e1cd877","messageTitle":"Revert \"Edit UG\"","messageBody":"This reverts commit 44b3f1b244869c526b8588002401147e6681fb17.\n","fileTypesAndContributionMap":{"docs":{"insertions":47,"deletions":51}}},{"hash":"b9e43e5060d194b979cd378421dd6dc62e8d65f9","messageTitle":"Edit UG","messageBody":"","fileTypesAndContributionMap":{"docs":{"insertions":63,"deletions":59}}}]},{"date":"2022-10-28","commitResults":[{"hash":"a03f0f43fcd5c6e76a47fdd9ba2e48e0ae5372c1","messageTitle":"Update version number","messageBody":"","fileTypesAndContributionMap":{"functional-code":{"insertions":1,"deletions":1}}}]},{"date":"2022-10-30","commitResults":[{"hash":"2ca1eda35145eeb3b915219b9e452bcf01f1af62","messageTitle":"Update UG to implement suggested changes in CS2101 review","messageBody":"","fileTypesAndContributionMap":{"docs":{"insertions":128,"deletions":67}}},{"hash":"17162c91856127d3393ab4783062e8fda07a2eef","messageTitle":"Update docs/UserGuide.md","messageBody":"Co-authored-by: Jin Wei \u003c47915290+seetohjinwei@users.noreply.github.com\u003e","fileTypesAndContributionMap":{"docs":{"insertions":4,"deletions":1}}},{"hash":"bd92e0176885c6e6221504f2d080cb077b2ec1fa","messageTitle":"Update UG to include Gui component breakdown","messageBody":"","fileTypesAndContributionMap":{"docs":{"insertions":44,"deletions":2}}},{"hash":"c77d3c51746c96559588882030a53428e07fe44c","messageTitle":"Update UG to mention color coding of tasks","messageBody":"","fileTypesAndContributionMap":{"docs":{"insertions":4,"deletions":4}}},{"hash":"1ce6cfd188077aa9111cda233c86e205081ad4de","messageTitle":"Update help command to contain link to User Guide","messageBody":"","fileTypesAndContributionMap":{"functional-code":{"insertions":3,"deletions":1}}},{"hash":"e274c1fd002975eb867146cc6f3b08a59e7e5eac","messageTitle":"Update sort usage message to include flag","messageBody":"","fileTypesAndContributionMap":{"functional-code":{"insertions":4,"deletions":4}}},{"hash":"068b88ddac713b8d45a59205413083c7b4f717d4","messageTitle":"Enable line wrapping for all fields of task and contact cards","messageBody":"","fileTypesAndContributionMap":{"functional-code":{"insertions":31,"deletions":27}}}]},{"date":"2022-10-31","commitResults":[{"hash":"68a411cbb44d4a9fd06da0a10b172b9e31ea9688","messageTitle":"Update help command Test","messageBody":"","fileTypesAndContributionMap":{"test-code":{"insertions":1,"deletions":1}}},{"hash":"04586ada23830562d13dfb4488299722121900e9","messageTitle":"Update grammatical errors","messageBody":"","fileTypesAndContributionMap":{"docs":{"insertions":5,"deletions":5}}},{"hash":"4f7356f922d2facbc89384919ab8ca48b490d181","messageTitle":"Update nephelite\u0027s PPP","messageBody":"","fileTypesAndContributionMap":{"docs":{"insertions":66,"deletions":11}}}]},{"date":"2022-11-02","commitResults":[{"hash":"107223dd5d567ab80f3be55c44134d48e4e5d89d","messageTitle":"Update UG to be more clear about alphabetical sorting","messageBody":"","fileTypesAndContributionMap":{"docs":{"insertions":20,"deletions":2}}},{"hash":"c57fcb5ce1cc3163297b03b1bf45edbde490801e","messageTitle":"Update UG to explicitly reject country code extensions","messageBody":"","fileTypesAndContributionMap":{"docs":{"insertions":7,"deletions":0}}},{"hash":"a3c0b8471303fff7f698d126be46a4a64c999330","messageTitle":"Remove phone number sort Also updated messages of sorting to be consistent with UG","messageBody":"","fileTypesAndContributionMap":{"functional-code":{"insertions":10,"deletions":139},"docs":{"insertions":6,"deletions":8},"test-code":{"insertions":0,"deletions":26}}},{"hash":"981c327ffc5510b4f53b5a14fe33a1d128b52932","messageTitle":"Remove phone sort testing","messageBody":"","fileTypesAndContributionMap":{"test-code":{"insertions":0,"deletions":12}}}]},{"date":"2022-11-04","commitResults":[{"hash":"6c85806f2f8f17160627533302f44b9318ec83f2","messageTitle":"Update sort order example format","messageBody":"","fileTypesAndContributionMap":{"docs":{"insertions":2,"deletions":2}}}]},{"date":"2022-11-05","commitResults":[{"hash":"5e8094b8a19e5979b55aa704d501423ef77e12b6","messageTitle":"Update notation table and grammar fix","messageBody":"","fileTypesAndContributionMap":{"docs":{"insertions":2,"deletions":1}}},{"hash":"11e2fcd040b9b3b2566bb38fa6d0aa8c085c339f","messageTitle":"Update UG after consultation Note that branch name is incorrect, should be ug and not ui","messageBody":"","fileTypesAndContributionMap":{"docs":{"insertions":242,"deletions":88}}},{"hash":"2ec4625df898ad5e78b2a76a5cc244dfa8c82746","messageTitle":"Update inverted commas to be Ascii compliant","messageBody":"","fileTypesAndContributionMap":{"docs":{"insertions":11,"deletions":11}}},{"hash":"29e231d673db1425e1975ceb3b6af6f02b4283b9","messageTitle":"Fix typo","messageBody":"","fileTypesAndContributionMap":{"docs":{"insertions":1,"deletions":1}}},{"hash":"9dd9c23d06262b715d49ae9480582c3f0ec19120","messageTitle":"Update ug to apply requested changes","messageBody":"","fileTypesAndContributionMap":{"docs":{"insertions":22,"deletions":22}}}]},{"date":"2022-11-06","commitResults":[{"hash":"7e2fe0660b7e91348d178a2a87a78794fc3e0426","messageTitle":"Update docs/UserGuide.md","messageBody":"Co-authored-by: Dexter \u003c95021334+dexter-sim@users.noreply.github.com\u003e","fileTypesAndContributionMap":{"docs":{"insertions":1,"deletions":1}}},{"hash":"f5512526afd877d9615c26af72d6b39c02bc8db3","messageTitle":"Update docs/UserGuide.md","messageBody":"Co-authored-by: Dexter \u003c95021334+dexter-sim@users.noreply.github.com\u003e","fileTypesAndContributionMap":{"docs":{"insertions":1,"deletions":1}}},{"hash":"161cf8e774586c0a25f8233c62430ff7869fdf63","messageTitle":"Update docs/UserGuide.md","messageBody":"Co-authored-by: Dexter \u003c95021334+dexter-sim@users.noreply.github.com\u003e","fileTypesAndContributionMap":{"docs":{"insertions":1,"deletions":1}}},{"hash":"3f3573e34380fe2e9f1544340427fc5d62f7c498","messageTitle":"Update docs/UserGuide.md","messageBody":"Co-authored-by: Dexter \u003c95021334+dexter-sim@users.noreply.github.com\u003e","fileTypesAndContributionMap":{"docs":{"insertions":1,"deletions":1}}},{"hash":"35c8d84055515776f1391346b3582310e4b25808","messageTitle":"Update docs/UserGuide.md","messageBody":"Co-authored-by: Dexter \u003c95021334+dexter-sim@users.noreply.github.com\u003e","fileTypesAndContributionMap":{"docs":{"insertions":1,"deletions":1}}},{"hash":"909ea28c3b81bef8b48749d72dbb58eb06d944a5","messageTitle":"Update code to improve code quality Also fixed bug where description sorting is not case sensitive. This contradicts the UG that says sorting is case sensitive. This is thus a bug that must be fixed. Made code match UG description.","messageBody":"","fileTypesAndContributionMap":{"functional-code":{"insertions":68,"deletions":39}}},{"hash":"cbd661684daea6f63f54bd206cd0c621830ee12f","messageTitle":"Update code to ensure feature freeze is not broken","messageBody":"","fileTypesAndContributionMap":{"functional-code":{"insertions":1,"deletions":1},"docs":{"insertions":1,"deletions":1}}},{"hash":"12e87cf2d08b6e9b41d420f606384e354ab16dcb","messageTitle":"Update ug to fix formatting issues","messageBody":"","fileTypesAndContributionMap":{"docs":{"insertions":1,"deletions":11}}},{"hash":"16c261aa2240f784cc1ac6bff5290ad928649f83","messageTitle":"Update ug","messageBody":"","fileTypesAndContributionMap":{"docs":{"insertions":1,"deletions":1}}},{"hash":"936cd8437c2997685ce31f3002ae4c828408de91","messageTitle":"Update ug format","messageBody":"","fileTypesAndContributionMap":{"docs":{"insertions":3,"deletions":3}}},{"hash":"fc1894835b0fd19ccca5d331849e0bb8dd1484d2","messageTitle":"Update UG lists","messageBody":"","fileTypesAndContributionMap":{"docs":{"insertions":2,"deletions":2}}},{"hash":"2d0b23972ecaac807afd8c7c16d2745791baa9b2","messageTitle":"Update ug","messageBody":"","fileTypesAndContributionMap":{"docs":{"insertions":1,"deletions":1}}},{"hash":"b4692e8b5489f9d9fd34ffb1b80c68f19910162c","messageTitle":"Revert \"Update ug\"","messageBody":"This reverts commit 2d0b23972ecaac807afd8c7c16d2745791baa9b2.\n","fileTypesAndContributionMap":{"docs":{"insertions":1,"deletions":1}}},{"hash":"77f046a3a65e3b658f30cd6771fd30a497d0e89f","messageTitle":"Revert list changes","messageBody":"","fileTypesAndContributionMap":{"docs":{"insertions":1,"deletions":1}}}]}],"bananamonkey4655":[{"date":"2022-09-19","commitResults":[{"hash":"eec051ea28848fb830e0022879e97965018fcd13","messageTitle":"Update aboutme","messageBody":"","fileTypesAndContributionMap":{"docs":{"insertions":5,"deletions":5}}},{"hash":"84c5124b2ae6b5a6842f854bdeeb5a3b33d41eab","messageTitle":"Revert \"Update aboutme\"","messageBody":"This reverts commit eec051ea28848fb830e0022879e97965018fcd13.\n","fileTypesAndContributionMap":{"docs":{"insertions":5,"deletions":5}}},{"hash":"b42dc0a342aff079ee0ab1efffe12fe03abb6bd6","messageTitle":"Add bananamonkey4655 AboutUs","messageBody":"","fileTypesAndContributionMap":{"docs":{"insertions":6,"deletions":5}}},{"hash":"9e36b466064201fdf90fe3f29e580a8c9d52d52d","messageTitle":"Add newline to end of file to remove error","messageBody":"","fileTypesAndContributionMap":{"docs":{"insertions":0,"deletions":40}}},{"hash":"cc557834e248f0e3ba4061447989a1a5ccd6326a","messageTitle":"Update user guide: add tasks, bye, command summary","messageBody":"","fileTypesAndContributionMap":{"docs":{"insertions":19,"deletions":4}}},{"hash":"8175c24d79624c225266fc0146f92d2627406d48","messageTitle":"Add PPP skeleton for Humphrey","messageBody":"","fileTypesAndContributionMap":{"docs":{"insertions":32,"deletions":0}}}]},{"date":"2022-10-04","commitResults":[{"hash":"371e989780731ee19c7b23873acef3971c41999a","messageTitle":"add functions to get person, given name","messageBody":"","fileTypesAndContributionMap":{"functional-code":{"insertions":39,"deletions":0}}},{"hash":"c2768d14b0e76b22511446c56a223b721cabdc45","messageTitle":"implement add task to model and addressbook","messageBody":"","fileTypesAndContributionMap":{"functional-code":{"insertions":33,"deletions":5}}},{"hash":"6a88ff4f3a25c67037f5d4d9dba5116194393589","messageTitle":"update TaskAddCommand message strings","messageBody":"","fileTypesAndContributionMap":{"functional-code":{"insertions":2,"deletions":2}}},{"hash":"f885166476fff1c2b57240740435a1f6ebba86ba","messageTitle":"fix javadocs and checkstyle","messageBody":"","fileTypesAndContributionMap":{"functional-code":{"insertions":3,"deletions":1}}},{"hash":"9edd8627d1f90301ca56e2854c92a7f77b1db771","messageTitle":"fix tests: unimplemented model stub methods","messageBody":"","fileTypesAndContributionMap":{"test-code":{"insertions":12,"deletions":0}}},{"hash":"a4a9478fb35a31e55c22e60ab8e14c031a4df01e","messageTitle":"edit taskbook name in javadocs","messageBody":"","fileTypesAndContributionMap":{"functional-code":{"insertions":1,"deletions":1}}}]},{"date":"2022-10-06","commitResults":[{"hash":"573be3dc947c78c89516c78f90765c8344a432d8","messageTitle":"implement execute for task delete using filteredlist","messageBody":"","fileTypesAndContributionMap":{"functional-code":{"insertions":73,"deletions":7}}},{"hash":"001bbd64bb2c7ad4a0685b9a60670027f56d5416","messageTitle":"add unit tests","messageBody":"","fileTypesAndContributionMap":{"test-code":{"insertions":36,"deletions":4}}},{"hash":"44e937b93562d1547f8f25c978027c19fb9c2043","messageTitle":"add javadocs for modelmanager","messageBody":"","fileTypesAndContributionMap":{"functional-code":{"insertions":4,"deletions":0}}},{"hash":"0b60ee1cd28fdffde1080f40f873ca6732f34d61","messageTitle":"fix checkstyle errors","messageBody":"","fileTypesAndContributionMap":{"functional-code":{"insertions":8,"deletions":1}}},{"hash":"5a9068ae94d0e890936fdcf93a2a0d9849efca05","messageTitle":"fix checkstyle again","messageBody":"","fileTypesAndContributionMap":{"functional-code":{"insertions":0,"deletions":4}}},{"hash":"8aa2456651638b3e9c8308b42f336a17e47b2be0","messageTitle":"fix checkstyle again again","messageBody":"","fileTypesAndContributionMap":{"test-code":{"insertions":7,"deletions":6}}},{"hash":"6f7a85314955c992da6628e5c6bf620f82b1cc10","messageTitle":"fix final","messageBody":"","fileTypesAndContributionMap":{"test-code":{"insertions":3,"deletions":1}}}]},{"date":"2022-10-10","commitResults":[{"hash":"6456ba883e55dd13959fd417d87002d3e69d5486","messageTitle":"add unit tests for task","messageBody":"","fileTypesAndContributionMap":{"functional-code":{"insertions":1,"deletions":1},"test-code":{"insertions":95,"deletions":16}}},{"hash":"234bf9aa9c8937fe441b0f7a71c3a492a02d7d96","messageTitle":"fix checkstyle","messageBody":"","fileTypesAndContributionMap":{"test-code":{"insertions":8,"deletions":8}}}]},{"date":"2022-10-13","commitResults":[{"hash":"a3dfbc05fabd097a6a3e389bf8e7656a6907d379","messageTitle":"Refactor task into todo","messageBody":"","fileTypesAndContributionMap":{"functional-code":{"insertions":38,"deletions":7},"test-code":{"insertions":2,"deletions":1}}},{"hash":"6d4a1ddf3aa36d40c89b0de68df0651bcb434c52","messageTitle":"Add Deadline and Event classes","messageBody":"","fileTypesAndContributionMap":{"functional-code":{"insertions":202,"deletions":4}}},{"hash":"60f504f4fde2b4e78b3c7b211c26bdc9186d73f8","messageTitle":"Fix checkstyle, and fix equals method for Deadline and Event","messageBody":"","fileTypesAndContributionMap":{"functional-code":{"insertions":9,"deletions":8}}},{"hash":"e98e6e97c6bfb7de6461671adbf1e5f583a5e2f7","messageTitle":"Remove unnecessary comments from code","messageBody":"","fileTypesAndContributionMap":{"functional-code":{"insertions":1,"deletions":22}}}]},{"date":"2022-10-16","commitResults":[{"hash":"2397c0ff7c03121a4834f331456e9d2c61532028","messageTitle":"Add unit tests for execute methods in: task add command classes","messageBody":"","fileTypesAndContributionMap":{"functional-code":{"insertions":2,"deletions":1},"test-code":{"insertions":347,"deletions":159}}},{"hash":"ec2c5a2eefe8187816c8c0c15ea4d65fdda9391f","messageTitle":"Fix checkstyle","messageBody":"","fileTypesAndContributionMap":{"test-code":{"insertions":9,"deletions":14}}},{"hash":"6debb6b5bb80e4dd4d8d1dd06923f73f946b8d89","messageTitle":"Remove unnecessary code","messageBody":"","fileTypesAndContributionMap":{"functional-code":{"insertions":0,"deletions":1},"test-code":{"insertions":1,"deletions":1}}}]},{"date":"2022-10-19","commitResults":[{"hash":"53629e7119b01e83739168ae06070b1f50893ecb","messageTitle":"update dg with tag task feature","messageBody":"","fileTypesAndContributionMap":{"docs":{"insertions":111,"deletions":1}}}]},{"date":"2022-10-23","commitResults":[{"hash":"3a0b73bf2a7763774dfa324962173d8a3c0bc9be","messageTitle":"Add tags for Todo","messageBody":"","fileTypesAndContributionMap":{"functional-code":{"insertions":116,"deletions":10},"docs":{"insertions":1,"deletions":0}}}]},{"date":"2022-10-24","commitResults":[{"hash":"ca75872f45ec24e1e4cdb080f9bfc3309ac617be","messageTitle":"Add tags to Deadline and Event tasks","messageBody":"","fileTypesAndContributionMap":{"functional-code":{"insertions":107,"deletions":17}}},{"hash":"e2f354e99879c671be38a76fa81032b34f7bf77b","messageTitle":"Allow tasks to have editable tags","messageBody":"","fileTypesAndContributionMap":{"functional-code":{"insertions":61,"deletions":11}}},{"hash":"8872bfdec6e9671a4dba276670749a422bbe2b79","messageTitle":"Fix missing tokenize tag argument in parsers","messageBody":"","fileTypesAndContributionMap":{"functional-code":{"insertions":4,"deletions":2}}},{"hash":"d0e8ed3511ac56b86cb8259a2dedf71672382960","messageTitle":"Include task tags to be saved in storage","messageBody":"","fileTypesAndContributionMap":{"functional-code":{"insertions":73,"deletions":18}}},{"hash":"2450e8cd7d135b3fb0922e31fc18723094ccfaea","messageTitle":"Fix documentation and user guide","messageBody":"","fileTypesAndContributionMap":{"functional-code":{"insertions":3,"deletions":3},"docs":{"insertions":45,"deletions":45}}},{"hash":"6d5002ae23cf97ab32383cdc1c0846747d0cfd85","messageTitle":"Fix checkstyle","messageBody":"","fileTypesAndContributionMap":{"functional-code":{"insertions":5,"deletions":6}}},{"hash":"0e8b0695270d1abd897e34a815f08395a92679c2","messageTitle":"Fix userguide formatting","messageBody":"","fileTypesAndContributionMap":{"docs":{"insertions":20,"deletions":20}}},{"hash":"9cc2aeeaea640ad99be52469a29e3e22f3c58bea","messageTitle":"Integrate tags with TaskBuilder classes","messageBody":"","fileTypesAndContributionMap":{"functional-code":{"insertions":11,"deletions":3},"test-code":{"insertions":65,"deletions":7}}},{"hash":"16e3aa67ca1c3c62e373d4b5712f0789e16eed81","messageTitle":"Fix checkstyle","messageBody":"","fileTypesAndContributionMap":{"functional-code":{"insertions":2,"deletions":2}}},{"hash":"8c24d1c384fa35dce7468efdf64aad06cf4947d0","messageTitle":"Change tag prefix","messageBody":"","fileTypesAndContributionMap":{"functional-code":{"insertions":1,"deletions":1},"docs":{"insertions":43,"deletions":43}}},{"hash":"50951abc2e8ce55dd4c93ee32307025ef7c46324","messageTitle":"Fix command use instructions","messageBody":"","fileTypesAndContributionMap":{"functional-code":{"insertions":3,"deletions":3}}}]},{"date":"2022-10-25","commitResults":[{"hash":"485b9206c1e15eeb9698aea53d885467bc9a2c87","messageTitle":"Fix PR","messageBody":"","fileTypesAndContributionMap":{"functional-code":{"insertions":1,"deletions":1},"test-code":{"insertions":2,"deletions":2}}},{"hash":"5b065330fb22276648e57e1349e3b6b8ad8a84f8","messageTitle":"Implement task list command","messageBody":"","fileTypesAndContributionMap":{"functional-code":{"insertions":5,"deletions":1}}},{"hash":"e8f83c154f38ec3ae92c2a3f550026da0815258f","messageTitle":"Add unit, integration tests for TaskListCommand","messageBody":"","fileTypesAndContributionMap":{"functional-code":{"insertions":1,"deletions":2},"test-code":{"insertions":57,"deletions":1}}},{"hash":"b58913b911b17f2d5e9453ce607e656bf07e83ba","messageTitle":"Fix docs","messageBody":"","fileTypesAndContributionMap":{"functional-code":{"insertions":1,"deletions":2}}}]},{"date":"2022-10-30","commitResults":[{"hash":"fe6679b24dd61a421d431bb441cbe51479f3db06","messageTitle":"fix ug","messageBody":"","fileTypesAndContributionMap":{"docs":{"insertions":6,"deletions":3}}},{"hash":"4f6d07ac0e5fd7157d81d92d4095492e31ff13b1","messageTitle":"Reset to all tasks shown on UI after adding a task","messageBody":"","fileTypesAndContributionMap":{"functional-code":{"insertions":1,"deletions":0}}},{"hash":"99c1fe6154910126e388c26d40faf090850e2652","messageTitle":"Clarify contact, task find UI reset on add new","messageBody":"","fileTypesAndContributionMap":{"docs":{"insertions":3,"deletions":0}}},{"hash":"ffe5dde34f42af2659806d45756adf9d3a0c7b45","messageTitle":"Remove empty line","messageBody":"","fileTypesAndContributionMap":{"docs":{"insertions":0,"deletions":1}}}]},{"date":"2022-10-31","commitResults":[{"hash":"d6f22010dfbaefc57194d5055cab0b4502fe50ae","messageTitle":"fix standard full names","messageBody":"","fileTypesAndContributionMap":{"docs":{"insertions":4,"deletions":4}}},{"hash":"6e1859bc5b2a8415c769e844eda0ae84b5096f00","messageTitle":"Change format of note and add hyperlink","messageBody":"","fileTypesAndContributionMap":{"docs":{"insertions":12,"deletions":2}}},{"hash":"43d81162c809fecf77083c8ec721188e00a2f67d","messageTitle":"Undo accident remove hyphen","messageBody":"","fileTypesAndContributionMap":{"docs":{"insertions":1,"deletions":1}}},{"hash":"4616d81683568946e0777c31fdf5c41647843e63","messageTitle":"Add elaboration on duplicate contact/tasks","messageBody":"","fileTypesAndContributionMap":{"docs":{"insertions":8,"deletions":0}}}]},{"date":"2022-11-02","commitResults":[{"hash":"adea5ea49cc9223f058ce47d06d47a5353125501","messageTitle":"Change duplicate elaboration","messageBody":"","fileTypesAndContributionMap":{"docs":{"insertions":8,"deletions":3}}},{"hash":"8841470b63eab9a04657a5c0e41cb239143bc9ae","messageTitle":"Add elaboration for duplicates under edit","messageBody":"","fileTypesAndContributionMap":{"docs":{"insertions":6,"deletions":0}}},{"hash":"28128bbf4751465d0fb5828bf0e586de9e2615b1","messageTitle":"Fix indentation","messageBody":"","fileTypesAndContributionMap":{"docs":{"insertions":2,"deletions":1}}},{"hash":"ff77678765c9801835be70562237cc0d8db94929","messageTitle":"Elaborate on command syntax","messageBody":"","fileTypesAndContributionMap":{"docs":{"insertions":4,"deletions":2}}},{"hash":"67037aaec757c76f7ccbb66c6e6aaaa0464aaab4","messageTitle":"Fix indentation","messageBody":"","fileTypesAndContributionMap":{"docs":{"insertions":2,"deletions":4}}}]},{"date":"2022-11-04","commitResults":[{"hash":"948475e50ce4a7b89b6fc4ba92ed924b3e47fad4","messageTitle":"Add PPP draft","messageBody":"","fileTypesAndContributionMap":{"docs":{"insertions":17,"deletions":16}}},{"hash":"b8c623544eba20f5d13ff46be3e591038d542ce7","messageTitle":"Fix header","messageBody":"","fileTypesAndContributionMap":{"docs":{"insertions":1,"deletions":1}}},{"hash":"cbaae736931152c66939d1d70984b352e35a2107","messageTitle":"Fix typo","messageBody":"","fileTypesAndContributionMap":{"docs":{"insertions":1,"deletions":1}}}]},{"date":"2022-11-05","commitResults":[{"hash":"83a358cc11225dd6b6ad9fdcf8c43f57b6f54b18","messageTitle":"Add constraints for tag","messageBody":"","fileTypesAndContributionMap":{"docs":{"insertions":4,"deletions":0}}}]}],"seetohjinwei":[{"date":"2022-09-18","commitResults":[{"hash":"33b8d9377638cfef3b692d415461cd651a7f745e","messageTitle":"Add seetohjinwei AboutUs","messageBody":"","fileTypesAndContributionMap":{"docs":{"insertions":5,"deletions":44}}}]},{"date":"2022-09-19","commitResults":[{"hash":"6c6e745aadae72b694b3bb26a8101895816096bf","messageTitle":"Add seetohjinwei PPP","messageBody":"","fileTypesAndContributionMap":{"docs":{"insertions":34,"deletions":0}}},{"hash":"31c9794517b0e086c11b293bd34f3994b62e026f","messageTitle":"UserGuide.md: Update Quick Start, Delete Commands","messageBody":"","fileTypesAndContributionMap":{"docs":{"insertions":30,"deletions":20}}}]},{"date":"2022-09-23","commitResults":[{"hash":"ec6ae81b786cc101214decf49d7297b2718e3740","messageTitle":"Rename AddressBookParser to TaskBookParser","messageBody":"","fileTypesAndContributionMap":{"functional-code":{"insertions":4,"deletions":4},"other":{"insertions":3,"deletions":3},"docs":{"insertions":27,"deletions":27}}},{"hash":"f0359d893133f935d75798f4c914b75cc116357d","messageTitle":"Add skeleton category parsers","messageBody":"","fileTypesAndContributionMap":{"functional-code":{"insertions":94,"deletions":38}}},{"hash":"9201f47996faf99d390fd1ef0da5469296bc802f","messageTitle":"Move exit command","messageBody":"","fileTypesAndContributionMap":{"functional-code":{"insertions":9,"deletions":1},"other":{"insertions":3,"deletions":1},"test-code":{"insertions":3,"deletions":2}}},{"hash":"fcc570a201ad5cf8c4b88741a0130b00539857a7","messageTitle":"Move contact add command","messageBody":"","fileTypesAndContributionMap":{"functional-code":{"insertions":5,"deletions":5},"other":{"insertions":34,"deletions":29},"test-code":{"insertions":7,"deletions":7}}},{"hash":"28b36ba9de1886b12e58a0480423d91e7ab93aa2","messageTitle":"Move contact delete command","messageBody":"","fileTypesAndContributionMap":{"functional-code":{"insertions":5,"deletions":5},"other":{"insertions":27,"deletions":23},"test-code":{"insertions":4,"deletions":4}}},{"hash":"0ec042150fffadc099eef988cbbb389b305b894c","messageTitle":"Move contact list command","messageBody":"","fileTypesAndContributionMap":{"other":{"insertions":8,"deletions":5},"test-code":{"insertions":6,"deletions":6}}},{"hash":"06a8830f8e4421d15570b9201a194bba9e22ccd7","messageTitle":"Add skeleton for add, delete, list task commands","messageBody":"","fileTypesAndContributionMap":{"functional-code":{"insertions":48,"deletions":0}}},{"hash":"ef39c21b1e61384d79ae59e456069afc74447e1a","messageTitle":"Update individual command parsers","messageBody":"","fileTypesAndContributionMap":{"functional-code":{"insertions":42,"deletions":0},"other":{"insertions":23,"deletions":14}}},{"hash":"7e182df6a8d9def3c8999c87e0912f91b402534a","messageTitle":"Update category parsers","messageBody":"","fileTypesAndContributionMap":{"functional-code":{"insertions":39,"deletions":2}}},{"hash":"d37d6ce3b4b54e80310e3f06c8c31c003dac1f09","messageTitle":"Update TaskBookParser and LogicManager tests","messageBody":"","fileTypesAndContributionMap":{"test-code":{"insertions":52,"deletions":45}}},{"hash":"80765335482efebd213a8215ec21b12e2e23c18f","messageTitle":"Add basic category parser tests","messageBody":"","fileTypesAndContributionMap":{"other":{"insertions":2,"deletions":2},"test-code":{"insertions":87,"deletions":0}}},{"hash":"1120f38d4175b94c94c4d519649bf74ca04f27ef","messageTitle":" Update docs for Category Commands","messageBody":"","fileTypesAndContributionMap":{"docs":{"insertions":4,"deletions":3}}}]},{"date":"2022-10-06","commitResults":[{"hash":"b337dc5d7b04828a53eeb64bf0fca038eae15025","messageTitle":"index.md: Update AddressBook to TaskBook","messageBody":"","fileTypesAndContributionMap":{"docs":{"insertions":6,"deletions":6}}},{"hash":"f91c86066f081a91b73575e49f07fc9eacca1b78","messageTitle":"MainWindow.fxml: Update Address App to TaskBook","messageBody":"","fileTypesAndContributionMap":{"functional-code":{"insertions":1,"deletions":1}}},{"hash":"45f616fc97a04f0fb950e766d1a3198edad15ffa","messageTitle":"DevOps.md: Update codecov badge","messageBody":"","fileTypesAndContributionMap":{"docs":{"insertions":1,"deletions":1}}},{"hash":"2893db596db2478874e00a5dfa1239fb884b1612","messageTitle":"Add TaskBuilder","messageBody":"","fileTypesAndContributionMap":{"test-code":{"insertions":70,"deletions":0}}}]},{"date":"2022-10-09","commitResults":[{"hash":"acd752e0512a974857f315cde1fd521e37e6f96f","messageTitle":"UserGuide.md: Fix task add format","messageBody":"","fileTypesAndContributionMap":{"docs":{"insertions":8,"deletions":6}}},{"hash":"fbf760e2871e3d9182a06717306c6869a9a13b39","messageTitle":"UserGuide.md: Update command summary","messageBody":"","fileTypesAndContributionMap":{"docs":{"insertions":10,"deletions":9}}},{"hash":"777a2be1482220e117ff330952973107e694ec7c","messageTitle":"UserGuide.md: Fix line breaks","messageBody":"","fileTypesAndContributionMap":{"docs":{"insertions":2,"deletions":0}}}]},{"date":"2022-10-13","commitResults":[{"hash":"5393f4848b8be821c0ee0e7ef06ccd5f1177dc6a","messageTitle":"Add DateParser","messageBody":"","fileTypesAndContributionMap":{"functional-code":{"insertions":39,"deletions":0},"docs":{"insertions":12,"deletions":0}}},{"hash":"83b38d91458b4cf7c53a6d41b6a449f28f61f4e0","messageTitle":"Add tests for DateParser","messageBody":"","fileTypesAndContributionMap":{"functional-code":{"insertions":0,"deletions":1},"docs":{"insertions":0,"deletions":1},"test-code":{"insertions":62,"deletions":0}}},{"hash":"8d997e970190d759faaafc8bfde0fa38390fb9d6","messageTitle":"TaskBook.java: Update equals and hashCode","messageBody":"","fileTypesAndContributionMap":{"functional-code":{"insertions":3,"deletions":2}}},{"hash":"86306f3a1e83b4867002ff257f480711035b3937","messageTitle":"typicalPersonsTaskBook.json: Fix test case","messageBody":"","fileTypesAndContributionMap":{"test-code":{"insertions":2,"deletions":2}}},{"hash":"b95b0f6b458f938f173c7c6b9b1522692324b72a","messageTitle":"TaskBookTest.java: Fix casing, add test","messageBody":"","fileTypesAndContributionMap":{"functional-code":{"insertions":1,"deletions":0},"test-code":{"insertions":13,"deletions":8}}},{"hash":"092e91cdb6607e7c9ea071577e345b61233f2c58","messageTitle":"Update ContactDelete to block invalid execution","messageBody":"","fileTypesAndContributionMap":{"functional-code":{"insertions":64,"deletions":2},"test-code":{"insertions":56,"deletions":12}}},{"hash":"17dbaf636503187b9e642c96c8d08cd50e439417","messageTitle":"Move and rename contact edit classes","messageBody":"","fileTypesAndContributionMap":{"other":{"insertions":70,"deletions":61},"test-code":{"insertions":17,"deletions":15}}},{"hash":"5812d6e4d80bac6656070d988075f7be6174f158","messageTitle":"Add ContactEditCommand","messageBody":"","fileTypesAndContributionMap":{"functional-code":{"insertions":19,"deletions":8},"test-code":{"insertions":35,"deletions":23}}},{"hash":"e79b0e4a0f101ad2a3a9e74eff8d62ec1b32eacf","messageTitle":"UserGuide.md: Update contact delete, edit","messageBody":"","fileTypesAndContributionMap":{"docs":{"insertions":19,"deletions":2}}}]},{"date":"2022-10-14","commitResults":[{"hash":"4c3c505c73d10dbc3a8ecc1501017f0a93f5d94d","messageTitle":"UserGuide.md: Update task edit","messageBody":"","fileTypesAndContributionMap":{"docs":{"insertions":21,"deletions":2}}},{"hash":"fe5c92f92bdcb15937e14ce984a12d10dca6b62f","messageTitle":"ContactEditCommand: Update usage message","messageBody":"","fileTypesAndContributionMap":{"functional-code":{"insertions":12,"deletions":11}}},{"hash":"976d04a02d037102afbdd14a18bee3f01893c293","messageTitle":"Model: Add a few methods to interface","messageBody":"* hasTask\n* setTask\n* updateFilteredTaskList\n","fileTypesAndContributionMap":{"functional-code":{"insertions":39,"deletions":0},"test-code":{"insertions":14,"deletions":0}}},{"hash":"0f66279776ce48f59dfe62c5957c83b503e1f3e0","messageTitle":"Add TaskEditCommand and associated classes","messageBody":"","fileTypesAndContributionMap":{"functional-code":{"insertions":356,"deletions":1}}},{"hash":"2d627f1c2ee35e4b1e74de4b999950e716e30603","messageTitle":"Add tests for TaskEditCommandParser","messageBody":"","fileTypesAndContributionMap":{"test-code":{"insertions":248,"deletions":0}}},{"hash":"d610cc6e99e9213139cb1dbd026fc6cf5389ba9c","messageTitle":"Add tests for TaskEditCommand","messageBody":"","fileTypesAndContributionMap":{"test-code":{"insertions":132,"deletions":0}}},{"hash":"ca9ffd0c7267a76ef7e4a67114c847871c03c3a7","messageTitle":"Propagate name change to associated tasks","messageBody":"","fileTypesAndContributionMap":{"functional-code":{"insertions":37,"deletions":0}}}]},{"date":"2022-10-15","commitResults":[{"hash":"a306a3477d11058ba0ead43b3713cc07a74d80e9","messageTitle":"TaskEdit: Use sorted instead filtered list","messageBody":"","fileTypesAndContributionMap":{"functional-code":{"insertions":1,"deletions":1}}}]},{"date":"2022-10-16","commitResults":[{"hash":"465e16957cc314493bce697f685bf3aefbd8b6e4","messageTitle":"build.gradle: Enable run assertions","messageBody":"","fileTypesAndContributionMap":{"other":{"insertions":4,"deletions":0}}},{"hash":"0d75159148c08deb9b19b85b4d2d0496ba11a117","messageTitle":"DeveloperGuide: Rename address book to task book","messageBody":"","fileTypesAndContributionMap":{"docs":{"insertions":27,"deletions":27}}},{"hash":"d237dd8f2f32194cbb508100691c37a0404f9d51","messageTitle":"Diagrams: Rename address book to task book","messageBody":"","fileTypesAndContributionMap":{"docs":{"insertions":37,"deletions":37}}}]},{"date":"2022-10-18","commitResults":[{"hash":"6c2ec3cd8851c8a06497da767f45eb0ebbe3a7fe","messageTitle":"DeveloperGuide: Add command history navigation","messageBody":"","fileTypesAndContributionMap":{"docs":{"insertions":55,"deletions":3}}},{"hash":"c70b47a8bfc7e94afef90a445c2d9827ca2a5697","messageTitle":"DeveloperGuide: Add sequence diagram for next cmd","messageBody":"","fileTypesAndContributionMap":{"docs":{"insertions":57,"deletions":1}}},{"hash":"bf7be6ba33c352946ff6bbbb0fd72c157d0dc4db","messageTitle":"UserGuide.md: Add command history","messageBody":"","fileTypesAndContributionMap":{"docs":{"insertions":41,"deletions":17}}},{"hash":"635bf391b13b88e54a5a355606f81a32e4487e79","messageTitle":"Add command history navigation feature","messageBody":"","fileTypesAndContributionMap":{"functional-code":{"insertions":198,"deletions":2},"docs":{"insertions":20,"deletions":27}}},{"hash":"6cb12c685f9cb9157bc40bec33a67ca65d1a76ac","messageTitle":"Add unit tests for command history navigation","messageBody":"","fileTypesAndContributionMap":{"test-code":{"insertions":124,"deletions":0}}},{"hash":"86f1a2775be191084f12981ff5c40897c7d77bd1","messageTitle":"DG: Remove \"proposed\" from command history","messageBody":"","fileTypesAndContributionMap":{"docs":{"insertions":4,"deletions":4}}},{"hash":"8d8bdc60d037d9e5498b74bcba25c939e59ed717","messageTitle":"build.gradle: Rename jar to taskbook","messageBody":"","fileTypesAndContributionMap":{"other":{"insertions":1,"deletions":1}}}]},{"date":"2022-10-19","commitResults":[{"hash":"f63e2873b608ddaad9b74cbd719cf77d749056d7","messageTitle":"DG: Add activity diagram","messageBody":"","fileTypesAndContributionMap":{"docs":{"insertions":27,"deletions":2}}},{"hash":"90e50e52aeb0c4fe8d506e40e5ac2ec850cefd46","messageTitle":"DG, UG: Update undo and redo documentation","messageBody":"","fileTypesAndContributionMap":{"functional-code":{"insertions":1,"deletions":1},"docs":{"insertions":29,"deletions":8}}}]},{"date":"2022-10-20","commitResults":[{"hash":"99a244c3499f63a54591f5ead464570f54361f89","messageTitle":"CommandHistoryActivityDiagram: Update diagram","messageBody":"","fileTypesAndContributionMap":{"docs":{"insertions":0,"deletions":4}}},{"hash":"e4ba3cce6916e22827536120a4f3b4b324069d89","messageTitle":"Add VersionedTaskBook with its unit tests","messageBody":"","fileTypesAndContributionMap":{"functional-code":{"insertions":132,"deletions":0},"test-code":{"insertions":151,"deletions":0}}},{"hash":"0866637b3dae9481857f1169486af3a5931a41c4","messageTitle":"VersionedTaskBook: Update to throw exception","messageBody":"","fileTypesAndContributionMap":{"functional-code":{"insertions":31,"deletions":4},"docs":{"insertions":8,"deletions":3},"test-code":{"insertions":28,"deletions":26}}},{"hash":"1025d710d8f9beb5586a376302875eafbca3f5a2","messageTitle":"VersionedTaskBook: Update implementation and docs","messageBody":"","fileTypesAndContributionMap":{"functional-code":{"insertions":33,"deletions":4},"docs":{"insertions":40,"deletions":40},"test-code":{"insertions":38,"deletions":0}}},{"hash":"525bc411dd71852413a562c85bbbbacb0fb1dc0c","messageTitle":"Update Model to support VersionedTaskBook","messageBody":"","fileTypesAndContributionMap":{"functional-code":{"insertions":60,"deletions":4},"test-code":{"insertions":26,"deletions":0}}}]},{"date":"2022-10-21","commitResults":[{"hash":"de984cb8f6d10ee86fcf833eadb34ead9c273f5d","messageTitle":"Rework VersionedTaskBook","messageBody":"","fileTypesAndContributionMap":{"functional-code":{"insertions":70,"deletions":67},"test-code":{"insertions":115,"deletions":86}}},{"hash":"cb29608f027eb6daa9ff56277eb0630e76f410c2","messageTitle":"Update commands to commit to version history","messageBody":"","fileTypesAndContributionMap":{"functional-code":{"insertions":9,"deletions":0}}},{"hash":"cad3650ba71bc6671a8adb032f50e19d7cbba45b","messageTitle":"Add undo, redo commands","messageBody":"","fileTypesAndContributionMap":{"functional-code":{"insertions":70,"deletions":0},"test-code":{"insertions":56,"deletions":0}}},{"hash":"04c6160a0083035c7b61245ebbe3ad1725487682","messageTitle":"ModelManagerTest: Add more tests","messageBody":"","fileTypesAndContributionMap":{"test-code":{"insertions":64,"deletions":0}}}]},{"date":"2022-10-22","commitResults":[{"hash":"29039edca71d99f3ed9264c12cbaf4e9c52fb399","messageTitle":"UG, DG: Fix minor problems","messageBody":"","fileTypesAndContributionMap":{"docs":{"insertions":23,"deletions":21}}}]},{"date":"2022-10-23","commitResults":[{"hash":"668f77aa682349a480ba56228bfc7f4d27d98949","messageTitle":"Add help command","messageBody":"","fileTypesAndContributionMap":{"functional-code":{"insertions":226,"deletions":27},"docs":{"insertions":32,"deletions":23},"test-code":{"insertions":81,"deletions":6}}},{"hash":"66ff99e7778bc46a458fda8373100cd574287715","messageTitle":"HelpCommand.java: Update general usage message","messageBody":"","fileTypesAndContributionMap":{"functional-code":{"insertions":4,"deletions":3}}}]},{"date":"2022-10-27","commitResults":[{"hash":"58e1a056e124a2416d5998ae8cbbd65e321aaf1f","messageTitle":"UG, DG: Fix minor errors","messageBody":"","fileTypesAndContributionMap":{"docs":{"insertions":4,"deletions":16}}},{"hash":"bcae52277173c25681f204cabc267ba502b619b3","messageTitle":"UG: Improve `edit` wording","messageBody":"","fileTypesAndContributionMap":{"docs":{"insertions":2,"deletions":2}}}]},{"date":"2022-10-30","commitResults":[{"hash":"af37149402a410063b421bed3766af079f5f573a","messageTitle":"Fix DateParser parsing of invalid dates","messageBody":"","fileTypesAndContributionMap":{"functional-code":{"insertions":6,"deletions":5},"test-code":{"insertions":17,"deletions":0}}},{"hash":"c2643c37d1497c76f3c55ecd30df0057cb6a9d28","messageTitle":"Update invalid date message","messageBody":"","fileTypesAndContributionMap":{"functional-code":{"insertions":1,"deletions":1}}},{"hash":"849c1dc2d0e0cc79a87d5935ec572dc79d0731ff","messageTitle":"Fix negative indices error for edit commands","messageBody":"","fileTypesAndContributionMap":{"functional-code":{"insertions":2,"deletions":18},"test-code":{"insertions":14,"deletions":6}}},{"hash":"fa8e143d39014225986842addc0c1881b9e18abe","messageTitle":"Fix whitespace in code","messageBody":"","fileTypesAndContributionMap":{"test-code":{"insertions":8,"deletions":21}}},{"hash":"6b173d92bdaa8cbcfc87431b5661612aa3fc839b","messageTitle":"Fix misleading wording in edit examples","messageBody":"","fileTypesAndContributionMap":{"functional-code":{"insertions":4,"deletions":2}}},{"hash":"bb37412dd91f9e29e1fe57627687cc821b574ff5","messageTitle":"Improve invalid date parameter message","messageBody":"","fileTypesAndContributionMap":{"functional-code":{"insertions":3,"deletions":2}}},{"hash":"987ae1d2f36a2c1fa31c293a1f394318f5043bb7","messageTitle":"Fix bug where non-ascii characters are not removed","messageBody":"","fileTypesAndContributionMap":{"functional-code":{"insertions":9,"deletions":1}}},{"hash":"2177f784006d825bc8bca6ba0cce7ca94a6ab1d4","messageTitle":"UG: Fix spacing of example commands in quick start","messageBody":"","fileTypesAndContributionMap":{"docs":{"insertions":7,"deletions":7}}},{"hash":"a11b5f872d556de4090c39ad077bd07331af363b","messageTitle":"UG: Improve Undo functionality explanation","messageBody":"","fileTypesAndContributionMap":{"docs":{"insertions":8,"deletions":1}}},{"hash":"2b175002362c14e53773776f29390a4d5ca92a6e","messageTitle":"UG: Fix typo in task edit section","messageBody":"","fileTypesAndContributionMap":{"docs":{"insertions":2,"deletions":2}}},{"hash":"acbb644246511159d8deb054f7d365dbb3477b0c","messageTitle":"UG: Mention case sensitivity","messageBody":"","fileTypesAndContributionMap":{"docs":{"insertions":4,"deletions":2}}},{"hash":"960f0c9439b7fa23d82e5b90b04a6c196614113b","messageTitle":"Update invalid date message to be clearer","messageBody":"","fileTypesAndContributionMap":{"functional-code":{"insertions":1,"deletions":1}}},{"hash":"4a22a1a087c3c5a0c64cf7685baf5f7052c76584","messageTitle":"UG: Move accepted date formats out of alert","messageBody":"","fileTypesAndContributionMap":{"docs":{"insertions":2,"deletions":2}}},{"hash":"beed188f10ec356313d484fb1e449e51f0d010c2","messageTitle":"UG: Add warning for task edit dates","messageBody":"","fileTypesAndContributionMap":{"docs":{"insertions":1,"deletions":0}}}]},{"date":"2022-10-31","commitResults":[{"hash":"c061d829c9b87b1a8767b91a25faec93ad6bcaee","messageTitle":"UG: Amend English and formatting","messageBody":"","fileTypesAndContributionMap":{"docs":{"insertions":37,"deletions":31}}},{"hash":"a3706e0a6e9989186d342346352e04ec4c35ada3","messageTitle":"UG: Mention removal of non-ascii characters","messageBody":"","fileTypesAndContributionMap":{"docs":{"insertions":2,"deletions":0}}},{"hash":"d7bcf2357ff1f9771b0687838b277bb492b3ea05","messageTitle":"Update Jin Wei\u0027s PPP","messageBody":"","fileTypesAndContributionMap":{"docs":{"insertions":35,"deletions":16}}}]},{"date":"2022-11-06","commitResults":[{"hash":"2da2eeafb4a4a983f50d434c637ece6cec0165d9","messageTitle":"UserGuide.md: Fix link","messageBody":"","fileTypesAndContributionMap":{"docs":{"insertions":1,"deletions":1}}},{"hash":"562c131395b0fa1c3687b296555bb535470ab9b9","messageTitle":"UserGuide.md: Section-ify mark and undo/redo","messageBody":"","fileTypesAndContributionMap":{"docs":{"insertions":8,"deletions":4}}}]}],"xiaobill8":[{"date":"2022-09-18","commitResults":[{"hash":"37f6659efb240c23e598b35b1bf4ac2364998858","messageTitle":"Update ReadME to match TaskBook","messageBody":"","fileTypesAndContributionMap":{"docs":{"insertions":10,"deletions":9}}}]},{"date":"2022-09-21","commitResults":[{"hash":"54c6dc8c8aced86bb0bc02063ab62e1fc7fbb282","messageTitle":"Add xiaobill8 PPP","messageBody":"","fileTypesAndContributionMap":{"docs":{"insertions":42,"deletions":0}}},{"hash":"753b8d3f5abfcbe6c655df5fc9fc3098a86ed594","messageTitle":"Update xiaobill8.md","messageBody":"","fileTypesAndContributionMap":{"docs":{"insertions":1,"deletions":1}}}]},{"date":"2022-09-22","commitResults":[{"hash":"2023225819570403acee3e98c2ef54a216ed230b","messageTitle":"Update UserGuide.md and DeveloperGuide.md","messageBody":"UserGuide: Add section for Deadline task modifier\n\nDeveloperGuide: Add Non-Functional Requirements\n","fileTypesAndContributionMap":{"docs":{"insertions":36,"deletions":7}}}]},{"date":"2022-09-24","commitResults":[{"hash":"f97bb0fedebd0b71cbe82c26ea5e0052f21ab8b1","messageTitle":"Add Task and TaskList Models","messageBody":"Task: isSameTask() checks for similarity irrespective of isDone flag\n\nTaskList: add() checks for similarity with isSameTask()\nwhereas remove() checks for exact match with equals()\n","fileTypesAndContributionMap":{"functional-code":{"insertions":274,"deletions":0}}},{"hash":"9b763928eb052b8b724e0bc26731ddc8fcb0703b","messageTitle":"Fix minor issues","messageBody":"","fileTypesAndContributionMap":{"functional-code":{"insertions":16,"deletions":14}}},{"hash":"b4bc496bce3534e18fbb39dbbd6a774ecbd79ab4","messageTitle":"Fix minor issues","messageBody":"","fileTypesAndContributionMap":{"functional-code":{"insertions":2,"deletions":2}}}]},{"date":"2022-09-26","commitResults":[{"hash":"a2760e211c46a8b13f448f98860683b3cb9315c9","messageTitle":"Isolate Assignment Enum","messageBody":"","fileTypesAndContributionMap":{"functional-code":{"insertions":30,"deletions":27}}},{"hash":"a1f4a0d0cdbf516f31dc0d7a7e853fe4504f4a29","messageTitle":"Update Assignment Enum values","messageBody":"","fileTypesAndContributionMap":{"functional-code":{"insertions":14,"deletions":14}}},{"hash":"8145e21fd48bffd13edbda10550ad7b5fedcfeca","messageTitle":"Update Assignment Enum values","messageBody":"","fileTypesAndContributionMap":{"functional-code":{"insertions":3,"deletions":4}}},{"hash":"f52d648994d473b5e9d6014ce4a4f597a9207f02","messageTitle":"Update CheckStyle formatting","messageBody":"","fileTypesAndContributionMap":{"functional-code":{"insertions":6,"deletions":6}}},{"hash":"08418d6e0eb1fe9f5c536051938dbb93bfb45148","messageTitle":"Update enum toString","messageBody":"","fileTypesAndContributionMap":{"functional-code":{"insertions":1,"deletions":1}}}]},{"date":"2022-10-02","commitResults":[{"hash":"e620268d3739d135f2dde36193c74e16f1563974","messageTitle":"Refactor `seedu.address` package to `taskbook`","messageBody":"","fileTypesAndContributionMap":{"functional-code":{"insertions":60,"deletions":65},"other":{"insertions":1025,"deletions":1020},"docs":{"insertions":17,"deletions":17},"test-code":{"insertions":686,"deletions":740}}},{"hash":"968338d2ef6a296faf070568f9049198587c6f72","messageTitle":"Checkstyle fixes","messageBody":"","fileTypesAndContributionMap":{"functional-code":{"insertions":64,"deletions":57},"test-code":{"insertions":1,"deletions":1}}}]},{"date":"2022-10-03","commitResults":[{"hash":"5b9efb1a52d0200e275d215ccbae62a48150ef5f","messageTitle":"CheckstyleTest fixes","messageBody":"","fileTypesAndContributionMap":{"test-code":{"insertions":215,"deletions":143}}}]},{"date":"2022-10-06","commitResults":[{"hash":"44ef987cbef64d64fd25549f803fb4e424bd63b8","messageTitle":"Merge upstream","messageBody":"","fileTypesAndContributionMap":{"functional-code":{"insertions":32,"deletions":32},"other":{"insertions":1,"deletions":1},"docs":{"insertions":5,"deletions":5},"test-code":{"insertions":13,"deletions":13}}}]},{"date":"2022-10-09","commitResults":[{"hash":"a9f313cd34ff715b8af578d643027440d992b959","messageTitle":"Refactor all addressBook instances to taskBook","messageBody":"","fileTypesAndContributionMap":{"functional-code":{"insertions":163,"deletions":163},"other":{"insertions":93,"deletions":92},"test-code":{"insertions":243,"deletions":243}}},{"hash":"5acd587d3ce23a262a67b5bdb54f7d5c15e48208","messageTitle":"Minor fixes","messageBody":"","fileTypesAndContributionMap":{"functional-code":{"insertions":14,"deletions":14}}},{"hash":"56872bb5a9620fc41321da21af1791974288f524","messageTitle":"Checkstyle fixes","messageBody":"","fileTypesAndContributionMap":{"functional-code":{"insertions":6,"deletions":6}}},{"hash":"1491174f6c9a4ca1f89bd1da5c6915022af0c03b","messageTitle":"CheckstyleTest fixes","messageBody":"","fileTypesAndContributionMap":{"test-code":{"insertions":7,"deletions":7}}},{"hash":"95b38f5b52fd9d8bc0f7c9d9098cfe1b869eec8e","messageTitle":"Testcase Fixes","messageBody":"","fileTypesAndContributionMap":{"test-code":{"insertions":8,"deletions":8}}},{"hash":"c03bfed8b251b917b33f26200180f76eb352c497","messageTitle":"Testcase Fixes","messageBody":"","fileTypesAndContributionMap":{"test-code":{"insertions":1,"deletions":1}}},{"hash":"0288775c5d0057138c9ed6b39e4ad2567d73a0a7","messageTitle":"Testcase fixes","messageBody":"","fileTypesAndContributionMap":{"test-code":{"insertions":1,"deletions":1}}}]},{"date":"2022-10-11","commitResults":[{"hash":"390631bf8e1511e36b3530bae3e2495e4bbaaae3","messageTitle":"Added saving functionality for Tasks","messageBody":"","fileTypesAndContributionMap":{"functional-code":{"insertions":139,"deletions":4},"test-code":{"insertions":4,"deletions":4}}},{"hash":"05749d4a46bf1e4b7e10be8045885d9e8d7e8b07","messageTitle":"Save tasks with name instead of entire Person","messageBody":"","fileTypesAndContributionMap":{"functional-code":{"insertions":81,"deletions":30}}},{"hash":"0fcf46e8b3ad32491e4a84231dd5ea229fc9b8fa","messageTitle":"Add Storage Unit \u0026 Integration Tests","messageBody":"","fileTypesAndContributionMap":{"other":{"insertions":30,"deletions":15},"test-code":{"insertions":261,"deletions":199}}},{"hash":"ce0a9ccf8baa58ffd17c0fb65baa8c8c3bab364f","messageTitle":"Fix Checkstyle issues","messageBody":"","fileTypesAndContributionMap":{"functional-code":{"insertions":4,"deletions":1},"test-code":{"insertions":109,"deletions":84}}}]},{"date":"2022-10-12","commitResults":[{"hash":"1d6ee0fd4043d1be299c58b3b010ff132c18f7ba","messageTitle":"Update Task Model. Task to contain Name instead of Person","messageBody":"","fileTypesAndContributionMap":{"functional-code":{"insertions":25,"deletions":20},"test-code":{"insertions":1,"deletions":1}}},{"hash":"54209e371c56828a1fb5d4087aec67fcad073e7d","messageTitle":"Minor fix","messageBody":"","fileTypesAndContributionMap":{"functional-code":{"insertions":0,"deletions":1}}}]},{"date":"2022-10-13","commitResults":[{"hash":"1a5065b548489dab688e767695a72c1aa7988095","messageTitle":"Remove unnecessary comments","messageBody":"","fileTypesAndContributionMap":{"functional-code":{"insertions":1,"deletions":1},"test-code":{"insertions":0,"deletions":3}}}]},{"date":"2022-10-16","commitResults":[{"hash":"56664ed847c59a6fce536cd907f65353a88c27ee","messageTitle":"Changes - Update Description toString to contain Date where relevant - Storage deserializer to support Task inheritance","messageBody":"","fileTypesAndContributionMap":{"functional-code":{"insertions":320,"deletions":40},"test-code":{"insertions":1,"deletions":1}}},{"hash":"7def7137642aee11a155706070f8a03b62359a96","messageTitle":"Add Unit Testing - Todo/Event/Deadline - Todo/Event/DeadlineBuilder - Update typicalPersonsTaskBook.json to include all 3 Task types","messageBody":"","fileTypesAndContributionMap":{"functional-code":{"insertions":4,"deletions":6},"other":{"insertions":10,"deletions":8},"test-code":{"insertions":327,"deletions":27}}}]},{"date":"2022-10-18","commitResults":[{"hash":"b45b39f42940d1809a5caec70ded2108a5bf98ec","messageTitle":"Update Unit Testing - Update Todo/Event/DeadlineBuilder to contain Name instead of Person - wrap getTypicalTaskBook() in try catch","messageBody":"","fileTypesAndContributionMap":{"test-code":{"insertions":67,"deletions":107}}}]},{"date":"2022-10-21","commitResults":[{"hash":"0f98491d79f805488e0f82b120b157dd1c6af7b2","messageTitle":"Update DeveloperGuide -Model Component -ModelClassDiagram.puml","messageBody":"","fileTypesAndContributionMap":{"docs":{"insertions":34,"deletions":32}}}]},{"date":"2022-10-22","commitResults":[{"hash":"d96600147477c9e21cf1531c0834d4a1f3af49c1","messageTitle":"Update DeveloperGuide - Add Implementation of individual task types","messageBody":"","fileTypesAndContributionMap":{"docs":{"insertions":19,"deletions":0}}}]},{"date":"2022-10-25","commitResults":[{"hash":"7f2cd7843bb3b6e0466a2e5b852c2d177fafc209","messageTitle":"Add static Myself Person - Add support for Myself parsing - Update User Guide","messageBody":"","fileTypesAndContributionMap":{"functional-code":{"insertions":75,"deletions":19},"docs":{"insertions":39,"deletions":19}}}]},{"date":"2022-10-27","commitResults":[{"hash":"bdfd8c0f460937e6bea49db7fa7ab415cb75ec1a","messageTitle":"Fix .isSelfAssigned() to check for fullName equality vs object identity","messageBody":"","fileTypesAndContributionMap":{"functional-code":{"insertions":1,"deletions":2}}}]},{"date":"2022-10-31","commitResults":[{"hash":"cf1faf1aa12367bf5e055e55e2a968c25c1fb77b","messageTitle":"Update Quick Start to include a valid task todo command","messageBody":"","fileTypesAndContributionMap":{"docs":{"insertions":1,"deletions":1}}},{"hash":"9ef8afad470ecec77ee1caaeb54034803512d2f0","messageTitle":"Update UG - case-sensitivity for NAME","messageBody":"","fileTypesAndContributionMap":{"docs":{"insertions":13,"deletions":1}}}]},{"date":"2022-11-04","commitResults":[{"hash":"fa2c526e4f367913e5f38f461f8c175e2c3570d8","messageTitle":"Updated xiaobill8 PPP","messageBody":"","fileTypesAndContributionMap":{"docs":{"insertions":19,"deletions":14}}}]},{"date":"2022-11-05","commitResults":[{"hash":"7465fef38cc27de28a59d18f800585e6b295f97b","messageTitle":"Bugfix - Tasks containing contacts that do not exist will not be loaded into the TaskBook instance.","messageBody":"","fileTypesAndContributionMap":{"functional-code":{"insertions":16,"deletions":12}}}]},{"date":"2022-11-06","commitResults":[{"hash":"d0425d3d8e8b9d503f9499b1001cb11dff088b83","messageTitle":"Add Storage Integration Tests","messageBody":"","fileTypesAndContributionMap":{"functional-code":{"insertions":5,"deletions":11},"test-code":{"insertions":385,"deletions":122}}},{"hash":"27133afeaeb8c73abbb49aacbab0f3f30ee6a692","messageTitle":"Fix Checkstyle Errors","messageBody":"","fileTypesAndContributionMap":{"functional-code":{"insertions":9,"deletions":3},"test-code":{"insertions":59,"deletions":28}}},{"hash":"865a003f7143e77c47db4f6837c8e95ac3967dce","messageTitle":"Fix Integration Test bugs","messageBody":"","fileTypesAndContributionMap":{"test-code":{"insertions":38,"deletions":16}}},{"hash":"add1fa40476136a38df9a9a9a0b2eb55e05ae2d0","messageTitle":"Fix Checkstyle Errors","messageBody":"","fileTypesAndContributionMap":{"test-code":{"insertions":2,"deletions":0}}}]}]},"authorFileTypeContributionMap":{"dexter-sim":{"docs":268,"functional-code":1012,"test-code":1135,"other":1},"Nephelite":{"docs":637,"functional-code":2200,"test-code":568},"bananamonkey4655":{"docs":205,"functional-code":688,"test-code":530},"seetohjinwei":{"docs":438,"functional-code":1471,"test-code":1325,"other":5},"xiaobill8":{"docs":146,"functional-code":1471,"test-code":2119,"other":1}},"authorContributionVariance":{"dexter-sim":30620.555,"Nephelite":183479.4,"bananamonkey4655":14535.402,"seetohjinwei":45745.73,"xiaobill8":308087.88},"authorDisplayNameMap":{"dexter-sim":"CS2103T-T13-4 SIM ..XTER","Nephelite":"CS2103T-T13-4 TJAN..EVIN","bananamonkey4655":"CS2103T-T13-4 HUMP..HREY","seetohjinwei":"CS2103T-T13-4 SEE .. WEI","xiaobill8":"CS2103T-T13-4 XIAO..BILL"}}
