{"authorDailyContributionsMap":{"dexter-sim":[{"date":"2022-09-20","commitResults":[{"hash":"56f25842092f3950eb434782f3a2e4b8c4db868d","messageTitle":"Add dexter aboutus and picture","messageBody":"","fileTypesAndContributionMap":{"docs":{"insertions":11,"deletions":1}}}]},{"date":"2022-09-22","commitResults":[{"hash":"52d764c04d5e38a213182400f578da526d59d077","messageTitle":"Add skeletal ppp for Dexter","messageBody":"","fileTypesAndContributionMap":{"docs":{"insertions":32,"deletions":0}}},{"hash":"d6b3760bc16bd71b8b637220018334e3f61b3cae","messageTitle":"Add user guide for adding a contact","messageBody":"","fileTypesAndContributionMap":{"docs":{"insertions":21,"deletions":65}}},{"hash":"041bc7b3f074cb8e25b7009d39f97dc63e470b66","messageTitle":"Update header in add contact user guide","messageBody":"","fileTypesAndContributionMap":{"docs":{"insertions":1,"deletions":1}}},{"hash":"24c3178149457d627387f67eecffc60e5f93690a","messageTitle":"Update use cases in developer guide","messageBody":"","fileTypesAndContributionMap":{"docs":{"insertions":50,"deletions":7}}}]},{"date":"2022-09-23","commitResults":[{"hash":"e959492f039ad55edb8c79f8f3fc8642c3d9dc7d","messageTitle":"Update add task format","messageBody":"","fileTypesAndContributionMap":{"docs":{"insertions":1,"deletions":1}}}]},{"date":"2022-09-25","commitResults":[{"hash":"a7e737b1deb1ba4c64e5e52889b579cee3c78734","messageTitle":"Add parsing task add command functionality","messageBody":"","fileTypesAndContributionMap":{"functional-code":{"insertions":101,"deletions":1}}},{"hash":"90a6bd21f293a5c92c97859e67e4375da7c17e7f","messageTitle":"Add parsing task delete command functionality","messageBody":"","fileTypesAndContributionMap":{"functional-code":{"insertions":31,"deletions":22},"test-code":{"insertions":4,"deletions":4}}},{"hash":"50c2c4b7d0e8c4834dab5a2bfeabf7b9e8dec1fa","messageTitle":"Rename exit command to bye","messageBody":"","fileTypesAndContributionMap":{"functional-code":{"insertions":1,"deletions":2}}},{"hash":"913d1e5977ca360ebb06977fb4f78f1015b83e4c","messageTitle":"Implement new commands","messageBody":"Edit user guide for updated prefix for task add command.\n\nRefactor delete command parsers for both task and contact to include prefix for index.\n\nChange unit tests for the methods that are refactored.\n","fileTypesAndContributionMap":{"functional-code":{"insertions":50,"deletions":16},"docs":{"insertions":6,"deletions":6},"test-code":{"insertions":12,"deletions":7}}},{"hash":"0a9de70f56a11ccb00872eb724b74ebc896cfe93","messageTitle":"Update examples for delete task and contact error message","messageBody":"","fileTypesAndContributionMap":{"functional-code":{"insertions":4,"deletions":4}}},{"hash":"bcb276dd22ee7e39a415b6ac0c7f227e854d8881","messageTitle":"Update message usage for new commands","messageBody":"","fileTypesAndContributionMap":{"functional-code":{"insertions":19,"deletions":9}}},{"hash":"271c4534a4eacbcc7cd568073d192212722d21fc","messageTitle":"Add assignment enum to task add command","messageBody":"","fileTypesAndContributionMap":{"functional-code":{"insertions":41,"deletions":26}}},{"hash":"1a6de9137d08d614bba0f6e1f7f7d97c1201d68f","messageTitle":"Update javadoc","messageBody":"","fileTypesAndContributionMap":{"functional-code":{"insertions":5,"deletions":2}}},{"hash":"57d322c7edea248a482a9d0082e0a8fa241f7427","messageTitle":"Update javadoc for task add command constructor","messageBody":"","fileTypesAndContributionMap":{"functional-code":{"insertions":2,"deletions":2}}},{"hash":"88c39ad213491b81af69381bfa1cb2945891b0f9","messageTitle":"Abstract out task description into its own class","messageBody":"","fileTypesAndContributionMap":{"functional-code":{"insertions":76,"deletions":11}}}]},{"date":"2022-10-06","commitResults":[{"hash":"3144b902ff3d9420674b90b42c338d5eb78cc3ca","messageTitle":"Add tests for task add command","messageBody":"","fileTypesAndContributionMap":{"functional-code":{"insertions":21,"deletions":0},"test-code":{"insertions":57,"deletions":0}}},{"hash":"8ab5972669585ba7a4492809da1eac83322f6f61","messageTitle":"Optimize imports","messageBody":"","fileTypesAndContributionMap":{"functional-code":{"insertions":0,"deletions":1},"test-code":{"insertions":1,"deletions":0}}},{"hash":"270b40c3bffb3fd6fbeb1523999f1f57f6d3e5b2","messageTitle":"Add tests for task delete command","messageBody":"","fileTypesAndContributionMap":{"functional-code":{"insertions":10,"deletions":3},"test-code":{"insertions":35,"deletions":0}}},{"hash":"ca25434f14ff93cd9900f273473015e0ba9b280d","messageTitle":"Refactor null check in task add command","messageBody":"","fileTypesAndContributionMap":{"functional-code":{"insertions":3,"deletions":3}}},{"hash":"9c9d3c1f26a6ae2bb0ff1da1203b9dd1e1c2ecc7","messageTitle":"Add tests for task add command parser","messageBody":"","fileTypesAndContributionMap":{"functional-code":{"insertions":2,"deletions":2},"test-code":{"insertions":98,"deletions":2}}},{"hash":"64475841cf5b2bf9ac8e372f5f946153dd64a762","messageTitle":"Add tests for parsers","messageBody":"","fileTypesAndContributionMap":{"functional-code":{"insertions":14,"deletions":4},"test-code":{"insertions":41,"deletions":7}}},{"hash":"f1df4df622d8688aa1c80e830335dad06d5f8f5a","messageTitle":"Fix whitespace checkstyle","messageBody":"","fileTypesAndContributionMap":{"functional-code":{"insertions":2,"deletions":2}}},{"hash":"1b3e8251c8b55e93591993597107d07547c6b9aa","messageTitle":"Add tests for equals task add command","messageBody":"","fileTypesAndContributionMap":{"functional-code":{"insertions":1,"deletions":4},"test-code":{"insertions":29,"deletions":12}}}]},{"date":"2022-10-09","commitResults":[{"hash":"9cd61bfd36d3b8b1fb332b1b2f8d8179cd39ae04","messageTitle":"Change error message for invalid command format","messageBody":"","fileTypesAndContributionMap":{"functional-code":{"insertions":1,"deletions":1}}},{"hash":"b984cb76fdd76e07b4f7a87441028a1d54243eaa","messageTitle":"Change error message for invalid command format","messageBody":"","fileTypesAndContributionMap":{"functional-code":{"insertions":3,"deletions":3}}}]}],"Nephelite":[{"date":"2022-09-18","commitResults":[{"hash":"95f0b5e01f838231ea9abad38bab00efd8e7ebe9","messageTitle":"Add tjanenggerkevin AboutUs","messageBody":"","fileTypesAndContributionMap":{"docs":{"insertions":10,"deletions":0}}},{"hash":"4a8e2e8bc44365019b30bfd5a564d551502d9307","messageTitle":"Add tjanenggerkevin PPP","messageBody":"","fileTypesAndContributionMap":{"docs":{"insertions":33,"deletions":2}}},{"hash":"6ea10a508a13d6ce4f588efb87ca6ccd06fea7e6","messageTitle":"Change PPP file name","messageBody":"","fileTypesAndContributionMap":{"docs":{"insertions":1,"deletions":1}}}]},{"date":"2022-09-20","commitResults":[{"hash":"dab49e96f3579d0b6e48284b4569b33dce1205b7","messageTitle":"Update User Guide with commands to view all tasks and all contacts. Remove `clear` command example.","messageBody":"","fileTypesAndContributionMap":{"docs":{"insertions":23,"deletions":14}}},{"hash":"6045603981067e44e53e8445b576201a87c35b37","messageTitle":"Update list tasks","messageBody":"","fileTypesAndContributionMap":{"docs":{"insertions":1,"deletions":1}}}]},{"date":"2022-09-22","commitResults":[{"hash":"630d08723b64db992fb7b44480467dcbce842c75","messageTitle":"Update user profile, value proposition and user stories in Developer Guide.","messageBody":"","fileTypesAndContributionMap":{"docs":{"insertions":45,"deletions":11}}}]},{"date":"2022-09-23","commitResults":[{"hash":"f61d266bde82ef10c4ac9b6e936b1a7f5969176e","messageTitle":"Update format of user guide","messageBody":"","fileTypesAndContributionMap":{"docs":{"insertions":42,"deletions":42}}},{"hash":"415af8c8e891144a615acf53fda58eee046c4033","messageTitle":"Update developer guide user stories in accordance with changes","messageBody":"","fileTypesAndContributionMap":{"docs":{"insertions":42,"deletions":42}}},{"hash":"4cc1b41183cba748524f4bb17982eb6c5b198d60","messageTitle":"Update user guide in accordance with changes","messageBody":"","fileTypesAndContributionMap":{"docs":{"insertions":18,"deletions":18}}},{"hash":"d2e771fcbd87aa00006f683fdc125ba05350c8ba","messageTitle":"Update to remove \u003c\u003e","messageBody":"","fileTypesAndContributionMap":{"docs":{"insertions":3,"deletions":3}}}]},{"date":"2022-09-25","commitResults":[{"hash":"19987c68f1c8915b97d550e2d002321d1caa296e","messageTitle":"Add Ui Task List panel. Warning: This current iteration will cause many merge conflicts with imminent changes from Logic and Model. DO NOT MERGE!","messageBody":"","fileTypesAndContributionMap":{"functional-code":{"insertions":234,"deletions":12}}}]},{"date":"2022-09-27","commitResults":[{"hash":"254aed018726d75b8ef6a1e1ce854bd8bdd171d1","messageTitle":"Task Panel implement task assignment class","messageBody":"","fileTypesAndContributionMap":{"functional-code":{"insertions":5,"deletions":5}}}]},{"date":"2022-09-28","commitResults":[{"hash":"b674f5bd8dcbc8c081ea3cee88e6b7da4648b611","messageTitle":"Implement Description class in Task List Panel","messageBody":"","fileTypesAndContributionMap":{"functional-code":{"insertions":5,"deletions":4}}},{"hash":"0bc157d48548996f04b7b2f6027ad96cbbdfdabf","messageTitle":"Update javadocs for Ui","messageBody":"","fileTypesAndContributionMap":{"functional-code":{"insertions":2,"deletions":2}}},{"hash":"bd84cb8b78b69bd974e949636a237e114219f8fa","messageTitle":"Update javadocs part 2","messageBody":"","fileTypesAndContributionMap":{"functional-code":{"insertions":1,"deletions":1}}},{"hash":"0cb29c0a707d2940637ecb7af651fa65038021cb","messageTitle":"Update javadocs part 3","messageBody":"","fileTypesAndContributionMap":{"functional-code":{"insertions":1,"deletions":1}}},{"hash":"bbcf33e475c58524facb697cb2dbf570c8a19a91","messageTitle":"Update javadocs part 4","messageBody":"","fileTypesAndContributionMap":{"functional-code":{"insertions":1,"deletions":1}}}]},{"date":"2022-10-06","commitResults":[{"hash":"fbc77d4b9f2aa350f2d13440e5f0c8c0549c7a5d","messageTitle":"Update Ui to display task list next to contact list, rather than below","messageBody":"","fileTypesAndContributionMap":{"functional-code":{"insertions":30,"deletions":16}}},{"hash":"7e32dcaaf1e32bd44bee8f9add2276489ff09b11","messageTitle":"Remove whitespaces","messageBody":"","fileTypesAndContributionMap":{"functional-code":{"insertions":0,"deletions":2}}}]},{"date":"2022-10-09","commitResults":[{"hash":"0b5919c8d5578ff143abe7d10f511e7e32ce4332","messageTitle":"Update task list in Ui to be the global task list","messageBody":"","fileTypesAndContributionMap":{"functional-code":{"insertions":11,"deletions":36}}},{"hash":"fb017f561e1f29a481b49ba9b8566a2a46313f08","messageTitle":"Update comments for task list","messageBody":"","fileTypesAndContributionMap":{"functional-code":{"insertions":2,"deletions":2}}},{"hash":"4bead0ebbb16484a3e8043f5c1eb04db9b250777","messageTitle":"Add getStatus method to task","messageBody":"","fileTypesAndContributionMap":{"functional-code":{"insertions":9,"deletions":1}}}]}],"bananamonkey4655":[{"date":"2022-09-19","commitResults":[{"hash":"eec051ea28848fb830e0022879e97965018fcd13","messageTitle":"Update aboutme","messageBody":"","fileTypesAndContributionMap":{"docs":{"insertions":5,"deletions":5}}},{"hash":"84c5124b2ae6b5a6842f854bdeeb5a3b33d41eab","messageTitle":"Revert \"Update aboutme\"","messageBody":"This reverts commit eec051ea28848fb830e0022879e97965018fcd13.\n","fileTypesAndContributionMap":{"docs":{"insertions":5,"deletions":5}}},{"hash":"b42dc0a342aff079ee0ab1efffe12fe03abb6bd6","messageTitle":"Add bananamonkey4655 AboutUs","messageBody":"","fileTypesAndContributionMap":{"docs":{"insertions":6,"deletions":5}}},{"hash":"9e36b466064201fdf90fe3f29e580a8c9d52d52d","messageTitle":"Add newline to end of file to remove error","messageBody":"","fileTypesAndContributionMap":{"docs":{"insertions":0,"deletions":40}}},{"hash":"cc557834e248f0e3ba4061447989a1a5ccd6326a","messageTitle":"Update user guide: add tasks, bye, command summary","messageBody":"","fileTypesAndContributionMap":{"docs":{"insertions":19,"deletions":4}}},{"hash":"8175c24d79624c225266fc0146f92d2627406d48","messageTitle":"Add PPP skeleton for Humphrey","messageBody":"","fileTypesAndContributionMap":{"docs":{"insertions":32,"deletions":0}}}]},{"date":"2022-10-04","commitResults":[{"hash":"371e989780731ee19c7b23873acef3971c41999a","messageTitle":"add functions to get person, given name","messageBody":"","fileTypesAndContributionMap":{"functional-code":{"insertions":39,"deletions":0}}},{"hash":"c2768d14b0e76b22511446c56a223b721cabdc45","messageTitle":"implement add task to model and addressbook","messageBody":"","fileTypesAndContributionMap":{"functional-code":{"insertions":33,"deletions":5}}},{"hash":"6a88ff4f3a25c67037f5d4d9dba5116194393589","messageTitle":"update TaskAddCommand message strings","messageBody":"","fileTypesAndContributionMap":{"functional-code":{"insertions":2,"deletions":2}}},{"hash":"f885166476fff1c2b57240740435a1f6ebba86ba","messageTitle":"fix javadocs and checkstyle","messageBody":"","fileTypesAndContributionMap":{"functional-code":{"insertions":3,"deletions":1}}},{"hash":"9edd8627d1f90301ca56e2854c92a7f77b1db771","messageTitle":"fix tests: unimplemented model stub methods","messageBody":"","fileTypesAndContributionMap":{"test-code":{"insertions":12,"deletions":0}}},{"hash":"a4a9478fb35a31e55c22e60ab8e14c031a4df01e","messageTitle":"edit taskbook name in javadocs","messageBody":"","fileTypesAndContributionMap":{"functional-code":{"insertions":1,"deletions":1}}}]},{"date":"2022-10-06","commitResults":[{"hash":"573be3dc947c78c89516c78f90765c8344a432d8","messageTitle":"implement execute for task delete using filteredlist","messageBody":"","fileTypesAndContributionMap":{"functional-code":{"insertions":73,"deletions":7}}},{"hash":"001bbd64bb2c7ad4a0685b9a60670027f56d5416","messageTitle":"add unit tests","messageBody":"","fileTypesAndContributionMap":{"test-code":{"insertions":36,"deletions":4}}},{"hash":"44e937b93562d1547f8f25c978027c19fb9c2043","messageTitle":"add javadocs for modelmanager","messageBody":"","fileTypesAndContributionMap":{"functional-code":{"insertions":4,"deletions":0}}},{"hash":"0b60ee1cd28fdffde1080f40f873ca6732f34d61","messageTitle":"fix checkstyle errors","messageBody":"","fileTypesAndContributionMap":{"functional-code":{"insertions":8,"deletions":1}}},{"hash":"5a9068ae94d0e890936fdcf93a2a0d9849efca05","messageTitle":"fix checkstyle again","messageBody":"","fileTypesAndContributionMap":{"functional-code":{"insertions":0,"deletions":4}}},{"hash":"8aa2456651638b3e9c8308b42f336a17e47b2be0","messageTitle":"fix checkstyle again again","messageBody":"","fileTypesAndContributionMap":{"test-code":{"insertions":7,"deletions":6}}},{"hash":"6f7a85314955c992da6628e5c6bf620f82b1cc10","messageTitle":"fix final","messageBody":"","fileTypesAndContributionMap":{"test-code":{"insertions":3,"deletions":1}}}]}],"seetohjinwei":[{"date":"2022-09-18","commitResults":[{"hash":"33b8d9377638cfef3b692d415461cd651a7f745e","messageTitle":"Add seetohjinwei AboutUs","messageBody":"","fileTypesAndContributionMap":{"docs":{"insertions":5,"deletions":44}}}]},{"date":"2022-09-19","commitResults":[{"hash":"6c6e745aadae72b694b3bb26a8101895816096bf","messageTitle":"Add seetohjinwei PPP","messageBody":"","fileTypesAndContributionMap":{"docs":{"insertions":34,"deletions":0}}},{"hash":"31c9794517b0e086c11b293bd34f3994b62e026f","messageTitle":"UserGuide.md: Update Quick Start, Delete Commands","messageBody":"","fileTypesAndContributionMap":{"docs":{"insertions":30,"deletions":20}}}]},{"date":"2022-09-23","commitResults":[{"hash":"ec6ae81b786cc101214decf49d7297b2718e3740","messageTitle":"Rename AddressBookParser to TaskBookParser","messageBody":"","fileTypesAndContributionMap":{"functional-code":{"insertions":4,"deletions":4},"other":{"insertions":3,"deletions":3},"docs":{"insertions":27,"deletions":27}}},{"hash":"f0359d893133f935d75798f4c914b75cc116357d","messageTitle":"Add skeleton category parsers","messageBody":"","fileTypesAndContributionMap":{"functional-code":{"insertions":94,"deletions":38}}},{"hash":"9201f47996faf99d390fd1ef0da5469296bc802f","messageTitle":"Move exit command","messageBody":"","fileTypesAndContributionMap":{"functional-code":{"insertions":9,"deletions":1},"other":{"insertions":3,"deletions":1},"test-code":{"insertions":3,"deletions":2}}},{"hash":"fcc570a201ad5cf8c4b88741a0130b00539857a7","messageTitle":"Move contact add command","messageBody":"","fileTypesAndContributionMap":{"functional-code":{"insertions":5,"deletions":5},"other":{"insertions":34,"deletions":29},"test-code":{"insertions":7,"deletions":7}}},{"hash":"28b36ba9de1886b12e58a0480423d91e7ab93aa2","messageTitle":"Move contact delete command","messageBody":"","fileTypesAndContributionMap":{"functional-code":{"insertions":5,"deletions":5},"other":{"insertions":27,"deletions":23},"test-code":{"insertions":4,"deletions":4}}},{"hash":"0ec042150fffadc099eef988cbbb389b305b894c","messageTitle":"Move contact list command","messageBody":"","fileTypesAndContributionMap":{"other":{"insertions":8,"deletions":5},"test-code":{"insertions":6,"deletions":6}}},{"hash":"06a8830f8e4421d15570b9201a194bba9e22ccd7","messageTitle":"Add skeleton for add, delete, list task commands","messageBody":"","fileTypesAndContributionMap":{"functional-code":{"insertions":48,"deletions":0}}},{"hash":"ef39c21b1e61384d79ae59e456069afc74447e1a","messageTitle":"Update individual command parsers","messageBody":"","fileTypesAndContributionMap":{"functional-code":{"insertions":42,"deletions":0},"other":{"insertions":23,"deletions":14}}},{"hash":"7e182df6a8d9def3c8999c87e0912f91b402534a","messageTitle":"Update category parsers","messageBody":"","fileTypesAndContributionMap":{"functional-code":{"insertions":39,"deletions":2}}},{"hash":"d37d6ce3b4b54e80310e3f06c8c31c003dac1f09","messageTitle":"Update TaskBookParser and LogicManager tests","messageBody":"","fileTypesAndContributionMap":{"test-code":{"insertions":52,"deletions":45}}},{"hash":"80765335482efebd213a8215ec21b12e2e23c18f","messageTitle":"Add basic category parser tests","messageBody":"","fileTypesAndContributionMap":{"other":{"insertions":2,"deletions":2},"test-code":{"insertions":87,"deletions":0}}},{"hash":"1120f38d4175b94c94c4d519649bf74ca04f27ef","messageTitle":" Update docs for Category Commands","messageBody":"","fileTypesAndContributionMap":{"docs":{"insertions":4,"deletions":3}}}]},{"date":"2022-10-06","commitResults":[{"hash":"b337dc5d7b04828a53eeb64bf0fca038eae15025","messageTitle":"index.md: Update AddressBook to TaskBook","messageBody":"","fileTypesAndContributionMap":{"docs":{"insertions":6,"deletions":6}}},{"hash":"f91c86066f081a91b73575e49f07fc9eacca1b78","messageTitle":"MainWindow.fxml: Update Address App to TaskBook","messageBody":"","fileTypesAndContributionMap":{"functional-code":{"insertions":1,"deletions":1}}},{"hash":"45f616fc97a04f0fb950e766d1a3198edad15ffa","messageTitle":"DevOps.md: Update codecov badge","messageBody":"","fileTypesAndContributionMap":{"docs":{"insertions":1,"deletions":1}}},{"hash":"2893db596db2478874e00a5dfa1239fb884b1612","messageTitle":"Add TaskBuilder","messageBody":"","fileTypesAndContributionMap":{"test-code":{"insertions":70,"deletions":0}}}]},{"date":"2022-10-09","commitResults":[{"hash":"acd752e0512a974857f315cde1fd521e37e6f96f","messageTitle":"UserGuide.md: Fix task add format","messageBody":"","fileTypesAndContributionMap":{"docs":{"insertions":8,"deletions":6}}},{"hash":"fbf760e2871e3d9182a06717306c6869a9a13b39","messageTitle":"UserGuide.md: Update command summary","messageBody":"","fileTypesAndContributionMap":{"docs":{"insertions":10,"deletions":9}}},{"hash":"777a2be1482220e117ff330952973107e694ec7c","messageTitle":"UserGuide.md: Fix line breaks","messageBody":"","fileTypesAndContributionMap":{"docs":{"insertions":2,"deletions":0}}}]}],"xiaobill8":[{"date":"2022-09-18","commitResults":[{"hash":"37f6659efb240c23e598b35b1bf4ac2364998858","messageTitle":"Update ReadME to match TaskBook","messageBody":"","fileTypesAndContributionMap":{"docs":{"insertions":10,"deletions":9}}}]},{"date":"2022-09-21","commitResults":[{"hash":"54c6dc8c8aced86bb0bc02063ab62e1fc7fbb282","messageTitle":"Add xiaobill8 PPP","messageBody":"","fileTypesAndContributionMap":{"docs":{"insertions":42,"deletions":0}}},{"hash":"753b8d3f5abfcbe6c655df5fc9fc3098a86ed594","messageTitle":"Update xiaobill8.md","messageBody":"","fileTypesAndContributionMap":{"docs":{"insertions":1,"deletions":1}}}]},{"date":"2022-09-22","commitResults":[{"hash":"2023225819570403acee3e98c2ef54a216ed230b","messageTitle":"Update UserGuide.md and DeveloperGuide.md","messageBody":"UserGuide: Add section for Deadline task modifier\n\nDeveloperGuide: Add Non-Functional Requirements\n","fileTypesAndContributionMap":{"docs":{"insertions":36,"deletions":7}}}]},{"date":"2022-09-24","commitResults":[{"hash":"f97bb0fedebd0b71cbe82c26ea5e0052f21ab8b1","messageTitle":"Add Task and TaskList Models","messageBody":"Task: isSameTask() checks for similarity irrespective of isDone flag\n\nTaskList: add() checks for similarity with isSameTask()\nwhereas remove() checks for exact match with equals()\n","fileTypesAndContributionMap":{"functional-code":{"insertions":274,"deletions":0}}},{"hash":"9b763928eb052b8b724e0bc26731ddc8fcb0703b","messageTitle":"Fix minor issues","messageBody":"","fileTypesAndContributionMap":{"functional-code":{"insertions":16,"deletions":14}}},{"hash":"b4bc496bce3534e18fbb39dbbd6a774ecbd79ab4","messageTitle":"Fix minor issues","messageBody":"","fileTypesAndContributionMap":{"functional-code":{"insertions":2,"deletions":2}}}]},{"date":"2022-09-26","commitResults":[{"hash":"a2760e211c46a8b13f448f98860683b3cb9315c9","messageTitle":"Isolate Assignment Enum","messageBody":"","fileTypesAndContributionMap":{"functional-code":{"insertions":30,"deletions":27}}},{"hash":"a1f4a0d0cdbf516f31dc0d7a7e853fe4504f4a29","messageTitle":"Update Assignment Enum values","messageBody":"","fileTypesAndContributionMap":{"functional-code":{"insertions":14,"deletions":14}}},{"hash":"8145e21fd48bffd13edbda10550ad7b5fedcfeca","messageTitle":"Update Assignment Enum values","messageBody":"","fileTypesAndContributionMap":{"functional-code":{"insertions":3,"deletions":4}}},{"hash":"f52d648994d473b5e9d6014ce4a4f597a9207f02","messageTitle":"Update CheckStyle formatting","messageBody":"","fileTypesAndContributionMap":{"functional-code":{"insertions":6,"deletions":6}}},{"hash":"08418d6e0eb1fe9f5c536051938dbb93bfb45148","messageTitle":"Update enum toString","messageBody":"","fileTypesAndContributionMap":{"functional-code":{"insertions":1,"deletions":1}}}]},{"date":"2022-10-02","commitResults":[{"hash":"e620268d3739d135f2dde36193c74e16f1563974","messageTitle":"Refactor `seedu.address` package to `taskbook`","messageBody":"","fileTypesAndContributionMap":{"functional-code":{"insertions":60,"deletions":65},"other":{"insertions":1025,"deletions":1020},"docs":{"insertions":17,"deletions":17},"test-code":{"insertions":686,"deletions":740}}},{"hash":"968338d2ef6a296faf070568f9049198587c6f72","messageTitle":"Checkstyle fixes","messageBody":"","fileTypesAndContributionMap":{"functional-code":{"insertions":64,"deletions":57},"test-code":{"insertions":1,"deletions":1}}}]},{"date":"2022-10-03","commitResults":[{"hash":"5b9efb1a52d0200e275d215ccbae62a48150ef5f","messageTitle":"CheckstyleTest fixes","messageBody":"","fileTypesAndContributionMap":{"test-code":{"insertions":215,"deletions":143}}}]},{"date":"2022-10-06","commitResults":[{"hash":"44ef987cbef64d64fd25549f803fb4e424bd63b8","messageTitle":"Merge upstream","messageBody":"","fileTypesAndContributionMap":{"functional-code":{"insertions":32,"deletions":32},"other":{"insertions":1,"deletions":1},"docs":{"insertions":5,"deletions":5},"test-code":{"insertions":13,"deletions":13}}}]}]},"authorFileTypeContributionMap":{"dexter-sim":{"docs":84,"functional-code":228,"test-code":250},"Nephelite":{"docs":97,"functional-code":226,"test-code":0},"bananamonkey4655":{"docs":48,"functional-code":129,"test-code":41},"seetohjinwei":{"docs":106,"functional-code":190,"test-code":222},"xiaobill8":{"docs":91,"functional-code":811,"test-code":1277,"other":1}},"authorContributionVariance":{"dexter-sim":13710.731,"Nephelite":3974.889,"bananamonkey4655":1808.6649,"seetohjinwei":23154.646,"xiaobill8":558351.5},"authorDisplayNameMap":{"dexter-sim":"CS2103T-T13-4 SIM ..XTER","Nephelite":"CS2103T-T13-4 TJAN..EVIN","bananamonkey4655":"CS2103T-T13-4 HUMP..HREY","seetohjinwei":"CS2103T-T13-4 SEE .. WEI","xiaobill8":"CS2103T-T13-4 XIAO..BILL"}}
