{"authorDailyContributionsMap":{"ngshijun":[],"Kok-je":[],"kevinchangjk":[],"chao890":[],"prit3010":[]},"authorFileTypeContributionMap":{"ngshijun":{"docs":0,"functional-code":0,"test-code":0},"Kok-je":{"docs":0,"functional-code":0,"test-code":0},"kevinchangjk":{"docs":0,"functional-code":0,"test-code":0,"other":44},"chao890":{"docs":0,"functional-code":0,"test-code":0},"prit3010":{"docs":0,"functional-code":0,"test-code":0}},"authorContributionVariance":{"ngshijun":0.0,"Kok-je":0.0,"kevinchangjk":0.0,"chao890":0.0,"prit3010":0.0},"authorDisplayNameMap":{"ngshijun":"CS2103T-T15-1 NG S.. JUN","Kok-je":"CS2103T-T15-1 KOK ..HAWN","kevinchangjk":"CS2103T-T15-1 KEVI.. KIT","chao890":"CS2103T-T15-1 CHOR..YUNG","prit3010":"CS2103T-T15-1 PRIT..RAVI"}}
