{"authorDailyContributionsMap":{"garfield-oo7":[{"date":"2022-09-27","commitResults":[{"hash":"00bb9431ba45cee4ab078583cae28c0210f3882d","messageTitle":"Change image in abouts.md","messageBody":"","fileTypesAndContributionMap":{"docs":{"insertions":2,"deletions":2}}},{"hash":"6494498a8b10d554bf90874cb9a52ba9316ee88f","messageTitle":"Add link to garfield-oo7 github profile","messageBody":"","fileTypesAndContributionMap":{"docs":{"insertions":1,"deletions":2}}},{"hash":"1600b959e8e5d9241c83db7e1d6afdee3256b5dc","messageTitle":"Update AboutUs.md","messageBody":"","fileTypesAndContributionMap":{"docs":{"insertions":1,"deletions":1}}},{"hash":"89b7f1f78cc9e6fc443940df3e1cb83d6ef870b3","messageTitle":"Update AboutUs.md","messageBody":"","fileTypesAndContributionMap":{"docs":{"insertions":1,"deletions":1}}},{"hash":"55f89ba3d3137b6e3d74c031b8d578de657dfe4e","messageTitle":"Update AboutUs and add PPP","messageBody":"","fileTypesAndContributionMap":{"docs":{"insertions":43,"deletions":1}}},{"hash":"a6bab02199efde309a4e911b2b76266732c23a9b","messageTitle":"Update DeveloperGuide.md","messageBody":"","fileTypesAndContributionMap":{"docs":{"insertions":929,"deletions":46}}}]},{"date":"2022-09-28","commitResults":[{"hash":"fd5f22593ef40fbd66fd03f7f8d86d15659bcd1c","messageTitle":"Update DeveloperGuide.md","messageBody":"","fileTypesAndContributionMap":{"docs":{"insertions":12,"deletions":827}}},{"hash":"9c2545b51c29f4d82ceb73796d51a0046cfc1a79","messageTitle":"Update Target User Profile and Value Proposition","messageBody":"","fileTypesAndContributionMap":{"docs":{"insertions":3,"deletions":6}}}]}],"debwy":[{"date":"2022-09-27","commitResults":[{"hash":"945d305122627e91edc684464a5234ee0df1fe80","messageTitle":"Edit documentation","messageBody":"","fileTypesAndContributionMap":{"docs":{"insertions":46,"deletions":4}}},{"hash":"f123a91c240ff10cee52b84c7e20a5354bfbf91c","messageTitle":"Rename file","messageBody":"","fileTypesAndContributionMap":{"docs":{"insertions":0,"deletions":0}}},{"hash":"0e0b5ca051371543936acede8f265628ead520c4","messageTitle":"Edit User Guide","messageBody":"","fileTypesAndContributionMap":{"docs":{"insertions":93,"deletions":91}}},{"hash":"92ce79d4da51b7c0e2a63b5d630feb2ed2680f67","messageTitle":"Edit UserGuide.md","messageBody":"","fileTypesAndContributionMap":{"docs":{"insertions":1,"deletions":1}}},{"hash":"6978382adae736d91e1b6d0d3e265bb2bc80298e","messageTitle":"Fix formatting in UserGuide.md","messageBody":"","fileTypesAndContributionMap":{"docs":{"insertions":17,"deletions":17}}}]}],"charleslimjh":[{"date":"2022-09-27","commitResults":[{"hash":"221c6d3d6545c15d21f75aa7d9ad48fb1730e9eb","messageTitle":"add my segment to aboutUs and PPP","messageBody":"","fileTypesAndContributionMap":{"docs":{"insertions":32,"deletions":5}}},{"hash":"aa933b980a540426b9ef774125ac4b9b3db0ee6f","messageTitle":"update README.md and UI mockup","messageBody":"","fileTypesAndContributionMap":{"docs":{"insertions":7,"deletions":12}}},{"hash":"b533b724e3d155d6d69125a29f5bc53965b084f6","messageTitle":"fix styling in readme.md and resize ui","messageBody":"","fileTypesAndContributionMap":{"docs":{"insertions":3,"deletions":3}}}]}],"Francis-Tan":[{"date":"2022-09-27","commitResults":[{"hash":"0c63893a326f57871ddcaebc5b51bfa36a28adbe","messageTitle":"Add AboutUs info with photo","messageBody":"","fileTypesAndContributionMap":{"docs":{"insertions":49,"deletions":3}}},{"hash":"cbfb0697811d5609fb7f52649581d89001367e39","messageTitle":"Add AboutUs info with photo","messageBody":"","fileTypesAndContributionMap":{"docs":{"insertions":10,"deletions":10}}}]}],"Prearo":[{"date":"2022-09-27","commitResults":[{"hash":"7283ae38e72b6e551bdf74dca960146721665eaf","messageTitle":"Update aboutus and add ppp for prearo","messageBody":"","fileTypesAndContributionMap":{"docs":{"insertions":32,"deletions":5}}},{"hash":"bda8d70df31d20469cef50dcd4e31c0931d1b304","messageTitle":"Fix debwy image in AboutUs.md","messageBody":"","fileTypesAndContributionMap":{"docs":{"insertions":2,"deletions":2}}}]},{"date":"2022-09-30","commitResults":[{"hash":"8ee32091d0a1d26b9396042de272c403d52c94a3","messageTitle":"docs: Update Jekyll site-wide settings","messageBody":"Replace AB-3 with NUSEatWhere\n","fileTypesAndContributionMap":{"docs":{"insertions":1,"deletions":1}}},{"hash":"91eec17c86b4db05782360919b8c6034676801a2","messageTitle":"docs: Update CI and coverage links in index.md","messageBody":"","fileTypesAndContributionMap":{"docs":{"insertions":2,"deletions":2}}},{"hash":"ef30d24f476b4d12eda14ab754049f17aa27601d","messageTitle":"Update codecov badge links","messageBody":"","fileTypesAndContributionMap":{"docs":{"insertions":2,"deletions":2}}},{"hash":"6828c1673a571741628182f575a3eb7d560e893e","messageTitle":"docs: Update index.md","messageBody":"","fileTypesAndContributionMap":{"docs":{"insertions":3,"deletions":4}}}]}]},"authorFileTypeContributionMap":{"garfield-oo7":{"docs":169,"functional-code":0,"test-code":0},"debwy":{"docs":138,"functional-code":0,"test-code":0},"charleslimjh":{"docs":38,"functional-code":0,"test-code":0},"Francis-Tan":{"docs":50,"functional-code":0,"test-code":0},"Prearo":{"docs":41,"functional-code":0,"test-code":0,"other":1}},"authorContributionVariance":{"garfield-oo7":102991.89,"debwy":4536.0,"charleslimjh":239.18224,"Francis-Tan":322.56,"Prearo":116.382225},"authorDisplayNameMap":{"garfield-oo7":"CS2103T-W11-1 AGAM..ADHA","debwy":"CS2103T-W11-1 DEBB..ANYI","charleslimjh":"CS2103T-W11-1 CHAR.. HAO","Francis-Tan":"CS2103T-W11-1 FRAN..YONG","Prearo":"CS2103T-W11-1 KOH .. HUI"}}
