{"authorDailyContributionsMap":{"garfield-oo7":[{"date":"2022-09-27","commitResults":[{"hash":"00bb9431ba45cee4ab078583cae28c0210f3882d","messageTitle":"Change image in abouts.md","messageBody":"","fileTypesAndContributionMap":{"docs":{"insertions":2,"deletions":2}}},{"hash":"6494498a8b10d554bf90874cb9a52ba9316ee88f","messageTitle":"Add link to garfield-oo7 github profile","messageBody":"","fileTypesAndContributionMap":{"docs":{"insertions":1,"deletions":2}}},{"hash":"1600b959e8e5d9241c83db7e1d6afdee3256b5dc","messageTitle":"Update AboutUs.md","messageBody":"","fileTypesAndContributionMap":{"docs":{"insertions":1,"deletions":1}}},{"hash":"89b7f1f78cc9e6fc443940df3e1cb83d6ef870b3","messageTitle":"Update AboutUs.md","messageBody":"","fileTypesAndContributionMap":{"docs":{"insertions":1,"deletions":1}}},{"hash":"55f89ba3d3137b6e3d74c031b8d578de657dfe4e","messageTitle":"Update AboutUs and add PPP","messageBody":"","fileTypesAndContributionMap":{"docs":{"insertions":43,"deletions":1}}},{"hash":"a6bab02199efde309a4e911b2b76266732c23a9b","messageTitle":"Update DeveloperGuide.md","messageBody":"","fileTypesAndContributionMap":{"docs":{"insertions":929,"deletions":46}}}]},{"date":"2022-09-28","commitResults":[{"hash":"fd5f22593ef40fbd66fd03f7f8d86d15659bcd1c","messageTitle":"Update DeveloperGuide.md","messageBody":"","fileTypesAndContributionMap":{"docs":{"insertions":12,"deletions":827}}},{"hash":"9c2545b51c29f4d82ceb73796d51a0046cfc1a79","messageTitle":"Update Target User Profile and Value Proposition","messageBody":"","fileTypesAndContributionMap":{"docs":{"insertions":3,"deletions":6}}}]},{"date":"2022-10-11","commitResults":[{"hash":"538efa2fcdf1c73857c56943785aed1adc3368a4","messageTitle":"Change MESSAGE_USAGE sting","messageBody":"","fileTypesAndContributionMap":{"functional-code":{"insertions":1,"deletions":1}}}]}],"debwy":[{"date":"2022-09-27","commitResults":[{"hash":"945d305122627e91edc684464a5234ee0df1fe80","messageTitle":"Edit documentation","messageBody":"","fileTypesAndContributionMap":{"docs":{"insertions":46,"deletions":4}}},{"hash":"f123a91c240ff10cee52b84c7e20a5354bfbf91c","messageTitle":"Rename file","messageBody":"","fileTypesAndContributionMap":{"docs":{"insertions":0,"deletions":0}}},{"hash":"0e0b5ca051371543936acede8f265628ead520c4","messageTitle":"Edit User Guide","messageBody":"","fileTypesAndContributionMap":{"docs":{"insertions":93,"deletions":91}}},{"hash":"92ce79d4da51b7c0e2a63b5d630feb2ed2680f67","messageTitle":"Edit UserGuide.md","messageBody":"","fileTypesAndContributionMap":{"docs":{"insertions":1,"deletions":1}}},{"hash":"6978382adae736d91e1b6d0d3e265bb2bc80298e","messageTitle":"Fix formatting in UserGuide.md","messageBody":"","fileTypesAndContributionMap":{"docs":{"insertions":17,"deletions":17}}}]},{"date":"2022-10-09","commitResults":[{"hash":"3a316ccd47ce3731b01b689b2c57771a9926a9e7","messageTitle":"Rename model classes, packages, tests, etc","messageBody":"Renamed variables/methods as well to fit the idea of a food guide\n","fileTypesAndContributionMap":{"functional-code":{"insertions":564,"deletions":566},"other":{"insertions":98,"deletions":97},"test-code":{"insertions":681,"deletions":688}}},{"hash":"a63dbdf4fd7cef76392a574971ae80900ce751ed","messageTitle":"Fix model import statement in MainApp","messageBody":"","fileTypesAndContributionMap":{"functional-code":{"insertions":11,"deletions":1}}},{"hash":"d0abe85583962ea6238b8234effcb93ff02756f4","messageTitle":"Change model usages in ui","messageBody":"","fileTypesAndContributionMap":{"other":{"insertions":13,"deletions":13}}},{"hash":"a7e38c624a878acc7b5911d33bcb207201a28ba9","messageTitle":"Fix checkstyle","messageBody":"","fileTypesAndContributionMap":{"functional-code":{"insertions":15,"deletions":23}}},{"hash":"56edeac7ffbda8bda1fa0e8b006cdb0247e4da6c","messageTitle":"Fix more checkstyle","messageBody":"","fileTypesAndContributionMap":{"test-code":{"insertions":37,"deletions":29}}},{"hash":"546fefc9e6d99e368c28ea7564b9ce69fdb97f69","messageTitle":"Minor changes","messageBody":"","fileTypesAndContributionMap":{"functional-code":{"insertions":3,"deletions":3},"test-code":{"insertions":1,"deletions":1}}},{"hash":"4647b220b5d45d8e7657f8158a77939b3a560767","messageTitle":"Revert part of UserPrefs to before renaming","messageBody":"","fileTypesAndContributionMap":{"functional-code":{"insertions":15,"deletions":15},"test-code":{"insertions":5,"deletions":5}}},{"hash":"5c7989fd170a7439e4c4b49894b4fcc42c8c22a8","messageTitle":"Add newline at EOF of UserPrefs","messageBody":"","fileTypesAndContributionMap":{"functional-code":{"insertions":1,"deletions":1}}}]},{"date":"2022-10-11","commitResults":[{"hash":"b47583de39badb0cb789396900b05cbf79b394a8","messageTitle":"Change email to cuisine","messageBody":"","fileTypesAndContributionMap":{"functional-code":{"insertions":68,"deletions":69},"other":{"insertions":5,"deletions":5},"docs":{"insertions":3,"deletions":3},"test-code":{"insertions":105,"deletions":105}}},{"hash":"f41bfb3be582d8c2dbda65403d274089f691b1da","messageTitle":"Modify add command, phone, cuisine(email) and test cases - Add command now takes in an optional phone field - Phone is stored as an empty string when not inputted - Changed email format-check since it is repurposed as cuisine - Changed test cases to better test the modified add command","messageBody":"","fileTypesAndContributionMap":{"functional-code":{"insertions":72,"deletions":61},"test-code":{"insertions":124,"deletions":157}}},{"hash":"88ff976606ae073e2a15931ac5b7c13906f1d3b4","messageTitle":"Fix checkstyle","messageBody":"","fileTypesAndContributionMap":{"functional-code":{"insertions":9,"deletions":6}}},{"hash":"409dba932167f011d772964f57ba583a7f9e14de","messageTitle":"Undo changes in documentation due to refactoring","messageBody":"","fileTypesAndContributionMap":{"docs":{"insertions":3,"deletions":3}}}]}],"charleslimjh":[{"date":"2022-09-27","commitResults":[{"hash":"221c6d3d6545c15d21f75aa7d9ad48fb1730e9eb","messageTitle":"add my segment to aboutUs and PPP","messageBody":"","fileTypesAndContributionMap":{"docs":{"insertions":32,"deletions":5}}},{"hash":"aa933b980a540426b9ef774125ac4b9b3db0ee6f","messageTitle":"update README.md and UI mockup","messageBody":"","fileTypesAndContributionMap":{"docs":{"insertions":7,"deletions":12}}},{"hash":"b533b724e3d155d6d69125a29f5bc53965b084f6","messageTitle":"fix styling in readme.md and resize ui","messageBody":"","fileTypesAndContributionMap":{"docs":{"insertions":3,"deletions":3}}}]},{"date":"2022-10-09","commitResults":[{"hash":"cdb1097dafa8dcc3a68ec0857bbfeff02129a5a9","messageTitle":"refactor Logic and LogicManager classes","messageBody":"","fileTypesAndContributionMap":{"functional-code":{"insertions":12,"deletions":12},"other":{"insertions":3,"deletions":3},"test-code":{"insertions":1,"deletions":1}}},{"hash":"a501b88438d7936292596aec92eb5ded8f888a7e","messageTitle":"refactor Command classes","messageBody":"","fileTypesAndContributionMap":{"functional-code":{"insertions":38,"deletions":38},"docs":{"insertions":2,"deletions":3},"test-code":{"insertions":41,"deletions":41}}},{"hash":"fb6e9154d1b7646675dd1a31d48a93443eeb4193","messageTitle":"refactor Command Test classes","messageBody":"","fileTypesAndContributionMap":{"other":{"insertions":17,"deletions":17},"test-code":{"insertions":173,"deletions":173}}},{"hash":"c5b254dc01290dc92d4866e8f6bb35b416c1f4d1","messageTitle":"fix checkstyle for test classes","messageBody":"","fileTypesAndContributionMap":{"test-code":{"insertions":10,"deletions":6}}},{"hash":"b1abd1346407867e0136b3597ea2f209ee1a80d3","messageTitle":"refactor ui elements","messageBody":"","fileTypesAndContributionMap":{"functional-code":{"insertions":1,"deletions":1},"other":{"insertions":0,"deletions":0}}}]},{"date":"2022-10-14","commitResults":[{"hash":"fcb8f20ae2f1fd0f6d82f2e14e2b2c5841b8110d","messageTitle":"update build.gradle to reflect new mainClass and shadowJar names","messageBody":"","fileTypesAndContributionMap":{"other":{"insertions":2,"deletions":2}}}]}],"Francis-Tan":[{"date":"2022-09-27","commitResults":[{"hash":"0c63893a326f57871ddcaebc5b51bfa36a28adbe","messageTitle":"Add AboutUs info with photo","messageBody":"","fileTypesAndContributionMap":{"docs":{"insertions":49,"deletions":3}}},{"hash":"cbfb0697811d5609fb7f52649581d89001367e39","messageTitle":"Add AboutUs info with photo","messageBody":"","fileTypesAndContributionMap":{"docs":{"insertions":10,"deletions":10}}}]},{"date":"2022-10-05","commitResults":[{"hash":"4d1e57ac1e40b419b72299f9a46057d2b8f0d8ae","messageTitle":"Rename storage packages and classes, including those for tests","messageBody":"","fileTypesAndContributionMap":{"functional-code":{"insertions":296,"deletions":295},"other":{"insertions":821,"deletions":803},"docs":{"insertions":9,"deletions":9},"test-code":{"insertions":892,"deletions":943}}}]},{"date":"2022-10-07","commitResults":[{"hash":"a72f054734a14317c8b96ea6b7504e6d0117d53b","messageTitle":"Reorder imports and remove unused ones","messageBody":"","fileTypesAndContributionMap":{"functional-code":{"insertions":16,"deletions":23},"test-code":{"insertions":73,"deletions":102}}},{"hash":"a7641fde72ba3a57f5e4b2ff1898a355e79adfb8","messageTitle":"add missing import and update JsonProperty names under JsonSerializableBookStorageTest folder","messageBody":"","fileTypesAndContributionMap":{"test-code":{"insertions":1,"deletions":0}}},{"hash":"44795fdd57021aecfa5fa27b9931ac5d0c1d1cde","messageTitle":"Fix checkstyle issues over line length","messageBody":"","fileTypesAndContributionMap":{"test-code":{"insertions":212,"deletions":100}}}]},{"date":"2022-10-11","commitResults":[{"hash":"94bc9ef1d66b7b22df66cae7243ca0fb48d63e8d","messageTitle":"Implement tag command, allowing users to add tags to a selected eatery. Also changed prefixes and renamed an index in TypicalIndexes.","messageBody":"","fileTypesAndContributionMap":{"functional-code":{"insertions":184,"deletions":5},"test-code":{"insertions":3,"deletions":3}}},{"hash":"71e0ee71942491fb7c39512b5b996b24f1a61f92","messageTitle":"Add untag command, where users can remove tags from a specified eatery. If a tag is not found at that eatery, an exception is thrown and the eatery is unchanged. Also changed prefixes and renamed an index in TypicalIndexes.","messageBody":"","fileTypesAndContributionMap":{"functional-code":{"insertions":191,"deletions":5},"test-code":{"insertions":3,"deletions":3}}}]},{"date":"2022-10-12","commitResults":[{"hash":"e2205ab58f55ea1b2788349aed4ce1946e96cd55","messageTitle":"Change tag criteria to be non-empty and in ASCII characters. Duplicate tags are rejected and shown to users. Change success message to only display the eatery name.","messageBody":"","fileTypesAndContributionMap":{"functional-code":{"insertions":20,"deletions":16},"test-code":{"insertions":3,"deletions":3}}},{"hash":"d3693c157062167d488afe7fd7175502ac47fc61","messageTitle":"Change tag criteria to be non-empty and in ASCII characters. Change success message to only display the eatery name.","messageBody":"","fileTypesAndContributionMap":{"functional-code":{"insertions":4,"deletions":10},"test-code":{"insertions":3,"deletions":3}}}]},{"date":"2022-10-13","commitResults":[{"hash":"84cfae548cda1d0f6b8f3404ff23c70a11f8aa3b","messageTitle":"Modify tag success message to show all tags the user added to an eatery","messageBody":"","fileTypesAndContributionMap":{"functional-code":{"insertions":17,"deletions":2}}},{"hash":"d42e7c99965221e094e3efa956e201cabc5e5a73","messageTitle":"Modify untag\u0027s success message to show all tags removed from an eatery","messageBody":"","fileTypesAndContributionMap":{"functional-code":{"insertions":18,"deletions":3}}}]},{"date":"2022-10-14","commitResults":[{"hash":"eceaee57c023e1c9eb906e1e69a865d4b931580b","messageTitle":"Fix typo in ModelManagerTest.java","messageBody":"","fileTypesAndContributionMap":{"test-code":{"insertions":1,"deletions":1}}},{"hash":"af592d3d30fa2cc2aa8859adee4fddc3e1d18a14","messageTitle":"Remove trailing whitespaces","messageBody":"","fileTypesAndContributionMap":{"functional-code":{"insertions":2,"deletions":2}}}]}],"Prearo":[{"date":"2022-09-27","commitResults":[{"hash":"7283ae38e72b6e551bdf74dca960146721665eaf","messageTitle":"Update aboutus and add ppp for prearo","messageBody":"","fileTypesAndContributionMap":{"docs":{"insertions":32,"deletions":5}}},{"hash":"bda8d70df31d20469cef50dcd4e31c0931d1b304","messageTitle":"Fix debwy image in AboutUs.md","messageBody":"","fileTypesAndContributionMap":{"docs":{"insertions":2,"deletions":2}}}]},{"date":"2022-09-30","commitResults":[{"hash":"8ee32091d0a1d26b9396042de272c403d52c94a3","messageTitle":"docs: Update Jekyll site-wide settings","messageBody":"Replace AB-3 with NUSEatWhere\n","fileTypesAndContributionMap":{"docs":{"insertions":1,"deletions":1}}},{"hash":"91eec17c86b4db05782360919b8c6034676801a2","messageTitle":"docs: Update CI and coverage links in index.md","messageBody":"","fileTypesAndContributionMap":{"docs":{"insertions":2,"deletions":2}}},{"hash":"ef30d24f476b4d12eda14ab754049f17aa27601d","messageTitle":"Update codecov badge links","messageBody":"","fileTypesAndContributionMap":{"docs":{"insertions":2,"deletions":2}}},{"hash":"6828c1673a571741628182f575a3eb7d560e893e","messageTitle":"docs: Update index.md","messageBody":"","fileTypesAndContributionMap":{"docs":{"insertions":3,"deletions":4}}}]},{"date":"2022-10-08","commitResults":[{"hash":"0c443529c7d70f6c0117cde279e53235edbeefb0","messageTitle":"Rename UI classes","messageBody":"As per previously discussed,\nPersonCard and PersonListPanel are renamed to\nEateryCard and EateryListPanel respectively\nas part of the customization process.\n","fileTypesAndContributionMap":{"functional-code":{"insertions":9,"deletions":20},"other":{"insertions":8,"deletions":8}}},{"hash":"d4aa0809508cee85a7a4259de1752a2da32a16ed","messageTitle":"Fix whitespaces in import statements","messageBody":"","fileTypesAndContributionMap":{"functional-code":{"insertions":4,"deletions":0}}}]},{"date":"2022-10-09","commitResults":[{"hash":"93d6795cc08e9fef02d0334c658610338ea0d854","messageTitle":"Fix NullPointerException caused by fxml mismatches","messageBody":"","fileTypesAndContributionMap":{"functional-code":{"insertions":1,"deletions":1},"other":{"insertions":1,"deletions":1}}}]},{"date":"2022-10-11","commitResults":[{"hash":"edf279668c32bd8e0adff6c4b794908cd34b9b3b","messageTitle":"Update HelpWindow","messageBody":"HelpWindow displaying only a link to the user guide\nfelt unfriendly and not very useful.\n\nThe link is updated, and the window now shows basic command usage.\nThis makes it easier for the users to get help.\n","fileTypesAndContributionMap":{"functional-code":{"insertions":19,"deletions":5}}},{"hash":"f43791b560680526d8ef6e08389ed61891f84e5f","messageTitle":"Fix checkstyle","messageBody":"","fileTypesAndContributionMap":{"functional-code":{"insertions":11,"deletions":11}}},{"hash":"17f3599f508782ccf3aca517fac9411717d9b8e9","messageTitle":"Update variable name in EateryListPanel","messageBody":"","fileTypesAndContributionMap":{"functional-code":{"insertions":5,"deletions":5}}},{"hash":"6ac146d5174fabbf25bf5fc9f3708699dfc066e9","messageTitle":"Update HelpWindow to include tag command","messageBody":"","fileTypesAndContributionMap":{"functional-code":{"insertions":4,"deletions":2}}}]},{"date":"2022-10-12","commitResults":[{"hash":"d7c57dda2577f5b4cbe02ded701c2c3b9530f26a","messageTitle":"Update HelpWindow to include untag command","messageBody":"","fileTypesAndContributionMap":{"functional-code":{"insertions":3,"deletions":1}}},{"hash":"e0e6fcaeb8e154caabcf0ccd7f66776fd74f4e54","messageTitle":"Fix NullPointerException due to javafx is mismatch","messageBody":"","fileTypesAndContributionMap":{"functional-code":{"insertions":1,"deletions":1}}},{"hash":"911350656f80e0e215d89c13ec9303f2bf6f602f","messageTitle":"Rename AddressBook to FoodGuide in jsons and tests","messageBody":"","fileTypesAndContributionMap":{"functional-code":{"insertions":23,"deletions":23},"other":{"insertions":5,"deletions":5},"test-code":{"insertions":109,"deletions":109}}},{"hash":"067bee77dfea0528692c67d3324f40d6643c9e76","messageTitle":"Rename test food guide file path","messageBody":"","fileTypesAndContributionMap":{"test-code":{"insertions":2,"deletions":2}}},{"hash":"1753df5b15f2c1c87bc54c534e3331e05607eb80","messageTitle":"Rename App title","messageBody":"","fileTypesAndContributionMap":{"functional-code":{"insertions":1,"deletions":1}}},{"hash":"567ee122d7678c296b7e9bd063fc0702c1ca0c39","messageTitle":"Fix order of imports","messageBody":"","fileTypesAndContributionMap":{"test-code":{"insertions":2,"deletions":2}}}]},{"date":"2022-10-14","commitResults":[{"hash":"39c77ba6ec4c3bbb1dd4a383d7597bc6673ff11b","messageTitle":"Replace Email with Eatery in TagCommand and UntagCommand","messageBody":"","fileTypesAndContributionMap":{"functional-code":{"insertions":4,"deletions":4}}},{"hash":"d28e857d32531b2d4933ce9637ad8527e9fd5f79","messageTitle":"Fix order of imports","messageBody":"","fileTypesAndContributionMap":{"functional-code":{"insertions":1,"deletions":1}}},{"hash":"2d961d3eee208df1e4afacf88f4e65f4c7b7bd02","messageTitle":"Update invalid test cases to match new tag format","messageBody":"","fileTypesAndContributionMap":{"test-code":{"insertions":2,"deletions":2}}}]}]},"authorFileTypeContributionMap":{"garfield-oo7":{"docs":169,"functional-code":1,"test-code":0},"debwy":{"docs":138,"functional-code":682,"test-code":759},"charleslimjh":{"docs":40,"functional-code":48,"test-code":214,"other":2},"Francis-Tan":{"docs":59,"functional-code":909,"test-code":833},"Prearo":{"docs":41,"functional-code":86,"test-code":123,"other":1}},"authorContributionVariance":{"garfield-oo7":57176.973,"debwy":293089.44,"charleslimjh":11742.544,"Francis-Tan":554214.75,"Prearo":2920.0405},"authorDisplayNameMap":{"garfield-oo7":"CS2103T-W11-1 AGAM..ADHA","debwy":"CS2103T-W11-1 DEBB..ANYI","charleslimjh":"CS2103T-W11-1 CHAR.. HAO","Francis-Tan":"CS2103T-W11-1 FRAN..YONG","Prearo":"CS2103T-W11-1 KOH .. HUI"}}
