{"authorDailyContributionsMap":{"rjkoh":[{"date":"2022-09-28","commitResults":[{"hash":"b40e9d499aa70175707e8aa68e5f70ed1059e0f6","messageTitle":"Add Rui Jie\u0027s PPP","messageBody":"","fileTypesAndContributionMap":{"docs":{"insertions":43,"deletions":0}}},{"hash":"c584994b467b7faec36af51da5d361f89e22c0c2","messageTitle":"Update RJ\u0027s PPP","messageBody":"","fileTypesAndContributionMap":{"docs":{"insertions":1,"deletions":1}}},{"hash":"c02c183806894bf0740c713e2654a711b89767dd","messageTitle":"Edit user guide to ConnectNUS","messageBody":"","fileTypesAndContributionMap":{"docs":{"insertions":217,"deletions":110}}},{"hash":"a46539ea5084770f8557d858bd540ea9656156b9","messageTitle":"Fix style failing CI checks","messageBody":"","fileTypesAndContributionMap":{"docs":{"insertions":14,"deletions":14}}},{"hash":"21d7120251a7704edb31f9e10a2adadfee2491fc","messageTitle":"Change pictures from JPEG to PNG","messageBody":"","fileTypesAndContributionMap":{"docs":{"insertions":5,"deletions":5}}}]},{"date":"2022-10-01","commitResults":[{"hash":"cbb2a302c640bd242147cade70a5284eb689d948","messageTitle":"Update DG, website","messageBody":"","fileTypesAndContributionMap":{"docs":{"insertions":6,"deletions":4}}},{"hash":"76e00907d97c28f85f0f8854ec3d7b076be7539f","messageTitle":"Update CodeCov","messageBody":"","fileTypesAndContributionMap":{"docs":{"insertions":1,"deletions":1}}},{"hash":"7ccc4c35e0db808e125013c56786972831022e84","messageTitle":"update DG","messageBody":"","fileTypesAndContributionMap":{"docs":{"insertions":169,"deletions":25}}}]},{"date":"2022-10-03","commitResults":[{"hash":"1e149a530f09a58e49b46b68823ff008aabe5bf0","messageTitle":"Implement Module classes","messageBody":"","fileTypesAndContributionMap":{"functional-code":{"insertions":31,"deletions":0}}},{"hash":"94b4da27f00a2f1faca91b982e5a8e870506a17c","messageTitle":"Add javadocs for module classes","messageBody":"","fileTypesAndContributionMap":{"functional-code":{"insertions":27,"deletions":0}}}]},{"date":"2022-10-04","commitResults":[{"hash":"b9597aa0d2d802a848811a65bdba589aad766127","messageTitle":"Implement Module adding","messageBody":"","fileTypesAndContributionMap":{"functional-code":{"insertions":146,"deletions":7}}},{"hash":"1704be84651d7d278600c1d21532760ecf3b0cd4","messageTitle":"Add JSON classes for modules","messageBody":"","fileTypesAndContributionMap":{"functional-code":{"insertions":144,"deletions":48}}},{"hash":"33d28ba9eb9b9e100686eeed8274c679c64c5757","messageTitle":"Tying add command together currently failing checks due to text files lacking modules and yet to update command format","messageBody":"","fileTypesAndContributionMap":{"functional-code":{"insertions":41,"deletions":2}}},{"hash":"f5b13a74c33cea66e853d323261dfa8bf11b68bf","messageTitle":"Style fixes and working add module","messageBody":"","fileTypesAndContributionMap":{"functional-code":{"insertions":11,"deletions":7}}}]},{"date":"2022-10-12","commitResults":[{"hash":"3effa7f8b8b3b9b310dc21b238b8d4c56f6270c0","messageTitle":"UI shows new user upon adding","messageBody":"","fileTypesAndContributionMap":{"functional-code":{"insertions":29,"deletions":3}}},{"hash":"e5f1b2a5b667c2df7b1ee95a1c5c88dd9531e108","messageTitle":"STYLE FIXES","messageBody":"","fileTypesAndContributionMap":{"functional-code":{"insertions":32,"deletions":54},"test-code":{"insertions":9,"deletions":2}}},{"hash":"3ec03f936b3427720b48acee1f6e8086ee1cac40","messageTitle":"Style and bug fixes","messageBody":"","fileTypesAndContributionMap":{"functional-code":{"insertions":11,"deletions":1},"docs":{"insertions":28,"deletions":28}}}]},{"date":"2022-10-13","commitResults":[{"hash":"725ab3ea3a84267b9cfb813fd883b8168c6aa7ca","messageTitle":"Build JAR file","messageBody":"","fileTypesAndContributionMap":{"other":{"insertions":1,"deletions":1}}}]},{"date":"2022-10-17","commitResults":[{"hash":"8e970628301a7b4630e7d3fb5f19e722be1d5bfa","messageTitle":"Enable assertions and build JAR file for trial release","messageBody":"","fileTypesAndContributionMap":{"other":{"insertions":4,"deletions":0}}}]},{"date":"2022-10-19","commitResults":[{"hash":"2ad4e1c68cf108442f46adf946cb34ef501425e0","messageTitle":"Update DG: Model UML to include Module and Module Class writeup","messageBody":"","fileTypesAndContributionMap":{"docs":{"insertions":216,"deletions":27}}},{"hash":"16ba87f2c06009cad76c21637b5852825de00b5d","messageTitle":"Add Lab into Module Class Diagram","messageBody":"","fileTypesAndContributionMap":{"docs":{"insertions":8,"deletions":0}}},{"hash":"112818643a969f54324beeddb6c912b93306e086","messageTitle":"Skeleton classes for timetable","messageBody":"","fileTypesAndContributionMap":{"functional-code":{"insertions":83,"deletions":0}}}]},{"date":"2022-10-20","commitResults":[{"hash":"55aba9d4583c7fce059f1b3d6f22a4c5da9c837b","messageTitle":"Parse add lessons","messageBody":"","fileTypesAndContributionMap":{"functional-code":{"insertions":271,"deletions":19}}},{"hash":"738d618915b8cca4457cfd5a5e21b78c0ece6164","messageTitle":"Style fixes and complete parsing add lessons","messageBody":"","fileTypesAndContributionMap":{"functional-code":{"insertions":140,"deletions":39},"docs":{"insertions":5,"deletions":5},"test-code":{"insertions":6,"deletions":0}}},{"hash":"004f02d97edbfadd0e9bae73e0b39815b52c28f2","messageTitle":"Bug fix","messageBody":"","fileTypesAndContributionMap":{"functional-code":{"insertions":1,"deletions":2}}}]},{"date":"2022-10-23","commitResults":[{"hash":"da76637cee706731c09b02256f91e5abde124b05","messageTitle":"Delete lessons from user and contacts","messageBody":"","fileTypesAndContributionMap":{"functional-code":{"insertions":271,"deletions":0},"test-code":{"insertions":10,"deletions":0}}}]},{"date":"2022-10-24","commitResults":[{"hash":"462a83b196b4609759313a58cba1de7ff64dc94a","messageTitle":"implement timetable command","messageBody":"","fileTypesAndContributionMap":{"functional-code":{"insertions":370,"deletions":7},"test-code":{"insertions":28,"deletions":7}}},{"hash":"b48decca974157b539eee8bf5ce64da192bcc7b5","messageTitle":"Show timetable after command","messageBody":"","fileTypesAndContributionMap":{"functional-code":{"insertions":123,"deletions":9},"docs":{"insertions":9,"deletions":9}}}]},{"date":"2022-10-25","commitResults":[{"hash":"21081af94464831185778f700c6722bc665997ee","messageTitle":"Update UG to include commands to add and remove lesson, show timetable","messageBody":"","fileTypesAndContributionMap":{"functional-code":{"insertions":1,"deletions":2},"docs":{"insertions":94,"deletions":0}}},{"hash":"f3582b0317f933fc608b25309f39038c25f02353","messageTitle":"Edit TOC of UG","messageBody":"","fileTypesAndContributionMap":{"docs":{"insertions":3,"deletions":0}}},{"hash":"562e80c0e5e37ba30630aa7fddc98f03d6768cb9","messageTitle":"update DG to include lessons","messageBody":"","fileTypesAndContributionMap":{"docs":{"insertions":53,"deletions":86}}},{"hash":"f6a3c71932814781cdc5b96647369c5dbe7de531","messageTitle":"update DG","messageBody":"","fileTypesAndContributionMap":{"docs":{"insertions":1,"deletions":1}}}]},{"date":"2022-10-31","commitResults":[{"hash":"6d07a397d24646385ecea925d24e735462758581","messageTitle":"Edit UG for consistency and style","messageBody":"","fileTypesAndContributionMap":{"docs":{"insertions":91,"deletions":97}}},{"hash":"33d32d9390d7d86c996f31512e37790e2bd40104","messageTitle":"Edit UG for tone","messageBody":"","fileTypesAndContributionMap":{"docs":{"insertions":13,"deletions":25}}},{"hash":"c0729ca896d0023397417d7165bb1f73ce8e86dc","messageTitle":"Format table","messageBody":"","fileTypesAndContributionMap":{"docs":{"insertions":200,"deletions":122}}},{"hash":"dbc8a7195a29cbfc686cb56727abd48acdeaac69","messageTitle":"Replace addressbook with ConnectNUS","messageBody":"","fileTypesAndContributionMap":{"functional-code":{"insertions":3,"deletions":3}}},{"hash":"d208ac41f337141b0305bab650ebbc0b3b46f8ab","messageTitle":"Fix only show 1 module lesson and remove ignoring time and day","messageBody":"","fileTypesAndContributionMap":{"functional-code":{"insertions":72,"deletions":0}}},{"hash":"7cfc3c1699b635b58f31b3b856a82a2cfebf65f0","messageTitle":"Fix UG Numbering","messageBody":"","fileTypesAndContributionMap":{"docs":{"insertions":7,"deletions":7}}}]},{"date":"2022-11-01","commitResults":[{"hash":"54e952202eb2d53dc44fbc89978a37249548065f","messageTitle":"Edit UG to \"you\" language, feature overviews and ordering","messageBody":"","fileTypesAndContributionMap":{"docs":{"insertions":173,"deletions":85}}},{"hash":"6c62c10c9a5d0956e96b5e810191bf4b4b585593","messageTitle":"Update UG TOC, adding lesson and viewing timetable","messageBody":"","fileTypesAndContributionMap":{"docs":{"insertions":226,"deletions":109}}},{"hash":"53d2ff773b802f1b80c6f11169b2d99230449e2b","messageTitle":"Add day into command result for lesson","messageBody":"","fileTypesAndContributionMap":{"functional-code":{"insertions":55,"deletions":2}}},{"hash":"c6612c3fdfcb3e3a0d8291e382993a6758ffa5b6","messageTitle":"style fixes","messageBody":"","fileTypesAndContributionMap":{"functional-code":{"insertions":8,"deletions":4}}}]},{"date":"2022-11-02","commitResults":[{"hash":"715a9e5d10581f4c13ab82ec6e57973851328281","messageTitle":"update RJ PPP","messageBody":"","fileTypesAndContributionMap":{"docs":{"insertions":71,"deletions":20}}},{"hash":"c2e3fd3a327da86dd2a237d548431c0a055e4c2f","messageTitle":"Include black border on class diagrams","messageBody":"","fileTypesAndContributionMap":{"docs":{"insertions":31,"deletions":2}}},{"hash":"8837eaa240ab660b502a4d5a10bc9e05145d1033","messageTitle":"update ppp","messageBody":"","fileTypesAndContributionMap":{"docs":{"insertions":1,"deletions":0}}}]}],"shamooose":[{"date":"2022-09-28","commitResults":[{"hash":"4f057f60432d4b02b25be91aa7eda74c1c9c5d27","messageTitle":"Add Shamus\u0027s PPP","messageBody":"","fileTypesAndContributionMap":{"docs":{"insertions":43,"deletions":0}}}]},{"date":"2022-10-03","commitResults":[{"hash":"6480cf1ee59643feb3772cb93c24bf36ec321ecd","messageTitle":"Create User class","messageBody":"","fileTypesAndContributionMap":{"functional-code":{"insertions":73,"deletions":0}}}]},{"date":"2022-10-04","commitResults":[{"hash":"30d37addd3760a6049a1c01883c43df6c29b7c84","messageTitle":"Create JsonAdaptedUser class","messageBody":"","fileTypesAndContributionMap":{"functional-code":{"insertions":93,"deletions":0}}},{"hash":"ac51d66eb36e92e0e1988e7307e2f247276a4afa","messageTitle":"Edit User and JsonAdaptedUser classes to accomodate modules","messageBody":"","fileTypesAndContributionMap":{"functional-code":{"insertions":91,"deletions":4}}}]},{"date":"2022-10-06","commitResults":[{"hash":"e412f293a713d08b83e5c6ffc5046ad86c4dae07","messageTitle":"Update classes in model package to support User","messageBody":"","fileTypesAndContributionMap":{"functional-code":{"insertions":24,"deletions":1}}},{"hash":"417d2911a064b6c29cf8d206ba3951b29a3da2d0","messageTitle":"Modify AddressBook and its relevant classes to be able to save and store User","messageBody":"","fileTypesAndContributionMap":{"functional-code":{"insertions":21,"deletions":2},"test-code":{"insertions":7,"deletions":0}}},{"hash":"9aa1d9167190d599b5ecfd81dc4315f065b38d50","messageTitle":"Support adding User into the address book","messageBody":"- Add UserCommand and UserCommandParser classes which executes the adding of a new user into the the address book.\n- Add EmptyUser as a placeholder for User in the address book when there is no User added yet or when User is deleted (deleting of User to be implemented later)\n- Update other relevant classes to support new functions\n","fileTypesAndContributionMap":{"functional-code":{"insertions":217,"deletions":1}}},{"hash":"4ac49347ed6fe8840e8ef3282f189526e99dc5b1","messageTitle":"Allow User to be deleted","messageBody":"-Deleted User is replaced with an EmptyUser\n-Split DeleteCommand into DeleteIndexCommand and DeleteUserCommand\n-Update relevant classes to suport deletion of user\n","fileTypesAndContributionMap":{"functional-code":{"insertions":126,"deletions":47},"test-code":{"insertions":13,"deletions":11}}},{"hash":"0d28f097678f25bc6ed78b8400842a1eb7afece8","messageTitle":"Update user guide to include Add User and Delete User","messageBody":"","fileTypesAndContributionMap":{"docs":{"insertions":47,"deletions":0}}},{"hash":"626e42087d016e474f8db89b52549d1282e49d73","messageTitle":"Organise code quality better","messageBody":"","fileTypesAndContributionMap":{"functional-code":{"insertions":2,"deletions":17}}}]},{"date":"2022-10-07","commitResults":[{"hash":"8898a58a7f366184b6e1c717eecde483449046d6","messageTitle":"Create storage support for EmptyUser","messageBody":"-Split User into ExistingUser and EmptyUser\n","fileTypesAndContributionMap":{"functional-code":{"insertions":148,"deletions":115}}},{"hash":"50e43eefa064ef360f788e2498f6eb5b440410b0","messageTitle":"Improve code quality","messageBody":"-Remove usage of instanceof outside of equals method\n","fileTypesAndContributionMap":{"functional-code":{"insertions":21,"deletions":20}}},{"hash":"9ff2937d450050a0a0870a18e535d4f6281c74c8","messageTitle":"Implement checkstyle changes","messageBody":"","fileTypesAndContributionMap":{"functional-code":{"insertions":29,"deletions":25},"test-code":{"insertions":21,"deletions":0}}}]},{"date":"2022-10-18","commitResults":[{"hash":"0700fe145a00025b2d362a17716f4dccb9b4a73d","messageTitle":"Split EditCommand into EditIndexCommand and EditUserComamnd","messageBody":"TODO: Implement EditUserCommand\n","fileTypesAndContributionMap":{"functional-code":{"insertions":126,"deletions":49}}},{"hash":"e73dddfda074c43053a59d8b83d46a3e5c97a860","messageTitle":"Fix testcases for EditCommand","messageBody":"","fileTypesAndContributionMap":{"test-code":{"insertions":34,"deletions":33}}},{"hash":"832be2801328865ed07fb891a18ece8d23d65c1d","messageTitle":"Implement EditUserCommand","messageBody":"","fileTypesAndContributionMap":{"functional-code":{"insertions":136,"deletions":42},"test-code":{"insertions":5,"deletions":0}}},{"hash":"d359ec7680004fa44f25b8fefc41f78bd8b2163c","messageTitle":"Update user guide for editing user and contacts","messageBody":"","fileTypesAndContributionMap":{"docs":{"insertions":169,"deletions":112}}},{"hash":"7f7404c749a4b61f17367894915936d2f4073208","messageTitle":"Implement checkstyle changes","messageBody":"","fileTypesAndContributionMap":{"functional-code":{"insertions":9,"deletions":11}}}]},{"date":"2022-10-19","commitResults":[{"hash":"b02efaf2b682a44a61597c29e70740329961764a","messageTitle":"Allow Github username of user and contacts to be saved","messageBody":"- Create Github class in person\n- Person and User contains Github\n- Modify AddCommand, UserCommand and EditCommand to handle adding Github\n- Modify storage to save and load github profile\n- Modify UI to display Github on address book\n- Update testcases for Github and other relevant classes\n","fileTypesAndContributionMap":{"functional-code":{"insertions":195,"deletions":89},"docs":{"insertions":4,"deletions":4},"test-code":{"insertions":126,"deletions":27}}},{"hash":"8a4b760b667a71ab0254b18b5a2273366ea7dd81","messageTitle":"Update user guide","messageBody":"","fileTypesAndContributionMap":{"docs":{"insertions":12,"deletions":12}}},{"hash":"c3666a27fb90d9dcccd5882b93a84792a773275f","messageTitle":"Fix EditCommandParser to allow Github to be edited","messageBody":"","fileTypesAndContributionMap":{"functional-code":{"insertions":22,"deletions":15}}},{"hash":"820324d70c698fcce73eef632d40aa217806d265","messageTitle":"Implement checkstyle changes","messageBody":"","fileTypesAndContributionMap":{"functional-code":{"insertions":82,"deletions":16},"test-code":{"insertions":10,"deletions":2}}}]},{"date":"2022-10-20","commitResults":[{"hash":"1d1f755f35a4794713a9106daf1f802132328310","messageTitle":"Update testcases","messageBody":"","fileTypesAndContributionMap":{"functional-code":{"insertions":2,"deletions":2},"test-code":{"insertions":78,"deletions":28}}}]},{"date":"2022-10-21","commitResults":[{"hash":"c1287a36df23e66810a5b59a80317d8c93d89506","messageTitle":"Add user related use cases to DG","messageBody":"","fileTypesAndContributionMap":{"docs":{"insertions":128,"deletions":22}}},{"hash":"2b5667d96dd58d1ea19e8b4daaf0ca2cf3d46eb0","messageTitle":"Add modules left into DG","messageBody":"","fileTypesAndContributionMap":{"docs":{"insertions":37,"deletions":5}}},{"hash":"316b41da4b21873cfcf4414da2ed75463a587e32","messageTitle":"Update UML diagrams for Model, BetterModel and Storage","messageBody":"","fileTypesAndContributionMap":{"docs":{"insertions":21,"deletions":4}}}]},{"date":"2022-10-22","commitResults":[{"hash":"db2a0bb01f57041434334f17d6e6dd5312f796da","messageTitle":"Add testcase support for User","messageBody":"- Improve code quality for JsonAdaptedUser\n- Create UserBuilder class for testing\n- Create testcases for User and relevant classes\n- Create testcases for JsonAdaptedUser\n- Add User related testcases for AddressBookTest, ModelManagerTest\n- Add Users into TypicalPersons list\n","fileTypesAndContributionMap":{"functional-code":{"insertions":34,"deletions":3},"test-code":{"insertions":523,"deletions":1}}},{"hash":"6232521eb5a6786e734a646f49967d69230706f2","messageTitle":"Add testcases for DeleteUserCommand and UserCommand","messageBody":"","fileTypesAndContributionMap":{"functional-code":{"insertions":2,"deletions":1},"other":{"insertions":2,"deletions":2},"test-code":{"insertions":292,"deletions":0}}},{"hash":"64b9f794f18e62e44fabc9768dd27fe44aba7f92","messageTitle":"Add testcases for EditUserCommand","messageBody":"","fileTypesAndContributionMap":{"other":{"insertions":2,"deletions":2},"test-code":{"insertions":134,"deletions":1}}},{"hash":"d4edddef468fa1831f05535380da9bb65fd09780","messageTitle":"Add testcases for UserCommandParser","messageBody":"","fileTypesAndContributionMap":{"test-code":{"insertions":160,"deletions":6}}}]},{"date":"2022-10-23","commitResults":[{"hash":"4a8f619fc13c5bf3ee973843b849e65f8b687803","messageTitle":"Add user related testcases for EditCommandParser and DeleteCommandParser","messageBody":"","fileTypesAndContributionMap":{"test-code":{"insertions":138,"deletions":14}}},{"hash":"6ee5956fb9273d0c00a6ed1323c0cc8cd9cbb4d4","messageTitle":"Make Github an optional field","messageBody":"","fileTypesAndContributionMap":{"functional-code":{"insertions":14,"deletions":5},"test-code":{"insertions":19,"deletions":4}}},{"hash":"85a4471da425dc615e99e38e00cd216adae4336c","messageTitle":"Create ModuleCommand class","messageBody":"","fileTypesAndContributionMap":{"functional-code":{"insertions":42,"deletions":0}}},{"hash":"55e5d659705b160bdab08a846058e51b6236a56e","messageTitle":"Create ModuleIndexCommand and ModuleUserCommand","messageBody":"- Remove references to modules in EditCommand\n","fileTypesAndContributionMap":{"functional-code":{"insertions":292,"deletions":47},"test-code":{"insertions":1,"deletions":44}}},{"hash":"9eacf32403ae62a5b821f247ba3c26d3c047c15c","messageTitle":"Create Github user profile copyURL button","messageBody":"","fileTypesAndContributionMap":{"functional-code":{"insertions":65,"deletions":20}}}]},{"date":"2022-10-24","commitResults":[{"hash":"d5a67f78b4e97114d38888fdaec22c3b1210eede","messageTitle":"Fix code","messageBody":"","fileTypesAndContributionMap":{"functional-code":{"insertions":47,"deletions":334},"test-code":{"insertions":44,"deletions":1}}},{"hash":"b82df15c5f20fa68a713e32286715501b17668e6","messageTitle":"Add ModuleCommands","messageBody":"","fileTypesAndContributionMap":{"functional-code":{"insertions":334,"deletions":47},"test-code":{"insertions":10,"deletions":43}}}]},{"date":"2022-10-25","commitResults":[{"hash":"958d9e0156fd372b00bf4d99e442809bc11c357c","messageTitle":"Implement parser for ModuleCommand","messageBody":"","fileTypesAndContributionMap":{"functional-code":{"insertions":151,"deletions":5},"test-code":{"insertions":0,"deletions":6}}},{"hash":"4b19762f33866292e53cd7529cdd07e1b8c054f7","messageTitle":"Allow ModuleCommand to add modules","messageBody":"- UserProfile now updates when \u0027module user\u0027 is called\n","fileTypesAndContributionMap":{"functional-code":{"insertions":33,"deletions":21}}}]},{"date":"2022-10-26","commitResults":[{"hash":"0c492f591aebbb32b93464f6e86ff74a40c35d3f","messageTitle":"Implement removal of modules from contact or user","messageBody":"","fileTypesAndContributionMap":{"functional-code":{"insertions":61,"deletions":4}}},{"hash":"b90b023103ce3b501a59509f527e3350076e9b86","messageTitle":"Update user guide","messageBody":"","fileTypesAndContributionMap":{"docs":{"insertions":40,"deletions":121}}},{"hash":"4dc12ba4aa75c0349973c945a1e13585d18b475b","messageTitle":"Add testcases for module commands","messageBody":"- Fix testcases for EditIndexCommandTest and EditUserCommandTest\n- Add testcases for ModuleIndexCommand and ModuleUserCommand\n- Add testcases for EditModuleDescriptor\n- Add testcases for ModuleCommandParser\n- Refactor valid modules and create fixed module descriptors\n","fileTypesAndContributionMap":{"functional-code":{"insertions":1,"deletions":1},"test-code":{"insertions":822,"deletions":25}}},{"hash":"164c6d91623ed62bcebeb1761742e0e7bfafdd4a","messageTitle":"Fix UI bug for user profile","messageBody":"","fileTypesAndContributionMap":{"functional-code":{"insertions":3,"deletions":0}}}]},{"date":"2022-10-27","commitResults":[{"hash":"51d82e1adbcad8332834e2c5dc7cddffe8a8c7c3","messageTitle":"Create ModulesLeftCommand","messageBody":"","fileTypesAndContributionMap":{"functional-code":{"insertions":223,"deletions":0}}},{"hash":"8865dcef8c1b8f47f39c953a4dfa7bbf5c34981d","messageTitle":"Optimise Module validation regex","messageBody":"- Create new testcases for Module\n- Update other classes to follow new regex\n","fileTypesAndContributionMap":{"functional-code":{"insertions":31,"deletions":24},"test-code":{"insertions":97,"deletions":73}}},{"hash":"e8faa3cd6217a85fff6d700cb8cfd7f530ff7f0d","messageTitle":"Fix ModulesLeftCommand","messageBody":"","fileTypesAndContributionMap":{"functional-code":{"insertions":34,"deletions":3}}},{"hash":"06eb5045add3af5d66d36686ce03c040fa637d5c","messageTitle":"Fix UserProfile null error","messageBody":"","fileTypesAndContributionMap":{"functional-code":{"insertions":2,"deletions":1}}},{"hash":"3b0b5ce6d04164754c2358eb29d8d5e5bee7122f","messageTitle":"Create testcases for ModulesLeftCommand","messageBody":"","fileTypesAndContributionMap":{"functional-code":{"insertions":16,"deletions":4},"test-code":{"insertions":108,"deletions":0}}},{"hash":"4a5a2bcbd33458b5b423f06f765c68b5428cb031","messageTitle":"Update user guide","messageBody":"","fileTypesAndContributionMap":{"docs":{"insertions":33,"deletions":510}}}]},{"date":"2022-10-28","commitResults":[{"hash":"f3514a5c86c07d9f0843704ec76c66c904b3d315","messageTitle":"Fix user guide","messageBody":"","fileTypesAndContributionMap":{"docs":{"insertions":80,"deletions":77}}}]},{"date":"2022-10-30","commitResults":[{"hash":"6eb24ef9e500f59ebab8af42ae5145eeed945521","messageTitle":"Edit user guide","messageBody":"- Reorganise the contents page\n- Add \u0027Scroll back to top\u0027 button\n- Remove irrelevant module list line\n- Add find and help into user guide\n- Add image for HelpWindow\n- Fix buggy table\n","fileTypesAndContributionMap":{"docs":{"insertions":146,"deletions":73}}},{"hash":"52072022c69f62ab36591508afb84c4646000b74","messageTitle":"Edit user guide and module command output","messageBody":"- Add github url button to user guide\n- Add more images to user guide\n- Make module commands output only module list and not any other information\n","fileTypesAndContributionMap":{"functional-code":{"insertions":58,"deletions":2},"docs":{"insertions":41,"deletions":14},"test-code":{"insertions":28,"deletions":16}}},{"hash":"d834ea3df81e4ab4c6b09ffedaed5daaf47abf72","messageTitle":"Fix wrong error message and double spacing","messageBody":"","fileTypesAndContributionMap":{"functional-code":{"insertions":4,"deletions":4}}}]},{"date":"2022-10-31","commitResults":[{"hash":"3a9550e93b1dba204438fff70941cc9dee142406","messageTitle":"Adjust width of images","messageBody":"","fileTypesAndContributionMap":{"docs":{"insertions":5,"deletions":5}}},{"hash":"fe6f862b7c6e621abdd0a11407c49cd3d4743eb7","messageTitle":"Fix table glitch","messageBody":"","fileTypesAndContributionMap":{"docs":{"insertions":2,"deletions":2}}},{"hash":"e492d7b837a04ca64d8aba713aa532960e4dfa1b","messageTitle":"Add message regarding modsleft command in ug","messageBody":"","fileTypesAndContributionMap":{"docs":{"insertions":1,"deletions":0}}},{"hash":"d7660f21e516d61b529becd7e1ce1649e14600a1","messageTitle":"Edit width of images","messageBody":"","fileTypesAndContributionMap":{"docs":{"insertions":9,"deletions":9}}},{"hash":"fa4583530bab69b88e3e71a6498c22998f48cd5a","messageTitle":"add line","messageBody":"","fileTypesAndContributionMap":{"docs":{"insertions":1,"deletions":0}}}]},{"date":"2022-11-01","commitResults":[{"hash":"9366a26e35d6a64b10246a2a4f7786932e57c7f3","messageTitle":"Edit error message for UserCommand","messageBody":"","fileTypesAndContributionMap":{"functional-code":{"insertions":2,"deletions":1}}},{"hash":"e15a2de88bf002bdff075ffe66d83bd835a55cf9","messageTitle":"Allow module names to be un-capitalised","messageBody":"","fileTypesAndContributionMap":{"functional-code":{"insertions":4,"deletions":4},"test-code":{"insertions":5,"deletions":0}}},{"hash":"c9410aacde88c02e4b80e100d3abc0b24505909f","messageTitle":"Create more testcases for Tag","messageBody":"","fileTypesAndContributionMap":{"test-code":{"insertions":25,"deletions":0}}},{"hash":"20047ad61538da4a2c407c39f038211e75281a0c","messageTitle":"Add equals testcases in model classes","messageBody":"","fileTypesAndContributionMap":{"test-code":{"insertions":153,"deletions":0}}},{"hash":"6fa5a966db4ce46b3700fe559d0f647ba41071fd","messageTitle":"Add even more testcases to model","messageBody":"","fileTypesAndContributionMap":{"test-code":{"insertions":76,"deletions":4}}},{"hash":"c5e1ab1f28a3a6a8cccb98e91f30f85df3c06b13","messageTitle":"Add more testcases to LogicManager and parser classes","messageBody":"","fileTypesAndContributionMap":{"test-code":{"insertions":114,"deletions":0}}},{"hash":"a572b20af1871088fe0a0b5fb8e58a542ff5700d","messageTitle":"Add testcases for CommandResult","messageBody":"","fileTypesAndContributionMap":{"test-code":{"insertions":37,"deletions":0}}},{"hash":"31ea1230ccad856ba2cd79c9c82ddb9d2b414375","messageTitle":"Fix github button bug","messageBody":"","fileTypesAndContributionMap":{"functional-code":{"insertions":3,"deletions":1},"docs":{"insertions":4,"deletions":4}}},{"hash":"d5f95e49c69e1f28ffe2eaa9f24423d073d2c413","messageTitle":"fix checkstyle error","messageBody":"","fileTypesAndContributionMap":{"functional-code":{"insertions":1,"deletions":1}}},{"hash":"e5ca33794467bbc8147816e0256c7a7106758d69","messageTitle":"Add testcases","messageBody":"","fileTypesAndContributionMap":{"functional-code":{"insertions":25,"deletions":38},"test-code":{"insertions":390,"deletions":3}}}]},{"date":"2022-11-02","commitResults":[{"hash":"58a1f03e9f3d196564fb10c615d1cd17bfc0add6","messageTitle":"Create more testcases for ModulesLeftCommand","messageBody":"","fileTypesAndContributionMap":{"test-code":{"insertions":191,"deletions":8}}},{"hash":"cce45814c34eebbb69c9fa816a9893456ba02624","messageTitle":"Update DG and PPP","messageBody":"","fileTypesAndContributionMap":{"docs":{"insertions":112,"deletions":23},"test-code":{"insertions":48,"deletions":49}}},{"hash":"db56b47c734eea4fc5108d00c859491ffd3a389e","messageTitle":"Remove trailing whitespace","messageBody":"","fileTypesAndContributionMap":{"docs":{"insertions":20,"deletions":21}}}]}],"SilasTSL":[{"date":"2022-09-28","commitResults":[{"hash":"132b8930977adfa372eb15ac9a5f7b8b9ae9cf11","messageTitle":"Add silas ppp","messageBody":"","fileTypesAndContributionMap":{"docs":{"insertions":43,"deletions":0}}},{"hash":"9b2ed2c2d7d1e88de8813512a5048a98bcc8f0d3","messageTitle":"Update AboutUs","messageBody":"","fileTypesAndContributionMap":{"docs":{"insertions":27,"deletions":26}}},{"hash":"c0e69532197de1691fd05d36500369b91982cb04","messageTitle":"Update README","messageBody":"","fileTypesAndContributionMap":{"docs":{"insertions":5,"deletions":10}}}]},{"date":"2022-10-04","commitResults":[{"hash":"ae3fd38aeab5c83aac55bc2c68191f6c49db8a6c","messageTitle":"Add modules for contacts","messageBody":"","fileTypesAndContributionMap":{"functional-code":{"insertions":172,"deletions":21},"docs":{"insertions":2,"deletions":2}}},{"hash":"549d15219fdd15815124a43cbb4ccd9729721d84","messageTitle":"Update UG for add command to include modules","messageBody":"","fileTypesAndContributionMap":{"docs":{"insertions":2,"deletions":2}}},{"hash":"071063edc7048e412a2d2cc41efa7c7f299a6b2d","messageTitle":"Fix import statements in AddCommand","messageBody":"","fileTypesAndContributionMap":{"functional-code":{"insertions":8,"deletions":2}}},{"hash":"cc46afc504b4c31ebcf9440ed8a8c81155d0e9d8","messageTitle":"Fix add command in UG","messageBody":"","fileTypesAndContributionMap":{"docs":{"insertions":4,"deletions":4}}}]},{"date":"2022-10-20","commitResults":[{"hash":"8a7a13fdf0a571004a87d51338651e924ff4e5a7","messageTitle":"Add proposed changes to Undo/Redo implementation","messageBody":"","fileTypesAndContributionMap":{"docs":{"insertions":25,"deletions":0}}}]},{"date":"2022-10-28","commitResults":[{"hash":"c5170bbfc38f000675976a69655e6eb1dadf0e5e","messageTitle":"Add Undo/Redo Feature","messageBody":"","fileTypesAndContributionMap":{"functional-code":{"insertions":261,"deletions":20}}},{"hash":"337a8e76e6b4d449407aa5d3106178bbbaf91c19","messageTitle":"Update UG","messageBody":"","fileTypesAndContributionMap":{"docs":{"insertions":15,"deletions":0}}},{"hash":"ca1c2554173531202b33b347b5fb3d8934a14236","messageTitle":"Fix Checkstyles","messageBody":"","fileTypesAndContributionMap":{"functional-code":{"insertions":1,"deletions":12},"docs":{"insertions":1,"deletions":1},"test-code":{"insertions":48,"deletions":0}}}]},{"date":"2022-10-31","commitResults":[{"hash":"663b1b9cc5c8e80d35dae118ff56846ca525ef36","messageTitle":"Elaborated on Undo/Redo feature in UG","messageBody":"","fileTypesAndContributionMap":{"docs":{"insertions":15,"deletions":0}}}]}],"linuschui":[{"date":"2022-09-28","commitResults":[{"hash":"104a6f1729134541c8386b6a15d100f90be3b0d9","messageTitle":"linus-ppp","messageBody":"","fileTypesAndContributionMap":{"functional-code":{"insertions":5,"deletions":0},"docs":{"insertions":43,"deletions":0},"test-code":{"insertions":6,"deletions":0}}},{"hash":"0a343b4e5af291ffad48d35d1edcff6de77f00a4","messageTitle":"remove remarkcommand","messageBody":"","fileTypesAndContributionMap":{"functional-code":{"insertions":0,"deletions":5},"test-code":{"insertions":0,"deletions":6}}}]},{"date":"2022-10-12","commitResults":[{"hash":"97eccad2a51bd15c90a64511113c15f1c10a740f","messageTitle":"Fixed testcases","messageBody":"","fileTypesAndContributionMap":{"functional-code":{"insertions":44,"deletions":38},"docs":{"insertions":1,"deletions":1},"test-code":{"insertions":262,"deletions":34}}},{"hash":"dfe2313732f062b1c457c169033f39f046527992","messageTitle":"Fixed testcases for LogicManagerTest, EditCommandTest, AddCommandParserTest","messageBody":"","fileTypesAndContributionMap":{"test-code":{"insertions":106,"deletions":1}}},{"hash":"08397288e86dfd624b96c4b0c6f2a6242074a229","messageTitle":"Fixed test cases for EditPersonDescriptorTest and AddCommandParserTest","messageBody":"","fileTypesAndContributionMap":{"test-code":{"insertions":10,"deletions":29}}}]},{"date":"2022-10-19","commitResults":[{"hash":"3b76702897eca828bf244b8d71f1e590b99e5cee","messageTitle":"dg draft 1","messageBody":"","fileTypesAndContributionMap":{"functional-code":{"insertions":5,"deletions":5},"docs":{"insertions":96,"deletions":12}}}]},{"date":"2022-10-20","commitResults":[{"hash":"b98bc1e045fe49f6dc0263edf3e77b11a21cbdb4","messageTitle":"added JsonAdaptedLesson, edited Lesson, Lab, Lecture, Recitation, Tutorial","messageBody":"","fileTypesAndContributionMap":{"functional-code":{"insertions":179,"deletions":11}}},{"hash":"5c10ead27d09c870c630b4b7add133e298c01d5b","messageTitle":"add Lessons to storage for both User and Person","messageBody":"","fileTypesAndContributionMap":{"functional-code":{"insertions":51,"deletions":7},"docs":{"insertions":134,"deletions":0}}},{"hash":"ae44b73ae1fb404cd529e4c49369f124c059373a","messageTitle":"removed uml diagram for Lesson","messageBody":"","fileTypesAndContributionMap":{"docs":{"insertions":0,"deletions":134}}},{"hash":"d3f4f4e7c12471b806f43de9c8aa785603966a66","messageTitle":"developer guide - linus","messageBody":"","fileTypesAndContributionMap":{"docs":{"insertions":84,"deletions":26}}}]},{"date":"2022-10-21","commitResults":[{"hash":"9132fe9865aa7c66c9baaac6fc7a3adbd897fc56","messageTitle":"add assertions","messageBody":"","fileTypesAndContributionMap":{"functional-code":{"insertions":1,"deletions":0}}}]},{"date":"2022-10-25","commitResults":[{"hash":"8c1be1c3ff879fd9e15c73cf6acf900f2804cc70","messageTitle":"Added test cases for JsonAdaptedLesson","messageBody":"","fileTypesAndContributionMap":{"functional-code":{"insertions":6,"deletions":2},"test-code":{"insertions":257,"deletions":0}}}]},{"date":"2022-10-26","commitResults":[{"hash":"8a15c86d9d6f9b365498a6845fd379f9f908a82f","messageTitle":"Edited DG for Timetable feature","messageBody":"","fileTypesAndContributionMap":{"functional-code":{"insertions":1,"deletions":1},"docs":{"insertions":116,"deletions":61}}},{"hash":"2768f130c34cdab0d69674f68d14c5c535e8ee0c","messageTitle":"Edited UG for Timetable feature","messageBody":"","fileTypesAndContributionMap":{"docs":{"insertions":514,"deletions":0}}}]},{"date":"2022-10-30","commitResults":[{"hash":"a131d53f4cf59011a23e439fa23e2918f260a77d","messageTitle":"Edited UG intro","messageBody":"","fileTypesAndContributionMap":{"docs":{"insertions":67,"deletions":24}}},{"hash":"3d9c40be85920cb2be7f22a7e1034007c3ccbab7","messageTitle":"added screenshots for quickstart","messageBody":"","fileTypesAndContributionMap":{"docs":{"insertions":7,"deletions":7}}},{"hash":"1db95152ce6c0d0f303bc4907e4b3c4918c30188","messageTitle":"fixed timetable clashes and error messages","messageBody":"","fileTypesAndContributionMap":{"functional-code":{"insertions":106,"deletions":14},"docs":{"insertions":4,"deletions":1},"test-code":{"insertions":2,"deletions":1}}}]},{"date":"2022-10-31","commitResults":[{"hash":"4c5e94311b68cdd576470a40adc7e757ac59133e","messageTitle":"resized quickstart images","messageBody":"","fileTypesAndContributionMap":{"docs":{"insertions":8,"deletions":9}}},{"hash":"f3b31153e8fccb51d6a07644891d620c3b3081ee","messageTitle":"fixed UG screenshots","messageBody":"","fileTypesAndContributionMap":{"docs":{"insertions":8,"deletions":8}}},{"hash":"8fbad154e31e4824b93ce52cf75cc9b84f00f07c","messageTitle":"edited UG screenshots","messageBody":"","fileTypesAndContributionMap":{"docs":{"insertions":7,"deletions":7}}}]},{"date":"2022-11-03","commitResults":[{"hash":"d59fda3fe721fb49d558d543a6b849ee738cdbd3","messageTitle":"Updated UG : Intro, Navigation, Glossary, Timetable","messageBody":"","fileTypesAndContributionMap":{"docs":{"insertions":114,"deletions":9}}},{"hash":"1628e7aabcf879392bbf515d725ef4ac2150ecc3","messageTitle":"Updated UG : Intro, Navigation, Glossary, Timetable","messageBody":"","fileTypesAndContributionMap":{"docs":{"insertions":1,"deletions":1}}},{"hash":"68c58af0fcffd671cfd330d70fdc2b9e669dcf32","messageTitle":"Updated UG : Intro, Navigation, Glossary, Timetable","messageBody":"","fileTypesAndContributionMap":{"docs":{"insertions":1,"deletions":1}}},{"hash":"4ee652a913f98586b72b0b6af581b0ea8194ed6d","messageTitle":"edited PPP","messageBody":"","fileTypesAndContributionMap":{"docs":{"insertions":27,"deletions":22}}},{"hash":"8ab2c720c9fca682f68b33a1c1852b8ddacf3967","messageTitle":"added boxes to Tip and Caution","messageBody":"","fileTypesAndContributionMap":{"docs":{"insertions":18,"deletions":4}}},{"hash":"ca5670961750d11a89fbe66733f8803c4224d04d","messageTitle":"Updated DG : Intro, Navigation, Glossary, Test Cases for Timetable and Lessons","messageBody":"","fileTypesAndContributionMap":{"docs":{"insertions":228,"deletions":14}}}]}],"leehuiyulaura":[{"date":"2022-09-28","commitResults":[{"hash":"64309ebd772b5aa3e8175869a440b0949b61aba2","messageTitle":"Create Project Portfolio Page (PPP)","messageBody":"","fileTypesAndContributionMap":{"docs":{"insertions":44,"deletions":0}}}]},{"date":"2022-10-04","commitResults":[{"hash":"3c913ac0a03d2b5e05edc87b38c7ff3ec1d6b9ad","messageTitle":"Create profile UI box","messageBody":"","fileTypesAndContributionMap":{"functional-code":{"insertions":60,"deletions":1}}},{"hash":"2dd535a261391b77069d6265fb0971cb86d7d681","messageTitle":"Edit user profile UI box","messageBody":"","fileTypesAndContributionMap":{"functional-code":{"insertions":7,"deletions":12}}},{"hash":"1a9962b9a217e3bb6cf8cd0af5b318814f5e0bda","messageTitle":"Remove redundant code from profile display","messageBody":"","fileTypesAndContributionMap":{"functional-code":{"insertions":2,"deletions":6}}},{"hash":"cb120fae11054ed8af8f348f5ef48563f7da0462","messageTitle":"add modules to person card UI","messageBody":"","fileTypesAndContributionMap":{"functional-code":{"insertions":52,"deletions":8}}}]},{"date":"2022-10-10","commitResults":[{"hash":"0ce5fde977dc2c26584645e8d62470cf387bb2c5","messageTitle":"Update UI","messageBody":"","fileTypesAndContributionMap":{"functional-code":{"insertions":45,"deletions":0}}}]},{"date":"2022-10-11","commitResults":[{"hash":"fc505410e4985658aac769533da0c16c72fa5bdd","messageTitle":"Add UI to display user profile","messageBody":"","fileTypesAndContributionMap":{"functional-code":{"insertions":443,"deletions":43},"test-code":{"insertions":11,"deletions":6}}},{"hash":"8c4057f3e1d3420201a4f27ab8715b85c12543a7","messageTitle":"Fix bugs","messageBody":"","fileTypesAndContributionMap":{"functional-code":{"insertions":0,"deletions":7}}},{"hash":"0ee7c9697de12430a16748986869987429493ddb","messageTitle":"Handle empty user UI","messageBody":"","fileTypesAndContributionMap":{"functional-code":{"insertions":47,"deletions":34}}}]},{"date":"2022-10-13","commitResults":[{"hash":"3733585a2303f98ca1adb0b9eadfc0367d5d74dd","messageTitle":"Fix user bug","messageBody":"","fileTypesAndContributionMap":{"functional-code":{"insertions":8,"deletions":13}}},{"hash":"dec84888ac3559be264498ec57627e0b56dc4e12","messageTitle":"Fix checkstyle errors","messageBody":"","fileTypesAndContributionMap":{"functional-code":{"insertions":0,"deletions":1}}}]},{"date":"2022-10-19","commitResults":[{"hash":"37298f0fd1530b1414e7ad05fb55b85f00781df0","messageTitle":"Update DG for Ui","messageBody":"","fileTypesAndContributionMap":{"docs":{"insertions":3,"deletions":3}}},{"hash":"d6d7924de64555a376b4265a694578a7ce740aa7","messageTitle":"Update DG proposed implementations","messageBody":"","fileTypesAndContributionMap":{"docs":{"insertions":48,"deletions":0}}}]},{"date":"2022-10-20","commitResults":[{"hash":"2d4b379fef64c76d8b0254b1c88d11579086ae33","messageTitle":"Add assertions","messageBody":"","fileTypesAndContributionMap":{"functional-code":{"insertions":2,"deletions":0}}}]},{"date":"2022-10-26","commitResults":[{"hash":"cbd88b707be1e6e1acae94670e6ec09d0f56da4b","messageTitle":"Add filter tag currmod prevmod and planmod function","messageBody":"","fileTypesAndContributionMap":{"functional-code":{"insertions":554,"deletions":15},"test-code":{"insertions":238,"deletions":0}}},{"hash":"f08869a4bd96732827baa24738379ffa85b57171","messageTitle":"Add JUnit tests","messageBody":"","fileTypesAndContributionMap":{"functional-code":{"insertions":64,"deletions":68},"other":{"insertions":3,"deletions":3},"test-code":{"insertions":650,"deletions":28}}}]},{"date":"2022-10-27","commitResults":[{"hash":"b6a2c66b19fb09fbb55bfe76fcbd5fcaefd1bfc3","messageTitle":"Add filter function","messageBody":"","fileTypesAndContributionMap":{"functional-code":{"insertions":457,"deletions":30}}},{"hash":"63b1ad752cde59e6ecf7f9da5fdffde934bfb1cb","messageTitle":"Add nextsem function","messageBody":"","fileTypesAndContributionMap":{"functional-code":{"insertions":73,"deletions":0}}},{"hash":"ad944a25bc2ec6edc9a12454369adcf218be6b30","messageTitle":"Add JUnit tests","messageBody":"","fileTypesAndContributionMap":{"functional-code":{"insertions":66,"deletions":64},"other":{"insertions":1,"deletions":0},"test-code":{"insertions":870,"deletions":6}}},{"hash":"08c666c3b99de7a7d41dff4f681cf0c20bf88d70","messageTitle":"Resolve merge conflicts test","messageBody":"","fileTypesAndContributionMap":{"functional-code":{"insertions":43,"deletions":42},"test-code":{"insertions":791,"deletions":791}}},{"hash":"83b2e725e4f15eb7ecd0fa0cae76a5f39e67a8b6","messageTitle":"Update UG and DG","messageBody":"","fileTypesAndContributionMap":{"docs":{"insertions":107,"deletions":368}}}]},{"date":"2022-10-31","commitResults":[{"hash":"115263692fa00cbb0af186c06465589c7f111172","messageTitle":"Update UG","messageBody":"","fileTypesAndContributionMap":{"docs":{"insertions":18,"deletions":16}}},{"hash":"0f0353cf05c0bf3327c838f958665d9383f1e7a5","messageTitle":"Fix NextSem bug","messageBody":"","fileTypesAndContributionMap":{"functional-code":{"insertions":28,"deletions":1}}},{"hash":"fe78e017f27fa492feb258f35973b9ae14419f5b","messageTitle":"Fix checkstyle error","messageBody":"","fileTypesAndContributionMap":{"functional-code":{"insertions":0,"deletions":1}}}]}]},"authorFileTypeContributionMap":{"rjkoh":{"docs":999,"functional-code":1639,"test-code":44,"other":3},"shamooose":{"docs":547,"functional-code":2103,"test-code":3548},"SilasTSL":{"docs":109,"functional-code":412,"test-code":48},"linuschui":{"docs":684,"functional-code":339,"test-code":515},"leehuiyulaura":{"docs":149,"functional-code":947,"test-code":806,"other":1}},"authorContributionVariance":{"rjkoh":33648.45,"shamooose":117075.89,"SilasTSL":3656.474,"linuschui":26569.025,"leehuiyulaura":325774.3},"authorDisplayNameMap":{"rjkoh":"CS2103T-T14-4 KOH .. JIE","shamooose":"CS2103T-T14-4 TAN ..AMUS","SilasTSL":"CS2103T-T14-4 SILA.. TAY","linuschui":"CS2103T-T14-4 LINU.. KIN","leehuiyulaura":"CS2103T-T14-4 LEE ..AURA"}}
