{"authorDailyContributionsMap":{"tantzeyeong":[{"date":"2022-09-20","commitResults":[{"hash":"a5d7479766fd19c85b777a5011c000ec8404b784","messageTitle":"Add skeleton Project Portfolio Page for v1.1","messageBody":"","fileTypesAndContributionMap":{"docs":{"insertions":31,"deletions":0}}},{"hash":"3282cc66341505eef57a9c7e6e6063c00f77cbdf","messageTitle":"Update AboutUs page for v1.1","messageBody":"","fileTypesAndContributionMap":{"docs":{"insertions":5,"deletions":5}}},{"hash":"d5fbae59c68b3370423b7cace0dd5440377245b3","messageTitle":"Update developer guide for v1.1","messageBody":"Add user stories, use cases and non-functional requirements.\n","fileTypesAndContributionMap":{"docs":{"insertions":133,"deletions":35}}}]},{"date":"2022-09-21","commitResults":[{"hash":"8a6946ec94cb71fdb151cb935afbcc9e020e1881","messageTitle":"Update developer guide with guarantees and formatting","messageBody":"","fileTypesAndContributionMap":{"docs":{"insertions":124,"deletions":75}}},{"hash":"8d31d21f98166707e67f0830cfbcfe014775a9ec","messageTitle":"Update product scope in developer guide","messageBody":"","fileTypesAndContributionMap":{"docs":{"insertions":5,"deletions":4}}}]}],"nopehax":[{"date":"2022-09-19","commitResults":[{"hash":"eb6101515e1fc88baa9ffb3884310e9e6bdb1177","messageTitle":"Update UserGuide.md to draft UG","messageBody":"","fileTypesAndContributionMap":{"docs":{"insertions":32,"deletions":148}}},{"hash":"751c511371e91d6636da014f5961b1392b2159d7","messageTitle":"Update AboutMe.md with my profile","messageBody":"","fileTypesAndContributionMap":{"docs":{"insertions":44,"deletions":2}}}]},{"date":"2022-09-21","commitResults":[{"hash":"030e3524642e98c698dcf4bfd656e2454a99eb8b","messageTitle":"Update AboutUs.md with Teng Wye\u0027s profile","messageBody":"","fileTypesAndContributionMap":{"docs":{"insertions":3,"deletions":3}}}]}],"totsukatomofumi":[{"date":"2022-09-21","commitResults":[{"hash":"d22206744b0c14a11c627036f4d276ac91a8de42","messageTitle":"AboutUs page: update personal info and photo","messageBody":"","fileTypesAndContributionMap":{"docs":{"insertions":4,"deletions":5}}}]}],"asaierika":[{"date":"2022-09-20","commitResults":[{"hash":"e4c1aa14976863cefd49d40a94c443730f31b734","messageTitle":"Update AboutUs.md","messageBody":"","fileTypesAndContributionMap":{"docs":{"insertions":6,"deletions":6}}},{"hash":"4dc3f0a73e76668614e5938beed34805db460c51","messageTitle":"Add skeleton Project Portfolio Page for v1.1","messageBody":"","fileTypesAndContributionMap":{"docs":{"insertions":30,"deletions":0}}},{"hash":"e21c40f95c5b20a387a9a54ae8c4c2cd9899c00a","messageTitle":"Correct image name asaierika.png in AboutUs.md","messageBody":"","fileTypesAndContributionMap":{"docs":{"insertions":1,"deletions":1}}}]}],"ongwenpin":[{"date":"2022-09-20","commitResults":[{"hash":"0531c7ce2aca8d6e39d72bbcc99819a30f99bbd9","messageTitle":"Update AboutUs","messageBody":"","fileTypesAndContributionMap":{"docs":{"insertions":4,"deletions":4}}},{"hash":"95bd40bf193371b1494a39a3538a25cdf074d225","messageTitle":"Add some user stories and use cases to developer guide","messageBody":"","fileTypesAndContributionMap":{"docs":{"insertions":90,"deletions":9}}}]}]},"authorFileTypeContributionMap":{"tantzeyeong":{"docs":247,"functional-code":0,"test-code":0},"nopehax":{"docs":79,"functional-code":0,"test-code":0},"totsukatomofumi":{"docs":4,"functional-code":0,"test-code":0},"asaierika":{"docs":36,"functional-code":0,"test-code":0},"ongwenpin":{"docs":23,"functional-code":0,"test-code":0}},"authorContributionVariance":{"tantzeyeong":9660.583,"nopehax":7023.5547,"totsukatomofumi":11.25,"asaierika":268.88892,"ongwenpin":1590.1388},"authorDisplayNameMap":{"tantzeyeong":"CS2103T-F12-4 TAN ..EONG","nopehax":"CS2103T-F12-4 LOH .. WYE","totsukatomofumi":"CS2103T-F12-4 TOTS..FUMI","asaierika":"CS2103T-F12-4 JIAN..MENG","ongwenpin":"CS2103T-F12-4 ONG .. PIN"}}
