{"authorDailyContributionsMap":{"tantzeyeong":[{"date":"2022-09-20","commitResults":[{"hash":"a5d7479766fd19c85b777a5011c000ec8404b784","messageTitle":"Add skeleton Project Portfolio Page for v1.1","messageBody":"","fileTypesAndContributionMap":{"docs":{"insertions":31,"deletions":0}}},{"hash":"3282cc66341505eef57a9c7e6e6063c00f77cbdf","messageTitle":"Update AboutUs page for v1.1","messageBody":"","fileTypesAndContributionMap":{"docs":{"insertions":5,"deletions":5}}},{"hash":"d5fbae59c68b3370423b7cace0dd5440377245b3","messageTitle":"Update developer guide for v1.1","messageBody":"Add user stories, use cases and non-functional requirements.\n","fileTypesAndContributionMap":{"docs":{"insertions":133,"deletions":35}}}]},{"date":"2022-09-21","commitResults":[{"hash":"8a6946ec94cb71fdb151cb935afbcc9e020e1881","messageTitle":"Update developer guide with guarantees and formatting","messageBody":"","fileTypesAndContributionMap":{"docs":{"insertions":124,"deletions":75}}},{"hash":"8d31d21f98166707e67f0830cfbcfe014775a9ec","messageTitle":"Update product scope in developer guide","messageBody":"","fileTypesAndContributionMap":{"docs":{"insertions":5,"deletions":4}}}]},{"date":"2022-10-06","commitResults":[{"hash":"2cecdcfe2e618d8d8c7e2c2b18a8e8bc61320c5b","messageTitle":"Add TuitionClass class","messageBody":"","fileTypesAndContributionMap":{"functional-code":{"insertions":351,"deletions":2}}}]},{"date":"2022-10-07","commitResults":[{"hash":"96d54b9c488bd406306d1e2b9020fb7a2de247d5","messageTitle":"Add Student class","messageBody":"","fileTypesAndContributionMap":{"functional-code":{"insertions":137,"deletions":0}}},{"hash":"663d9645fff1f7dc5c40ac691c21858fa6c85057","messageTitle":"Add Tutor class","messageBody":"","fileTypesAndContributionMap":{"functional-code":{"insertions":220,"deletions":3}}}]},{"date":"2022-10-08","commitResults":[{"hash":"befb719b9182ef1792fc86f65899db20d442075f","messageTitle":"Update Level, NextOfKin and School in Student class","messageBody":"","fileTypesAndContributionMap":{"functional-code":{"insertions":131,"deletions":1}}},{"hash":"45ec6db0c6065abc855a85f75b0eb3b0b83027c5","messageTitle":"Update TuitionClass class","messageBody":"","fileTypesAndContributionMap":{"functional-code":{"insertions":123,"deletions":5}}},{"hash":"7ead908150ae1a037119bd6051d75463f0ef9333","messageTitle":"Fix checkstyle errors","messageBody":"","fileTypesAndContributionMap":{"functional-code":{"insertions":108,"deletions":22}}},{"hash":"5a9dc603bdf81ebdb885bc19447bef9645d873d0","messageTitle":"Add unit testing for Student, Tutor, TuitionClass and their respective fields","messageBody":"","fileTypesAndContributionMap":{"functional-code":{"insertions":20,"deletions":33},"test-code":{"insertions":973,"deletions":1}}},{"hash":"0ddda7167069b46e064a9b78570782577ab6e875","messageTitle":"Add unit testing for UniqueTuitionClassList","messageBody":"","fileTypesAndContributionMap":{"functional-code":{"insertions":2,"deletions":4},"test-code":{"insertions":188,"deletions":0}}},{"hash":"0ed17daf97299325ce13a2365520d51e108985cc","messageTitle":"Delete unused exceptions","messageBody":"","fileTypesAndContributionMap":{"functional-code":{"insertions":0,"deletions":35}}},{"hash":"d2751e003842cf81dcbf09eee0a4790c3275c908","messageTitle":"Fix toString method of Student and Tutor class","messageBody":"","fileTypesAndContributionMap":{"functional-code":{"insertions":2,"deletions":2}}},{"hash":"881078cfb97682c1c19ad322d4959c9ba4c0a646","messageTitle":"Add unit testing for toString in StudentTest and TutorTest class","messageBody":"","fileTypesAndContributionMap":{"functional-code":{"insertions":1,"deletions":1},"test-code":{"insertions":24,"deletions":0}}}]},{"date":"2022-10-11","commitResults":[{"hash":"f7f03902484fbc0172b5c52a275caef5153b1a2d","messageTitle":"Update UniqueStudentList and UniqueTutorList","messageBody":"","fileTypesAndContributionMap":{"functional-code":{"insertions":225,"deletions":26}}},{"hash":"d527b18df5730d26230d8e5b87fb6634f97dd739","messageTitle":"Update java docs for NextOfKin class","messageBody":"","fileTypesAndContributionMap":{"functional-code":{"insertions":1,"deletions":1}}}]},{"date":"2022-10-12","commitResults":[{"hash":"9e8fa7a9908720069b1dafbcc78b324bb4a7780c","messageTitle":"Update Student, Tutor and TuitionClass with respective lists","messageBody":"","fileTypesAndContributionMap":{"functional-code":{"insertions":105,"deletions":9}}},{"hash":"35a541d15c9a0b2d4bc64b3819ac02284dccd53f","messageTitle":"Update AddressBook","messageBody":"","fileTypesAndContributionMap":{"functional-code":{"insertions":28,"deletions":66},"test-code":{"insertions":61,"deletions":19}}},{"hash":"cf2d36be74a4c7dc5ec42cc8d95b9f28c2285160","messageTitle":"Fix checkstyle errors","messageBody":"","fileTypesAndContributionMap":{"test-code":{"insertions":4,"deletions":4}}},{"hash":"f56948e78d86bf9c69ebe19570c523de9e313446","messageTitle":"Add unit testing for UniqueStudentList and UniqueTutorList","messageBody":"","fileTypesAndContributionMap":{"functional-code":{"insertions":1,"deletions":2},"test-code":{"insertions":341,"deletions":0}}}]}],"nopehax":[{"date":"2022-09-19","commitResults":[{"hash":"eb6101515e1fc88baa9ffb3884310e9e6bdb1177","messageTitle":"Update UserGuide.md to draft UG","messageBody":"","fileTypesAndContributionMap":{"docs":{"insertions":32,"deletions":148}}},{"hash":"751c511371e91d6636da014f5961b1392b2159d7","messageTitle":"Update AboutMe.md with my profile","messageBody":"","fileTypesAndContributionMap":{"docs":{"insertions":44,"deletions":2}}}]},{"date":"2022-09-21","commitResults":[{"hash":"030e3524642e98c698dcf4bfd656e2454a99eb8b","messageTitle":"Update AboutUs.md with Teng Wye\u0027s profile","messageBody":"","fileTypesAndContributionMap":{"docs":{"insertions":3,"deletions":3}}}]},{"date":"2022-09-26","commitResults":[{"hash":"76b9275369f70e23dbc8fcf15d68fd4e75b178a0","messageTitle":"Rename lohtengwye.md to nopehax.md","messageBody":"","fileTypesAndContributionMap":{"docs":{"insertions":0,"deletions":0}}}]},{"date":"2022-09-30","commitResults":[{"hash":"1a886da87eab7ce9c4acc53a3aa8c60d33b9ebe1","messageTitle":"Update AboutUs.md with the renamed image and portfolio","messageBody":"","fileTypesAndContributionMap":{"docs":{"insertions":2,"deletions":2}}}]},{"date":"2022-10-09","commitResults":[{"hash":"e6233ccf648672898abb5f1db4396d52b5994c1d","messageTitle":"Add new class JsonAdaptedTutor for Tutor class","messageBody":"","fileTypesAndContributionMap":{"functional-code":{"insertions":138,"deletions":0}}},{"hash":"e1f679425f5ab558bdd18390c7c49c4e412f01b0","messageTitle":"Add JsonAdaptedStudent for Student class and isValidLevel() method","messageBody":"","fileTypesAndContributionMap":{"functional-code":{"insertions":161,"deletions":0}}},{"hash":"783926822a0f3956001d8d8af22accf2d52473bf","messageTitle":"Add JsonAdaptedTuitionClass for TuitionClass class and isValid methods for Day, Subject and Time class","messageBody":"","fileTypesAndContributionMap":{"functional-code":{"insertions":190,"deletions":1}}},{"hash":"be8f1f13ad8355e08a1559eb96152f7f2a2c673d","messageTitle":"Add new JsonSerializableTutorAddressBook","messageBody":"","fileTypesAndContributionMap":{"functional-code":{"insertions":60,"deletions":0}}},{"hash":"9c15c5b4956ccda90ba5939bc5bff2b32c240b56","messageTitle":"Add new JsonSerializableStudentAddressBook","messageBody":"","fileTypesAndContributionMap":{"functional-code":{"insertions":59,"deletions":1}}},{"hash":"212c60a8544b6f3085386f9ee8ab5eb3ea9038d7","messageTitle":"Add new JsonSerializableTuitionClassAddressBook","messageBody":"","fileTypesAndContributionMap":{"functional-code":{"insertions":60,"deletions":0}}}]},{"date":"2022-10-10","commitResults":[{"hash":"eb97bf61339927362451f0a7fbc78cd3f7af1d85","messageTitle":"Add method to read the addressBooks and initialize them properly","messageBody":"","fileTypesAndContributionMap":{"functional-code":{"insertions":294,"deletions":38}}},{"hash":"38e98b60b5d1caac4512a169d5afc5862a199de9","messageTitle":"Add method to save the different AddressBooks and update the logic","messageBody":"","fileTypesAndContributionMap":{"functional-code":{"insertions":140,"deletions":29}}},{"hash":"04781ad9d1d154fe6e0c68439a06ff940c070713","messageTitle":"Update Testing for Storage-related components","messageBody":"","fileTypesAndContributionMap":{"test-code":{"insertions":228,"deletions":50}}},{"hash":"8b6c8d529d4717bb27ad9b1cf3d2458c1e4ba9f2","messageTitle":"Fix CheckStyle errors","messageBody":"","fileTypesAndContributionMap":{"functional-code":{"insertions":31,"deletions":15},"test-code":{"insertions":18,"deletions":9}}},{"hash":"5ea5499151d261e2d595a0d9d4475998d1e2de6a","messageTitle":"Add testing for JsonSerializableTutorAddress","messageBody":"","fileTypesAndContributionMap":{"test-code":{"insertions":72,"deletions":0}}},{"hash":"ef42c3594a0d7525dc228cdeaf11862beced60e2","messageTitle":"Fix failed test in JsonUserPrefsStorageTest","messageBody":"","fileTypesAndContributionMap":{"test-code":{"insertions":3,"deletions":3}}},{"hash":"5bbc68a46d2d46bab6a8a750cfb9d4d9edd568d1","messageTitle":"Fix bug in UniqueTutors/StudentsList where getUnmodifiableList returns null","messageBody":"","fileTypesAndContributionMap":{"functional-code":{"insertions":18,"deletions":13},"test-code":{"insertions":38,"deletions":0}}},{"hash":"43b647c3562b2ec59c2127ae1a737729158a7731","messageTitle":"Fix bug where a valid AddressBook will return Optional.empty() when read","messageBody":"","fileTypesAndContributionMap":{"functional-code":{"insertions":3,"deletions":0}}},{"hash":"0cd6d1650181a1c3190b3f5f8c58655912d20eda","messageTitle":"Fix error when converting Student\u0027s level to JsonAdaptedStudent\u0027s level","messageBody":"","fileTypesAndContributionMap":{"functional-code":{"insertions":1,"deletions":1}}},{"hash":"fba3ce31009dcec7b5f190b6f0d672fa440fa303","messageTitle":"Override equals() of Time class to compare LocalTime instead of instance","messageBody":"","fileTypesAndContributionMap":{"functional-code":{"insertions":13,"deletions":0}}},{"hash":"d19de1606d0552247dc16f765d7339af73105187","messageTitle":"Fix addressBookReadSave() test","messageBody":"","fileTypesAndContributionMap":{"test-code":{"insertions":9,"deletions":6}}},{"hash":"74de13d4d27dc9e84001a92044c0de84b5d618b9","messageTitle":"Fix CheckStyle errors","messageBody":"","fileTypesAndContributionMap":{"functional-code":{"insertions":8,"deletions":1},"test-code":{"insertions":20,"deletions":13}}},{"hash":"137ac4fcd5d1073f5d4e436425d417fef4003d24","messageTitle":"Ignore execute_storageThrowsIoException_throwsCommandException()","messageBody":"","fileTypesAndContributionMap":{"test-code":{"insertions":1,"deletions":1}}},{"hash":"c071e8d7d94f21644f022c337cc0d4ac7c4d9b70","messageTitle":"Add testing for JsonAdaptedStudent","messageBody":"","fileTypesAndContributionMap":{"test-code":{"insertions":179,"deletions":0}}},{"hash":"4e386cb766fb37cffa2666b83f2c2ff655a02d78","messageTitle":"Add testing for JsonAdaptedTutor","messageBody":"","fileTypesAndContributionMap":{"test-code":{"insertions":158,"deletions":0}}},{"hash":"94407cce2ce72a38b2743b8cbabb34e5a96d6f0a","messageTitle":"Add testing for JsonSerializableStudentAddressBook","messageBody":"","fileTypesAndContributionMap":{"functional-code":{"insertions":2,"deletions":2},"test-code":{"insertions":75,"deletions":0}}},{"hash":"d0ecb9c1df6a40da9e3e843e057139955f6a8988","messageTitle":"Fix CheckStyle errors","messageBody":"","fileTypesAndContributionMap":{"test-code":{"insertions":10,"deletions":10}}},{"hash":"8b73f468910c127ee7680015b8fb244510d6ee17","messageTitle":"Add testing for JsonAdaptedTuitionClass","messageBody":"","fileTypesAndContributionMap":{"test-code":{"insertions":158,"deletions":0}}}]},{"date":"2022-10-13","commitResults":[{"hash":"f312f1941c8153e45841bfc39e27574e708d3f6d","messageTitle":"myStudents now ensures FilePaths specified is present initially","messageBody":"","fileTypesAndContributionMap":{"functional-code":{"insertions":17,"deletions":4}}}]}],"totsukatomofumi":[{"date":"2022-09-21","commitResults":[{"hash":"d22206744b0c14a11c627036f4d276ac91a8de42","messageTitle":"AboutUs page: update personal info and photo","messageBody":"","fileTypesAndContributionMap":{"docs":{"insertions":4,"deletions":5}}},{"hash":"e52232d6dbb7258f22dbcb008dc935dba700e02e","messageTitle":"Project portfolio pages: add totsukatomofumi\u0027s page","messageBody":"","fileTypesAndContributionMap":{"docs":{"insertions":32,"deletions":0}}},{"hash":"b72373547d4ec63227c4c315fb72fbebff34a502","messageTitle":"Project portfolio pages: add line in totsukatomofumi\u0027s page to pass CI","messageBody":"","fileTypesAndContributionMap":{"docs":{"insertions":1,"deletions":1}}}]},{"date":"2022-09-27","commitResults":[{"hash":"c2e05e6ff76e34775813804bff3a82e83b105a0b","messageTitle":"README.md: update build status badge and to match project","messageBody":"","fileTypesAndContributionMap":{"docs":{"insertions":16,"deletions":11}}},{"hash":"e547d4d964371b3f27042162c37d7bae001ba835","messageTitle":"index.md: update to match project","messageBody":"","fileTypesAndContributionMap":{"docs":{"insertions":7,"deletions":6}}}]},{"date":"2022-10-10","commitResults":[{"hash":"b1dc61dd248f8d140ed119d46571fbeb61cd2e09","messageTitle":"Level.java: move up to separate package","messageBody":"","fileTypesAndContributionMap":{"functional-code":{"insertions":2,"deletions":35},"other":{"insertions":1,"deletions":1}}},{"hash":"3e66142fc23fb0f99624c794269e95707beada88","messageTitle":"Level class: refactor level and exceptions relating it","messageBody":"","fileTypesAndContributionMap":{"functional-code":{"insertions":3,"deletions":13},"other":{"insertions":1,"deletions":1},"test-code":{"insertions":6,"deletions":4}}},{"hash":"0c25c4ee90782f4176d8ac1173d76408a8d836c8","messageTitle":"TuitionClassBuilder.java: fix lexicographical order of import","messageBody":"","fileTypesAndContributionMap":{"test-code":{"insertions":1,"deletions":1}}}]},{"date":"2022-10-11","commitResults":[{"hash":"2377654250a5c39e744ed6bba740786bad4970e1","messageTitle":"Logic: modify add command to add 3 types of entities","messageBody":"","fileTypesAndContributionMap":{"functional-code":{"insertions":322,"deletions":36}}},{"hash":"024eb2d7f0969f7af0476aeb15915cb1d34569da","messageTitle":"Model: modify model classes to accomodate for add command changes","messageBody":"","fileTypesAndContributionMap":{"functional-code":{"insertions":70,"deletions":6}}},{"hash":"ebd416e82f51b36630fe66fc0d9ab6ed9de08b36","messageTitle":"Test: modify as per add command and model changes","messageBody":"","fileTypesAndContributionMap":{"test-code":{"insertions":262,"deletions":68}}},{"hash":"1294c57f1822c36bfe376fb5a082783147aefcc4","messageTitle":"Comment out conflicting methods","messageBody":"","fileTypesAndContributionMap":{"functional-code":{"insertions":26,"deletions":27}}}]},{"date":"2022-10-12","commitResults":[{"hash":"3fbf957bd96345b3be660851aa06cec31d02116b","messageTitle":"Time class: improve exception handling","messageBody":"","fileTypesAndContributionMap":{"functional-code":{"insertions":17,"deletions":12},"test-code":{"insertions":11,"deletions":2}}},{"hash":"397568ff8087b9a269ed1dfaa04df938c40e07ec","messageTitle":"AddCommandParser.java: fix add command to disallow unrelated prefix","messageBody":"","fileTypesAndContributionMap":{"functional-code":{"insertions":16,"deletions":6}}},{"hash":"d904552f65ebdfe89cab1445aa9df60a58133127","messageTitle":"Tests: add test cases and methods","messageBody":"","fileTypesAndContributionMap":{"test-code":{"insertions":622,"deletions":65}}},{"hash":"f4d46f9be5905503f8ebc627f0bf9ec008f41e8d","messageTitle":"AddCommandIntegrationTest.java: add more test cases","messageBody":"","fileTypesAndContributionMap":{"test-code":{"insertions":50,"deletions":11}}},{"hash":"63194e9a6ceabd92fafe615f9ceb11ef9d7d77e1","messageTitle":"Edit to pass checkstyle","messageBody":"","fileTypesAndContributionMap":{"functional-code":{"insertions":117,"deletions":44},"test-code":{"insertions":40,"deletions":37}}}]},{"date":"2022-10-13","commitResults":[{"hash":"5c69646b717154fcc2f18c0eabcc4e9f26dff2fd","messageTitle":"AddCommand class: fix usage message","messageBody":"","fileTypesAndContributionMap":{"functional-code":{"insertions":1,"deletions":0}}},{"hash":"db627bdec351afc35a7108b6830e13996ee8842f","messageTitle":"Logic: modify edit to account for displayed list","messageBody":"","fileTypesAndContributionMap":{"functional-code":{"insertions":606,"deletions":39}}},{"hash":"8a5953ad9b7075a6be2f1ef5c70995509490d7c7","messageTitle":"Tweak edit behaviour after command execution","messageBody":"Slight change to modify from edit command execution not changing the\ndisplaying list to it changing it back to full student/tutor/class list.\n\nFor now, will leave this alone but hope to implement the prior in\nfuture.\n","fileTypesAndContributionMap":{"functional-code":{"insertions":18,"deletions":15}}},{"hash":"20ba94da664a644e98e44e3714e415f286ad6375","messageTitle":"Tests: add more test and cases for edit","messageBody":"","fileTypesAndContributionMap":{"test-code":{"insertions":1311,"deletions":146}}},{"hash":"9bebe24483ed48e2ac00e17ce440973a7a931be5","messageTitle":"Fix for checkstyle","messageBody":"","fileTypesAndContributionMap":{"functional-code":{"insertions":37,"deletions":32},"test-code":{"insertions":78,"deletions":58}}},{"hash":"b71d819dcd33b06128b85732b393551aed225402","messageTitle":"Logic: modify clear to clear current displayed list only","messageBody":"","fileTypesAndContributionMap":{"functional-code":{"insertions":44,"deletions":3}}},{"hash":"9ee4c4ca98541f54cf500bb231b4b5edeeb5cf3d","messageTitle":"Tests: add tests and cases for modified clear command","messageBody":"","fileTypesAndContributionMap":{"test-code":{"insertions":124,"deletions":4}}},{"hash":"73f6ece7f83ba58792d1b7cb3062eedc311c7131","messageTitle":"Fix for checkstyle","messageBody":"","fileTypesAndContributionMap":{"test-code":{"insertions":0,"deletions":2}}},{"hash":"4ecac6bdaa5607213e3fb18d91a127d1f9d84b4b","messageTitle":"Readd test for person as default","messageBody":"To maintain coverage levels. Person is not removed yet for backward\ncompatibility.\n\nTo remove in future.\n","fileTypesAndContributionMap":{"test-code":{"insertions":12,"deletions":0}}},{"hash":"917b7e0946e0150368762bc59257e4fe5f9ff1c1","messageTitle":"Add assertions for person class unsupported methods","messageBody":"","fileTypesAndContributionMap":{"functional-code":{"insertions":7,"deletions":0}}}]}],"asaierika":[{"date":"2022-09-20","commitResults":[{"hash":"e4c1aa14976863cefd49d40a94c443730f31b734","messageTitle":"Update AboutUs.md","messageBody":"","fileTypesAndContributionMap":{"docs":{"insertions":6,"deletions":6}}},{"hash":"4dc3f0a73e76668614e5938beed34805db460c51","messageTitle":"Add skeleton Project Portfolio Page for v1.1","messageBody":"","fileTypesAndContributionMap":{"docs":{"insertions":30,"deletions":0}}},{"hash":"e21c40f95c5b20a387a9a54ae8c4c2cd9899c00a","messageTitle":"Correct image name asaierika.png in AboutUs.md","messageBody":"","fileTypesAndContributionMap":{"docs":{"insertions":1,"deletions":1}}}]},{"date":"2022-10-10","commitResults":[{"hash":"bd1ef4622a19df6907e6883e283309c2e546068e","messageTitle":"Add StudentPanel, StudentCard, TutorPanel, TutorCard, TuitionClassPanel, TuitionClassCard","messageBody":"Model: getter and setter for filteredStudents, filteredTutors and\nfilteredTuitionClass\n\nModel: add LIST_TYPE and its setter and getter to indicate the current\nlist\n","fileTypesAndContributionMap":{"functional-code":{"insertions":644,"deletions":10}}},{"hash":"3be33fe9a4658848313d200a04942e805ee26a81","messageTitle":"Add Card and Panel for Tutor and TuitionClass","messageBody":"","fileTypesAndContributionMap":{"functional-code":{"insertions":91,"deletions":0}}},{"hash":"d4627556eed6a781c56869bd968ccaf8a5cb9199","messageTitle":"Add ListStudentCommand, ListTutorCommand and ListTuitionClassCommand","messageBody":"","fileTypesAndContributionMap":{"functional-code":{"insertions":105,"deletions":5},"other":{"insertions":3,"deletions":3}}},{"hash":"ee1b015598e273331b91ade1735522e277eee092","messageTitle":"Add Test","messageBody":"","fileTypesAndContributionMap":{"functional-code":{"insertions":1,"deletions":2},"test-code":{"insertions":200,"deletions":2}}},{"hash":"16b0264a258a63eddee7a4491c6e0a78d604d6cb","messageTitle":"Fix checkstyle erros","messageBody":"","fileTypesAndContributionMap":{"functional-code":{"insertions":32,"deletions":34},"test-code":{"insertions":5,"deletions":5}}},{"hash":"aba9129bb0cea6e09e6a314823199c7193d1cd58","messageTitle":"Fix checkstyle errors","messageBody":"","fileTypesAndContributionMap":{"functional-code":{"insertions":2,"deletions":15}}},{"hash":"ecdce0b529c11d877ab4233f31b17f6e61f9ca5b","messageTitle":"Fix checkstyle error","messageBody":"","fileTypesAndContributionMap":{"functional-code":{"insertions":19,"deletions":21},"test-code":{"insertions":13,"deletions":15}}},{"hash":"494df5de9fb546ded268ca1b7262bc95de6fe636","messageTitle":"Add test cases","messageBody":"","fileTypesAndContributionMap":{"test-code":{"insertions":119,"deletions":3}}},{"hash":"5a862b265d12d2ba07b91d6afc541df083374826","messageTitle":"Delete some test cases","messageBody":"","fileTypesAndContributionMap":{"test-code":{"insertions":0,"deletions":78}}},{"hash":"0b840af4d58717084d1a0e29b3af327ae15ff3db","messageTitle":"Change command word of ListStudentCommand, ListTutorCommand and ListTuitionClassCommand to underscore","messageBody":"","fileTypesAndContributionMap":{"functional-code":{"insertions":3,"deletions":3}}},{"hash":"e49c74c753cef59eb659b05be4e28276f917b9d5","messageTitle":"Add FindCommand","messageBody":"","fileTypesAndContributionMap":{"functional-code":{"insertions":60,"deletions":16},"test-code":{"insertions":124,"deletions":14}}},{"hash":"491d76dbf7586ab9ae6114542e1b91711b53c07b","messageTitle":"Move NameContainsKeywordsPredicate from model.person to model","messageBody":"Since this class is used by Person and TuitionClass, it makes more sense\nto put it under model.\n\nAdd test cases for NameContainsKeywordsPredicate\n","fileTypesAndContributionMap":{"functional-code":{"insertions":3,"deletions":2},"other":{"insertions":2,"deletions":1},"test-code":{"insertions":49,"deletions":8}}},{"hash":"b59f1defbf47df01dd0db7bb107b9b3ed42d904b","messageTitle":"Add test cases for FindCommandTest and NameContainsKeyworPredicateTest","messageBody":"","fileTypesAndContributionMap":{"test-code":{"insertions":69,"deletions":15}}}]},{"date":"2022-10-11","commitResults":[{"hash":"d270fb8202438fb7dfb7762f8e32429ba743b90c","messageTitle":"Modify NameContainsKeywordPredicate and FindCommand and their tests","messageBody":"NameContainsKeywordPredicate: change test() to throw ClassCastException\nto avoid unchecked warning\n\nFindCommand: change execute() to throw ClassCastException\nto avoid unchecked warning\n","fileTypesAndContributionMap":{"functional-code":{"insertions":12,"deletions":11},"other":{"insertions":9,"deletions":2}}},{"hash":"367f01bc89fbb43a609dd791e7beef9e5eb0664b","messageTitle":"Resolve unchecked warnings","messageBody":"","fileTypesAndContributionMap":{"functional-code":{"insertions":69,"deletions":10},"other":{"insertions":4,"deletions":0},"test-code":{"insertions":55,"deletions":27}}},{"hash":"4f3c16faae264ffebabb815979d73015b16faf08","messageTitle":"Resolve unchecked warnings","messageBody":"","fileTypesAndContributionMap":{"test-code":{"insertions":9,"deletions":14}}}]},{"date":"2022-10-12","commitResults":[{"hash":"c6b2054736a7d44692bea77f9970d2d884b80853","messageTitle":"Update Ui","messageBody":"","fileTypesAndContributionMap":{"functional-code":{"insertions":118,"deletions":98},"other":{"insertions":0,"deletions":0},"test-code":{"insertions":33,"deletions":29}}}]},{"date":"2022-10-13","commitResults":[{"hash":"7e65fcd5fddb9613b7ef0053b409e016aca129dd","messageTitle":"Update Ui","messageBody":"","fileTypesAndContributionMap":{"functional-code":{"insertions":130,"deletions":71},"test-code":{"insertions":17,"deletions":9}}},{"hash":"3410a5f9c7b874678aec3244e564eb0712b8b5cf","messageTitle":"Add test case for FindCommand","messageBody":"","fileTypesAndContributionMap":{"functional-code":{"insertions":0,"deletions":2},"test-code":{"insertions":70,"deletions":1}}},{"hash":"b6820525dc9e76a49776a163fab972e9069b2033","messageTitle":"Modify equals() method of FindCommand","messageBody":"","fileTypesAndContributionMap":{"functional-code":{"insertions":3,"deletions":3}}},{"hash":"281f786d52be2abd0f979830dcfffae87dce9501","messageTitle":"Modify equals() method in FindCommand","messageBody":"","fileTypesAndContributionMap":{"functional-code":{"insertions":14,"deletions":5},"test-code":{"insertions":15,"deletions":0}}},{"hash":"1514469c98e1cd8efd25ff259a902ba6f2122621","messageTitle":"Modify FindCommand","messageBody":"","fileTypesAndContributionMap":{"functional-code":{"insertions":8,"deletions":12},"test-code":{"insertions":4,"deletions":5}}},{"hash":"d0420564611cf59c49e052818d2d20d15918de1d","messageTitle":"Modify equals() in FindCommand","messageBody":"","fileTypesAndContributionMap":{"functional-code":{"insertions":2,"deletions":7}}},{"hash":"21f3023b94d5e5f04c7b157e882317f31deb76c1","messageTitle":"Edit DeleteCommand","messageBody":"","fileTypesAndContributionMap":{"functional-code":{"insertions":127,"deletions":41},"test-code":{"insertions":213,"deletions":36}}}]}],"ongwenpin":[{"date":"2022-09-20","commitResults":[{"hash":"0531c7ce2aca8d6e39d72bbcc99819a30f99bbd9","messageTitle":"Update AboutUs","messageBody":"","fileTypesAndContributionMap":{"docs":{"insertions":4,"deletions":4}}},{"hash":"496cf2f6863c2e889d2ba8d2e0879e365837f560","messageTitle":"Add skeletal ppp","messageBody":"","fileTypesAndContributionMap":{"docs":{"insertions":30,"deletions":0}}},{"hash":"b68c82455af41be456b7d71a64e64707e9098dd5","messageTitle":"Fix error in adding skeletal ppp","messageBody":"","fileTypesAndContributionMap":{"docs":{"insertions":1,"deletions":1}}},{"hash":"95bd40bf193371b1494a39a3538a25cdf074d225","messageTitle":"Add some user stories and use cases to developer guide","messageBody":"","fileTypesAndContributionMap":{"docs":{"insertions":90,"deletions":9}}}]},{"date":"2022-10-09","commitResults":[{"hash":"293eb213f9d2a460e2865b28d52a76af9b3f9c12","messageTitle":"Update addressbook to keep track of student, tutors and classes","messageBody":"","fileTypesAndContributionMap":{"functional-code":{"insertions":147,"deletions":13},"test-code":{"insertions":92,"deletions":21}}},{"hash":"e5ad9ce77056a7f7208272e39093837fe4848f1b","messageTitle":"Add more test for addressbook","messageBody":"","fileTypesAndContributionMap":{"test-code":{"insertions":37,"deletions":0}}},{"hash":"b70f44fa408552413e3c0ec5def16da1b02647a0","messageTitle":"Fix bugs","messageBody":"","fileTypesAndContributionMap":{"functional-code":{"insertions":86,"deletions":12},"test-code":{"insertions":11,"deletions":11}}},{"hash":"903643c4abfb67d3a9747a5d3331c7c479d0aaa8","messageTitle":"Fix checkstyle for import order","messageBody":"","fileTypesAndContributionMap":{"functional-code":{"insertions":8,"deletions":8}}}]}]},"authorFileTypeContributionMap":{"tantzeyeong":{"docs":247,"functional-code":1235,"test-code":1580},"nopehax":{"docs":79,"functional-code":1039,"test-code":901},"totsukatomofumi":{"docs":58,"functional-code":1124,"test-code":2362,"other":1},"asaierika":{"docs":36,"functional-code":1146,"test-code":749,"other":4},"ongwenpin":{"docs":53,"functional-code":189,"test-code":120}},"authorContributionVariance":{"tantzeyeong":111966.945,"nopehax":108874.89,"totsukatomofumi":266901.47,"asaierika":129826.31,"ongwenpin":7357.668},"authorDisplayNameMap":{"tantzeyeong":"CS2103T-F12-4 TAN ..EONG","nopehax":"CS2103T-F12-4 LOH .. WYE","totsukatomofumi":"CS2103T-F12-4 TOTS..FUMI","asaierika":"CS2103T-F12-4 JIAN..MENG","ongwenpin":"CS2103T-F12-4 ONG .. PIN"}}
