{"authorDailyContributionsMap":{"optionalemon":[{"date":"2022-09-28","commitResults":[{"hash":"df98cfdd4718f9aa84f5acf9dd361b5f3ebd0801","messageTitle":"Add optionalemon PPP","messageBody":"","fileTypesAndContributionMap":{"docs":{"insertions":25,"deletions":0}}},{"hash":"e3f4b636f8f78d276efcacc8a842e54f509f62a5","messageTitle":"Modify optionalemon PPP","messageBody":"","fileTypesAndContributionMap":{"docs":{"insertions":1,"deletions":1}}},{"hash":"015feacced2fd0534279d95fcd132ecc81148ba8","messageTitle":"Add optionalemon AboutUs","messageBody":"","fileTypesAndContributionMap":{"docs":{"insertions":6,"deletions":6}}}]},{"date":"2022-09-30","commitResults":[{"hash":"dabe6995cecff42cc15298bdc75708b61c6d5d51","messageTitle":"Update PPP skeleton","messageBody":"","fileTypesAndContributionMap":{"docs":{"insertions":1,"deletions":0}}}]},{"date":"2022-10-03","commitResults":[{"hash":"795bec99e4e27500eb918de633738292c843a2c0","messageTitle":"Refactor Person to Student","messageBody":"","fileTypesAndContributionMap":{"functional-code":{"insertions":420,"deletions":418},"other":{"insertions":185,"deletions":185},"docs":{"insertions":119,"deletions":119},"test-code":{"insertions":703,"deletions":703}}}]},{"date":"2022-10-12","commitResults":[{"hash":"b666231b0bb4ace8099bfdc4c314503d7dd6a240","messageTitle":"Adjust addc to add multiple classes","messageBody":"","fileTypesAndContributionMap":{"functional-code":{"insertions":41,"deletions":16}}},{"hash":"adebe9f7e1ff759e7d7af1502bd35da5c6f7464a","messageTitle":"fix checkstyle and javadoc bugs","messageBody":"","fileTypesAndContributionMap":{"functional-code":{"insertions":12,"deletions":11}}},{"hash":"b8acc7081b70393edb787847ef0f2fba264b3790","messageTitle":"update user guide for addc","messageBody":"","fileTypesAndContributionMap":{"functional-code":{"insertions":2,"deletions":2},"docs":{"insertions":17,"deletions":2}}},{"hash":"26057ac1726e8707c09f64b41e89a8ed97fc9530","messageTitle":"Add test for json adapted module class","messageBody":"","fileTypesAndContributionMap":{"functional-code":{"insertions":11,"deletions":0},"test-code":{"insertions":86,"deletions":0}}},{"hash":"0354379ad959daea415804865aa54682e8713261","messageTitle":"fix logic errors","messageBody":"","fileTypesAndContributionMap":{"functional-code":{"insertions":0,"deletions":4},"test-code":{"insertions":0,"deletions":17}}}]},{"date":"2022-10-13","commitResults":[{"hash":"60588e491edab9f6f6c5701e833bcf19e642cdc4","messageTitle":"update class tests","messageBody":"","fileTypesAndContributionMap":{"functional-code":{"insertions":1,"deletions":0},"test-code":{"insertions":46,"deletions":25}}},{"hash":"4160f93e31c64651a6e8504c7d023e7dc450b0f3","messageTitle":"Update src/test/java/seedu/taassist/testutil/TypicalModuleClasses.java","messageBody":"Co-authored-by: Ng Jing Xue \u003c66546854+njxue@users.noreply.github.com\u003e","fileTypesAndContributionMap":{"test-code":{"insertions":1,"deletions":1}}}]},{"date":"2022-10-14","commitResults":[{"hash":"2cea25fc1c05c8bf87aac04cb65e5f68026f61db","messageTitle":"extract duplicate code","messageBody":"","fileTypesAndContributionMap":{"test-code":{"insertions":10,"deletions":8}}},{"hash":"52094b84d61c31b3dc8f909228569f6a9b2c7fac","messageTitle":"Adapt to current version","messageBody":"","fileTypesAndContributionMap":{"test-code":{"insertions":4,"deletions":3}}},{"hash":"98f0332febc26d8cf295d758cabb75c8fcda5585","messageTitle":"fix test style","messageBody":"","fileTypesAndContributionMap":{"test-code":{"insertions":0,"deletions":3}}}]},{"date":"2022-10-21","commitResults":[{"hash":"942a165d986df9e862a84384d55355f6416d97e0","messageTitle":"Update PPP","messageBody":"","fileTypesAndContributionMap":{"docs":{"insertions":3,"deletions":3}}},{"hash":"29e31e02a62575e943309c5d173a08f77f32ac99","messageTitle":"Update DG","messageBody":"","fileTypesAndContributionMap":{"docs":{"insertions":35,"deletions":1}}},{"hash":"7af4948501ddb248862a790d9cdd2b63a80381dc","messageTitle":"Adjust minor UI details","messageBody":"","fileTypesAndContributionMap":{"docs":{"insertions":2,"deletions":1}}}]},{"date":"2022-10-25","commitResults":[{"hash":"c0603d41b9c55093a9ed2a76d6bb2fe0dfe73cf2","messageTitle":"Implement Command box and help bar UI","messageBody":"","fileTypesAndContributionMap":{"functional-code":{"insertions":85,"deletions":72},"test-code":{"insertions":0,"deletions":5}}},{"hash":"131b0b013c57789d466dbee6365633c2de25d385","messageTitle":"fix style","messageBody":"","fileTypesAndContributionMap":{"functional-code":{"insertions":2,"deletions":3},"test-code":{"insertions":0,"deletions":1}}},{"hash":"c631668fa032f79bec92d4acf98e8e99d5304f7d","messageTitle":"Modify help window related files","messageBody":"","fileTypesAndContributionMap":{"functional-code":{"insertions":5,"deletions":180},"docs":{"insertions":1,"deletions":3}}},{"hash":"81f8d6ddcb946ee4b8c9d90f26c7c98234dabf32","messageTitle":"Modify help window","messageBody":"","fileTypesAndContributionMap":{"functional-code":{"insertions":182,"deletions":3},"test-code":{"insertions":6,"deletions":0}}},{"hash":"49f868c8c938fee7485cbfccf3aa908bd6c7f8eb","messageTitle":"fix style","messageBody":"","fileTypesAndContributionMap":{"functional-code":{"insertions":2,"deletions":1}}},{"hash":"97209c4b366899780814e55e809ae2334f4ef846","messageTitle":"fix eof error","messageBody":"","fileTypesAndContributionMap":{"functional-code":{"insertions":2,"deletions":2}}},{"hash":"181e0056b3b0c17fb3cceb589daa004a2f2cb84a","messageTitle":"fix user guide on help command","messageBody":"","fileTypesAndContributionMap":{"functional-code":{"insertions":0,"deletions":1},"docs":{"insertions":3,"deletions":2}}},{"hash":"796615ddf4c0c3f40cf2311ed4e9b68092a47fc9","messageTitle":"Modify student pane to give space for class pane","messageBody":"","fileTypesAndContributionMap":{"functional-code":{"insertions":37,"deletions":12}}}]},{"date":"2022-10-26","commitResults":[{"hash":"4b1859f4723b6f0086978a27a35a12a324660499","messageTitle":"fix white border issue","messageBody":"","fileTypesAndContributionMap":{"functional-code":{"insertions":29,"deletions":25}}},{"hash":"cbe6f77aa8518753f381847f854d32f1877ab654","messageTitle":"implement main screen ui","messageBody":"","fileTypesAndContributionMap":{"functional-code":{"insertions":223,"deletions":42}}},{"hash":"6029a1cab841caac70ec1e061eaec84b41354284","messageTitle":"Tidy up module class ui display","messageBody":"","fileTypesAndContributionMap":{"functional-code":{"insertions":1,"deletions":13}}},{"hash":"8d002ecfeef419414353e2b57e42712b98f115a8","messageTitle":"Change to resizeable screen","messageBody":"","fileTypesAndContributionMap":{"functional-code":{"insertions":7,"deletions":7}}},{"hash":"8335e58cc441864aa57b0993130a96c1421bee10","messageTitle":"Add session ui files","messageBody":"","fileTypesAndContributionMap":{"functional-code":{"insertions":159,"deletions":0}}},{"hash":"32f8054e435736170fa8f10991007a874685af4d","messageTitle":"fix style","messageBody":"","fileTypesAndContributionMap":{"functional-code":{"insertions":2,"deletions":4}}},{"hash":"850200a259f838080d6ad1f4c184bc24f72b40b6","messageTitle":"Add app logo","messageBody":"","fileTypesAndContributionMap":{"functional-code":{"insertions":9,"deletions":2}}},{"hash":"0ac2b1890682736516a3b8ab658c8ecfb6186f71","messageTitle":"Implement focus mode ui","messageBody":"","fileTypesAndContributionMap":{"functional-code":{"insertions":140,"deletions":66}}},{"hash":"3308de01e0a52905f01f35aa50862ed885b585c8","messageTitle":"fix style","messageBody":"","fileTypesAndContributionMap":{"functional-code":{"insertions":8,"deletions":16},"test-code":{"insertions":13,"deletions":7}}}]},{"date":"2022-10-27","commitResults":[{"hash":"4bfba1bac797df0f37be7af0ba0524d079592480","messageTitle":"Fix UI button not exiting focus mode bug","messageBody":"","fileTypesAndContributionMap":{"functional-code":{"insertions":7,"deletions":2}}},{"hash":"cbf01445b9cc5509bc19b01aca668f28ccb3102c","messageTitle":"make suggested changes","messageBody":"","fileTypesAndContributionMap":{"functional-code":{"insertions":6,"deletions":3}}},{"hash":"fa4deaa87e22e473d8561204dc0124c171b53c94","messageTitle":"change hovering colour of help button when focus","messageBody":"","fileTypesAndContributionMap":{"functional-code":{"insertions":6,"deletions":4}}},{"hash":"68379c9206990d8d3f8be53f0ca47673c0cec58b","messageTitle":"add session date to the session card","messageBody":"","fileTypesAndContributionMap":{"functional-code":{"insertions":6,"deletions":2}}},{"hash":"b518ec35e5ea5876c92d12ebe49d8eb9e8d759ce","messageTitle":"fix ui bugs","messageBody":"","fileTypesAndContributionMap":{"functional-code":{"insertions":39,"deletions":25}}}]},{"date":"2022-10-28","commitResults":[{"hash":"9751bcb58de340883cf1454f75cf1898c95ebda5","messageTitle":"add app icon to be put on webpage header","messageBody":"","fileTypesAndContributionMap":{"docs":{"insertions":2,"deletions":2}}},{"hash":"53b74eba423afac4725985904bc42b82b453983d","messageTitle":"Update UI diagram in DG","messageBody":"","fileTypesAndContributionMap":{"docs":{"insertions":16,"deletions":2}}},{"hash":"0bb80208df7fe4e7a013a13c5c5e7d10824bee61","messageTitle":"Update ui component in dg","messageBody":"","fileTypesAndContributionMap":{"docs":{"insertions":5,"deletions":2}}},{"hash":"9beb6e29773a57e05668480987b6b79e11fce68c","messageTitle":"update ug","messageBody":"","fileTypesAndContributionMap":{"functional-code":{"insertions":2,"deletions":2}}}]}],"Bubbl3T":[{"date":"2022-09-28","commitResults":[{"hash":"5c08ff98ea002a1d7de5a92e791c0aad0627be40","messageTitle":"Update AboutUs and create skeletal PPP","messageBody":"","fileTypesAndContributionMap":{"docs":{"insertions":25,"deletions":6}}},{"hash":"35d0579319d9f73ae27026e89eca0f5258378817","messageTitle":"Update User Guide","messageBody":"","fileTypesAndContributionMap":{"docs":{"insertions":215,"deletions":79}}},{"hash":"4c632efb75ee67436d95b696c1b855e3441f08fa","messageTitle":"Fix errors in documentation and styling","messageBody":"","fileTypesAndContributionMap":{"docs":{"insertions":13,"deletions":40}}},{"hash":"b5c7ce17677f900b1b751d5e274d91c5a84ae2c6","messageTitle":"Update README to fit our project","messageBody":"","fileTypesAndContributionMap":{"docs":{"insertions":23,"deletions":11}}},{"hash":"b22674f5fac6585ef979eb5dc7c1bedcc8028bf2","messageTitle":"Fix styling error that cause builds to fail","messageBody":"","fileTypesAndContributionMap":{"docs":{"insertions":7,"deletions":3}}},{"hash":"24abe3379787ae73efcfc9d8fc0e36b5f40957ad","messageTitle":"Change Address Book to TA Assist","messageBody":"","fileTypesAndContributionMap":{"docs":{"insertions":7,"deletions":7}}},{"hash":"26492ce6be50d034d1059d5c7a1de8ae594e73c8","messageTitle":"Update the AboutUs and DG","messageBody":"Add a few user stories and a use case to the DG.\n","fileTypesAndContributionMap":{"docs":{"insertions":45,"deletions":109}}}]},{"date":"2022-10-03","commitResults":[{"hash":"45f50ed9bfefc0dd9a4bd4a49a235c77fce0f407","messageTitle":"Change Tag to ModuleClass","messageBody":"While it is more desirable to call it a Class, naming it so will\ncause confusion with Java\u0027s original class keyword.\n\nLet\u0027s name it ModuleClass to avoid the confusion, and only use\n\"Class\" in outputs that the user is able to see.\n","fileTypesAndContributionMap":{"functional-code":{"insertions":98,"deletions":89},"other":{"insertions":8,"deletions":8},"test-code":{"insertions":92,"deletions":86}}},{"hash":"a5b913f9a779260c66c23e104149372ea2cc61f8","messageTitle":"Change person to student","messageBody":"","fileTypesAndContributionMap":{"functional-code":{"insertions":1,"deletions":1}}}]},{"date":"2022-10-05","commitResults":[{"hash":"eeb4b528f411215393db58027bffe97e0bdae0c0","messageTitle":"Add classes to manage ModuleClass","messageBody":"","fileTypesAndContributionMap":{"functional-code":{"insertions":225,"deletions":21},"other":{"insertions":11,"deletions":11},"docs":{"insertions":1,"deletions":1},"test-code":{"insertions":21,"deletions":6}}},{"hash":"5a07f5f00033e29a17439ceda3b9c2e2448e876c","messageTitle":"Fix bug causing classes to be unable to display","messageBody":"","fileTypesAndContributionMap":{"functional-code":{"insertions":6,"deletions":5}}},{"hash":"0f91f13070435b78a3f4692c42b4875160ae487f","messageTitle":"Add classes into model","messageBody":"","fileTypesAndContributionMap":{"functional-code":{"insertions":8,"deletions":8},"test-code":{"insertions":35,"deletions":35}}},{"hash":"5a486ce011e090777bc2613eebcd3ddf48de3cdd","messageTitle":"Fix bugs from code testing and refactoring","messageBody":"","fileTypesAndContributionMap":{"functional-code":{"insertions":1,"deletions":2},"test-code":{"insertions":14,"deletions":7}}},{"hash":"9d68b27e51ed4f907eeb3a55f7929a34a89f3169","messageTitle":"Add Addc, Deletec and Listc commands","messageBody":"","fileTypesAndContributionMap":{"functional-code":{"insertions":260,"deletions":5},"other":{"insertions":3,"deletions":3},"test-code":{"insertions":19,"deletions":6}}},{"hash":"318a4571285255f069a76c5370c231c1f05ee258","messageTitle":"Add Assign and Unassign commands","messageBody":"","fileTypesAndContributionMap":{"functional-code":{"insertions":315,"deletions":0},"docs":{"insertions":30,"deletions":14}}}]},{"date":"2022-10-06","commitResults":[{"hash":"46751e21fd153ee370a195fe72a274f8fecf638a","messageTitle":"Fix styling errors and minor bugs mentioned in the PR","messageBody":"","fileTypesAndContributionMap":{"functional-code":{"insertions":166,"deletions":162}}},{"hash":"4dcb4c91dd19326565d46e3694d57132a772643c","messageTitle":"Fix miscopy of Assign methods into Unassign related classes","messageBody":"","fileTypesAndContributionMap":{"functional-code":{"insertions":6,"deletions":7}}}]},{"date":"2022-10-12","commitResults":[{"hash":"561319e4254ab4c0c2042ee318355b1588b61de2","messageTitle":"Fix bug in deleting classes from TA Assist","messageBody":"The deletec command does not unassign students from the class\nwhen it is deleted.\nThis may cause problems later where there are classes that does\nnot exist in TA Assist being assigned to students.\n\nLet\u0027s change the implementation of deletec command so that it\nunassigns students from the classes that will be deleted.\n","fileTypesAndContributionMap":{"functional-code":{"insertions":16,"deletions":0}}},{"hash":"b1ea3832701a69f266a1cfdc8e1d027ca62dcd95","messageTitle":"Add the deletes command to delete sessions","messageBody":"","fileTypesAndContributionMap":{"functional-code":{"insertions":113,"deletions":1}}},{"hash":"e4e5c9698a281bdebb354d0b8921ac2a2bc863be","messageTitle":"Fix bug where some students are not unassigned during deletec","messageBody":"","fileTypesAndContributionMap":{"functional-code":{"insertions":1,"deletions":1}}},{"hash":"2f6286d77e873febf5f619f53775e375f2818d01","messageTitle":"Add new formatting of callout block to UserGuide","messageBody":"","fileTypesAndContributionMap":{"docs":{"insertions":18,"deletions":23}}},{"hash":"83837ef2d9f49bcfba77e60116aeeecf733f3ad5","messageTitle":"Replace aside tag with new callout formatting","messageBody":"","fileTypesAndContributionMap":{"docs":{"insertions":68,"deletions":51}}},{"hash":"73471dd0cf2d5a9041a77da92e40dcf5b6f33d67","messageTitle":"Add EOF to note.html","messageBody":"","fileTypesAndContributionMap":{"docs":{"insertions":1,"deletions":1}}},{"hash":"19ef0a96fabec579f0fe8ae42edda9ef34d9f2f9","messageTitle":"Update the UserGuide to contain all relevant commands","messageBody":"","fileTypesAndContributionMap":{"docs":{"insertions":49,"deletions":7}}}]},{"date":"2022-10-13","commitResults":[{"hash":"952451dada081d275b6425639b9abd303de62b49","messageTitle":"Add multiplicity details to addc, deletec and deletes","messageBody":"","fileTypesAndContributionMap":{"docs":{"insertions":22,"deletions":22}}},{"hash":"04977d763396ab1983aa20ac779260cf747e4ba4","messageTitle":"Add requireNonNull checks in command constructors","messageBody":"","fileTypesAndContributionMap":{"functional-code":{"insertions":22,"deletions":3}}}]},{"date":"2022-10-14","commitResults":[{"hash":"61314692bf3cac21915dd6268fcd6734f5e6cf0e","messageTitle":"Update deletec implementation to match new student class implementation","messageBody":"","fileTypesAndContributionMap":{"functional-code":{"insertions":9,"deletions":1}}}]},{"date":"2022-10-19","commitResults":[{"hash":"cd80ca7c8fb68de07800fd841ec6b2d4dffb4833","messageTitle":"Add implementation of class related features to DG","messageBody":"","fileTypesAndContributionMap":{"docs":{"insertions":64,"deletions":25}}},{"hash":"fc689e5be0642dbcfe2f797a6235981c98f6f0f8","messageTitle":"Update sequence diagram to match implementation of assign command","messageBody":"","fileTypesAndContributionMap":{"docs":{"insertions":5,"deletions":0}}}]},{"date":"2022-10-20","commitResults":[{"hash":"9e9ea237ed03840b46a27995c0ae88fed445ecff","messageTitle":"Update DG based on review comments","messageBody":"","fileTypesAndContributionMap":{"docs":{"insertions":21,"deletions":21}}}]},{"date":"2022-10-25","commitResults":[{"hash":"226abb509d7dd694593bb7ae2ff605c86e91f7c5","messageTitle":"Fix inconsistency in AddCommand and EditCommand","messageBody":"","fileTypesAndContributionMap":{"functional-code":{"insertions":10,"deletions":13},"docs":{"insertions":17,"deletions":19}}},{"hash":"fc99a4c23cdcbe259a58f259d6b5ed7204f32b6c","messageTitle":"Fix inconsistency in Javadocs","messageBody":"","fileTypesAndContributionMap":{"functional-code":{"insertions":10,"deletions":14},"test-code":{"insertions":1,"deletions":1}}}]},{"date":"2022-10-26","commitResults":[{"hash":"53a2af3c67c85a22501b30fa69a5f37f8562d4f1","messageTitle":"Fix inconsistency in commands","messageBody":"","fileTypesAndContributionMap":{"functional-code":{"insertions":5,"deletions":5},"docs":{"insertions":15,"deletions":15}}},{"hash":"c74ae10421cfc3993f7ed3d0106b646c2a29d4f2","messageTitle":"Add feature to export a module class to CSV file","messageBody":"","fileTypesAndContributionMap":{"functional-code":{"insertions":298,"deletions":5},"test-code":{"insertions":13,"deletions":3}}},{"hash":"4616ababc238cbe836210b9922b681b91345d142","messageTitle":"Add CsvConfig class to maintain CSV configurations","messageBody":"","fileTypesAndContributionMap":{"functional-code":{"insertions":22,"deletions":7},"test-code":{"insertions":1,"deletions":1}}},{"hash":"b26420792a40b40519d0675c4d9c524c46365be1","messageTitle":"Fix styling error in using import *","messageBody":"","fileTypesAndContributionMap":{"functional-code":{"insertions":4,"deletions":1}}},{"hash":"cb55eb442acfdd78ca678a0d5548a89c89dd060d","messageTitle":"Improve abstraction by managing files with FileUtil","messageBody":"","fileTypesAndContributionMap":{"functional-code":{"insertions":6,"deletions":9}}},{"hash":"cfd8275ec69d44928dd741ea8cbc0b7e1f0e9825","messageTitle":"Update UG to include clear and export command","messageBody":"","fileTypesAndContributionMap":{"docs":{"insertions":24,"deletions":0}}},{"hash":"c53fd5e2820a3eaeebc89b1c9cd8363c662dc6b0","messageTitle":"Remove command access to storage","messageBody":"","fileTypesAndContributionMap":{"functional-code":{"insertions":32,"deletions":187},"docs":{"insertions":10,"deletions":6},"test-code":{"insertions":3,"deletions":7}}},{"hash":"90816385a9170681f5badca8920e603197bd188a","messageTitle":"Fix inconsistency between addc and deletec command","messageBody":"","fileTypesAndContributionMap":{"functional-code":{"insertions":66,"deletions":16},"test-code":{"insertions":40,"deletions":13}}},{"hash":"6cbcd57a18591e1330486d253ba56ff7aa73d3e8","messageTitle":"Remove unused imports of ElementNotFoundException","messageBody":"","fileTypesAndContributionMap":{"functional-code":{"insertions":0,"deletions":2}}},{"hash":"799388b1e1851b3cd04c45d5784e8374134d1221","messageTitle":"Make sessions and classes case insensitive","messageBody":"","fileTypesAndContributionMap":{"functional-code":{"insertions":13,"deletions":4},"test-code":{"insertions":17,"deletions":0}}},{"hash":"abf7c7f71833951a869c320051e03095ad27dbc8","messageTitle":"Update PPP","messageBody":"","fileTypesAndContributionMap":{"docs":{"insertions":1,"deletions":1}}}]},{"date":"2022-10-27","commitResults":[{"hash":"52bacc7dd39cf4d1e5a04c2cfe0b61a15047e5d5","messageTitle":"Sort SessionData according to the date of the Session","messageBody":"","fileTypesAndContributionMap":{"functional-code":{"insertions":63,"deletions":19},"test-code":{"insertions":21,"deletions":16}}},{"hash":"fb1af737028d38112f69a4f74a7100e3460bbe87","messageTitle":"Abstract method from TaAssist to ExportCommand","messageBody":"","fileTypesAndContributionMap":{"functional-code":{"insertions":63,"deletions":74},"test-code":{"insertions":0,"deletions":6}}},{"hash":"af492eedc2c4e1a7377b80e7141eb09cccd45681","messageTitle":"Revert ModuleClass to use List instead of UniqueList","messageBody":"","fileTypesAndContributionMap":{"functional-code":{"insertions":17,"deletions":12},"test-code":{"insertions":16,"deletions":16}}},{"hash":"bfc58156cb6c8b8f263486138b943f6aef167135","messageTitle":"Fix bug where Dates are not compared correctly","messageBody":"","fileTypesAndContributionMap":{"functional-code":{"insertions":3,"deletions":2}}},{"hash":"e4930cec48ace733e13cf5a449586006e5ced42d","messageTitle":"Improve abstraction by implementing Comparable","messageBody":"","fileTypesAndContributionMap":{"functional-code":{"insertions":7,"deletions":7},"test-code":{"insertions":1,"deletions":1}}},{"hash":"eceb339e72e7a8ba97828eecb23e7e576b4fb21d","messageTitle":"Fix bug where deletes does not delete the session","messageBody":"","fileTypesAndContributionMap":{"functional-code":{"insertions":2,"deletions":2}}},{"hash":"7ef5d6eeb90cfe6d6c995b0b73ec80915788d36c","messageTitle":"Add requireAllNonNull for defensive coding","messageBody":"","fileTypesAndContributionMap":{"functional-code":{"insertions":3,"deletions":0}}},{"hash":"7d9cef821d9e1db20bf3015de8a42f0e307033c6","messageTitle":"Change value of non-existing grades to empty strings in CSV file","messageBody":"","fileTypesAndContributionMap":{"functional-code":{"insertions":1,"deletions":2}}},{"hash":"f14bc633b01c23941d34272a9edb5d2dc34bde0b","messageTitle":"Use assertions to improve abstraction","messageBody":"","fileTypesAndContributionMap":{"functional-code":{"insertions":10,"deletions":6}}},{"hash":"a35d7005762d50452a87ec965a61213e4035384a","messageTitle":"Remove trailing whitespace","messageBody":"","fileTypesAndContributionMap":{"functional-code":{"insertions":1,"deletions":1}}},{"hash":"6bdf904bae5208bd5b918c6358cdf4789e028a23","messageTitle":"Simplify for loop with addAll","messageBody":"","fileTypesAndContributionMap":{"functional-code":{"insertions":1,"deletions":3}}},{"hash":"3d32265738ae04140f0e9e9639c1f49f2c706365","messageTitle":"Fix styling error in the User Guide","messageBody":"","fileTypesAndContributionMap":{"docs":{"insertions":106,"deletions":105}}},{"hash":"3e01f77f7b001b58c2df46133e2158f3e78dc9ec","messageTitle":"Update PPP","messageBody":"","fileTypesAndContributionMap":{"docs":{"insertions":3,"deletions":3}}}]}],"Berted":[{"date":"2022-09-26","commitResults":[{"hash":"d85475ce5e2b08b8bc857b957089ac46e802609f","messageTitle":"Berted\u0027s PPP: add skeletal PPP","messageBody":"","fileTypesAndContributionMap":{"docs":{"insertions":24,"deletions":0}}},{"hash":"169397ca4232cd8b73b3f3831fe443b5d914d5b7","messageTitle":"Berted\u0027s PPP: Fix line ending issue","messageBody":"","fileTypesAndContributionMap":{"docs":{"insertions":24,"deletions":24}}}]},{"date":"2022-09-27","commitResults":[{"hash":"611aa75cb067b1e1675ca1922f550c720461ef1a","messageTitle":"AboutUs: Add Berted\u0027s information","messageBody":"","fileTypesAndContributionMap":{"docs":{"insertions":6,"deletions":6}}}]},{"date":"2022-09-28","commitResults":[{"hash":"ae076ceb59ccae95e3c601045c4a636f30bbeec6","messageTitle":"DG: Update Scope, NFR, Glossary","messageBody":"","fileTypesAndContributionMap":{"docs":{"insertions":16,"deletions":10}}},{"hash":"7bf4eabce0a90a98255d040d7787420f35391459","messageTitle":"DG: Fix minor grammatical and styling issues","messageBody":"","fileTypesAndContributionMap":{"docs":{"insertions":9,"deletions":9}}}]},{"date":"2022-10-05","commitResults":[{"hash":"c7803a1cdec475bb4c1997c66140dc402ccd2fc7","messageTitle":"Student: Make email, addr, and phone field optional","messageBody":"","fileTypesAndContributionMap":{"functional-code":{"insertions":42,"deletions":18},"test-code":{"insertions":21,"deletions":37}}}]},{"date":"2022-10-08","commitResults":[{"hash":"c461b2bc542ed4dab865e9bc28709aae5a447064","messageTitle":"Add Session class","messageBody":"","fileTypesAndContributionMap":{"functional-code":{"insertions":59,"deletions":0}}},{"hash":"edc5edfaae9cfc6ece67eb2db2b273c2d83ac568","messageTitle":"Adds Session and Lists command","messageBody":"","fileTypesAndContributionMap":{"functional-code":{"insertions":428,"deletions":22},"test-code":{"insertions":9,"deletions":4}}}]},{"date":"2022-10-09","commitResults":[{"hash":"cff4eb0c820dd743a3ff7ac9b1f127e9e4f70a44","messageTitle":"AddSessions: Resolve PR #114 comments","messageBody":"","fileTypesAndContributionMap":{"functional-code":{"insertions":57,"deletions":39},"test-code":{"insertions":3,"deletions":3}}}]},{"date":"2022-10-10","commitResults":[{"hash":"aad74537916e6d75343c86440c995a9e2d0742b7","messageTitle":"SessionCommandParser: Refactor prefix checking","messageBody":"","fileTypesAndContributionMap":{"functional-code":{"insertions":1,"deletions":9}}},{"hash":"b5dc52c4a0ff54e43319cff055471bda84bd3746","messageTitle":"Storage: Remove redundant getter methods","messageBody":"","fileTypesAndContributionMap":{"functional-code":{"insertions":6,"deletions":23}}},{"hash":"7d2e5f30112a04b82755a9cec0eb1496c1c1d55c","messageTitle":"FocusCommand: Remove unused constant","messageBody":"","fileTypesAndContributionMap":{"functional-code":{"insertions":2,"deletions":3}}},{"hash":"c57f13d98d1f33678fc28ea61132b2891efae6dc","messageTitle":"Resolve typo and style issues in JavaDoc comments","messageBody":"","fileTypesAndContributionMap":{"functional-code":{"insertions":3,"deletions":3}}}]},{"date":"2022-10-11","commitResults":[{"hash":"5c760815d094cd9b73e3086da1a84e877d286521","messageTitle":"Refactor BackCommand to UnfocusCommand","messageBody":"","fileTypesAndContributionMap":{"functional-code":{"insertions":3,"deletions":3},"other":{"insertions":10,"deletions":10},"docs":{"insertions":4,"deletions":4},"test-code":{"insertions":1,"deletions":1}}}]},{"date":"2022-10-12","commitResults":[{"hash":"9607efa4d4815c4d6e0d3c8928fe90c31d6a73ae","messageTitle":"Session: Add Date field","messageBody":"","fileTypesAndContributionMap":{"functional-code":{"insertions":132,"deletions":17}}},{"hash":"e21d42859d6ad892ac639fb42fcc2a54c1379078","messageTitle":"Session: Add tests","messageBody":"","fileTypesAndContributionMap":{"test-code":{"insertions":115,"deletions":17}}}]},{"date":"2022-10-13","commitResults":[{"hash":"6ea35e2313de29cc0f09a6c15bbf29a1fda68ed1","messageTitle":"Session: Fix JavaDoc comments","messageBody":"","fileTypesAndContributionMap":{"functional-code":{"insertions":4,"deletions":3}}}]},{"date":"2022-10-19","commitResults":[{"hash":"ecaf6938da6a59e9e9f3bcac27d61ec10b282786","messageTitle":"Session: Add tests for JsonAdaptedSession","messageBody":"","fileTypesAndContributionMap":{"functional-code":{"insertions":4,"deletions":0},"test-code":{"insertions":49,"deletions":0}}},{"hash":"e56c634ebced942fae0fbc96d5a5b82014a234af","messageTitle":"Command: Fix presentation issues","messageBody":"","fileTypesAndContributionMap":{"functional-code":{"insertions":5,"deletions":5}}}]},{"date":"2022-10-20","commitResults":[{"hash":"18e66cf2a0ebb675c038c15fb16c513bbfbf5f01","messageTitle":"DG: Add Implementation details","messageBody":"","fileTypesAndContributionMap":{"docs":{"insertions":216,"deletions":2}}},{"hash":"2dca3c5dd3f07f585196ec826399e45e78c532f3","messageTitle":"DG: Add Session implementation details","messageBody":"","fileTypesAndContributionMap":{"docs":{"insertions":23,"deletions":8}}},{"hash":"94f290506acbfdc693e09659d9c99a47e0c66064","messageTitle":"DG: Update Session implementation details","messageBody":"","fileTypesAndContributionMap":{"docs":{"insertions":2,"deletions":1}}},{"hash":"b9fa710a8567208747624d721548e5e1dcd2940c","messageTitle":"PPP: Update berted.md","messageBody":"","fileTypesAndContributionMap":{"docs":{"insertions":17,"deletions":4}}}]},{"date":"2022-10-24","commitResults":[{"hash":"bf230e819c0c30870ba1c28d76bae385d858568b","messageTitle":"Student: Add StudentView to pass SessionData to UI","messageBody":"","fileTypesAndContributionMap":{"functional-code":{"insertions":324,"deletions":3}}}]},{"date":"2022-10-25","commitResults":[{"hash":"03dc8d5a4b33114338c2e79e312d59adfba9e106","messageTitle":"Add scores command to show scores","messageBody":"","fileTypesAndContributionMap":{"functional-code":{"insertions":255,"deletions":38},"test-code":{"insertions":17,"deletions":0}}},{"hash":"986354a6079fbe9ddf1804155695596fa65089a7","messageTitle":"UG: Update scores and view command","messageBody":"","fileTypesAndContributionMap":{"docs":{"insertions":29,"deletions":6}}},{"hash":"498586756a4904ddd1ea8a7d875a948e5b0a3751","messageTitle":"Tests: Add ScoresCommandParser tests","messageBody":"","fileTypesAndContributionMap":{"functional-code":{"insertions":7,"deletions":0},"test-code":{"insertions":60,"deletions":0}}},{"hash":"28b7d0266524ae741cd1a58e867493cdef803998","messageTitle":"Tests: Add ScoresCommand tests","messageBody":"","fileTypesAndContributionMap":{"functional-code":{"insertions":6,"deletions":0},"test-code":{"insertions":143,"deletions":2}}}]},{"date":"2022-10-26","commitResults":[{"hash":"3ae2868339a159e06306febcaa6888b60c01372c","messageTitle":"Apply suggestions from code review","messageBody":"","fileTypesAndContributionMap":{"functional-code":{"insertions":1,"deletions":1},"docs":{"insertions":2,"deletions":2}}},{"hash":"976d714f06a07e987b4c03fb6b0a49e6fb8c267a","messageTitle":"Apply suggestions from Rezwan\u0027s code review","messageBody":"","fileTypesAndContributionMap":{"functional-code":{"insertions":29,"deletions":26},"test-code":{"insertions":5,"deletions":5}}},{"hash":"6b659367daab219a7e2313a338068e052bec225a","messageTitle":"Apply code review suggestions","messageBody":"","fileTypesAndContributionMap":{"functional-code":{"insertions":3,"deletions":3}}}]},{"date":"2022-10-28","commitResults":[{"hash":"91810304d470ec5c84957349c9a17c576f5dfa7b","messageTitle":"DG: Add details on Querying Session Scores","messageBody":"","fileTypesAndContributionMap":{"docs":{"insertions":142,"deletions":3}}},{"hash":"f16a2b5c988f5e99ddbbb96699e953b46b77fdc3","messageTitle":"Presentation: Fix EOF issue","messageBody":"","fileTypesAndContributionMap":{"docs":{"insertions":1,"deletions":1}}},{"hash":"b7d1ef0135cf5f8a82b10733e5213867a620538d","messageTitle":"UI: Fix alignment issues and add font","messageBody":"","fileTypesAndContributionMap":{"functional-code":{"insertions":107,"deletions":58}}},{"hash":"c55e22a03b9b5d3f1be6d154636afbd162f86179","messageTitle":"UI: Fix font imports","messageBody":"","fileTypesAndContributionMap":{"functional-code":{"insertions":9,"deletions":2}}},{"hash":"2a5363c19027f288c9845aba4e813a4e23163e1c","messageTitle":"MainWindow: Remove unnecessary imports","messageBody":"","fileTypesAndContributionMap":{"functional-code":{"insertions":0,"deletions":3}}}]},{"date":"2022-10-31","commitResults":[{"hash":"3456efea29650af59294b6c944dbfd8201521752","messageTitle":"UI: Add FXML version","messageBody":"","fileTypesAndContributionMap":{"functional-code":{"insertions":7,"deletions":7}}}]},{"date":"2022-11-02","commitResults":[{"hash":"94f87b17ad22054e5fc2d3db0039e1fd8037afcf","messageTitle":"Update README.md","messageBody":"","fileTypesAndContributionMap":{"docs":{"insertions":2,"deletions":0}}},{"hash":"0c77ffa14a172b582126e71441b923bc3d8527cd","messageTitle":"README: Add Codecov badge","messageBody":"","fileTypesAndContributionMap":{"docs":{"insertions":0,"deletions":1}}}]}],"RezwanArefin01":[{"date":"2022-09-27","commitResults":[{"hash":"f5fc9236b877b0d5d0a2bf4dd722016be630b3fe","messageTitle":"Add RezwanArefin01 PPP","messageBody":"","fileTypesAndContributionMap":{"docs":{"insertions":24,"deletions":0}}}]},{"date":"2022-09-28","commitResults":[{"hash":"a8cfea3537f6e7da939961174efeab12d491d82d","messageTitle":"Add RezwanArefin01\u0027s information in AboutUs page","messageBody":"","fileTypesAndContributionMap":{"docs":{"insertions":6,"deletions":6}}},{"hash":"5a7f31ff5441e58d8faf0a6fca5e3f96b27e82c9","messageTitle":"Update user guide URL in HelpWindow","messageBody":"","fileTypesAndContributionMap":{"functional-code":{"insertions":1,"deletions":1}}}]},{"date":"2022-09-30","commitResults":[{"hash":"fa350b46fcee602bcd7ca7113c82a260c3492d0c","messageTitle":"Fix #25: Help window not working properly on Linux","messageBody":"","fileTypesAndContributionMap":{"functional-code":{"insertions":38,"deletions":37}}},{"hash":"e46fa486b76e52b2e26c8379ccfa7d29715cf0ef","messageTitle":"Remove legacy workaround code for JDK-8131666","messageBody":"","fileTypesAndContributionMap":{"functional-code":{"insertions":4,"deletions":36},"test-code":{"insertions":2,"deletions":1}}},{"hash":"e7e08e3bb317ce7fa0369213d084c30137683a35","messageTitle":"Fix user guide url in help window","messageBody":"","fileTypesAndContributionMap":{"functional-code":{"insertions":1,"deletions":1}}}]},{"date":"2022-10-03","commitResults":[{"hash":"690bb3af032d282865c3bf00281593ff432a351e","messageTitle":"Rename seedu.address to seedu.taassist","messageBody":"","fileTypesAndContributionMap":{"other":{"insertions":740,"deletions":740},"docs":{"insertions":13,"deletions":13},"test-code":{"insertions":3,"deletions":3}}},{"hash":"23f952eeee274c11d776a41f174259d878288cdb","messageTitle":"Rename all classes name containing AddressBook to TaAssist","messageBody":"","fileTypesAndContributionMap":{"functional-code":{"insertions":49,"deletions":49},"other":{"insertions":79,"deletions":78},"test-code":{"insertions":37,"deletions":37}}},{"hash":"9ffad5330174cbb91a44e518dff2731ed93341b4","messageTitle":"Rename files containing AddressBook to TaAssist","messageBody":"","fileTypesAndContributionMap":{"functional-code":{"insertions":2,"deletions":2},"test-code":{"insertions":9,"deletions":9}}},{"hash":"724f04e6a50d48be785f8bdf5157db6828d376e7","messageTitle":"Rename log and data files","messageBody":"","fileTypesAndContributionMap":{"functional-code":{"insertions":3,"deletions":3},"docs":{"insertions":2,"deletions":2},"test-code":{"insertions":3,"deletions":3}}},{"hash":"70a5a579922fbb6932f56ac230386468b44124a5","messageTitle":"Rename symbols containing addressBook to taAssist","messageBody":"","fileTypesAndContributionMap":{"functional-code":{"insertions":117,"deletions":117},"test-code":{"insertions":137,"deletions":137}}},{"hash":"7a4c820bc2bb8100864c9e0837ce1d18b377d179","messageTitle":"Rename address book to TaAssist in comments","messageBody":"","fileTypesAndContributionMap":{"functional-code":{"insertions":39,"deletions":39},"test-code":{"insertions":7,"deletions":7}}}]},{"date":"2022-10-05","commitResults":[{"hash":"09568ef87db42c686f348a0f23f40b6fcb9f2bce","messageTitle":"Add a label to ResultDisplay for current focused class","messageBody":"","fileTypesAndContributionMap":{"functional-code":{"insertions":16,"deletions":5}}},{"hash":"28c9286a36cca8e2fa1484fa7ae598d92690eb5c","messageTitle":"Add a SimpleStringProperty to ModelManader for current focus label","messageBody":"","fileTypesAndContributionMap":{"functional-code":{"insertions":9,"deletions":1}}},{"hash":"48dc8870cfd3cbd40fc5809f7f4b3a87fe14fbd4","messageTitle":"Bind ResultDislpay#focusLabel to MainWindow#focusLabelProperty","messageBody":"","fileTypesAndContributionMap":{"functional-code":{"insertions":26,"deletions":1},"test-code":{"insertions":6,"deletions":0}}}]},{"date":"2022-10-07","commitResults":[{"hash":"f333cba4a8c8374bb52a305d1e1f7e73ac35ab7a","messageTitle":"Rename \"tagged\" property to \"classes\" in JSON files","messageBody":"","fileTypesAndContributionMap":{"functional-code":{"insertions":4,"deletions":6},"test-code":{"insertions":19,"deletions":18}}},{"hash":"1ad9d128287f4fbbdd73b16f5779b671cd28cfff","messageTitle":"Rename tags to classes in CSS files","messageBody":"","fileTypesAndContributionMap":{"functional-code":{"insertions":2,"deletions":2}}},{"hash":"49fb15fd4f8f322e3fb8270010bf87ac5b8d6d61","messageTitle":"Rename leftover tags to classes","messageBody":"","fileTypesAndContributionMap":{"functional-code":{"insertions":0,"deletions":7},"test-code":{"insertions":76,"deletions":73}}},{"hash":"d214d9628818abd32711b5ba40075998427fd02b","messageTitle":"Check if a class exists before focusing","messageBody":"","fileTypesAndContributionMap":{"functional-code":{"insertions":6,"deletions":0},"test-code":{"insertions":1,"deletions":1}}},{"hash":"82e781f0e09e43e0021e6bf867346e280edffe95","messageTitle":"Check if classes for a strudent exists in class list when loading","messageBody":"","fileTypesAndContributionMap":{"functional-code":{"insertions":13,"deletions":7}}},{"hash":"469e9269717b08015ea2d03c03ba3edded1814b7","messageTitle":"Add classes to initial data","messageBody":"","fileTypesAndContributionMap":{"functional-code":{"insertions":18,"deletions":3}}},{"hash":"f67764b5a0fcfd7694e433a3d2294daddeda96bf","messageTitle":"Enforce property name \"class\" when exporting a student","messageBody":"","fileTypesAndContributionMap":{"functional-code":{"insertions":1,"deletions":0}}},{"hash":"115ad090749bdecec795d44eb171c027aca89fe8","messageTitle":"Check for class existance before adding a student","messageBody":"","fileTypesAndContributionMap":{"functional-code":{"insertions":14,"deletions":4}}},{"hash":"d678c2e32eeadb05bbd3780595541f6ff0505831","messageTitle":"Check for class existance before editing a student","messageBody":"","fileTypesAndContributionMap":{"functional-code":{"insertions":26,"deletions":4},"test-code":{"insertions":6,"deletions":0}}}]},{"date":"2022-10-08","commitResults":[{"hash":"9224ce8ecb810d6919cb55b09b2447743c8b9e2d","messageTitle":"Fix current test cases related to class not existing","messageBody":"","fileTypesAndContributionMap":{"functional-code":{"insertions":0,"deletions":2},"test-code":{"insertions":12,"deletions":0}}},{"hash":"e38b7d157517d572a154c20614e9d0344a13bc19","messageTitle":"Rewrite ModelManager#hasModuleClasses concisely","messageBody":"","fileTypesAndContributionMap":{"functional-code":{"insertions":1,"deletions":6}}},{"hash":"0449ed96ba927e01012b8ba4fab57d67e4788000","messageTitle":"Remove unused string from ClassCommand","messageBody":"","fileTypesAndContributionMap":{"functional-code":{"insertions":2,"deletions":2}}}]},{"date":"2022-10-09","commitResults":[{"hash":"b5d1b747d90bcb8c39f4b8e873803d0ee67a9568","messageTitle":"Refactor variables in SampleDataUtil and TypicalStudents","messageBody":"","fileTypesAndContributionMap":{"functional-code":{"insertions":7,"deletions":19},"test-code":{"insertions":7,"deletions":9}}},{"hash":"d1a21c9c9bdb75fbe526af51ea733cd68d343a2b","messageTitle":"Refactor \"class\" command to \"focus\"","messageBody":"","fileTypesAndContributionMap":{"functional-code":{"insertions":8,"deletions":8},"other":{"insertions":6,"deletions":6},"docs":{"insertions":18,"deletions":18}}},{"hash":"629f3c005d7a55a2f0c7cc2be38442ecd7708bac","messageTitle":"Rename ClassCommandParser to FocusCommandParser","messageBody":"","fileTypesAndContributionMap":{"functional-code":{"insertions":1,"deletions":1},"other":{"insertions":1,"deletions":1}}}]},{"date":"2022-10-10","commitResults":[{"hash":"edec8b9cdf11384165a2ace768da9899ff3d82c2","messageTitle":"Add tests for FocusCommand","messageBody":"","fileTypesAndContributionMap":{"test-code":{"insertions":219,"deletions":0}}},{"hash":"d1e49f2a03dc2777e312863aa0776dd264d3dbe5","messageTitle":"Move ModelStub to model package in test","messageBody":"","fileTypesAndContributionMap":{"test-code":{"insertions":149,"deletions":285}}},{"hash":"7b7ae70a9b4a79ccc5cd77d9e52b2c570f2075ba","messageTitle":"Add tests for BackCommand","messageBody":"","fileTypesAndContributionMap":{"test-code":{"insertions":71,"deletions":1}}},{"hash":"65af63af15599b8f9a54581cac6c0db89fefd5c6","messageTitle":"Add generic UniqueList class","messageBody":"","fileTypesAndContributionMap":{"functional-code":{"insertions":163,"deletions":0},"test-code":{"insertions":7,"deletions":0}}},{"hash":"b607a771995ebec8404a3f011e7693090e5f78f8","messageTitle":"Add UniqueList tests","messageBody":"","fileTypesAndContributionMap":{"other":{"insertions":1,"deletions":0},"test-code":{"insertions":175,"deletions":2}}},{"hash":"0a23eb927e5d36d048aa54a3e0922b5764715ec0","messageTitle":"Replace UniqueStudentList with UniqueList","messageBody":"","fileTypesAndContributionMap":{"functional-code":{"insertions":11,"deletions":163},"test-code":{"insertions":15,"deletions":187}}},{"hash":"d0d1e7b6639e7b8880ad719b6dcb6b7dbf4675b7","messageTitle":"Replace UniqueModuleClassList with UniqueList","messageBody":"","fileTypesAndContributionMap":{"functional-code":{"insertions":29,"deletions":166},"test-code":{"insertions":23,"deletions":0}}},{"hash":"99ea3a97cb7ea4223d198f3e172bbd8a107518da","messageTitle":"Revert accidental addition of a dependency in build.gradle","messageBody":"","fileTypesAndContributionMap":{"other":{"insertions":0,"deletions":1}}},{"hash":"23921c478ead8319bb34dd78bbc6c17e66b6e278","messageTitle":"Move exceptions of uniquelist package into a subpackage","messageBody":"","fileTypesAndContributionMap":{"functional-code":{"insertions":2,"deletions":0},"other":{"insertions":2,"deletions":2},"test-code":{"insertions":4,"deletions":1}}}]},{"date":"2022-10-11","commitResults":[{"hash":"6ebd3a4363f927e2954a1c4bb32f59f5d72c444f","messageTitle":"Add tests for FocusCommand#equals()","messageBody":"","fileTypesAndContributionMap":{"test-code":{"insertions":26,"deletions":0}}},{"hash":"c8aef6da6e8b1d2180e44ee16bff76e581214818","messageTitle":"Add message to ElementNotFoundException","messageBody":"","fileTypesAndContributionMap":{"functional-code":{"insertions":4,"deletions":0}}},{"hash":"acc8b2345e70eef87a6733a7109e018ea908fd58","messageTitle":"Add AssignCommand tests","messageBody":"","fileTypesAndContributionMap":{"test-code":{"insertions":181,"deletions":0}}},{"hash":"9e1735d3b8b3f8c793d955e9b92e9981aa5c8382","messageTitle":"Add UnassignCommand tests","messageBody":"","fileTypesAndContributionMap":{"test-code":{"insertions":183,"deletions":0}}},{"hash":"a569250ea674054360f66036eaf5c5107a5b4b7d","messageTitle":"Add StudentSessionData class","messageBody":"","fileTypesAndContributionMap":{"functional-code":{"insertions":22,"deletions":0}}},{"hash":"e3751dc52e6068dc7d4a70dde852d1cd942e3346","messageTitle":"Add SessionData class","messageBody":"","fileTypesAndContributionMap":{"functional-code":{"insertions":23,"deletions":1}}}]},{"date":"2022-10-12","commitResults":[{"hash":"8b7d1b7123ab0d129a23b896d49fe90f0a256605","messageTitle":"Add StudentModuleData class","messageBody":"","fileTypesAndContributionMap":{"functional-code":{"insertions":83,"deletions":3},"other":{"insertions":2,"deletions":2}}},{"hash":"742d91b75c465f660d7532f38f1b1868bbc72bf2","messageTitle":"Add a list of StudentModuleData in Student","messageBody":"","fileTypesAndContributionMap":{"functional-code":{"insertions":36,"deletions":6}}},{"hash":"c1815a1d36e6ec29c808f8e714a638b7ee14877c","messageTitle":"Add JSON adapted versions of grade related classes","messageBody":"","fileTypesAndContributionMap":{"functional-code":{"insertions":199,"deletions":5},"test-code":{"insertions":10,"deletions":9}}},{"hash":"74a11fae5bb721ec24a361b397d14ad4351a7c5c","messageTitle":"Add default module data for some students in sample data","messageBody":"","fileTypesAndContributionMap":{"functional-code":{"insertions":14,"deletions":2}}},{"hash":"d481c56a211f0a49333fa184dcbe3cc9795d8698","messageTitle":"Check for session existance in class after loading","messageBody":"","fileTypesAndContributionMap":{"functional-code":{"insertions":25,"deletions":3}}},{"hash":"319fa86f15ff08a1875252aff4487ea03309fa61","messageTitle":"Update starting sample data to include some default sessions","messageBody":"","fileTypesAndContributionMap":{"functional-code":{"insertions":11,"deletions":10}}}]},{"date":"2022-10-13","commitResults":[{"hash":"bf1da1ec93d371d9fb847122b8bff06e2347a1e4","messageTitle":"Remove module class set from Student","messageBody":"","fileTypesAndContributionMap":{"functional-code":{"insertions":56,"deletions":175},"test-code":{"insertions":47,"deletions":115}}},{"hash":"306b86799cb892d2b227a8c0284bd319be89b934","messageTitle":"Add GradeCommand","messageBody":"","fileTypesAndContributionMap":{"functional-code":{"insertions":207,"deletions":3},"test-code":{"insertions":2,"deletions":3}}},{"hash":"5b4a2b847bc1ca3f9d2fdf500c2439b329d6428f","messageTitle":"Verify the index given in GradeCommand","messageBody":"","fileTypesAndContributionMap":{"functional-code":{"insertions":29,"deletions":6}}},{"hash":"2e4d88bc2b74b4620967e58cbfce2fa8992d4958","messageTitle":"Add ViewCommand","messageBody":"","fileTypesAndContributionMap":{"functional-code":{"insertions":105,"deletions":1}}},{"hash":"ee24418a8031ae28d8cddd9340d288710d9c5b3e","messageTitle":"Remove debug statements accidentally committed","messageBody":"","fileTypesAndContributionMap":{"test-code":{"insertions":0,"deletions":2}}},{"hash":"9a7dd302bb83c0d9ff09bf47543b1817a5feaf3d","messageTitle":"Remove StudentSessionData class","messageBody":"","fileTypesAndContributionMap":{"functional-code":{"insertions":29,"deletions":90},"other":{"insertions":1,"deletions":2},"test-code":{"insertions":2,"deletions":2}}},{"hash":"7cca96ccdc3cc18a06ce0f168e190975783796ad","messageTitle":"Fix code style issues","messageBody":"","fileTypesAndContributionMap":{"functional-code":{"insertions":28,"deletions":30}}},{"hash":"687e6256265f8f02227bf24c38ae82ac1ba45590","messageTitle":"Move update* classes from GradeCommand to relevant classes","messageBody":"","fileTypesAndContributionMap":{"functional-code":{"insertions":75,"deletions":79},"test-code":{"insertions":3,"deletions":3}}}]},{"date":"2022-10-19","commitResults":[{"hash":"df488afa07c6964c56aa30cdf29030e456f1d6ab","messageTitle":"Make Assign and Unassign tests use typical module class","messageBody":"","fileTypesAndContributionMap":{"functional-code":{"insertions":9,"deletions":9},"test-code":{"insertions":89,"deletions":79}}}]},{"date":"2022-10-21","commitResults":[{"hash":"6f99b828b015d33a452b8f623948ccbb488afae1","messageTitle":"Add GradeCommand implementation details to DG","messageBody":"","fileTypesAndContributionMap":{"docs":{"insertions":108,"deletions":0}}},{"hash":"7bddec0b5ad374d300c226ef375634a08b8ace7a","messageTitle":"Add ViewCommand implementation details to DG","messageBody":"","fileTypesAndContributionMap":{"functional-code":{"insertions":4,"deletions":4},"docs":{"insertions":94,"deletions":7}}},{"hash":"df547f8fefea34265c4de87b285614676e8507f7","messageTitle":"Fix the image url for ViewCommand implementation details in DG","messageBody":"","fileTypesAndContributionMap":{"docs":{"insertions":1,"deletions":1}}},{"hash":"23f0998c6aab29be98880eaee52b966111165376","messageTitle":"Update PPP of RezwanArefin01","messageBody":"","fileTypesAndContributionMap":{"docs":{"insertions":22,"deletions":5}}}]},{"date":"2022-10-25","commitResults":[{"hash":"5a903888d00c93c9c36125dea1cbe396ba43be59","messageTitle":"Change find command behavior to match substrings","messageBody":"","fileTypesAndContributionMap":{"functional-code":{"insertions":3,"deletions":9},"test-code":{"insertions":1,"deletions":4}}},{"hash":"15e937e5d126e2d395156a1cb4d3452785fbf5e1","messageTitle":"Make find command work on the current filtered list","messageBody":"","fileTypesAndContributionMap":{"functional-code":{"insertions":23,"deletions":9},"test-code":{"insertions":7,"deletions":7}}},{"hash":"744e3f64220cd7b734dd8427d4c74db0201039ec","messageTitle":"Add tests for ModelManager#andFilteredListPredicate","messageBody":"","fileTypesAndContributionMap":{"test-code":{"insertions":39,"deletions":0}}},{"hash":"c9147070078bc7e97ffbb89995efccb96cbbd951","messageTitle":"UG: Update find command","messageBody":"","fileTypesAndContributionMap":{"docs":{"insertions":3,"deletions":2}}},{"hash":"d6672035109dbf696a6b7ea6c4f449beb252bb40","messageTitle":"PPP RezwanArefin01: Update list of enhancements","messageBody":"","fileTypesAndContributionMap":{"docs":{"insertions":1,"deletions":0}}},{"hash":"93291a80655b5c6730ffde083280279638ebbe10","messageTitle":"DG: Update grade command implementation for multiple student grading","messageBody":"","fileTypesAndContributionMap":{"docs":{"insertions":33,"deletions":30}}}]},{"date":"2022-10-26","commitResults":[{"hash":"c6e824f02d728504171c38106358658a34e6e864","messageTitle":"Alert user if data load failed","messageBody":"","fileTypesAndContributionMap":{"functional-code":{"insertions":31,"deletions":11}}},{"hash":"c604af6a45cf910c0daf875fbd06e247ef5a7915","messageTitle":"PPP RezwanArefin01: Update list of enhancements","messageBody":"","fileTypesAndContributionMap":{"docs":{"insertions":1,"deletions":0}}},{"hash":"2caa6f0b45128c4b1b1f3c9a148f199ff005d946","messageTitle":"DG: Update StorageClassDiagram to include leftover JsonAdapted* classes","messageBody":"","fileTypesAndContributionMap":{"docs":{"insertions":4,"deletions":0}}},{"hash":"a09f43f75da199e983abc2daf3fb6dbb3b01a6da","messageTitle":"Refactor Student class","messageBody":"","fileTypesAndContributionMap":{"functional-code":{"insertions":2,"deletions":2}}},{"hash":"143ef098a1abef10931d02857f31386685a1109c","messageTitle":"Refactor DeletecCommand","messageBody":"","fileTypesAndContributionMap":{"functional-code":{"insertions":17,"deletions":29},"test-code":{"insertions":3,"deletions":3}}},{"hash":"adc1c1fb509e5b7e1cc4b2a2c9a494cc6768003a","messageTitle":"Refactor methods in grading path","messageBody":"","fileTypesAndContributionMap":{"functional-code":{"insertions":29,"deletions":28}}},{"hash":"69071fcb7433449bcee2831736d78d514a254d1e","messageTitle":"Delete relevant student data when a session is deleted","messageBody":"","fileTypesAndContributionMap":{"functional-code":{"insertions":81,"deletions":21},"test-code":{"insertions":21,"deletions":9}}},{"hash":"d81770f160e364ff207c65a9eaa5a2b76b2c4523","messageTitle":"Rename update* methods in the execution path of grade command","messageBody":"","fileTypesAndContributionMap":{"functional-code":{"insertions":4,"deletions":4}}},{"hash":"837eb148cb6abffbe9af14ca0c11aa905b824df8","messageTitle":"Refactor Assign and Unassign Commands","messageBody":"","fileTypesAndContributionMap":{"functional-code":{"insertions":18,"deletions":33}}},{"hash":"26193cd457bc6d28d347859544d81d7c98ccec99","messageTitle":"Refactor SessionCommand","messageBody":"","fileTypesAndContributionMap":{"functional-code":{"insertions":22,"deletions":10}}},{"hash":"36c0e18628edffdcdff6469fa43df2a78a93cd9c","messageTitle":"Clarify javadoc comments of remove* methods","messageBody":"","fileTypesAndContributionMap":{"functional-code":{"insertions":14,"deletions":16},"test-code":{"insertions":1,"deletions":1}}},{"hash":"25168fa5cf2cf236752dc9b68ebd4d79448d57e7","messageTitle":"Update javadoc of TaAssist#removeModuleClass","messageBody":"","fileTypesAndContributionMap":{"functional-code":{"insertions":1,"deletions":0}}},{"hash":"50a7292912130aeeacbc1a12dca63e41cd978b45","messageTitle":"Update GradeCmmandSequenceDiagram","messageBody":"","fileTypesAndContributionMap":{"functional-code":{"insertions":4,"deletions":8},"docs":{"insertions":41,"deletions":39}}},{"hash":"9fe0cfe0a146f5d8a1caebbb7890bee9ca79d0ef","messageTitle":"Create a backup of data file everytime TA-Assist is run","messageBody":"","fileTypesAndContributionMap":{"functional-code":{"insertions":22,"deletions":0}}},{"hash":"0d68e10cdba24ecc465f66948269b986a59471e4","messageTitle":"Update PPP of RezwanArefin01","messageBody":"","fileTypesAndContributionMap":{"docs":{"insertions":2,"deletions":1}}},{"hash":"1f3354331a7a36a6322edad6d3e56223d42dd1a0","messageTitle":"Wrap result display","messageBody":"","fileTypesAndContributionMap":{"functional-code":{"insertions":18,"deletions":47}}},{"hash":"d23bc014ab7d3d516ddaa127435ecd4640d367a8","messageTitle":"Move heapy path of MainWindow#openWebpage down","messageBody":"","fileTypesAndContributionMap":{"functional-code":{"insertions":8,"deletions":8}}},{"hash":"915bf909a2fa0b111ebbb72e6cf67993349e9f11","messageTitle":"Remove javafx version check from *.fxml","messageBody":"","fileTypesAndContributionMap":{"functional-code":{"insertions":1,"deletions":1}}}]},{"date":"2022-10-28","commitResults":[{"hash":"8b5ab43955d8ef365c73a6d3946a714f009dd87b","messageTitle":"Make student cards collapsible","messageBody":"","fileTypesAndContributionMap":{"functional-code":{"insertions":85,"deletions":48}}},{"hash":"40019460ebf309d8954a40657504358753d87031","messageTitle":"Remove student card focused color","messageBody":"","fileTypesAndContributionMap":{"functional-code":{"insertions":0,"deletions":7}}},{"hash":"4fa394ca4707be2a114c9882ac375546cdf04c60","messageTitle":"Change session list focus color","messageBody":"","fileTypesAndContributionMap":{"functional-code":{"insertions":4,"deletions":0}}},{"hash":"2410ae157c7a0e43b4748e41aa469f54b0e39e73","messageTitle":"Move the grades to the title bars","messageBody":"","fileTypesAndContributionMap":{"functional-code":{"insertions":84,"deletions":63}}},{"hash":"a1c448d2e32b61b64367c16a0588a81020013d64","messageTitle":"Make default button have white text","messageBody":"","fileTypesAndContributionMap":{"functional-code":{"insertions":1,"deletions":1}}},{"hash":"528a689493fba23e8df1deb5aac65297044bc93f","messageTitle":"Update Alert style","messageBody":"","fileTypesAndContributionMap":{"functional-code":{"insertions":1,"deletions":1}}},{"hash":"ae41702484b4324055ba2a7d5faf8cb06bff7568","messageTitle":"Remove empty fields from student card","messageBody":"","fileTypesAndContributionMap":{"functional-code":{"insertions":22,"deletions":13}}},{"hash":"c11aa325f3d889379d1d66098ffad050b449c3bd","messageTitle":"Rename session command to adds","messageBody":"","fileTypesAndContributionMap":{"functional-code":{"insertions":1,"deletions":1},"docs":{"insertions":6,"deletions":6}}},{"hash":"6cf9d63167299cdb5a7b1998cc70a262d1f7d647","messageTitle":"Require focus command to have module class prefix","messageBody":"","fileTypesAndContributionMap":{"functional-code":{"insertions":8,"deletions":6},"docs":{"insertions":2,"deletions":2},"test-code":{"insertions":2,"deletions":1}}},{"hash":"8e36f1b0aabc95acc97e46c4cb1fde2a82911a3c","messageTitle":"Rename Session* classes to Adds*","messageBody":"","fileTypesAndContributionMap":{"functional-code":{"insertions":4,"deletions":4},"other":{"insertions":27,"deletions":27},"test-code":{"insertions":4,"deletions":4}}},{"hash":"f1825a34942f0e93178994e1284531a7279175c3","messageTitle":"Rename session to adds in DG","messageBody":"","fileTypesAndContributionMap":{"docs":{"insertions":4,"deletions":4}}},{"hash":"7b29f49f735358cf366b5a05b3cf9ebc09875f39","messageTitle":"Update DG to reflect c/ prefix in focus command","messageBody":"","fileTypesAndContributionMap":{"docs":{"insertions":2,"deletions":2}}},{"hash":"7ac37e8ecf956e466fcb10a34b416ce427b13b65","messageTitle":"Fix bug: clear command does not exit focus mode","messageBody":"","fileTypesAndContributionMap":{"functional-code":{"insertions":5,"deletions":9},"test-code":{"insertions":12,"deletions":0}}},{"hash":"6c683c3dddb1336acb88d48138cf59b819c78449","messageTitle":"Remove unused static variable from GradeCommand","messageBody":"","fileTypesAndContributionMap":{"functional-code":{"insertions":1,"deletions":1}}},{"hash":"3a5a8ae02eab1bbc07ed0e490d5d4a1d2335a66e","messageTitle":"Fix bug: deletec focused class does not unfocus","messageBody":"","fileTypesAndContributionMap":{"functional-code":{"insertions":8,"deletions":2},"test-code":{"insertions":68,"deletions":0}}}]},{"date":"2022-10-30","commitResults":[{"hash":"86f6ab59cb0ae61624b29779cc773468c8a049ef","messageTitle":"Move exiting focus mode from ClearCommand to Model","messageBody":"","fileTypesAndContributionMap":{"functional-code":{"insertions":3,"deletions":3},"test-code":{"insertions":9,"deletions":0}}},{"hash":"e3bf05911dad6e872717b90a8c7259d97d88aa57","messageTitle":"Fix equals and hashCode methods of CommandResult","messageBody":"","fileTypesAndContributionMap":{"functional-code":{"insertions":4,"deletions":2}}},{"hash":"ec73c72dab7295f65aae87b644c4154ce28b0dd0","messageTitle":"Fix ClearCommand tests","messageBody":"","fileTypesAndContributionMap":{"functional-code":{"insertions":2,"deletions":1},"test-code":{"insertions":2,"deletions":1}}}]},{"date":"2022-10-31","commitResults":[{"hash":"1afadfde6a654330a3301fb5f6fba4fac54ff711","messageTitle":"Remove lists command","messageBody":"","fileTypesAndContributionMap":{"functional-code":{"insertions":0,"deletions":56},"docs":{"insertions":0,"deletions":12}}},{"hash":"9eec5def4ecbab4c24f6cf16b354493e34ad7b44","messageTitle":"Add tests for ViewCommand","messageBody":"","fileTypesAndContributionMap":{"test-code":{"insertions":143,"deletions":0}}},{"hash":"0c54a91b9387644bfdcdd1728fe069820a40fcc7","messageTitle":"Add ViewCommand#equals tests","messageBody":"","fileTypesAndContributionMap":{"test-code":{"insertions":24,"deletions":0}}},{"hash":"206e50cf7b1dbe87abefb11ee4232a5e0e51f5e9","messageTitle":"Add visibility to ViewCommandTest methods","messageBody":"","fileTypesAndContributionMap":{"test-code":{"insertions":5,"deletions":5}}},{"hash":"844705bdc22920651d27dbfe40a8e72dc9ebd148","messageTitle":"Clarify comments in ViewCommandTest","messageBody":"","fileTypesAndContributionMap":{"test-code":{"insertions":1,"deletions":1}}}]}],"njxue":[{"date":"2022-09-26","commitResults":[{"hash":"832d34b80d30e452f6db0b365572a2837e83538a","messageTitle":"Add PPP","messageBody":"","fileTypesAndContributionMap":{"docs":{"insertions":25,"deletions":0}}},{"hash":"6f3112ee5ba6640f812d84cdd9c08bcb64faed40","messageTitle":"Add reposense link under code contribution","messageBody":"","fileTypesAndContributionMap":{"docs":{"insertions":1,"deletions":1}}}]},{"date":"2022-09-28","commitResults":[{"hash":"5b2f0b9fe225ddf602c3e52b6610b979640afa49","messageTitle":"Add periods to sentences and shorten reposense link","messageBody":"","fileTypesAndContributionMap":{"docs":{"insertions":7,"deletions":7}}},{"hash":"96e2067198bb7a2bd4fb57a5e95d300a820749be","messageTitle":"Add information in about-us","messageBody":"","fileTypesAndContributionMap":{"docs":{"insertions":6,"deletions":6}}},{"hash":"60e53c6d900246b53930d0cd68217a85325bc91f","messageTitle":"Add use cases","messageBody":"","fileTypesAndContributionMap":{"docs":{"insertions":21,"deletions":10}}},{"hash":"813c126aad3df2c4064612bbdfa8ad80b0f3edfa","messageTitle":"Add use cases","messageBody":"","fileTypesAndContributionMap":{"docs":{"insertions":100,"deletions":19}}},{"hash":"49380c14313d7f5f0e2a6bf88f5ed6dc3cf53571","messageTitle":"Add user stories","messageBody":"","fileTypesAndContributionMap":{"docs":{"insertions":14,"deletions":9}}},{"hash":"e4ad6f78ffe2005128b015c97be22125be57d4b4","messageTitle":"Add additional user story","messageBody":"","fileTypesAndContributionMap":{"docs":{"insertions":16,"deletions":14}}}]},{"date":"2022-09-29","commitResults":[{"hash":"c27fcfe4046e201268a3698b6dfcb400e368aca2","messageTitle":"Change hyperlinks to guides to point to product website","messageBody":"","fileTypesAndContributionMap":{"docs":{"insertions":2,"deletions":2}}},{"hash":"2dedf5acdd3232b8cbdfe2c75e827de0b7a2756a","messageTitle":"Refactor use cases to include inclusions and more extensions","messageBody":"","fileTypesAndContributionMap":{"docs":{"insertions":74,"deletions":48}}}]},{"date":"2022-10-01","commitResults":[{"hash":"f4db60d8e57b845671df49cd3d90a88973f787f1","messageTitle":"Add filtering of contact list by tags","messageBody":"","fileTypesAndContributionMap":{"functional-code":{"insertions":103,"deletions":0}}},{"hash":"f2ef1a8abf4fe92a3da0fedf5c1127076d797f2d","messageTitle":"Allow tracking of focus mode state","messageBody":"","fileTypesAndContributionMap":{"functional-code":{"insertions":151,"deletions":5},"test-code":{"insertions":11,"deletions":0}}}]},{"date":"2022-10-03","commitResults":[{"hash":"1f04b0e72428cb94027a65dc92cdd86b6292fbb2","messageTitle":"Remove setter method in FocusMode and set focused class to null when inactive","messageBody":"","fileTypesAndContributionMap":{"functional-code":{"insertions":3,"deletions":15}}},{"hash":"a67964caf8801cdb216520649150f7bf5c27048b","messageTitle":"Move functionality of focus mode from FocusMode to ModelManager","messageBody":"FocusMode class is unncessary because it is essentially just storing\nthe ModuleClass object.\n\nLet\u0027s let ModelManager handle the state of the focus mode instead.\n","fileTypesAndContributionMap":{"functional-code":{"insertions":35,"deletions":117},"test-code":{"insertions":12,"deletions":2}}},{"hash":"7abe1e2de3177f6cce206625afacefb21b217d03","messageTitle":"Fix style issues","messageBody":"","fileTypesAndContributionMap":{"functional-code":{"insertions":1,"deletions":2},"test-code":{"insertions":1,"deletions":1}}},{"hash":"d5aae7d8dedd70b916d26c6640233b72a0f5196d","messageTitle":"Add period to class header comment","messageBody":"","fileTypesAndContributionMap":{"functional-code":{"insertions":1,"deletions":1}}},{"hash":"48ef62785b71a8af6278a9dee524b5b098eecff9","messageTitle":"Remove blank line","messageBody":"","fileTypesAndContributionMap":{"functional-code":{"insertions":0,"deletions":1}}}]},{"date":"2022-10-04","commitResults":[{"hash":"8b2383c7f30f26992afed320bd221ea966848720","messageTitle":"Add back command","messageBody":"","fileTypesAndContributionMap":{"functional-code":{"insertions":45,"deletions":4}}},{"hash":"2bdc160426d6cf7795ffcdfff8ad644aafe326b3","messageTitle":"Change class header comment","messageBody":"","fileTypesAndContributionMap":{"functional-code":{"insertions":1,"deletions":1}}},{"hash":"740241819d1f49fb9dcd175f692416c8a88938d2","messageTitle":"Change back command message to be more intuitive","messageBody":"","fileTypesAndContributionMap":{"functional-code":{"insertions":2,"deletions":2}}}]},{"date":"2022-10-06","commitResults":[{"hash":"c514c99334c42f128c710d449fac872e7f94d84d","messageTitle":"Update Model UML","messageBody":"","fileTypesAndContributionMap":{"docs":{"insertions":18,"deletions":15}}},{"hash":"3222d1dfc23339225a54073e55bef5f3217dc25d","messageTitle":"Shift arrows around","messageBody":"","fileTypesAndContributionMap":{"docs":{"insertions":3,"deletions":2}}},{"hash":"62fa9e1cecec9470575cf0178458f889fc9863de","messageTitle":"Update DG with updated Model diagram","messageBody":"","fileTypesAndContributionMap":{"docs":{"insertions":5,"deletions":30}}},{"hash":"72c011db102e4369b50d211815c5582b1a854797","messageTitle":"Fix bug with class command","messageBody":"","fileTypesAndContributionMap":{"functional-code":{"insertions":3,"deletions":1}}},{"hash":"0dfddf9d0dc1a0442348c770e369ee677d445d75","messageTitle":"Reorder import statements","messageBody":"","fileTypesAndContributionMap":{"functional-code":{"insertions":1,"deletions":1}}}]},{"date":"2022-10-07","commitResults":[{"hash":"a4b83a3f9ec8c589ddb4b7c0ee4d29d7c530fb33","messageTitle":"Fix parse bug in deletec command","messageBody":"","fileTypesAndContributionMap":{"functional-code":{"insertions":45,"deletions":13}}},{"hash":"f514f756e0ca0466dd9a81e7a5499b6a71f37f54","messageTitle":"Fix style errors","messageBody":"","fileTypesAndContributionMap":{"functional-code":{"insertions":15,"deletions":13}}},{"hash":"a7ba985328de5884dadf84988d184d506c67ec25","messageTitle":"Abstract out areAllExsitingModuleClasses into Model","messageBody":"","fileTypesAndContributionMap":{"functional-code":{"insertions":12,"deletions":14},"test-code":{"insertions":5,"deletions":0}}},{"hash":"f3878304059af74fa3a9b6ec6c750fa0a3ece56e","messageTitle":"Abstract out deleting multiple classes into Model","messageBody":"","fileTypesAndContributionMap":{"functional-code":{"insertions":19,"deletions":6}}},{"hash":"b37543cd012c05a899c0d2f85d9f6837eb8fde9b","messageTitle":"Fix style issues","messageBody":"","fileTypesAndContributionMap":{"functional-code":{"insertions":0,"deletions":2}}},{"hash":"91d48e81636e7c2eea6f2badfac3a786fafba8a6","messageTitle":"Update test case with new Model methods","messageBody":"","fileTypesAndContributionMap":{"test-code":{"insertions":7,"deletions":2}}},{"hash":"39bbbec24eed11047cab538bfad586aef7e8e4ed","messageTitle":"Update command usage message","messageBody":"","fileTypesAndContributionMap":{"functional-code":{"insertions":3,"deletions":2}}},{"hash":"3e69fb21adb31ccc550e19708ac01ef6d894de87","messageTitle":"Update command usage message","messageBody":"","fileTypesAndContributionMap":{"functional-code":{"insertions":1,"deletions":1}}},{"hash":"e75e2208fe048e64ab4fe37bc86b94a92b86b360","messageTitle":"Add null check","messageBody":"","fileTypesAndContributionMap":{"functional-code":{"insertions":1,"deletions":0}}},{"hash":"7d14651605794d9a3a927ab3bb1adeb0e1fe5b9d","messageTitle":"Abstract out isPrefixPresent to ParserUtil","messageBody":"","fileTypesAndContributionMap":{"functional-code":{"insertions":19,"deletions":36}}},{"hash":"ae956b72a1cbd823c5548e328e2d62fc6d9832db","messageTitle":"Fix style issues","messageBody":"","fileTypesAndContributionMap":{"functional-code":{"insertions":4,"deletions":5}}},{"hash":"06e61ebfdba7d47fbde7f4cfd543ba71c16af6fa","messageTitle":"Fix incorrect error message from assign and unassign commands","messageBody":"","fileTypesAndContributionMap":{"functional-code":{"insertions":4,"deletions":2}}},{"hash":"86ad4adeb09cd462bcc940b2db98557626f47423","messageTitle":"Add toString method to Index","messageBody":"","fileTypesAndContributionMap":{"functional-code":{"insertions":5,"deletions":0}}}]},{"date":"2022-10-08","commitResults":[{"hash":"56c7555b66dcc001327c01ec04767b532f52967e","messageTitle":"Extract isPrefixPresent out to ArgumentMultimap","messageBody":"","fileTypesAndContributionMap":{"functional-code":{"insertions":19,"deletions":12}}},{"hash":"ca613d2e9cf742178ca8bec5b4dabc31a0321874","messageTitle":"Rename method","messageBody":"","fileTypesAndContributionMap":{"functional-code":{"insertions":3,"deletions":3},"test-code":{"insertions":1,"deletions":1}}},{"hash":"67408349b62cfacffa5d58ce8028465d11777ce1","messageTitle":"Change method from static to non-static","messageBody":"","fileTypesAndContributionMap":{"functional-code":{"insertions":7,"deletions":12}}},{"hash":"481c4c0c8b08f34c06d19f1cc0cc9a0c2aeffc44","messageTitle":"Fix style issues","messageBody":"","fileTypesAndContributionMap":{"functional-code":{"insertions":5,"deletions":12}}},{"hash":"5460c50429075560c7a716c68fb195aae72e3563","messageTitle":"Add null check","messageBody":"","fileTypesAndContributionMap":{"functional-code":{"insertions":4,"deletions":0}}},{"hash":"35b4eb67435220f6f45fdb2011bd414bfce09f00","messageTitle":"Add support for checking existence for multiple prefixes","messageBody":"","fileTypesAndContributionMap":{"functional-code":{"insertions":13,"deletions":19}}},{"hash":"25f46825d10ed2a8a34900c7e6e267837586e13d","messageTitle":"Fix style issues","messageBody":"","fileTypesAndContributionMap":{"functional-code":{"insertions":0,"deletions":3}}},{"hash":"e4d29b1b15b1946464f0213038aef75025fc7d66","messageTitle":"Update Storage detais in DG","messageBody":"","fileTypesAndContributionMap":{"docs":{"insertions":14,"deletions":13}}},{"hash":"ab95dfcaad6ef6deefc7ad03fc5fc2fb68674650","messageTitle":"Update Logic component in DG","messageBody":"","fileTypesAndContributionMap":{"docs":{"insertions":21,"deletions":20}}},{"hash":"726bcdb7b2384a5185783a13f1bb91eba8f8b3f0","messageTitle":"Update Architecture Sequence Diagram","messageBody":"","fileTypesAndContributionMap":{"docs":{"insertions":3,"deletions":87}}},{"hash":"b40eedfc5ee41185ed66f0150f766b92b75099c8","messageTitle":"Update links","messageBody":"","fileTypesAndContributionMap":{"docs":{"insertions":7,"deletions":7}}},{"hash":"6dc72bdbf2f52622903180dd2a7a6218836facc0","messageTitle":"Update links","messageBody":"","fileTypesAndContributionMap":{"docs":{"insertions":1,"deletions":1}}},{"hash":"01d328d0fd60ecbfa9af4ce562cd791b75c1898e","messageTitle":"Remove unused sections","messageBody":"","fileTypesAndContributionMap":{"docs":{"insertions":2,"deletions":9}}},{"hash":"b0518ac0a7dd0db745514b97c647deb651c1d14c","messageTitle":"Remove unused diagrams","messageBody":"","fileTypesAndContributionMap":{"docs":{"insertions":0,"deletions":176}}}]},{"date":"2022-10-09","commitResults":[{"hash":"ea81d7c320d4e03f9d33eaeece0c01d5e705d1ca","messageTitle":"Shorten description to keep it less verbose","messageBody":"","fileTypesAndContributionMap":{"docs":{"insertions":107,"deletions":1}}},{"hash":"5b22d91d0ad6ecdf97d1db6b5d942082482da00f","messageTitle":"Update description","messageBody":"","fileTypesAndContributionMap":{"docs":{"insertions":19,"deletions":11}}},{"hash":"cb8318b300d3fb89f4d1b836fbd702fed5c43515","messageTitle":"Add sequence diagram for assign command","messageBody":"","fileTypesAndContributionMap":{"docs":{"insertions":75,"deletions":0}}},{"hash":"c1db61340043f8f12d9ecefe28e82165f40931e9","messageTitle":"Include sequence diagram for assign command in DG","messageBody":"","fileTypesAndContributionMap":{"docs":{"insertions":6,"deletions":6}}},{"hash":"96715240e73413ad8f4d68689e555515d2c50532","messageTitle":"Refactor ClassCommand to FocusCommand","messageBody":"","fileTypesAndContributionMap":{"docs":{"insertions":86,"deletions":86}}},{"hash":"1549217b3764c659174edceee84a31b9dacdf1b8","messageTitle":"Update Model with Session","messageBody":"","fileTypesAndContributionMap":{"docs":{"insertions":3,"deletions":0}}},{"hash":"0130be329190621f416dfd08dc1164d4f2eb9b52","messageTitle":"Remove whitespaces in docs","messageBody":"","fileTypesAndContributionMap":{"docs":{"insertions":19,"deletions":19}}}]},{"date":"2022-10-10","commitResults":[{"hash":"55117087880ef5dd9b6f603a9fc76a1a66e91c25","messageTitle":"Add test cases for UniqueModuleClassList","messageBody":"","fileTypesAndContributionMap":{"test-code":{"insertions":115,"deletions":0}}},{"hash":"c5a976a9a88f172acbcbc0d1daa8bd93a952c3bf","messageTitle":"Make names of module class objects to be module-like","messageBody":"","fileTypesAndContributionMap":{"functional-code":{"insertions":3,"deletions":3},"test-code":{"insertions":63,"deletions":65}}},{"hash":"3d0d7d7d21bfbce83613f22c76922937fc1f7798","messageTitle":"Add test cases for AddcComand","messageBody":"","fileTypesAndContributionMap":{"test-code":{"insertions":251,"deletions":137}}},{"hash":"c31bd588e61106986ebd093d2d4708ca8bc321a4","messageTitle":"Fix UML diagram of Storage","messageBody":"","fileTypesAndContributionMap":{"docs":{"insertions":0,"deletions":2}}},{"hash":"706b77272833762120091658b3e5ea38b090f650","messageTitle":"Add test cases for AddcCommandParser","messageBody":"","fileTypesAndContributionMap":{"test-code":{"insertions":66,"deletions":1}}},{"hash":"862d1590a3a84de6d15a4571278635936b8ee36a","messageTitle":"Fix errors from merging","messageBody":"","fileTypesAndContributionMap":{"test-code":{"insertions":31,"deletions":0}}},{"hash":"cb738677b10076eb7e6d97934e9986a4146841a1","messageTitle":"Update ModuleClass tests with Sessions","messageBody":"","fileTypesAndContributionMap":{"test-code":{"insertions":159,"deletions":3}}},{"hash":"ed1d84134e12ab8d23c31b86048c902fe33346c5","messageTitle":"Fix style issues","messageBody":"","fileTypesAndContributionMap":{"test-code":{"insertions":27,"deletions":7}}},{"hash":"a5fa261c72f30602bc19213a62fe837846dda7a2","messageTitle":"Change equality condition of AddcCommand","messageBody":"Two AddcCommand should be equal if and only if the module class names are\nthe same. The sessions for the specified module classes should not be\ncompared against each other during the equality check because it does\nnot make sense to compare sessions of module classes that are not yet\ncreated (they are created via the addc command). It also further\ncomplicates testing.\n\nLet\u0027s use ModuleClass#isSameModuleClass instead of ModuleClass#equals to\nperform the equality check.\n","fileTypesAndContributionMap":{"functional-code":{"insertions":1,"deletions":1},"test-code":{"insertions":3,"deletions":1}}},{"hash":"af244afa3c7406f142d980bb67cec353bbe3cd62","messageTitle":"Add integration tests for AddcCommand","messageBody":"","fileTypesAndContributionMap":{"test-code":{"insertions":20,"deletions":12}}},{"hash":"9d3ac29dc8c07a0fa799b65f1d4466e9fc65dce6","messageTitle":"Add JavaDoc comments","messageBody":"","fileTypesAndContributionMap":{"test-code":{"insertions":4,"deletions":0}}},{"hash":"4df2952d9e2478efebe11c2adb7654412953fd01","messageTitle":"Fix typo in method name","messageBody":"","fileTypesAndContributionMap":{"test-code":{"insertions":1,"deletions":1}}}]},{"date":"2022-10-12","commitResults":[{"hash":"12ab1acfccb1e5ae89e83c7ef705ada3f2dc0b19","messageTitle":"Delete unused file","messageBody":"","fileTypesAndContributionMap":{"test-code":{"insertions":0,"deletions":104}}},{"hash":"358ff681f38b6d62baa952e64df40e22f35104e3","messageTitle":"Fix style issues","messageBody":"","fileTypesAndContributionMap":{"test-code":{"insertions":7,"deletions":7}}},{"hash":"7c8e25571a53497b85d5acb6106565e75715e2aa","messageTitle":"Fix style issues","messageBody":"","fileTypesAndContributionMap":{"test-code":{"insertions":2,"deletions":2}}}]},{"date":"2022-10-13","commitResults":[{"hash":"e80ad40ef3c3c1218e51e16756a42862efea2769","messageTitle":"Add tests for DeletecCommand","messageBody":"","fileTypesAndContributionMap":{"test-code":{"insertions":172,"deletions":13}}},{"hash":"bdc45d98245ed7db35cb2b1148d311a73aea8183","messageTitle":"Fix incorrect message for ParseException","messageBody":"","fileTypesAndContributionMap":{"functional-code":{"insertions":7,"deletions":11},"test-code":{"insertions":53,"deletions":0}}},{"hash":"fac96ffaa4fb0236619050e81572b4424eb9ed74","messageTitle":"Fix DeletecCommandParser allowing preamble bug","messageBody":"","fileTypesAndContributionMap":{"functional-code":{"insertions":1,"deletions":1},"test-code":{"insertions":0,"deletions":2}}}]},{"date":"2022-10-14","commitResults":[{"hash":"604d7c85e8764a3224e0d39a29b5d2dfa2ac3c1f","messageTitle":"Add tests for DeletecCommand and its parser","messageBody":"","fileTypesAndContributionMap":{"functional-code":{"insertions":9,"deletions":1},"test-code":{"insertions":85,"deletions":6}}},{"hash":"cfb8fefb991dadabb8a528fe4527cb2196bcfa6f","messageTitle":"Fix bug with DeletecCommand","messageBody":"","fileTypesAndContributionMap":{"functional-code":{"insertions":3,"deletions":2},"test-code":{"insertions":45,"deletions":23}}},{"hash":"7740463412eebafef9c61ec637aa49ddcbdc62a1","messageTitle":"Change test cases for addc command","messageBody":"","fileTypesAndContributionMap":{"functional-code":{"insertions":25,"deletions":6},"test-code":{"insertions":20,"deletions":11}}},{"hash":"f5f60eed83d5d82e5ef73f633c5e66f3610a2483","messageTitle":"Fix incorrect message","messageBody":"","fileTypesAndContributionMap":{"functional-code":{"insertions":1,"deletions":1}}}]},{"date":"2022-10-16","commitResults":[{"hash":"42f2bfc0718db52424f7373a823ad1af1f3c4d71","messageTitle":"Enable assertions with gradle","messageBody":"","fileTypesAndContributionMap":{"other":{"insertions":4,"deletions":0}}},{"hash":"ae0c7925c57bbc8afa431a74b9e9f20b0036129b","messageTitle":"Update class diagrams for Model","messageBody":"","fileTypesAndContributionMap":{"docs":{"insertions":52,"deletions":28}}},{"hash":"26d90c350aeaf5b9598c2c03648f727dbe100f67","messageTitle":"Fix bug in assign command","messageBody":"","fileTypesAndContributionMap":{"functional-code":{"insertions":26,"deletions":20}}},{"hash":"f2767c7350a07563f77a8f587fd7795c9d5a69cc","messageTitle":"Fix ambiguous method name error","messageBody":"","fileTypesAndContributionMap":{"functional-code":{"insertions":2,"deletions":2}}},{"hash":"4326f2a77f596d8da362e83f79a73a8c7d902632","messageTitle":"Re-add isUniqueList method","messageBody":"","fileTypesAndContributionMap":{"functional-code":{"insertions":21,"deletions":7}}},{"hash":"f0c9b9af5087a31ba60e57d59f6906edf4c354b3","messageTitle":"Fix style issues","messageBody":"","fileTypesAndContributionMap":{"functional-code":{"insertions":1,"deletions":1}}}]},{"date":"2022-10-18","commitResults":[{"hash":"d55114f101303f049677c4dabd0d9d88180be1d2","messageTitle":"Update UML diagram for ModuleClass and Student","messageBody":"","fileTypesAndContributionMap":{"docs":{"insertions":8,"deletions":8}}},{"hash":"be218ce92cff2e092b36eedbb91d9761c54aa555","messageTitle":"Update Model UML diagram","messageBody":"","fileTypesAndContributionMap":{"docs":{"insertions":5,"deletions":4}}},{"hash":"410ec3dfa0cfcc92df303f3b7732d990fad0717b","messageTitle":"Update DG with new diagrams and description of Model","messageBody":"","fileTypesAndContributionMap":{"docs":{"insertions":37,"deletions":5}}},{"hash":"4fcdebab57a85756d931241027adec51ea2f1ade","messageTitle":"Update description and diagram for focus command","messageBody":"","fileTypesAndContributionMap":{"docs":{"insertions":8,"deletions":14}}},{"hash":"5e20cb1312b6749444e8fadb80be45a0f24f981b","messageTitle":"Remove containsMatch method","messageBody":"","fileTypesAndContributionMap":{"functional-code":{"insertions":1,"deletions":11}}}]},{"date":"2022-10-19","commitResults":[{"hash":"32c69a7fedf94f0511e7a096a4307a3edbbfd7e1","messageTitle":"Rename jar file","messageBody":"","fileTypesAndContributionMap":{"other":{"insertions":1,"deletions":1}}},{"hash":"9c5b827af8f0134411f50f15c1bada07746a1790","messageTitle":"Update version number","messageBody":"","fileTypesAndContributionMap":{"functional-code":{"insertions":1,"deletions":1}}},{"hash":"6aaa720236c79b3c8c9b5422b0645a99290c63e9","messageTitle":"Enlarge sequence diagrams","messageBody":"","fileTypesAndContributionMap":{"docs":{"insertions":2,"deletions":2}}},{"hash":"1137bc84cb0d225e5b907e57f3f2dd9af9d4ea4c","messageTitle":"Add details about Identity interface","messageBody":"","fileTypesAndContributionMap":{"docs":{"insertions":22,"deletions":2}}},{"hash":"c7febdc0a1af232ffe86955209009143298611ef","messageTitle":"Update Assign command sequence diagram","messageBody":"","fileTypesAndContributionMap":{"docs":{"insertions":5,"deletions":0}}}]},{"date":"2022-10-21","commitResults":[{"hash":"211abb9f5e6896964f2cc0ed199401cf09c79123","messageTitle":"Update njxue\u0027s PPP","messageBody":"","fileTypesAndContributionMap":{"docs":{"insertions":19,"deletions":6}}},{"hash":"0a651318516870d95d8da1ead2af8c4664fbba91","messageTitle":"Fix typos","messageBody":"","fileTypesAndContributionMap":{"docs":{"insertions":3,"deletions":3}}}]},{"date":"2022-10-22","commitResults":[{"hash":"26bf45581ec57a1c1549daa32c4ea9c38ef2c866","messageTitle":"Use isSame to perform equality check","messageBody":"","fileTypesAndContributionMap":{"functional-code":{"insertions":27,"deletions":5}}},{"hash":"b8d61f07cf85de3b95b0678e64ea5f229d83b2d9","messageTitle":"Add tests for TaAssistParser","messageBody":"","fileTypesAndContributionMap":{"test-code":{"insertions":166,"deletions":21}}},{"hash":"a16ca022fec155ecda5b49669321aaf6ddee31e2","messageTitle":"Add tests for ViewCommandParser","messageBody":"","fileTypesAndContributionMap":{"functional-code":{"insertions":1,"deletions":0},"test-code":{"insertions":44,"deletions":0}}},{"hash":"ccdb1260f08ef45be4c7ca3e3085122515ea0028","messageTitle":"Add tests for SessionCommandParser","messageBody":"","fileTypesAndContributionMap":{"test-code":{"insertions":70,"deletions":0}}},{"hash":"396512779bfc7d98cd32e46196b369765129c805","messageTitle":"Fix style errors and bugs in parser tests","messageBody":"","fileTypesAndContributionMap":{"functional-code":{"insertions":5,"deletions":0},"test-code":{"insertions":21,"deletions":15}}},{"hash":"4f2d1e9ce0fc5077ba2ebaf5e5f023a695fd5e4f","messageTitle":"Add tests for GradeCommandParser","messageBody":"","fileTypesAndContributionMap":{"functional-code":{"insertions":2,"deletions":3},"test-code":{"insertions":65,"deletions":4}}},{"hash":"90a262c787ae54591af0034cf2a4aa76e45edafe","messageTitle":"Change parse error messages to be more informative","messageBody":"","fileTypesAndContributionMap":{"functional-code":{"insertions":22,"deletions":6}}},{"hash":"2171ff8cb284ae78da86a7e1b80ce13c8f1eb4df","messageTitle":"Change parse error messages to be more informative","messageBody":"","fileTypesAndContributionMap":{"test-code":{"insertions":5,"deletions":4}}},{"hash":"61c32b33f34e27520128b10a93aa78f44d4108a6","messageTitle":"Remove redundant test case","messageBody":"","fileTypesAndContributionMap":{"functional-code":{"insertions":1,"deletions":1},"test-code":{"insertions":1,"deletions":8}}},{"hash":"0b357030a7186d4659cb9fcc5c144204f94e5575","messageTitle":"Add tests for Assign and Unassign command parsers","messageBody":"","fileTypesAndContributionMap":{"test-code":{"insertions":154,"deletions":0}}},{"hash":"dd2b59bf95a931b34ff0dd952eca0cb2a61be669","messageTitle":"Remove whitespaces","messageBody":"","fileTypesAndContributionMap":{"test-code":{"insertions":4,"deletions":4}}},{"hash":"39e1112534d84b46e1e3a9b723d69c0e91d2c7f3","messageTitle":"Remove unused method","messageBody":"","fileTypesAndContributionMap":{"test-code":{"insertions":0,"deletions":4}}},{"hash":"4ee113e5120e531d93bf05cedc42ddf04e3b6087","messageTitle":"Fix style issues","messageBody":"","fileTypesAndContributionMap":{"test-code":{"insertions":0,"deletions":2}}}]},{"date":"2022-10-23","commitResults":[{"hash":"f4a07727737b5b454c495d1d4d10de968eaed4b1","messageTitle":"Fix bug in invalid grade message","messageBody":"","fileTypesAndContributionMap":{"functional-code":{"insertions":1,"deletions":1}}},{"hash":"1f5551393bf792c8f2839c31ba6a2341ae1e7348","messageTitle":"Make valid grade constant a string","messageBody":"","fileTypesAndContributionMap":{"test-code":{"insertions":6,"deletions":3}}}]},{"date":"2022-10-24","commitResults":[{"hash":"7eb34dc715b160ad6a4808c950164aad2bf903a9","messageTitle":"Allow grade command to accept multiple indices","messageBody":"","fileTypesAndContributionMap":{"functional-code":{"insertions":27,"deletions":16}}},{"hash":"11e93344df93dcd468eef49ac201d899383950ea","messageTitle":"Fix bug in parseIndices","messageBody":"","fileTypesAndContributionMap":{"functional-code":{"insertions":1,"deletions":1}}},{"hash":"337cd4ed784a16ca44a82c41a187a2d55d69c7b7","messageTitle":"Change isSame to equals for equality check","messageBody":"","fileTypesAndContributionMap":{"functional-code":{"insertions":1,"deletions":1}}},{"hash":"ad6e759b15b5157e4d8ea2a1b95781cb8547b57b","messageTitle":"Update tests for parsing grade command","messageBody":"","fileTypesAndContributionMap":{"test-code":{"insertions":17,"deletions":2}}},{"hash":"87beeea4f357d202da597ba7179b8a29543a5dde","messageTitle":"Change isSame to equals","messageBody":"","fileTypesAndContributionMap":{"functional-code":{"insertions":5,"deletions":5},"test-code":{"insertions":1,"deletions":1}}}]},{"date":"2022-10-25","commitResults":[{"hash":"adb7a11c4281d60af312e2681162d21ca14c5c84","messageTitle":"Change command message for add command","messageBody":"","fileTypesAndContributionMap":{"functional-code":{"insertions":4,"deletions":4}}},{"hash":"5d60cfa98bad338d08304cdc44baf27042e4f5f2","messageTitle":"Change command message for delete command","messageBody":"","fileTypesAndContributionMap":{"functional-code":{"insertions":1,"deletions":1}}},{"hash":"7c9cf025d89e607aeb686d8ce9f7cbf591e5d7a2","messageTitle":"Change command message for addc command","messageBody":"","fileTypesAndContributionMap":{"functional-code":{"insertions":5,"deletions":5}}},{"hash":"4159460b94bd5b9d30c506ebecd2228df31e77d0","messageTitle":"Change command messages for focus and unfocus","messageBody":"","fileTypesAndContributionMap":{"functional-code":{"insertions":2,"deletions":2}}},{"hash":"b49f059dfb78e3b2ebe99990849c4af1dddd1888","messageTitle":"Change invalid command format message","messageBody":"","fileTypesAndContributionMap":{"functional-code":{"insertions":31,"deletions":16}}},{"hash":"fbe457373680c9792cf439a30867f113627d78cd","messageTitle":"Change command message for session command","messageBody":"","fileTypesAndContributionMap":{"functional-code":{"insertions":6,"deletions":4}}},{"hash":"f12148afe011bc36839e2f93897600d47a907a87","messageTitle":"Change command message for lists command","messageBody":"","fileTypesAndContributionMap":{"functional-code":{"insertions":19,"deletions":5}}},{"hash":"b108130169f9651d71999837bd649b61cc29e318","messageTitle":"Change command message for grade command","messageBody":"","fileTypesAndContributionMap":{"functional-code":{"insertions":13,"deletions":16}}},{"hash":"7fd74f126c4d1ddac708fb1f40bddc4c47d15881","messageTitle":"Change command messages for assign and unassign","messageBody":"","fileTypesAndContributionMap":{"functional-code":{"insertions":24,"deletions":11}}},{"hash":"bbfd08de93ad15cfb51a5a122f8a76101ad855ef","messageTitle":"Change command messages for list and listc","messageBody":"","fileTypesAndContributionMap":{"functional-code":{"insertions":6,"deletions":6}}},{"hash":"6286e896405a86da3db4d2d3acfc157a2c533d93","messageTitle":"Fix style issues","messageBody":"","fileTypesAndContributionMap":{"functional-code":{"insertions":4,"deletions":6}}},{"hash":"b3c38be2b2baeb3f4386399f47280cb85b4bb3bc","messageTitle":"Modify test cases to match updated command messages","messageBody":"","fileTypesAndContributionMap":{"functional-code":{"insertions":7,"deletions":7},"test-code":{"insertions":71,"deletions":61}}},{"hash":"6f63ca39426fec21774eac034f34d6bd01b70d40","messageTitle":"Change empty command message and help command message","messageBody":"","fileTypesAndContributionMap":{"functional-code":{"insertions":7,"deletions":4},"test-code":{"insertions":2,"deletions":3}}}]},{"date":"2022-10-26","commitResults":[{"hash":"b0dc011f3dcb84c97bd155aedf631d34d146eae8","messageTitle":"Standardise formatting of messages","messageBody":"","fileTypesAndContributionMap":{"functional-code":{"insertions":8,"deletions":8}}},{"hash":"ed421c8ae0229f2497d3af40ed08b2ed8b85d814","messageTitle":"Change command message for delete command","messageBody":"","fileTypesAndContributionMap":{"functional-code":{"insertions":2,"deletions":2},"test-code":{"insertions":2,"deletions":2}}},{"hash":"83b355e5580b15d6914b946fc9474e8ef9e3061c","messageTitle":"Fix bug in deletes command","messageBody":"","fileTypesAndContributionMap":{"functional-code":{"insertions":33,"deletions":26},"test-code":{"insertions":0,"deletions":5}}},{"hash":"9846cfa821e76e57e815e2288cf9db781893e8ea","messageTitle":"Clear whitespaces","messageBody":"","fileTypesAndContributionMap":{"functional-code":{"insertions":1,"deletions":3}}},{"hash":"82ed8112394fe6a28418ea061950592bb4ebcfa7","messageTitle":"Make indexOf in UniqueList compare with isSame","messageBody":"","fileTypesAndContributionMap":{"functional-code":{"insertions":19,"deletions":2}}},{"hash":"6fa4650677a897295651d1b0f65ab02e8f8e46ca","messageTitle":"Add null checks","messageBody":"","fileTypesAndContributionMap":{"functional-code":{"insertions":2,"deletions":0}}},{"hash":"e3e1cbbb285b6ae081555e4c33e5b08ac096ff0c","messageTitle":"Make indexOf throw exception","messageBody":"","fileTypesAndContributionMap":{"functional-code":{"insertions":9,"deletions":18}}},{"hash":"2cf43383b6b64aa2540659eaa400f1922341700e","messageTitle":"Fix bug in add command","messageBody":"","fileTypesAndContributionMap":{"functional-code":{"insertions":5,"deletions":1}}},{"hash":"d0cf429860f44c9ce0aaaaa79ce54f06adba395d","messageTitle":"Remove updating filtered list after add or edit command","messageBody":"","fileTypesAndContributionMap":{"functional-code":{"insertions":0,"deletions":6}}},{"hash":"ded19758180a37dbea01a36a953918d721a5294e","messageTitle":"Extend introduction and fix grade command in UG","messageBody":"","fileTypesAndContributionMap":{"docs":{"insertions":43,"deletions":22}}},{"hash":"f03b4b3c2775bb579f25cd8ea083fbb28deb7e3d","messageTitle":"Fix typo","messageBody":"","fileTypesAndContributionMap":{"docs":{"insertions":1,"deletions":1}}}]},{"date":"2022-10-27","commitResults":[{"hash":"2e13c3966ed641c040f354dee2852d2374044b36","messageTitle":"Fix edit command","messageBody":"","fileTypesAndContributionMap":{"functional-code":{"insertions":0,"deletions":1},"test-code":{"insertions":4,"deletions":2}}},{"hash":"b0ef5c6b4919b9e5b83319816a1e1df67c255b85","messageTitle":"Resolve merge conflicts","messageBody":"","fileTypesAndContributionMap":{"functional-code":{"insertions":30,"deletions":6},"docs":{"insertions":31,"deletions":5}}},{"hash":"3ec8ec1e8582eed728dbde231d3e303294e4e64e","messageTitle":"Standardise messages","messageBody":"","fileTypesAndContributionMap":{"functional-code":{"insertions":172,"deletions":45},"test-code":{"insertions":9,"deletions":11}}},{"hash":"dbc07668542e190b67b4c5a997a8fb902b2bcac4","messageTitle":"Fix typos","messageBody":"","fileTypesAndContributionMap":{"test-code":{"insertions":3,"deletions":4}}},{"hash":"dc249c286bf99e493f33a1268b83e80a21b42698","messageTitle":"Add periods","messageBody":"","fileTypesAndContributionMap":{"functional-code":{"insertions":2,"deletions":3}}},{"hash":"04238e4794c0b702085b7214073be937db510388","messageTitle":"Fix formatting errors","messageBody":"","fileTypesAndContributionMap":{"functional-code":{"insertions":10,"deletions":10}}},{"hash":"f7002ecfa267e850cdb64a6993f5f2d957a0facf","messageTitle":"Extract separating strings with commas into StringUtil","messageBody":"","fileTypesAndContributionMap":{"functional-code":{"insertions":27,"deletions":24},"test-code":{"insertions":4,"deletions":4}}},{"hash":"78de805b016a1d42b2e060a679768ad54c466edd","messageTitle":"Package stubs and add tests to listc command","messageBody":"","fileTypesAndContributionMap":{"functional-code":{"insertions":3,"deletions":2},"other":{"insertions":4,"deletions":1},"test-code":{"insertions":91,"deletions":41}}},{"hash":"c649ca355515b9cdf9ac05b8059d69595314a392","messageTitle":"Add message when student does not contain any grades","messageBody":"","fileTypesAndContributionMap":{"functional-code":{"insertions":5,"deletions":1}}},{"hash":"13e03b6e7a234d2f1c8514ccd8e9ba1eac7025ad","messageTitle":"Resolve merge conflict","messageBody":"","fileTypesAndContributionMap":{"functional-code":{"insertions":3,"deletions":2},"test-code":{"insertions":12,"deletions":4}}},{"hash":"18d1989e7f5bb052752ea5ae37d3c934b5176efb","messageTitle":"Fix export command","messageBody":"","fileTypesAndContributionMap":{"functional-code":{"insertions":2,"deletions":2},"test-code":{"insertions":14,"deletions":19}}},{"hash":"b9efaef07c97036711809d97e93593f08e29f0b7","messageTitle":"Remove empty lines","messageBody":"","fileTypesAndContributionMap":{"test-code":{"insertions":0,"deletions":3}}},{"hash":"c9065fcef5b33f122f8209fc64bfe4234f20fa47","messageTitle":"Fix bug in focus command example","messageBody":"","fileTypesAndContributionMap":{"docs":{"insertions":13,"deletions":13}}},{"hash":"6acf72faa2edb80c23f64e620d1eebecffc02be7","messageTitle":"Format UG and extend export command","messageBody":"","fileTypesAndContributionMap":{"docs":{"insertions":85,"deletions":40}}},{"hash":"99d968f7ffdd7c1360da4c47ed6a70c543270767","messageTitle":"Fix typo","messageBody":"","fileTypesAndContributionMap":{"docs":{"insertions":1,"deletions":1}}}]},{"date":"2022-10-28","commitResults":[{"hash":"baf0f284e0be56262b95a85c719d9d4580d9a37f","messageTitle":"Allow session command to accept multiple sessions","messageBody":"","fileTypesAndContributionMap":{"functional-code":{"insertions":99,"deletions":13},"test-code":{"insertions":96,"deletions":5}}},{"hash":"b4db5367c3af5eb79c794a98f4373dfa09e3b83b","messageTitle":"Update session command in UG","messageBody":"","fileTypesAndContributionMap":{"docs":{"insertions":5,"deletions":5}}},{"hash":"35e52e74011ab759a34bbd90b865c965644087e6","messageTitle":"Fix formatting issues","messageBody":"","fileTypesAndContributionMap":{"docs":{"insertions":21,"deletions":31}}},{"hash":"c6b99f3d91e8c98ed52a7c2c8b5af2444db5e4bf","messageTitle":"Use you instead of the user","messageBody":"","fileTypesAndContributionMap":{"docs":{"insertions":3,"deletions":3}}},{"hash":"73685186805be1575ab7d28da718fd3ba61513dc","messageTitle":"Add GUI snapshots","messageBody":"","fileTypesAndContributionMap":{"docs":{"insertions":10,"deletions":3}}},{"hash":"9ca3f9b176ce90a02f721d23352fcfdc485c1763","messageTitle":"Fix bug in Jeykll tip callout","messageBody":"","fileTypesAndContributionMap":{"docs":{"insertions":1,"deletions":1}}},{"hash":"83775c6a0089bf611204eea4c836b09d0ea15e79","messageTitle":"Fix wrong image path bug","messageBody":"","fileTypesAndContributionMap":{"docs":{"insertions":2,"deletions":2}}}]}]},"authorFileTypeContributionMap":{"optionalemon":{"docs":162,"functional-code":787,"test-code":490},"Bubbl3T":{"docs":288,"functional-code":888,"test-code":121},"Berted":{"docs":436,"functional-code":1177,"test-code":390},"RezwanArefin01":{"docs":278,"functional-code":1760,"test-code":1711,"other":1},"njxue":{"docs":637,"functional-code":737,"test-code":1557,"other":4}},"authorContributionVariance":{"optionalemon":181209.39,"Bubbl3T":53471.496,"Berted":17243.455,"RezwanArefin01":206465.25,"njxue":46453.58},"authorDisplayNameMap":{"optionalemon":"CS2103T-T12-1 XU Y..U YI","Bubbl3T":"CS2103T-T12-1 LIN ..CHEN","Berted":"CS2103T-T12-1 EDBE..NATA","RezwanArefin01":"CS2103T-T12-1 REZW..EFIN","njxue":"CS2103T-T12-1 NG J.. XUE"}}
