{"authorDailyContributionsMap":{"sheshenk":[{"date":"2022-09-21","commitResults":[{"hash":"9f4c61a0a2a6d3c49d179c0f047f300e39f7756e","messageTitle":"Update AboutUs","messageBody":"Added personal details to the documentation page.\n","fileTypesAndContributionMap":{"docs":{"insertions":4,"deletions":6}}},{"hash":"2ac1bb1196ac08b0a470ebbd2842ba15349a35f1","messageTitle":"Update README.md","messageBody":"Added description of project, status badges, and acknowledgements.\n","fileTypesAndContributionMap":{"docs":{"insertions":8,"deletions":11}}},{"hash":"f9db9dedcd9f75005b047f807d1bd00e4e78edd9","messageTitle":"Update Quick Start section","messageBody":"","fileTypesAndContributionMap":{"docs":{"insertions":6,"deletions":11}}},{"hash":"90fab88e801d57997f959be327a63aab31384f5a","messageTitle":"Update introduction","messageBody":"","fileTypesAndContributionMap":{"docs":{"insertions":1,"deletions":1}}},{"hash":"a73ca3330f6536c23fc66baf2db847ba27de9d7b","messageTitle":"Update FAQ","messageBody":"","fileTypesAndContributionMap":{"docs":{"insertions":1,"deletions":2}}},{"hash":"32bc0471b28b43a732c35b4854f8ab53a244c1c4","messageTitle":"Update Command Summary secion","messageBody":"","fileTypesAndContributionMap":{"docs":{"insertions":7,"deletions":7}}},{"hash":"a28870f4ffb7b1d14fbd04ddf7464252bdbb6d0b","messageTitle":"Add Shashank\u0027s PPP Skeleton","messageBody":"","fileTypesAndContributionMap":{"docs":{"insertions":34,"deletions":0}}}]},{"date":"2022-09-27","commitResults":[{"hash":"6bb0bfdaf5ee5e96c9c051af5e855ee69476ccf5","messageTitle":"Add new line at EOF","messageBody":"Added new line to pass CI checks\n\nCo-authored-by: lesterong \u003c84223259+lesterong@users.noreply.github.com\u003e","fileTypesAndContributionMap":{"docs":{"insertions":1,"deletions":1}}},{"hash":"48b4c058f5aab387894a99141ca4ace9d706d789","messageTitle":"Add portfolio reference","messageBody":"Co-authored-by: lesterong \u003c84223259+lesterong@users.noreply.github.com\u003e","fileTypesAndContributionMap":{"docs":{"insertions":1,"deletions":0}}},{"hash":"e90610412b6a2b3649480921397a5184d74b2a96","messageTitle":"Remove extra portfolio reference","messageBody":"","fileTypesAndContributionMap":{"docs":{"insertions":0,"deletions":1}}}]}],"ichigh0st":[{"date":"2022-09-24","commitResults":[{"hash":"0ac7be7c41a96ea5eeeabb22d3aa4d38e384e88c","messageTitle":"Update AboutUs","messageBody":"","fileTypesAndContributionMap":{"docs":{"insertions":5,"deletions":6}}},{"hash":"1457f9cf3a344a4cf0bc3b0a19a384b33df0ff45","messageTitle":"Add skeletal PPP","messageBody":"","fileTypesAndContributionMap":{"docs":{"insertions":43,"deletions":0}}}]},{"date":"2022-09-27","commitResults":[{"hash":"dcc0961f9f3f132ed91aece284344841251b56fb","messageTitle":"Add the delete event feature to the UG","messageBody":"","fileTypesAndContributionMap":{"docs":{"insertions":14,"deletions":1}}},{"hash":"ae36f357fc56e4bbdd72d4d3fd5f44335469daf1","messageTitle":"Update docs/AboutUs.md","messageBody":"Co-authored-by: lesterong \u003c84223259+lesterong@users.noreply.github.com\u003e","fileTypesAndContributionMap":{"docs":{"insertions":1,"deletions":0}}},{"hash":"6e53566e50f7c6f3adc99536d456bbab92dbf7b5","messageTitle":"Update project details in DG","messageBody":"Changes include adding more details to the target user profile and\nupdating the value proposition and user stories to match NUScheduler.\n","fileTypesAndContributionMap":{"docs":{"insertions":20,"deletions":11}}},{"hash":"b7949eb6d6c579c30ef78fca020aa53c47b5eedb","messageTitle":"Add two new use cases","messageBody":"","fileTypesAndContributionMap":{"docs":{"insertions":41,"deletions":5}}}]}],"lesterong":[{"date":"2022-09-22","commitResults":[{"hash":"6d82d8fc63417ebfa88a72a771f5c94237eaa374","messageTitle":"Update add profile and delete profile features","messageBody":"","fileTypesAndContributionMap":{"docs":{"insertions":11,"deletions":94}}},{"hash":"8677e5223d5e68842143fc4163bc1ac83f2beb5d","messageTitle":"Add Lester\u0027s skeletal PPP","messageBody":"","fileTypesAndContributionMap":{"docs":{"insertions":33,"deletions":0}}}]},{"date":"2022-09-27","commitResults":[{"hash":"b3ff01d69e5539408ea3a23d69f7ee7af2b22cea","messageTitle":"Update AboutUs","messageBody":"","fileTypesAndContributionMap":{"docs":{"insertions":4,"deletions":16}}},{"hash":"05051f05922a5d5df1651f82bf17bc48fbb0563e","messageTitle":"Fix typo in description","messageBody":"","fileTypesAndContributionMap":{"docs":{"insertions":6,"deletions":6}}},{"hash":"8e83837a998003214dbea71d291cff4fbdb725af","messageTitle":"Update help command","messageBody":"","fileTypesAndContributionMap":{"functional-code":{"insertions":1,"deletions":1},"docs":{"insertions":9,"deletions":0}}},{"hash":"f1b1f11cb6712f885342ac9921081c3a7b837e5e","messageTitle":"Update docs/DeveloperGuide.md","messageBody":"","fileTypesAndContributionMap":{"docs":{"insertions":1,"deletions":1}}}]},{"date":"2022-09-28","commitResults":[{"hash":"f3d5779daf01c4a128037ae63c964c61da3c0341","messageTitle":"Remove johndoe files","messageBody":"","fileTypesAndContributionMap":{"docs":{"insertions":0,"deletions":46}}},{"hash":"830291b1a7c0edf592ea98897bcf1664a17b87c0","messageTitle":"Fix typos in ug","messageBody":"","fileTypesAndContributionMap":{"docs":{"insertions":18,"deletions":7}}}]}],"KSHan29":[{"date":"2022-09-26","commitResults":[{"hash":"1b06284c43d42802997cdb7407252dade63e9df5","messageTitle":"Update AboutUs","messageBody":"","fileTypesAndContributionMap":{"docs":{"insertions":50,"deletions":4}}},{"hash":"1e16ef6e63926143e61a576d3c335164dd705619","messageTitle":"Add skeletal PPP file","messageBody":"","fileTypesAndContributionMap":{"docs":{"insertions":20,"deletions":28}}},{"hash":"926e91f8741530cbf0c115576542951b9c4dfa77","messageTitle":"Edit wording","messageBody":"","fileTypesAndContributionMap":{"docs":{"insertions":1,"deletions":1}}},{"hash":"3cb4c42533df3f0582de691392ed318c113b6e52","messageTitle":"Delete trailing whitespace","messageBody":"","fileTypesAndContributionMap":{"docs":{"insertions":4,"deletions":5}}},{"hash":"64a35030343ff89f1285e9717d1015bef9c467b4","messageTitle":"Update AboutUs.md","messageBody":"","fileTypesAndContributionMap":{"docs":{"insertions":1,"deletions":2}}},{"hash":"26f5e67924066a069baf1650ee8f5c59a09aca59","messageTitle":"Update file name","messageBody":"","fileTypesAndContributionMap":{"docs":{"insertions":4,"deletions":5}}},{"hash":"8b2bf9fd708732b2dfb63c88fb0dc9a89c723edc","messageTitle":"Update PPP page","messageBody":"","fileTypesAndContributionMap":{"docs":{"insertions":4,"deletions":2}}}]},{"date":"2022-09-28","commitResults":[{"hash":"80010615532f626bdc0e97b17e7a44dffdc8aeef","messageTitle":"Update UserGuide: View event feature","messageBody":"","fileTypesAndContributionMap":{"docs":{"insertions":16,"deletions":1}}},{"hash":"7f0d56bb1ef08a9cd82526db518a289541194584","messageTitle":"Update UserGuide: Viewing upcoming events","messageBody":"","fileTypesAndContributionMap":{"docs":{"insertions":12,"deletions":0}}},{"hash":"06c312742a6d7117e0d4a0149afba5a62d59c2b3","messageTitle":"Update view event instructions","messageBody":"","fileTypesAndContributionMap":{"docs":{"insertions":1,"deletions":1}}},{"hash":"351a4134b0dbfeca9f35448807fe3cf9fb33cc8b","messageTitle":"Update DeveloperGuide.md: NFR and Glossary","messageBody":"","fileTypesAndContributionMap":{"docs":{"insertions":15,"deletions":6}}},{"hash":"6a08456c885d4072de82c852b1fd2bedc462a125","messageTitle":"Update DeveloperGuide.md: Glossary","messageBody":"","fileTypesAndContributionMap":{"docs":{"insertions":2,"deletions":2}}},{"hash":"d5eb5a10e9796cc3ba7501d7e64c8e754e1e8ed8","messageTitle":"Update DeveloperGuide.md: Glossary","messageBody":"","fileTypesAndContributionMap":{"docs":{"insertions":6,"deletions":3}}}]}],"ShawnChew":[{"date":"2022-09-24","commitResults":[{"hash":"a57f398947545d83b5fccf78e50a4b918c073979","messageTitle":"Add Shawn\u0027s skeletal PPP","messageBody":"","fileTypesAndContributionMap":{"docs":{"insertions":16,"deletions":0}}},{"hash":"e7066fc9a00d339b7dca3f35975a0940e7de5555","messageTitle":"Update information in aboutus","messageBody":"","fileTypesAndContributionMap":{"docs":{"insertions":2,"deletions":2}}},{"hash":"de096dc35347d581efbf01c1d3c699d5efc13d24","messageTitle":"Update shawnchew.md","messageBody":"","fileTypesAndContributionMap":{"docs":{"insertions":3,"deletions":2}}},{"hash":"07037edd9451c62d6c36c12cf8fe7ad870ea99cf","messageTitle":"Add view profile and add event feature on UG","messageBody":"","fileTypesAndContributionMap":{"docs":{"insertions":12,"deletions":16}}}]},{"date":"2022-09-27","commitResults":[{"hash":"bda0c89e6be315588bbf4e58f4300f189af4fdce","messageTitle":"Reorder content","messageBody":"","fileTypesAndContributionMap":{"docs":{"insertions":15,"deletions":14}}}]},{"date":"2022-09-28","commitResults":[{"hash":"fee47c29e8b918ef6be39deb56691c5da297dc9d","messageTitle":"Reorder feature content","messageBody":"","fileTypesAndContributionMap":{"docs":{"insertions":33,"deletions":13}}},{"hash":"26a09d1ec204c8d23f79a3119cd64969cc48c953","messageTitle":"Fix styling issues","messageBody":"","fileTypesAndContributionMap":{"docs":{"insertions":3,"deletions":3}}},{"hash":"0df3aa5ad78747612ff5923ad99b10eaec035205","messageTitle":"Fix typo","messageBody":"","fileTypesAndContributionMap":{"docs":{"insertions":1,"deletions":1}}},{"hash":"ad5c0b83827518a0b1bc1f28eb24379dd48cbc82","messageTitle":"Update shawnchew.md","messageBody":"","fileTypesAndContributionMap":{"docs":{"insertions":20,"deletions":3}}},{"hash":"8f52c75ab68725d57a902e226813a082529cc5e5","messageTitle":"Remove trailing whitespace","messageBody":"","fileTypesAndContributionMap":{"docs":{"insertions":8,"deletions":12}}}]}]},"authorFileTypeContributionMap":{"sheshenk":{"docs":54,"functional-code":0,"test-code":0},"ichigh0st":{"docs":113,"functional-code":0,"test-code":0,"other":1},"lesterong":{"docs":67,"functional-code":1,"test-code":0},"KSHan29":{"docs":71,"functional-code":0,"test-code":0},"ShawnChew":{"docs":46,"functional-code":0,"test-code":0}},"authorContributionVariance":{"sheshenk":692.3788,"ichigh0st":761.7515,"lesterong":1626.7102,"KSHan29":1417.7634,"ShawnChew":814.9467},"authorDisplayNameMap":{"sheshenk":"CS2103T-T17-3 ACHA..ASAD","ichigh0st":"CS2103T-T17-3 SHEN..NBEI","lesterong":"CS2103T-T17-3 ONG ..STER","KSHan29":"CS2103T-T17-3 KEE .. HAN","ShawnChew":"CS2103T-T17-3 CHEW..HAWN"}}
