{"authorDailyContributionsMap":{"jeromehjj":[{"date":"2022-09-29","commitResults":[{"hash":"26cea7675fc70767571ead150c2726d9c764036f","messageTitle":"Update AboutUs.md for jeromehjj","messageBody":"","fileTypesAndContributionMap":{"docs":{"insertions":6,"deletions":6}}},{"hash":"7111d3ec44000dd7e5436d9785d08c7af867295e","messageTitle":"Add skeletal Project Portfolio Page (PPP)","messageBody":"","fileTypesAndContributionMap":{"docs":{"insertions":18,"deletions":1}}},{"hash":"0f736927cd571a8d7cc5776e66613efa759b720d","messageTitle":"Update jeromehjj.md","messageBody":"","fileTypesAndContributionMap":{"docs":{"insertions":1,"deletions":1}}}]}],"hoang227":[],"ama-chi":[{"date":"2022-09-27","commitResults":[{"hash":"0951a87ff843cb73b8f194790927c8067a8e1713","messageTitle":"Update README.md","messageBody":"","fileTypesAndContributionMap":{"docs":{"insertions":1,"deletions":1}}}]}],"Isaaclhy00":[{"date":"2022-09-29","commitResults":[{"hash":"d9184e9e7b801a3d46cb44fabc9fe74bc20cf210","messageTitle":"Update AboutUs.md and Add Skeletal PPP","messageBody":"","fileTypesAndContributionMap":{"docs":{"insertions":17,"deletions":0}}}]},{"date":"2022-09-30","commitResults":[{"hash":"25a5e33f99a4ccdde9ed2645eb8349442aae4b9e","messageTitle":"Updated AboutsUS.md","messageBody":"","fileTypesAndContributionMap":{"docs":{"insertions":0,"deletions":0}}}]}],"Gavzzz":[]},"authorFileTypeContributionMap":{"jeromehjj":{"docs":23,"functional-code":0,"test-code":0},"hoang227":{"docs":0,"functional-code":0,"test-code":0},"ama-chi":{"docs":1,"functional-code":0,"test-code":0},"Isaaclhy00":{"docs":17,"functional-code":0,"test-code":0},"Gavzzz":{"docs":0,"functional-code":0,"test-code":0}},"authorContributionVariance":{"jeromehjj":67.759995,"hoang227":0.0,"ama-chi":0.24888888,"Isaaclhy00":17.982222,"Gavzzz":0.0},"authorDisplayNameMap":{"jeromehjj":"CS2103T-W15-2 JERO.. JIE","hoang227":"CS2103T-W15-2 NGUY..OANG","ama-chi":"CS2103T-W15-2 CHI ..DEUS","Isaaclhy00":"CS2103T-W15-2 ISAA..YANG","Gavzzz":"CS2103T-W15-2 GAVI..IBIN"}}
