{"authorDailyContributionsMap":{"Darren12345677":[{"date":"2022-09-27","commitResults":[{"hash":"94dc07fec246f83cb6b7d9936d56f49988cc5f6c","messageTitle":"Update AboutUs page","messageBody":"","fileTypesAndContributionMap":{"docs":{"insertions":5,"deletions":5}}}]},{"date":"2022-09-28","commitResults":[{"hash":"9902d8d4e0e95f6f4c5b1d8cdd3844f8f43eb68f","messageTitle":"Add skeletal Project Profile Page(PPP) for Darren","messageBody":"","fileTypesAndContributionMap":{"docs":{"insertions":33,"deletions":3}}},{"hash":"f27a0e1fc34cd361c32a6892d2b0afd2ddcf7962","messageTitle":"Fix code quality","messageBody":"","fileTypesAndContributionMap":{"docs":{"insertions":2,"deletions":2}}},{"hash":"4a1c749a4b3d81d45f91a9140e05272ee5463a56","messageTitle":"Fix profile image file name","messageBody":"","fileTypesAndContributionMap":{"docs":{"insertions":5,"deletions":5}}},{"hash":"8d259779f8521367972cd7b352b00e0b78f52272","messageTitle":"Update features in user guide","messageBody":"","fileTypesAndContributionMap":{"docs":{"insertions":40,"deletions":61}}}]},{"date":"2022-09-29","commitResults":[{"hash":"7d0084398ba5a7471f8821a73d07d0c70dd69a73","messageTitle":"Update Index.md","messageBody":"","fileTypesAndContributionMap":{"docs":{"insertions":3,"deletions":3}}},{"hash":"53b6f997f9281f89ef4518ae6949b09eda5a9436","messageTitle":"Update user guide","messageBody":"","fileTypesAndContributionMap":{"docs":{"insertions":1,"deletions":1}}},{"hash":"cb222e602bd21b5cd5531fab0c63531681ea3056","messageTitle":"Fix styling error in user guide","messageBody":"","fileTypesAndContributionMap":{"docs":{"insertions":4,"deletions":5}}},{"hash":"a268f26f04fe00ccae68bee9737b8b1689941bb6","messageTitle":"Fix missing user guide header","messageBody":"","fileTypesAndContributionMap":{"docs":{"insertions":5,"deletions":1}}}]},{"date":"2022-10-05","commitResults":[{"hash":"5a7395a22f9f3d76216de9953387cf4c581d7d28","messageTitle":"Convert Person to Project in AB3","messageBody":"Project now has fields ProjectName, Budget and Deadline.\nRegex for Budget and Deadline is incomplete.\n","fileTypesAndContributionMap":{"functional-code":{"insertions":911,"deletions":492},"other":{"insertions":22,"deletions":26},"test-code":{"insertions":0,"deletions":58}}},{"hash":"8177fb8cc2c9cb4e1ec6b8f56973aa2b98228444","messageTitle":"Add tests for new Project item","messageBody":"Excluded test for formatting of Deadline field because regex not done.\n","fileTypesAndContributionMap":{"test-code":{"insertions":1373,"deletions":1497}}}]},{"date":"2022-10-06","commitResults":[{"hash":"e28bbc7319613f0b9aa77645b97e9a39e2e94af4","messageTitle":"Update tests to test for invalid date","messageBody":"Deadline class has regular expression used in isValidDeadline method.\n","fileTypesAndContributionMap":{"functional-code":{"insertions":1,"deletions":1},"test-code":{"insertions":35,"deletions":33}}}]},{"date":"2022-10-07","commitResults":[{"hash":"e23de2a58cd9ec599e4f72384564e090eee6ff2a","messageTitle":"Change main window title to HR Pro Max++","messageBody":"","fileTypesAndContributionMap":{"functional-code":{"insertions":1,"deletions":1}}}]},{"date":"2022-10-11","commitResults":[{"hash":"86e86ce64c9bb2850d767f4300c7598e41ef72e6","messageTitle":"Edit staff list field in project","messageBody":"The staff list field in project is of UniqueStaffList type so staff\nlist can be stored in AddressBook under a project.\n\nNo need for a separate staff list storage.\n","fileTypesAndContributionMap":{"functional-code":{"insertions":51,"deletions":327}}},{"hash":"7a0b044824e99a76ccf83d666e9e7c06b0aa3eeb","messageTitle":"Include tests for staff list field","messageBody":"Tested for the saving and reading of staff list field from\nstorage.\n\nExcluded testing of commands relating to staff list field as code\nfor commands relating to staff list have not been written yet.\n\nBe careful not to edit staff list field of static constants during\ntesting.\n","fileTypesAndContributionMap":{"test-code":{"insertions":541,"deletions":58}}}]}],"reneeyeow02":[{"date":"2022-09-27","commitResults":[{"hash":"9c8d84ab6b2aa25deb9e8f0ab1797c16ec9e1a5a","messageTitle":"Update AboutUs.md","messageBody":"","fileTypesAndContributionMap":{"docs":{"insertions":5,"deletions":5}}}]},{"date":"2022-09-29","commitResults":[{"hash":"905b17ddbdddbfbffc3c51c3ccc4999d5291a8fc","messageTitle":"Add PPP","messageBody":"","fileTypesAndContributionMap":{"docs":{"insertions":28,"deletions":0}}},{"hash":"bddb98a307ab58cf00b1eaa392c3e285dced9034","messageTitle":"Add PPP","messageBody":"","fileTypesAndContributionMap":{"docs":{"insertions":1,"deletions":1}}},{"hash":"4ccfb1366495598c53bcdfdf46ef15727ccfe0f8","messageTitle":"Update Prefix summary for UserGuide","messageBody":"","fileTypesAndContributionMap":{"docs":{"insertions":15,"deletions":16}}}]},{"date":"2022-10-09","commitResults":[{"hash":"85108b5381854bd190ded0452b8ba8e35997a1c7","messageTitle":"Add Staff Class","messageBody":"Add Staff class and integrate staff fields into it\n","fileTypesAndContributionMap":{"functional-code":{"insertions":138,"deletions":0},"other":{"insertions":5,"deletions":5},"test-code":{"insertions":28,"deletions":0}}},{"hash":"c703d8351465a8eefc6e5a6f8d454162f764dba6","messageTitle":"Add staff tests","messageBody":"","fileTypesAndContributionMap":{"functional-code":{"insertions":6,"deletions":6},"test-code":{"insertions":236,"deletions":0}}},{"hash":"f9168051fdf33cf89e5487f6b77bed68e76062ed","messageTitle":"Edit staff tests","messageBody":"","fileTypesAndContributionMap":{"functional-code":{"insertions":26,"deletions":22},"test-code":{"insertions":135,"deletions":93}}},{"hash":"e1b08c60f77aa833ed456b4ad51cfa7fffe31bd0","messageTitle":"Update Staff tests","messageBody":"","fileTypesAndContributionMap":{"functional-code":{"insertions":6,"deletions":11},"test-code":{"insertions":235,"deletions":29}}},{"hash":"231f77be394b1bfea7e497c3782e80e46f56a6f7","messageTitle":"Fix code style","messageBody":"","fileTypesAndContributionMap":{"functional-code":{"insertions":2,"deletions":6},"test-code":{"insertions":30,"deletions":33}}},{"hash":"003b60cc5141f3d3ec83e4e1ba655587d0cb43de","messageTitle":"Fix bugs","messageBody":"Change validation regex for StaffDepartment and StaffTitle to stop accepting numerical input\n","fileTypesAndContributionMap":{"functional-code":{"insertions":2,"deletions":2},"test-code":{"insertions":23,"deletions":17}}}]},{"date":"2022-10-10","commitResults":[{"hash":"4b3cc67ab0158a388b635ebedc5bbc45b0a94898","messageTitle":"Create Staff List UI","messageBody":"","fileTypesAndContributionMap":{"functional-code":{"insertions":173,"deletions":9}}},{"hash":"a773a139a68bddceb2e325811a833e213939b4b7","messageTitle":"Fix Code Style","messageBody":"","fileTypesAndContributionMap":{"functional-code":{"insertions":4,"deletions":1},"test-code":{"insertions":25,"deletions":9}}},{"hash":"3f33d1382dfc27187ddecdf4f1b95a56eaf83862","messageTitle":"Fix bugs","messageBody":"- change regex in StaffTitle and StaffDepartment back to Alnum\n","fileTypesAndContributionMap":{"functional-code":{"insertions":2,"deletions":2},"test-code":{"insertions":5,"deletions":199}}},{"hash":"40b56347820cbcf5132c94c1d3c367830317efb8","messageTitle":"Add fxml files for StaffListCard and StaffListPanel","messageBody":"","fileTypesAndContributionMap":{"functional-code":{"insertions":45,"deletions":2}}}]},{"date":"2022-10-11","commitResults":[{"hash":"5d1613c9fa68b87177d2037ab1d7008ac78bf74a","messageTitle":"Add View Command","messageBody":"","fileTypesAndContributionMap":{"functional-code":{"insertions":70,"deletions":0}}}]},{"date":"2022-10-12","commitResults":[{"hash":"5e5e892ea5fa9a888795d40f47f32d707c2bfa85","messageTitle":"Link view staff list to UI","messageBody":"","fileTypesAndContributionMap":{"functional-code":{"insertions":65,"deletions":6},"test-code":{"insertions":10,"deletions":0}}},{"hash":"5493215e3ecb9e1d1e468df935ed3dbd9a3fce3d","messageTitle":"Fix code style","messageBody":"","fileTypesAndContributionMap":{"functional-code":{"insertions":3,"deletions":3}}},{"hash":"bec709d8453ec6d6f790128d4bb6fc62a823b4e4","messageTitle":"Fix code style","messageBody":"","fileTypesAndContributionMap":{"test-code":{"insertions":3,"deletions":3}}},{"hash":"6f6e10330c9f9b6a73a4298443f783cfa82072f2","messageTitle":"Fix trailing white spaces","messageBody":"","fileTypesAndContributionMap":{"docs":{"insertions":4,"deletions":4},"test-code":{"insertions":1,"deletions":1}}}]}],"maxng17":[{"date":"2022-09-27","commitResults":[{"hash":"0f6e04467dabe3182578a3eb0f94e08692ec6259","messageTitle":"Update AboutUs image for Max","messageBody":"","fileTypesAndContributionMap":{"docs":{"insertions":4,"deletions":4}}},{"hash":"f5491c2f293ca27b0dccae2be3652502cdae993e","messageTitle":"Fix image link","messageBody":"","fileTypesAndContributionMap":{"docs":{"insertions":5,"deletions":5}}},{"hash":"462567ac45d13df06a77f29053888979c3a47ff5","messageTitle":"Fix github link in AboutUs","messageBody":"","fileTypesAndContributionMap":{"docs":{"insertions":1,"deletions":1}}}]},{"date":"2022-09-28","commitResults":[{"hash":"c7baa6000c8403effb21d7f87cb249e6db3f20ca","messageTitle":"Update README.md badge to reflect team project workflow","messageBody":"","fileTypesAndContributionMap":{"docs":{"insertions":1,"deletions":1}}},{"hash":"50a62d1a4e9c6cb55264ac2acc3c8cd28e9fb7ba","messageTitle":"Update README content to match project details","messageBody":"","fileTypesAndContributionMap":{"docs":{"insertions":23,"deletions":10}}},{"hash":"38a125db82a367df2666a8e865412360e9b06383","messageTitle":"Revert \"Update README content to match project details\"","messageBody":"This reverts commit 50a62d1a4e9c6cb55264ac2acc3c8cd28e9fb7ba.\n","fileTypesAndContributionMap":{"docs":{"insertions":10,"deletions":23}}},{"hash":"b1d7a774eb7a3d7d726e414938716060d1077183","messageTitle":"Update README.md to match project details","messageBody":"","fileTypesAndContributionMap":{"docs":{"insertions":23,"deletions":10}}},{"hash":"5a77f0a0d6b86524b35c9030fca86cfb7da1fe21","messageTitle":"Add skeletal Project Profile Page(PPP) - Add PPP for Max - Edit PPP for Yee thern","messageBody":"","fileTypesAndContributionMap":{"docs":{"insertions":30,"deletions":4}}},{"hash":"4c9ea0449abf42b41ef4d049087929ae049a9eea","messageTitle":"Change config.yml file to match team project details","messageBody":"","fileTypesAndContributionMap":{"docs":{"insertions":0,"deletions":2}}},{"hash":"212844bcf771732b52b22b583866b14df3f87ff5","messageTitle":"Change AboutUs.md image path","messageBody":"","fileTypesAndContributionMap":{"docs":{"insertions":8,"deletions":8}}},{"hash":"4d8d25a50c92d90a813b60a185711b3940b4a8b3","messageTitle":"Rename PPP name to github username","messageBody":"","fileTypesAndContributionMap":{"docs":{"insertions":2,"deletions":2}}},{"hash":"1cc19362b4a4b85e531320dbb77cc7a322e524a8","messageTitle":"Update developer guide with project details","messageBody":"","fileTypesAndContributionMap":{"docs":{"insertions":95,"deletions":23}}},{"hash":"a7ad4230c8a31c7687b9a3128f68c5436b72ce9d","messageTitle":"Update User guide with prefix summary","messageBody":"","fileTypesAndContributionMap":{"functional-code":{"insertions":1,"deletions":1},"docs":{"insertions":53,"deletions":36}}},{"hash":"8f2dd5eb9e0ce1264527671986cb27b73a6162d5","messageTitle":"Remove trailing whitespaces for CI tests","messageBody":"","fileTypesAndContributionMap":{"docs":{"insertions":21,"deletions":21}}},{"hash":"22f922d8ad01b92f9e8ba6a85b793c723e749ddc","messageTitle":"Fix checkstyle inside HelpWindow.java","messageBody":"","fileTypesAndContributionMap":{"functional-code":{"insertions":2,"deletions":1}}},{"hash":"b7638f84e0571b25ecaf80b571f473073a92ab62","messageTitle":"Add new command addStaff into UserGuide","messageBody":"","fileTypesAndContributionMap":{"docs":{"insertions":21,"deletions":7}}}]},{"date":"2022-09-29","commitResults":[{"hash":"62a496f09832d96200c59608b145d475e630ce3a","messageTitle":"Fix Developer Guide use cases including UI and commands","messageBody":"","fileTypesAndContributionMap":{"docs":{"insertions":3,"deletions":4}}},{"hash":"ae1b9337e1b58ee7ca42b2ef34ed7b0fa9c5f9b4","messageTitle":"Update command summary in UserGuide","messageBody":"","fileTypesAndContributionMap":{"docs":{"insertions":21,"deletions":21}}}]},{"date":"2022-10-07","commitResults":[{"hash":"926cb84d76012d734fed244e8bacd71e048a747f","messageTitle":"Add skeletal files for staff fields","messageBody":"To enable the group to implement staff related logic,\nskeletal files for the staff fields should be added so that\nwe can create staff objects.\n\nSo lets add classes for the different staff fields.\n","fileTypesAndContributionMap":{"functional-code":{"insertions":268,"deletions":0}}},{"hash":"33c22b9a415c50a1611a3626e86cebc4a4fb4903","messageTitle":"Fix checkstyle for staff field classes","messageBody":"To ensure readability of code, it is important that the code\nadheres to certain coding styles and standards.\n\nSo checkstyle is done to ensure that code follows the standards.\n","fileTypesAndContributionMap":{"functional-code":{"insertions":20,"deletions":2}}}]},{"date":"2022-10-11","commitResults":[{"hash":"3ba774510c6a3dbdbd479868fe9fa868f35b3d02","messageTitle":"Create skeleton files for delete staff parser and logic","messageBody":"To delete staff objects from project delstaff command is needed so\nhere we implement the logic for the command and a parser to read\nwhen this command is inputted.\n","fileTypesAndContributionMap":{"functional-code":{"insertions":138,"deletions":9}}}]},{"date":"2022-10-12","commitResults":[{"hash":"927d4d84375b527e0acf67c6477fe70ac55ebbdc","messageTitle":"Fix delete staff command not looking for the right project name","messageBody":"","fileTypesAndContributionMap":{"functional-code":{"insertions":1,"deletions":1}}},{"hash":"6a2ac422466a437f1c91ac14ef06bd246cdc2fa6","messageTitle":"Fix error in the error message displayed","messageBody":"For the new commands added, they showed the wrong command format error\nmessage and this is misleading for users. So it is bug that was found\nand fixed.\n","fileTypesAndContributionMap":{"functional-code":{"insertions":4,"deletions":5}}},{"hash":"3d80a685a911377d5dce188cae757e3d8fd68174","messageTitle":"Fix bugs found in add and delete staff commands","messageBody":"Bugs causes the functionality of the commands to not work as intended\nso finding them and resolving them is important to ensure that users\ncan use them properly and that the team can use them for the\nimplementation of other components without fear of it failing.\n\nSo lets resolve some bugs by adding exceptions for edge cases.\n","fileTypesAndContributionMap":{"functional-code":{"insertions":9,"deletions":5}}},{"hash":"e344cea1c1f4777921ce9e5a518e302408ccfe23","messageTitle":"Fix checkstyle to ensure code readability","messageBody":"","fileTypesAndContributionMap":{"functional-code":{"insertions":57,"deletions":27}}},{"hash":"d6e6555795d23f016a6f412c78dc8e5ea8fc2141","messageTitle":"Add skeleton test files for add and delete staff commands and parser","messageBody":"","fileTypesAndContributionMap":{"test-code":{"insertions":75,"deletions":1}}},{"hash":"d32b51a7159ca9a1416921cb03d732dd16fe9a98","messageTitle":"Add test cases for parsing of add and delete staff commands","messageBody":"Test cases are needed to ensure that the commands are parse properly\nso that user input are read properly. So test cases are done to check\nif the parser works.\nChanges to CommandTestUtil so that the difference between the project\nand staff stubs are more distinguishable.\n","fileTypesAndContributionMap":{"functional-code":{"insertions":14,"deletions":9},"test-code":{"insertions":375,"deletions":157}}}]},{"date":"2022-10-13","commitResults":[{"hash":"d74915f2c5b3f635587c5a6fd48bfd6333caa7b8","messageTitle":"Add test cases for delete staff command","messageBody":"","fileTypesAndContributionMap":{"functional-code":{"insertions":28,"deletions":9},"test-code":{"insertions":128,"deletions":4}}},{"hash":"29e9126305d96c0ab4628699c8fb294540644f8a","messageTitle":"Fix checkstyle for ease of reading code","messageBody":"","fileTypesAndContributionMap":{"test-code":{"insertions":140,"deletions":89}}},{"hash":"a9b10796acdf8efdd5ab11c43dbe632fbf0d019d","messageTitle":"Updates made according to comments left from teammate from past PR","messageBody":"","fileTypesAndContributionMap":{"functional-code":{"insertions":1,"deletions":3},"test-code":{"insertions":1,"deletions":0}}},{"hash":"9df5978c51030be99edc21e227a37c22e9841428","messageTitle":"Add test cases for view command parser and within addressbook parser","messageBody":"","fileTypesAndContributionMap":{"functional-code":{"insertions":7,"deletions":0},"test-code":{"insertions":39,"deletions":0}}}]},{"date":"2022-10-14","commitResults":[{"hash":"3f1c3be86ffbc04509dff916e131fe7c4ec6e032","messageTitle":"Update user guide to be consistent with v1.2","messageBody":"","fileTypesAndContributionMap":{"docs":{"insertions":27,"deletions":27}}},{"hash":"9529071ec68c88e10d01186061a430b42f0f27bf","messageTitle":"Remove unused person files","messageBody":"","fileTypesAndContributionMap":{"functional-code":{"insertions":0,"deletions":548}}},{"hash":"89cd38329fdf7a231decbc2087b291c524ecdc4d","messageTitle":"Fix bugs for deadline and errors in documentation","messageBody":"","fileTypesAndContributionMap":{"functional-code":{"insertions":9,"deletions":5},"docs":{"insertions":35,"deletions":20}}},{"hash":"4e758a3b420b873bb5c3f88ea6a588d865a3bddd","messageTitle":"Fix error in edit command example","messageBody":"","fileTypesAndContributionMap":{"functional-code":{"insertions":1,"deletions":1}}},{"hash":"43e6cc80a040d9d60aa2c41da544d7074e7e4bec","messageTitle":"Fix wrong example in user guide","messageBody":"","fileTypesAndContributionMap":{"docs":{"insertions":1,"deletions":1}}},{"hash":"1f85cf62bce4019c201342bead34216ee9d66804","messageTitle":"Fix wrong example in user guide","messageBody":"","fileTypesAndContributionMap":{"docs":{"insertions":1,"deletions":1}}}]}],"AugustDespair":[{"date":"2022-09-27","commitResults":[{"hash":"1997cf3ea82cee130e4223208965b64b49fc237f","messageTitle":"Change AboutMe","messageBody":"","fileTypesAndContributionMap":{"docs":{"insertions":34,"deletions":6}}}]},{"date":"2022-10-10","commitResults":[{"hash":"1b2d03bcb7af9e0d34d44ed9b5c598e9deed952f","messageTitle":"Merge with Branch","messageBody":"","fileTypesAndContributionMap":{"functional-code":{"insertions":71,"deletions":0}}}]},{"date":"2022-10-11","commitResults":[{"hash":"c7d46cd9684cf1be6f66358078f3d11478ef7eb2","messageTitle":"Add StaffCommand","messageBody":"","fileTypesAndContributionMap":{"functional-code":{"insertions":187,"deletions":28}}},{"hash":"c92c4415356364f1a1242da70e03d5c9d73c8d20","messageTitle":"Update Some Stuff","messageBody":"","fileTypesAndContributionMap":{"functional-code":{"insertions":48,"deletions":28}}},{"hash":"de7a1f96ad41b24988c071064731cafb4c70692b","messageTitle":"Updated Some Stuff","messageBody":"","fileTypesAndContributionMap":{"functional-code":{"insertions":21,"deletions":21}}},{"hash":"88fdb1dee618cc7d51cf0e3dd3ccf140aa4467ec","messageTitle":"Add AddStaffCommand","messageBody":"","fileTypesAndContributionMap":{"functional-code":{"insertions":45,"deletions":24}}}]}],"jjtan444":[{"date":"2022-09-27","commitResults":[{"hash":"908d6ef2dd17d558fce9a89be622e8dbed132939","messageTitle":"Updated About-Us-JingJie","messageBody":"","fileTypesAndContributionMap":{"docs":{"insertions":5,"deletions":4}}}]},{"date":"2022-09-29","commitResults":[{"hash":"6211344e5e01763fc4b6b6276e5fe9d463d57bc6","messageTitle":"Add Jing Jie PPP","messageBody":"","fileTypesAndContributionMap":{"docs":{"insertions":29,"deletions":1}}}]},{"date":"2022-10-11","commitResults":[{"hash":"b4cf658bc2cdf385c496f24a5af913abcc0dceb1","messageTitle":"Add Staff List","messageBody":"","fileTypesAndContributionMap":{"functional-code":{"insertions":617,"deletions":4},"test-code":{"insertions":132,"deletions":0}}}]},{"date":"2022-10-12","commitResults":[{"hash":"f34a8e5866eb23c19ab9f4ed6d78a5cba0f7cc68","messageTitle":"Update User and Developer Guides with delete Staff command","messageBody":"","fileTypesAndContributionMap":{"docs":{"insertions":48,"deletions":13}}}]}]},"authorFileTypeContributionMap":{"Darren12345677":{"docs":78,"functional-code":962,"test-code":1747,"other":1},"reneeyeow02":{"docs":36,"functional-code":498,"test-code":334},"maxng17":{"docs":196,"functional-code":416,"test-code":650},"AugustDespair":{"docs":26,"functional-code":270,"test-code":0},"jjtan444":{"docs":77,"functional-code":295,"test-code":64}},"authorContributionVariance":{"Darren12345677":657671.75,"reneeyeow02":45979.41,"maxng17":42630.617,"AugustDespair":5488.627,"jjtan444":18849.0},"authorDisplayNameMap":{"Darren12345677":"CS2103T-T09-3 WAH ..RREN","reneeyeow02":"CS2103T-T09-3 RENE..E NI","maxng17":"CS2103T-T09-3 NG J.. MAX","AugustDespair":"CS2103T-T09-3 NG Y..HERN","jjtan444":"CS2103T-T09-3 TAN .. JIE"}}
