{"authorDailyContributionsMap":{"Darren12345677":[{"date":"2022-09-27","commitResults":[{"hash":"94dc07fec246f83cb6b7d9936d56f49988cc5f6c","messageTitle":"Update AboutUs page","messageBody":"","fileTypesAndContributionMap":{"docs":{"insertions":5,"deletions":5}}}]},{"date":"2022-09-28","commitResults":[{"hash":"9902d8d4e0e95f6f4c5b1d8cdd3844f8f43eb68f","messageTitle":"Add skeletal Project Profile Page(PPP) for Darren","messageBody":"","fileTypesAndContributionMap":{"docs":{"insertions":33,"deletions":3}}},{"hash":"f27a0e1fc34cd361c32a6892d2b0afd2ddcf7962","messageTitle":"Fix code quality","messageBody":"","fileTypesAndContributionMap":{"docs":{"insertions":2,"deletions":2}}},{"hash":"4a1c749a4b3d81d45f91a9140e05272ee5463a56","messageTitle":"Fix profile image file name","messageBody":"","fileTypesAndContributionMap":{"docs":{"insertions":5,"deletions":5}}},{"hash":"8d259779f8521367972cd7b352b00e0b78f52272","messageTitle":"Update features in user guide","messageBody":"","fileTypesAndContributionMap":{"docs":{"insertions":40,"deletions":61}}}]},{"date":"2022-09-29","commitResults":[{"hash":"7d0084398ba5a7471f8821a73d07d0c70dd69a73","messageTitle":"Update Index.md","messageBody":"","fileTypesAndContributionMap":{"docs":{"insertions":3,"deletions":3}}},{"hash":"53b6f997f9281f89ef4518ae6949b09eda5a9436","messageTitle":"Update user guide","messageBody":"","fileTypesAndContributionMap":{"docs":{"insertions":1,"deletions":1}}},{"hash":"cb222e602bd21b5cd5531fab0c63531681ea3056","messageTitle":"Fix styling error in user guide","messageBody":"","fileTypesAndContributionMap":{"docs":{"insertions":4,"deletions":5}}},{"hash":"a268f26f04fe00ccae68bee9737b8b1689941bb6","messageTitle":"Fix missing user guide header","messageBody":"","fileTypesAndContributionMap":{"docs":{"insertions":5,"deletions":1}}}]},{"date":"2022-10-05","commitResults":[{"hash":"5a7395a22f9f3d76216de9953387cf4c581d7d28","messageTitle":"Convert Person to Project in AB3","messageBody":"Project now has fields ProjectName, Budget and Deadline.\nRegex for Budget and Deadline is incomplete.\n","fileTypesAndContributionMap":{"functional-code":{"insertions":911,"deletions":492},"other":{"insertions":22,"deletions":26},"test-code":{"insertions":0,"deletions":58}}},{"hash":"8177fb8cc2c9cb4e1ec6b8f56973aa2b98228444","messageTitle":"Add tests for new Project item","messageBody":"Excluded test for formatting of Deadline field because regex not done.\n","fileTypesAndContributionMap":{"test-code":{"insertions":1373,"deletions":1497}}}]},{"date":"2022-10-06","commitResults":[{"hash":"e28bbc7319613f0b9aa77645b97e9a39e2e94af4","messageTitle":"Update tests to test for invalid date","messageBody":"Deadline class has regular expression used in isValidDeadline method.\n","fileTypesAndContributionMap":{"functional-code":{"insertions":1,"deletions":1},"test-code":{"insertions":35,"deletions":33}}}]},{"date":"2022-10-07","commitResults":[{"hash":"e23de2a58cd9ec599e4f72384564e090eee6ff2a","messageTitle":"Change main window title to HR Pro Max++","messageBody":"","fileTypesAndContributionMap":{"functional-code":{"insertions":1,"deletions":1}}}]},{"date":"2022-10-11","commitResults":[{"hash":"86e86ce64c9bb2850d767f4300c7598e41ef72e6","messageTitle":"Edit staff list field in project","messageBody":"The staff list field in project is of UniqueStaffList type so staff\nlist can be stored in AddressBook under a project.\n\nNo need for a separate staff list storage.\n","fileTypesAndContributionMap":{"functional-code":{"insertions":51,"deletions":327}}},{"hash":"7a0b044824e99a76ccf83d666e9e7c06b0aa3eeb","messageTitle":"Include tests for staff list field","messageBody":"Tested for the saving and reading of staff list field from\nstorage.\n\nExcluded testing of commands relating to staff list field as code\nfor commands relating to staff list have not been written yet.\n\nBe careful not to edit staff list field of static constants during\ntesting.\n","fileTypesAndContributionMap":{"test-code":{"insertions":541,"deletions":58}}}]},{"date":"2022-10-17","commitResults":[{"hash":"77376b74786a21c2c457283d5e716c2590daa45a","messageTitle":"Add command to sort projects according to deadline","messageBody":"","fileTypesAndContributionMap":{"functional-code":{"insertions":69,"deletions":14}}},{"hash":"ceb401c9c1ce73df0026d59dbc76a2be01ec349f","messageTitle":"Add test cases for sort command","messageBody":"","fileTypesAndContributionMap":{"test-code":{"insertions":43,"deletions":11}}},{"hash":"ac376600285074367e17a2acdae2034b4b116b48","messageTitle":"Improve coding standards to fit checkstyle","messageBody":"","fileTypesAndContributionMap":{"functional-code":{"insertions":23,"deletions":11},"test-code":{"insertions":16,"deletions":6}}}]},{"date":"2022-10-18","commitResults":[{"hash":"4895018bf1424c3e701b4ee5b0f4a0b3da086f98","messageTitle":"Adjust view command to show and handle index out of bounds error","messageBody":"","fileTypesAndContributionMap":{"functional-code":{"insertions":19,"deletions":7}}},{"hash":"42ceabecb42e4101d6c3956d3461140deda0a19f","messageTitle":"Add test cases for view command","messageBody":"","fileTypesAndContributionMap":{"test-code":{"insertions":100,"deletions":0}}},{"hash":"a42dbe75c1dc1ad0632b8bd1753c66d06427af00","messageTitle":"Adjust code to fit coding standards for checkstyle","messageBody":"","fileTypesAndContributionMap":{"functional-code":{"insertions":3,"deletions":3},"test-code":{"insertions":5,"deletions":6}}}]},{"date":"2022-10-19","commitResults":[{"hash":"5ef6c237320299865533edaed9568b659da6f617","messageTitle":"Update the model component section of the developers guide","messageBody":"","fileTypesAndContributionMap":{"docs":{"insertions":103,"deletions":25}}},{"hash":"755c9b7ad839fd799fe1e4cff57e580f40eeff96","messageTitle":"Enabled assertions in build.gradle","messageBody":"","fileTypesAndContributionMap":{"other":{"insertions":4,"deletions":0}}}]},{"date":"2022-10-20","commitResults":[{"hash":"031676016ce64f6ad099139ad0d27a77436757ab","messageTitle":"Edit deadline object to become a stand-alone class","messageBody":"","fileTypesAndContributionMap":{"functional-code":{"insertions":27,"deletions":86},"other":{"insertions":12,"deletions":11},"test-code":{"insertions":14,"deletions":58}}}]},{"date":"2022-10-21","commitResults":[{"hash":"ca759f624934faaf24a6870b617cdf0d45cc638b","messageTitle":"Add tests for AddStaffCommand","messageBody":"","fileTypesAndContributionMap":{"functional-code":{"insertions":4,"deletions":5},"test-code":{"insertions":72,"deletions":5}}},{"hash":"cec6c4f82fcd9e3d70bd3b66e9f2b304fc194dc3","messageTitle":"Swap positions for stafflist and tasklist","messageBody":"","fileTypesAndContributionMap":{"functional-code":{"insertions":7,"deletions":7}}},{"hash":"d8be9e76bc2becbd8aef29a44c867a09ad8ed7f5","messageTitle":"Fix minor bug on string comparison","messageBody":"","fileTypesAndContributionMap":{"functional-code":{"insertions":3,"deletions":6}}}]},{"date":"2022-10-23","commitResults":[{"hash":"33a050c349aa54e0db9813b2124c2f84351e3507","messageTitle":"Change the way staff list is displayed","messageBody":"Address book now has an additional UniqueStaffList attribute\nwhich stores the stafflist that is currently being displayed.\n","fileTypesAndContributionMap":{"functional-code":{"insertions":109,"deletions":16}}},{"hash":"c6907fac434d19b6f4472f9c8ff892d118aa289a","messageTitle":"Add methods in model to handle UniqueStaffList field in addressbook","messageBody":"","fileTypesAndContributionMap":{"functional-code":{"insertions":101,"deletions":35}}},{"hash":"35c47822a8d8dd29628afbcabc812eade17b0c09","messageTitle":"Change commands to display staff list correctly","messageBody":"","fileTypesAndContributionMap":{"functional-code":{"insertions":2,"deletions":1}}},{"hash":"396e5b8b08f25d9b8b8cc0501bc491da3440d252","messageTitle":"Update testcases for new field in address book","messageBody":"More testcases need to be added.\n","fileTypesAndContributionMap":{"test-code":{"insertions":79,"deletions":9}}},{"hash":"73f97a259c59e61f3f56badbdb993a3443045a73","messageTitle":"Add more testcases for address book fields","messageBody":"","fileTypesAndContributionMap":{"functional-code":{"insertions":1,"deletions":0},"test-code":{"insertions":146,"deletions":3}}},{"hash":"af9b799327be776c6e48253110119497234f7bb0","messageTitle":"Add more test cases for model manager","messageBody":"","fileTypesAndContributionMap":{"test-code":{"insertions":65,"deletions":2}}},{"hash":"1112494d9dd8cae8296b85671b4718969a2aae99","messageTitle":"Remove trailing white spaces","messageBody":"","fileTypesAndContributionMap":{"test-code":{"insertions":2,"deletions":2}}}]},{"date":"2022-10-25","commitResults":[{"hash":"5840207d021206aa39cb7670d07458d21e68ecf8","messageTitle":"Add edit task command","messageBody":"","fileTypesAndContributionMap":{"functional-code":{"insertions":227,"deletions":2}}},{"hash":"5c3e1f073758f31803924f0eb52c2f6df369b496","messageTitle":"Add test cases for edit task command","messageBody":"","fileTypesAndContributionMap":{"test-code":{"insertions":299,"deletions":6}}},{"hash":"54d486a6a71979efb631ab2f025bfc5aa5065241","messageTitle":"Edit code to fit checkstyle","messageBody":"","fileTypesAndContributionMap":{"functional-code":{"insertions":19,"deletions":18},"test-code":{"insertions":25,"deletions":29}}},{"hash":"85baafde91e71f9eb84d9bb923444c76b15433ec","messageTitle":"Add test cases for edit task command parser","messageBody":"","fileTypesAndContributionMap":{"test-code":{"insertions":174,"deletions":8}}}]},{"date":"2022-10-28","commitResults":[{"hash":"ac749a9a2bdb9a4300319670833abbff074cd12e","messageTitle":"Remove formatting errors","messageBody":"","fileTypesAndContributionMap":{"docs":{"insertions":12,"deletions":12}}}]},{"date":"2022-10-31","commitResults":[{"hash":"265b39fb6d01b4fdd5f2503931cb4a292a2be491","messageTitle":"Add warning to users in UG that sort commands are irreversible","messageBody":"","fileTypesAndContributionMap":{"docs":{"insertions":10,"deletions":0}}},{"hash":"49f11a143e9c2da089daf33f17e9258b28d23893","messageTitle":"Update staff contact validation","messageBody":"","fileTypesAndContributionMap":{"functional-code":{"insertions":2,"deletions":2}}},{"hash":"5ec6e98750d1564fde5ad934a34283521df84516","messageTitle":"Update sample data to match updated staff contact validation","messageBody":"","fileTypesAndContributionMap":{"functional-code":{"insertions":1,"deletions":1}}},{"hash":"c6d5ea8d66aa419357520f4a332884560e2d0caf","messageTitle":"Update test cases for staff contact","messageBody":"","fileTypesAndContributionMap":{"test-code":{"insertions":15,"deletions":9}}},{"hash":"15c392f8ff3728660fc76cfa789a915af2f83b97","messageTitle":"Adjust validation regex for budget","messageBody":"Budget now rejects inputs with leading zeroes.\n","fileTypesAndContributionMap":{"functional-code":{"insertions":2,"deletions":2}}},{"hash":"84bd0786563690f0dc94331ec15059b7739d3528","messageTitle":"Add test cases for budget","messageBody":"","fileTypesAndContributionMap":{"test-code":{"insertions":3,"deletions":0}}},{"hash":"fd63fa67ffc82f12b4599aa80b5cffc65dab7351","messageTitle":"Adjust code for checkstyle after bug fixes","messageBody":"","fileTypesAndContributionMap":{"functional-code":{"insertions":2,"deletions":1}}},{"hash":"b6b4406c6b87086b9c5ead056b910e5f6badf450","messageTitle":"Update docs for test cases","messageBody":"","fileTypesAndContributionMap":{"functional-code":{"insertions":1,"deletions":1},"test-code":{"insertions":3,"deletions":4}}},{"hash":"ce775dbbc3fc7ed1c8ac894904783e4f524e566f","messageTitle":"Fix wrong error message bug","messageBody":"","fileTypesAndContributionMap":{"functional-code":{"insertions":1,"deletions":1},"test-code":{"insertions":1,"deletions":1}}}]},{"date":"2022-11-02","commitResults":[{"hash":"b88c9fd74da1a0c54695b687d2132f83b6f5a7b3","messageTitle":"Update PPP on enhancements and features section","messageBody":"","fileTypesAndContributionMap":{"docs":{"insertions":26,"deletions":3}}}]},{"date":"2022-11-04","commitResults":[{"hash":"198bb5a4cf815d528934e43bb206cad3788a6d44","messageTitle":"Add javadocs for EditStaffCommand","messageBody":"","fileTypesAndContributionMap":{"functional-code":{"insertions":23,"deletions":15}}},{"hash":"f120643e3999e5cdff33b7b48a0d84627cea9595","messageTitle":"Change format of description","messageBody":"","fileTypesAndContributionMap":{"docs":{"insertions":3,"deletions":3}}},{"hash":"43d90755275b7af457d0a568c94b99e31fde5dd4","messageTitle":"Remove unused code from model and corresponding test files","messageBody":"","fileTypesAndContributionMap":{"functional-code":{"insertions":0,"deletions":73},"test-code":{"insertions":0,"deletions":76}}},{"hash":"a8e07dfc620eab47124982e78ad410a6faaa4780","messageTitle":"Remove unused code from AddressBook","messageBody":"","fileTypesAndContributionMap":{"functional-code":{"insertions":0,"deletions":20}}},{"hash":"bc71ba2c3b5872533476349f96ed25ef20fa756a","messageTitle":"Remove trailing white spaces","messageBody":"","fileTypesAndContributionMap":{"functional-code":{"insertions":7,"deletions":7}}},{"hash":"36f240dbff6bacefe3d96714fc8fd7df5af8e7b7","messageTitle":"Change argument for setFilteredStaffList to improve code quality","messageBody":"","fileTypesAndContributionMap":{"functional-code":{"insertions":22,"deletions":20}}},{"hash":"f4c192e026c690915d7fd7bdb7d4b28186026591","messageTitle":"Adjust test case to test for setFilteredStaffList","messageBody":"","fileTypesAndContributionMap":{"test-code":{"insertions":26,"deletions":24}}},{"hash":"ebccdce5c5b8276288cc8b0c103057f2889538b4","messageTitle":"Change explanation for main components in DG","messageBody":"","fileTypesAndContributionMap":{"docs":{"insertions":43,"deletions":41}}}]}],"reneeyeow02":[{"date":"2022-09-27","commitResults":[{"hash":"9c8d84ab6b2aa25deb9e8f0ab1797c16ec9e1a5a","messageTitle":"Update AboutUs.md","messageBody":"","fileTypesAndContributionMap":{"docs":{"insertions":5,"deletions":5}}}]},{"date":"2022-09-29","commitResults":[{"hash":"905b17ddbdddbfbffc3c51c3ccc4999d5291a8fc","messageTitle":"Add PPP","messageBody":"","fileTypesAndContributionMap":{"docs":{"insertions":28,"deletions":0}}},{"hash":"bddb98a307ab58cf00b1eaa392c3e285dced9034","messageTitle":"Add PPP","messageBody":"","fileTypesAndContributionMap":{"docs":{"insertions":1,"deletions":1}}},{"hash":"4ccfb1366495598c53bcdfdf46ef15727ccfe0f8","messageTitle":"Update Prefix summary for UserGuide","messageBody":"","fileTypesAndContributionMap":{"docs":{"insertions":15,"deletions":16}}}]},{"date":"2022-10-09","commitResults":[{"hash":"85108b5381854bd190ded0452b8ba8e35997a1c7","messageTitle":"Add Staff Class","messageBody":"Add Staff class and integrate staff fields into it\n","fileTypesAndContributionMap":{"functional-code":{"insertions":138,"deletions":0},"other":{"insertions":5,"deletions":5},"test-code":{"insertions":28,"deletions":0}}},{"hash":"c703d8351465a8eefc6e5a6f8d454162f764dba6","messageTitle":"Add staff tests","messageBody":"","fileTypesAndContributionMap":{"functional-code":{"insertions":6,"deletions":6},"test-code":{"insertions":236,"deletions":0}}},{"hash":"f9168051fdf33cf89e5487f6b77bed68e76062ed","messageTitle":"Edit staff tests","messageBody":"","fileTypesAndContributionMap":{"functional-code":{"insertions":26,"deletions":22},"test-code":{"insertions":135,"deletions":93}}},{"hash":"e1b08c60f77aa833ed456b4ad51cfa7fffe31bd0","messageTitle":"Update Staff tests","messageBody":"","fileTypesAndContributionMap":{"functional-code":{"insertions":6,"deletions":11},"test-code":{"insertions":235,"deletions":29}}},{"hash":"231f77be394b1bfea7e497c3782e80e46f56a6f7","messageTitle":"Fix code style","messageBody":"","fileTypesAndContributionMap":{"functional-code":{"insertions":2,"deletions":6},"test-code":{"insertions":30,"deletions":33}}},{"hash":"003b60cc5141f3d3ec83e4e1ba655587d0cb43de","messageTitle":"Fix bugs","messageBody":"Change validation regex for StaffDepartment and StaffTitle to stop accepting numerical input\n","fileTypesAndContributionMap":{"functional-code":{"insertions":2,"deletions":2},"test-code":{"insertions":23,"deletions":17}}}]},{"date":"2022-10-10","commitResults":[{"hash":"4b3cc67ab0158a388b635ebedc5bbc45b0a94898","messageTitle":"Create Staff List UI","messageBody":"","fileTypesAndContributionMap":{"functional-code":{"insertions":173,"deletions":9}}},{"hash":"a773a139a68bddceb2e325811a833e213939b4b7","messageTitle":"Fix Code Style","messageBody":"","fileTypesAndContributionMap":{"functional-code":{"insertions":4,"deletions":1},"test-code":{"insertions":25,"deletions":9}}},{"hash":"3f33d1382dfc27187ddecdf4f1b95a56eaf83862","messageTitle":"Fix bugs","messageBody":"- change regex in StaffTitle and StaffDepartment back to Alnum\n","fileTypesAndContributionMap":{"functional-code":{"insertions":2,"deletions":2},"test-code":{"insertions":5,"deletions":199}}},{"hash":"40b56347820cbcf5132c94c1d3c367830317efb8","messageTitle":"Add fxml files for StaffListCard and StaffListPanel","messageBody":"","fileTypesAndContributionMap":{"functional-code":{"insertions":45,"deletions":2}}}]},{"date":"2022-10-11","commitResults":[{"hash":"5d1613c9fa68b87177d2037ab1d7008ac78bf74a","messageTitle":"Add View Command","messageBody":"","fileTypesAndContributionMap":{"functional-code":{"insertions":70,"deletions":0}}}]},{"date":"2022-10-12","commitResults":[{"hash":"5e5e892ea5fa9a888795d40f47f32d707c2bfa85","messageTitle":"Link view staff list to UI","messageBody":"","fileTypesAndContributionMap":{"functional-code":{"insertions":65,"deletions":6},"test-code":{"insertions":10,"deletions":0}}},{"hash":"5493215e3ecb9e1d1e468df935ed3dbd9a3fce3d","messageTitle":"Fix code style","messageBody":"","fileTypesAndContributionMap":{"functional-code":{"insertions":3,"deletions":3}}},{"hash":"bec709d8453ec6d6f790128d4bb6fc62a823b4e4","messageTitle":"Fix code style","messageBody":"","fileTypesAndContributionMap":{"test-code":{"insertions":3,"deletions":3}}},{"hash":"6f6e10330c9f9b6a73a4298443f783cfa82072f2","messageTitle":"Fix trailing white spaces","messageBody":"","fileTypesAndContributionMap":{"docs":{"insertions":4,"deletions":4},"test-code":{"insertions":1,"deletions":1}}}]},{"date":"2022-10-18","commitResults":[{"hash":"92572fd9a38ca69a1455486abddf504c9ce1bd53","messageTitle":"Update Developer guide","messageBody":"","fileTypesAndContributionMap":{"docs":{"insertions":31,"deletions":2}}},{"hash":"360196281e199b92f39f2b70567ae3cbaae0fb23","messageTitle":"Edit UI Class Diagram","messageBody":"","fileTypesAndContributionMap":{"docs":{"insertions":24,"deletions":8}}}]},{"date":"2022-10-19","commitResults":[{"hash":"cbc2c7fd8088755561c94dea30ad23090e8245d8","messageTitle":"Change insurance to leave","messageBody":"","fileTypesAndContributionMap":{"functional-code":{"insertions":42,"deletions":42},"other":{"insertions":16,"deletions":16},"docs":{"insertions":15,"deletions":15},"test-code":{"insertions":136,"deletions":136}}},{"hash":"f11b74c2e7d98906c553a49bd436e9d30a88390f","messageTitle":"Change insurance to leave in UI","messageBody":"","fileTypesAndContributionMap":{"functional-code":{"insertions":5,"deletions":5}}},{"hash":"2e6491da519db2a200390424470718226700fbb8","messageTitle":"Fix bug","messageBody":"","fileTypesAndContributionMap":{"functional-code":{"insertions":4,"deletions":4}}}]},{"date":"2022-10-20","commitResults":[{"hash":"f9b96c05c9021c3c49664b9515b82b2a096c0456","messageTitle":"Resolve merge conflict","messageBody":"","fileTypesAndContributionMap":{"functional-code":{"insertions":166,"deletions":9}}},{"hash":"3ab806c4068042ebc66eefda34af5afd084efadb","messageTitle":"Add Task window to UI","messageBody":"","fileTypesAndContributionMap":{"functional-code":{"insertions":60,"deletions":61}}},{"hash":"73ec29e00987f264583dc0492dbadfdff10bbb5a","messageTitle":"Link tasklist to UI","messageBody":"","fileTypesAndContributionMap":{"functional-code":{"insertions":41,"deletions":0}}}]},{"date":"2022-10-21","commitResults":[{"hash":"d5667edbf536e452a457c3546405c3987b1e223c","messageTitle":"Add task mark field to UI","messageBody":"","fileTypesAndContributionMap":{"functional-code":{"insertions":26,"deletions":0}}},{"hash":"326911faafa5e5ff1374d74a68b5ab096945610f","messageTitle":"Fix code style issues","messageBody":"","fileTypesAndContributionMap":{"functional-code":{"insertions":0,"deletions":1}}}]},{"date":"2022-10-24","commitResults":[{"hash":"b6b1cbd6c7b172fa6803ad6c83ba5625b0357342","messageTitle":"Change layout of panels","messageBody":"- Changed to 3 vertical column layout\n- Added headers for project, staff, task lists\n","fileTypesAndContributionMap":{"functional-code":{"insertions":100,"deletions":45}}}]},{"date":"2022-10-25","commitResults":[{"hash":"a1da4626440eb42b3f842c607c949eecf6fea319","messageTitle":"Change color scheme","messageBody":"","fileTypesAndContributionMap":{"functional-code":{"insertions":47,"deletions":47}}},{"hash":"035e2a8235e928952d1e6ef43f1939be6134e1d7","messageTitle":"Fix code style","messageBody":"","fileTypesAndContributionMap":{"functional-code":{"insertions":1,"deletions":1},"docs":{"insertions":5,"deletions":5}}}]},{"date":"2022-10-26","commitResults":[{"hash":"cd6336aca9a1e2fba22edb17fb27a43f7a233a8c","messageTitle":"Update User Guide","messageBody":"- Create table of contents and document outline\n- Add segment for user interface\n- Update segments on list and sort project commands\n- Update segment on clear command\n","fileTypesAndContributionMap":{"docs":{"insertions":136,"deletions":34}}},{"hash":"af0fd56734d00f4ddb9789bb31c2e84458fd8384","messageTitle":"Fix errors","messageBody":"","fileTypesAndContributionMap":{"docs":{"insertions":4,"deletions":1}}}]},{"date":"2022-10-27","commitResults":[{"hash":"6dc268d060b2118ce41d04112299e891f9a59041","messageTitle":"Allow wraptext in UI","messageBody":"","fileTypesAndContributionMap":{"functional-code":{"insertions":15,"deletions":15}}},{"hash":"06f3dc87d481191f29394202044dfadc12a313b1","messageTitle":"Update UserGuide.md","messageBody":"","fileTypesAndContributionMap":{"docs":{"insertions":55,"deletions":85}}},{"hash":"cc3200f4bc148cd15dda3dea066ca56cdbf466b4","messageTitle":"Update UserGuide.md","messageBody":"","fileTypesAndContributionMap":{"docs":{"insertions":64,"deletions":26}}},{"hash":"c6bafc2b2855e8e949b28b199bcc693e18dd3054","messageTitle":"Update UserGuide.md","messageBody":"Revert \"Update UserGuide.md\"\n\nThis reverts commit 4619dc32fd089b801b1f37a92c63b0c6044d141f.\n\nUpdate UserGuide.md\n\nUpdate UserGuide.md\n\nUpdate UserGuide.md\n\nUpdate UserGuide.md\n\nUpdate UserGuide.md\n\nUpdate UserGuide.md\n","fileTypesAndContributionMap":{"docs":{"insertions":6,"deletions":4}}},{"hash":"2d6708ce50031c93d85efc260ec2ae14f7e93528","messageTitle":"Update UserGuide.md","messageBody":"","fileTypesAndContributionMap":{"docs":{"insertions":1,"deletions":1}}},{"hash":"a10ad37ff12b4abc968afd08fffd9c9b4e15be69","messageTitle":"Update UserGuide.md","messageBody":"","fileTypesAndContributionMap":{"docs":{"insertions":1,"deletions":1}}}]},{"date":"2022-10-31","commitResults":[{"hash":"c3b49c701eae1ae5b9e241b14d8842c7e96365c5","messageTitle":"Fix bug","messageBody":"Increase minimum window size so display doesn\u0027t get cut off\n","fileTypesAndContributionMap":{"functional-code":{"insertions":1,"deletions":1}}},{"hash":"46ad6900521ac0cbef9d0e3fa1cf3e9c6b287e50","messageTitle":"Fix help link","messageBody":"Link to User Guide instead\n","fileTypesAndContributionMap":{"functional-code":{"insertions":1,"deletions":1}}}]},{"date":"2022-11-01","commitResults":[{"hash":"ab119e43faaeec799ca06f2552f7031476cb4068","messageTitle":"Edit hyperlinks in UG","messageBody":"Change hyperlinks back to toc from segment headers to Back to top\n","fileTypesAndContributionMap":{"docs":{"insertions":107,"deletions":46}}},{"hash":"2d2874414905dacfc6a5cd46bc29274f1a57fce2","messageTitle":"Update User Guide","messageBody":"- Add labelled diagram of UI\n- Edit quick start\n- Standardise capitalisation of Task, Project, and Staff\n","fileTypesAndContributionMap":{"docs":{"insertions":141,"deletions":122}}},{"hash":"d9fac1ccae2e5f0cb18fd6b40dea272962592c2b","messageTitle":"Update UserGuide.md","messageBody":"- Fix issue #178\n- Edit format of notes\n","fileTypesAndContributionMap":{"docs":{"insertions":53,"deletions":55}}},{"hash":"9b66391b6f6bb7d71c28503db7a6d62b9273cb84","messageTitle":"Update UserGuide.md","messageBody":"- Fix #152\n- FIx #153\n","fileTypesAndContributionMap":{"docs":{"insertions":5,"deletions":4}}},{"hash":"ee9a33812d857f501b3c1b02f7c24d9dcffedd19","messageTitle":"Edit sample data and update UI images","messageBody":"- Edit sample data to better suit target audience\n- Fix #146\n- Fix #182\n","fileTypesAndContributionMap":{"functional-code":{"insertions":5,"deletions":5}}},{"hash":"d83eb20532757b60982c355fdcd4201f5bc39e20","messageTitle":"Update UserGuide.md","messageBody":"Fix #152\n","fileTypesAndContributionMap":{"docs":{"insertions":1,"deletions":1}}},{"hash":"049f0d46b003957744a3cc293a5a57892f9795d0","messageTitle":"Update UserGuide.md","messageBody":"- Add glossary tables for user input fields\n- Fix #159\n- Standardise format of Notes\n- Update prefix table\n","fileTypesAndContributionMap":{"docs":{"insertions":77,"deletions":49}}},{"hash":"bf41c9d6baad7c7ddf158d488db4e0fa38382e29","messageTitle":"Update error messages","messageBody":"- Fix #177\n","fileTypesAndContributionMap":{"functional-code":{"insertions":10,"deletions":10},"docs":{"insertions":1,"deletions":1}}},{"hash":"f8acbd78c217366130c27cdefe50c91348a25d15","messageTitle":"Update UserGuide.md","messageBody":"Rearrange features to have General Commands segment\n","fileTypesAndContributionMap":{"docs":{"insertions":15,"deletions":13}}}]},{"date":"2022-11-03","commitResults":[{"hash":"6523c8c8dff2fbf94d3dc9ea5f00569eacef1d15","messageTitle":"Update PPP","messageBody":"","fileTypesAndContributionMap":{"docs":{"insertions":47,"deletions":4}}},{"hash":"18873cf9c9a40597e98a79ae7b6a5b7fffed5163","messageTitle":"Update PPP","messageBody":"","fileTypesAndContributionMap":{"docs":{"insertions":2,"deletions":2}}},{"hash":"5f37a492d3d30a8c96f4c092290811b25448703c","messageTitle":"Update UserGuide.md","messageBody":"- Grammar fixes\n- Reorder project commands section\n- Standardisation of wording\n","fileTypesAndContributionMap":{"docs":{"insertions":70,"deletions":43}}}]},{"date":"2022-11-04","commitResults":[{"hash":"360c0e4ef122eabdf1f7b53afa9f6680ebb68371","messageTitle":"Refactor AddressBook to HR Pro","messageBody":"","fileTypesAndContributionMap":{"functional-code":{"insertions":235,"deletions":235},"other":{"insertions":1944,"deletions":1944},"test-code":{"insertions":360,"deletions":360}}},{"hash":"894fdc465d01ea1d9f4fb1fb54f5289da3ed20cd","messageTitle":"Fix refactor bugs","messageBody":"","fileTypesAndContributionMap":{"functional-code":{"insertions":86,"deletions":86},"other":{"insertions":107,"deletions":107},"test-code":{"insertions":340,"deletions":340}}}]}],"maxng17":[{"date":"2022-09-27","commitResults":[{"hash":"0f6e04467dabe3182578a3eb0f94e08692ec6259","messageTitle":"Update AboutUs image for Max","messageBody":"","fileTypesAndContributionMap":{"docs":{"insertions":4,"deletions":4}}},{"hash":"f5491c2f293ca27b0dccae2be3652502cdae993e","messageTitle":"Fix image link","messageBody":"","fileTypesAndContributionMap":{"docs":{"insertions":5,"deletions":5}}},{"hash":"462567ac45d13df06a77f29053888979c3a47ff5","messageTitle":"Fix github link in AboutUs","messageBody":"","fileTypesAndContributionMap":{"docs":{"insertions":1,"deletions":1}}}]},{"date":"2022-09-28","commitResults":[{"hash":"c7baa6000c8403effb21d7f87cb249e6db3f20ca","messageTitle":"Update README.md badge to reflect team project workflow","messageBody":"","fileTypesAndContributionMap":{"docs":{"insertions":1,"deletions":1}}},{"hash":"50a62d1a4e9c6cb55264ac2acc3c8cd28e9fb7ba","messageTitle":"Update README content to match project details","messageBody":"","fileTypesAndContributionMap":{"docs":{"insertions":23,"deletions":10}}},{"hash":"38a125db82a367df2666a8e865412360e9b06383","messageTitle":"Revert \"Update README content to match project details\"","messageBody":"This reverts commit 50a62d1a4e9c6cb55264ac2acc3c8cd28e9fb7ba.\n","fileTypesAndContributionMap":{"docs":{"insertions":10,"deletions":23}}},{"hash":"b1d7a774eb7a3d7d726e414938716060d1077183","messageTitle":"Update README.md to match project details","messageBody":"","fileTypesAndContributionMap":{"docs":{"insertions":23,"deletions":10}}},{"hash":"5a77f0a0d6b86524b35c9030fca86cfb7da1fe21","messageTitle":"Add skeletal Project Profile Page(PPP) - Add PPP for Max - Edit PPP for Yee thern","messageBody":"","fileTypesAndContributionMap":{"docs":{"insertions":30,"deletions":4}}},{"hash":"4c9ea0449abf42b41ef4d049087929ae049a9eea","messageTitle":"Change config.yml file to match team project details","messageBody":"","fileTypesAndContributionMap":{"docs":{"insertions":0,"deletions":2}}},{"hash":"212844bcf771732b52b22b583866b14df3f87ff5","messageTitle":"Change AboutUs.md image path","messageBody":"","fileTypesAndContributionMap":{"docs":{"insertions":8,"deletions":8}}},{"hash":"4d8d25a50c92d90a813b60a185711b3940b4a8b3","messageTitle":"Rename PPP name to github username","messageBody":"","fileTypesAndContributionMap":{"docs":{"insertions":2,"deletions":2}}},{"hash":"1cc19362b4a4b85e531320dbb77cc7a322e524a8","messageTitle":"Update developer guide with project details","messageBody":"","fileTypesAndContributionMap":{"docs":{"insertions":95,"deletions":23}}},{"hash":"a7ad4230c8a31c7687b9a3128f68c5436b72ce9d","messageTitle":"Update User guide with prefix summary","messageBody":"","fileTypesAndContributionMap":{"functional-code":{"insertions":1,"deletions":1},"docs":{"insertions":53,"deletions":36}}},{"hash":"8f2dd5eb9e0ce1264527671986cb27b73a6162d5","messageTitle":"Remove trailing whitespaces for CI tests","messageBody":"","fileTypesAndContributionMap":{"docs":{"insertions":21,"deletions":21}}},{"hash":"22f922d8ad01b92f9e8ba6a85b793c723e749ddc","messageTitle":"Fix checkstyle inside HelpWindow.java","messageBody":"","fileTypesAndContributionMap":{"functional-code":{"insertions":2,"deletions":1}}},{"hash":"b7638f84e0571b25ecaf80b571f473073a92ab62","messageTitle":"Add new command addStaff into UserGuide","messageBody":"","fileTypesAndContributionMap":{"docs":{"insertions":21,"deletions":7}}}]},{"date":"2022-09-29","commitResults":[{"hash":"62a496f09832d96200c59608b145d475e630ce3a","messageTitle":"Fix Developer Guide use cases including UI and commands","messageBody":"","fileTypesAndContributionMap":{"docs":{"insertions":3,"deletions":4}}},{"hash":"ae1b9337e1b58ee7ca42b2ef34ed7b0fa9c5f9b4","messageTitle":"Update command summary in UserGuide","messageBody":"","fileTypesAndContributionMap":{"docs":{"insertions":21,"deletions":21}}}]},{"date":"2022-10-07","commitResults":[{"hash":"926cb84d76012d734fed244e8bacd71e048a747f","messageTitle":"Add skeletal files for staff fields","messageBody":"To enable the group to implement staff related logic,\nskeletal files for the staff fields should be added so that\nwe can create staff objects.\n\nSo lets add classes for the different staff fields.\n","fileTypesAndContributionMap":{"functional-code":{"insertions":268,"deletions":0}}},{"hash":"33c22b9a415c50a1611a3626e86cebc4a4fb4903","messageTitle":"Fix checkstyle for staff field classes","messageBody":"To ensure readability of code, it is important that the code\nadheres to certain coding styles and standards.\n\nSo checkstyle is done to ensure that code follows the standards.\n","fileTypesAndContributionMap":{"functional-code":{"insertions":20,"deletions":2}}}]},{"date":"2022-10-11","commitResults":[{"hash":"3ba774510c6a3dbdbd479868fe9fa868f35b3d02","messageTitle":"Create skeleton files for delete staff parser and logic","messageBody":"To delete staff objects from project delstaff command is needed so\nhere we implement the logic for the command and a parser to read\nwhen this command is inputted.\n","fileTypesAndContributionMap":{"functional-code":{"insertions":138,"deletions":9}}}]},{"date":"2022-10-12","commitResults":[{"hash":"927d4d84375b527e0acf67c6477fe70ac55ebbdc","messageTitle":"Fix delete staff command not looking for the right project name","messageBody":"","fileTypesAndContributionMap":{"functional-code":{"insertions":1,"deletions":1}}},{"hash":"6a2ac422466a437f1c91ac14ef06bd246cdc2fa6","messageTitle":"Fix error in the error message displayed","messageBody":"For the new commands added, they showed the wrong command format error\nmessage and this is misleading for users. So it is bug that was found\nand fixed.\n","fileTypesAndContributionMap":{"functional-code":{"insertions":4,"deletions":5}}},{"hash":"3d80a685a911377d5dce188cae757e3d8fd68174","messageTitle":"Fix bugs found in add and delete staff commands","messageBody":"Bugs causes the functionality of the commands to not work as intended\nso finding them and resolving them is important to ensure that users\ncan use them properly and that the team can use them for the\nimplementation of other components without fear of it failing.\n\nSo lets resolve some bugs by adding exceptions for edge cases.\n","fileTypesAndContributionMap":{"functional-code":{"insertions":9,"deletions":5}}},{"hash":"e344cea1c1f4777921ce9e5a518e302408ccfe23","messageTitle":"Fix checkstyle to ensure code readability","messageBody":"","fileTypesAndContributionMap":{"functional-code":{"insertions":57,"deletions":27}}},{"hash":"d6e6555795d23f016a6f412c78dc8e5ea8fc2141","messageTitle":"Add skeleton test files for add and delete staff commands and parser","messageBody":"","fileTypesAndContributionMap":{"test-code":{"insertions":75,"deletions":1}}},{"hash":"d32b51a7159ca9a1416921cb03d732dd16fe9a98","messageTitle":"Add test cases for parsing of add and delete staff commands","messageBody":"Test cases are needed to ensure that the commands are parse properly\nso that user input are read properly. So test cases are done to check\nif the parser works.\nChanges to CommandTestUtil so that the difference between the project\nand staff stubs are more distinguishable.\n","fileTypesAndContributionMap":{"functional-code":{"insertions":14,"deletions":9},"test-code":{"insertions":375,"deletions":157}}}]},{"date":"2022-10-13","commitResults":[{"hash":"d74915f2c5b3f635587c5a6fd48bfd6333caa7b8","messageTitle":"Add test cases for delete staff command","messageBody":"","fileTypesAndContributionMap":{"functional-code":{"insertions":28,"deletions":9},"test-code":{"insertions":128,"deletions":4}}},{"hash":"29e9126305d96c0ab4628699c8fb294540644f8a","messageTitle":"Fix checkstyle for ease of reading code","messageBody":"","fileTypesAndContributionMap":{"test-code":{"insertions":140,"deletions":89}}},{"hash":"a9b10796acdf8efdd5ab11c43dbe632fbf0d019d","messageTitle":"Updates made according to comments left from teammate from past PR","messageBody":"","fileTypesAndContributionMap":{"functional-code":{"insertions":1,"deletions":3},"test-code":{"insertions":1,"deletions":0}}},{"hash":"9df5978c51030be99edc21e227a37c22e9841428","messageTitle":"Add test cases for view command parser and within addressbook parser","messageBody":"","fileTypesAndContributionMap":{"functional-code":{"insertions":7,"deletions":0},"test-code":{"insertions":39,"deletions":0}}}]},{"date":"2022-10-14","commitResults":[{"hash":"3f1c3be86ffbc04509dff916e131fe7c4ec6e032","messageTitle":"Update user guide to be consistent with v1.2","messageBody":"","fileTypesAndContributionMap":{"docs":{"insertions":27,"deletions":27}}},{"hash":"9529071ec68c88e10d01186061a430b42f0f27bf","messageTitle":"Remove unused person files","messageBody":"","fileTypesAndContributionMap":{"functional-code":{"insertions":0,"deletions":548}}},{"hash":"89cd38329fdf7a231decbc2087b291c524ecdc4d","messageTitle":"Fix bugs for deadline and errors in documentation","messageBody":"","fileTypesAndContributionMap":{"functional-code":{"insertions":9,"deletions":5},"docs":{"insertions":35,"deletions":20}}},{"hash":"4e758a3b420b873bb5c3f88ea6a588d865a3bddd","messageTitle":"Fix error in edit command example","messageBody":"","fileTypesAndContributionMap":{"functional-code":{"insertions":1,"deletions":1}}},{"hash":"43e6cc80a040d9d60aa2c41da544d7074e7e4bec","messageTitle":"Fix wrong example in user guide","messageBody":"","fileTypesAndContributionMap":{"docs":{"insertions":1,"deletions":1}}},{"hash":"1f85cf62bce4019c201342bead34216ee9d66804","messageTitle":"Fix wrong example in user guide","messageBody":"","fileTypesAndContributionMap":{"docs":{"insertions":1,"deletions":1}}}]},{"date":"2022-10-19","commitResults":[{"hash":"f4a01e2c754b08fd972231cba4e5c91c58990fbc","messageTitle":"Implement add task command and add mark field in task","messageBody":"","fileTypesAndContributionMap":{"functional-code":{"insertions":218,"deletions":15},"test-code":{"insertions":32,"deletions":12}}},{"hash":"f75834420f2cc5723cff073cd407f8a1bb84cf63","messageTitle":"Fix checkstyle to ensure code readability","messageBody":"","fileTypesAndContributionMap":{"functional-code":{"insertions":33,"deletions":22},"test-code":{"insertions":0,"deletions":2}}},{"hash":"0df34b4a8d418a1ec97fa675466603160d865757","messageTitle":"Edit documentation bugs found through smoke Catcher","messageBody":"","fileTypesAndContributionMap":{"functional-code":{"insertions":1,"deletions":1},"docs":{"insertions":25,"deletions":22}}},{"hash":"69533f0cdd588aae35a68764f5725a230c6ee4a2","messageTitle":"Edit developer guide to include plan for implementing mark command","messageBody":"","fileTypesAndContributionMap":{"docs":{"insertions":136,"deletions":4}}},{"hash":"33a9f09cbd98d152ec7134f83ac0467d9e17f410","messageTitle":"Include staffDelete command into developer guide","messageBody":"","fileTypesAndContributionMap":{"docs":{"insertions":68,"deletions":3}}},{"hash":"30aad9ac6d91194975d851222aa354ef20a66994","messageTitle":"Remove trailing whitespace","messageBody":"","fileTypesAndContributionMap":{"docs":{"insertions":21,"deletions":23}}},{"hash":"2d754dfef15ec7c6ee076b0ff2382aaa24397915","messageTitle":"Add test case for add task command parser","messageBody":"","fileTypesAndContributionMap":{"test-code":{"insertions":194,"deletions":7}}},{"hash":"a4fa14b618310ea53ce080516a91e5dc80f39441","messageTitle":"Fix checkstyle issues to ensure code readability","messageBody":"","fileTypesAndContributionMap":{"functional-code":{"insertions":6,"deletions":0},"test-code":{"insertions":280,"deletions":18}}}]},{"date":"2022-10-20","commitResults":[{"hash":"cc6c51414acd60fdac3f38425ee4f32337c23049","messageTitle":"Add logic for delete task and delete task parser","messageBody":"","fileTypesAndContributionMap":{"functional-code":{"insertions":89,"deletions":7}}},{"hash":"19141c39feb0976ba401fe485b2987491910cdcd","messageTitle":"Fix checkstyle to ensure code readability","messageBody":"","fileTypesAndContributionMap":{"functional-code":{"insertions":14,"deletions":8}}},{"hash":"4da1068c61ac871b6946aeed22f71c43de13cc09","messageTitle":"Changes made according to previous PR review - Change order of sample data and typical task data for testing purpose - Changes to TaskMark toString","messageBody":"","fileTypesAndContributionMap":{"functional-code":{"insertions":3,"deletions":4},"test-code":{"insertions":6,"deletions":6}}},{"hash":"522b77c212c4093fb184fdd94e5fef28a1a41a33","messageTitle":"Add test cases for delete task command and parser","messageBody":"","fileTypesAndContributionMap":{"functional-code":{"insertions":28,"deletions":0},"test-code":{"insertions":185,"deletions":28}}},{"hash":"9bf8af57829313f559ee030cc1742f4d45bb6e2f","messageTitle":"Change test using model to use getAddressBook method from TypicalAddress book class as it contains both project and task objects. Thus it is better to check if all the commands can work when there are task objects and do not affect the task objects.","messageBody":"","fileTypesAndContributionMap":{"test-code":{"insertions":31,"deletions":25}}},{"hash":"8ae5305edc23103e1b27828e37945de12164694e","messageTitle":"Fix checkStyleMain for code reability","messageBody":"","fileTypesAndContributionMap":{"functional-code":{"insertions":5,"deletions":2}}},{"hash":"b4034ecff52ab0b6f9cf66a2f995de58afc6c52a","messageTitle":"Fix checkStyleTest for code readability","messageBody":"","fileTypesAndContributionMap":{"test-code":{"insertions":16,"deletions":15}}},{"hash":"91d69c421ad7eebfaa3e48523938fc13fd62aff0","messageTitle":"Edit UI display for commands","messageBody":"","fileTypesAndContributionMap":{"functional-code":{"insertions":6,"deletions":3}}}]},{"date":"2022-10-22","commitResults":[{"hash":"575dbed392fd09c0fec4e773f5471251d5bb82f9","messageTitle":"Add logic for fitlertask command that will filter the task list to show uncompleted tasks at the top and completed tasks at the bottom.","messageBody":"","fileTypesAndContributionMap":{"functional-code":{"insertions":54,"deletions":0}}}]},{"date":"2022-10-23","commitResults":[{"hash":"3905528708e59dff988dc6007307351a41bd67ca","messageTitle":"Add test cases for filter task command","messageBody":"","fileTypesAndContributionMap":{"test-code":{"insertions":46,"deletions":0}}},{"hash":"1aa3a5a0f1f26f9b3936428d5d644e253a0cd76c","messageTitle":"Fix checkstyle to ensure code readability","messageBody":"","fileTypesAndContributionMap":{"functional-code":{"insertions":9,"deletions":2},"test-code":{"insertions":4,"deletions":3}}}]},{"date":"2022-10-24","commitResults":[{"hash":"3288ded04c589904faed81a9df21e618603c834d","messageTitle":"Update logic for same staff, task and project","messageBody":"Previously, for 2 same words with different case, they were considered\nto be not equal objects, so \"Case\" and \"case\" are not equal. This can\nresult in cases were there are 2 project named CS2103T and cS2103T\nthat should point to the same project.\n","fileTypesAndContributionMap":{"functional-code":{"insertions":4,"deletions":3},"test-code":{"insertions":7,"deletions":7}}},{"hash":"a76cc04f4d2040aed3c029d2c5de1a3cb96ea448","messageTitle":"Create skeletal files for mark and unmark task commands and parser","messageBody":"","fileTypesAndContributionMap":{"functional-code":{"insertions":142,"deletions":0}}},{"hash":"7c8a22a0812a37c86f4e5ce027a7a54f2537d376","messageTitle":"Add logic for mark and unmark task commands","messageBody":"","fileTypesAndContributionMap":{"functional-code":{"insertions":55,"deletions":9}}},{"hash":"8c50412622873445eb75c5a036b1967809b09cb4","messageTitle":"Add task cases for mark and unmark task command parser","messageBody":"","fileTypesAndContributionMap":{"functional-code":{"insertions":13,"deletions":0},"test-code":{"insertions":100,"deletions":0}}},{"hash":"8a5a360972050859d3f77cae205e31aec3039c91","messageTitle":"Add test cases for mark task and unmark task commands","messageBody":"","fileTypesAndContributionMap":{"test-code":{"insertions":189,"deletions":0}}},{"hash":"b0c390e578917a949c1e5adbcc826449e36c6f49","messageTitle":"Fix checkstyle to ensure code readability","messageBody":"","fileTypesAndContributionMap":{"functional-code":{"insertions":32,"deletions":16},"test-code":{"insertions":16,"deletions":14}}}]},{"date":"2022-10-25","commitResults":[{"hash":"75ad210683d92fa8b4a50610073ca8f73fa4dd1b","messageTitle":"Fix checkstyle for code readability","messageBody":"","fileTypesAndContributionMap":{"functional-code":{"insertions":1,"deletions":2},"test-code":{"insertions":1,"deletions":1}}}]},{"date":"2022-10-26","commitResults":[{"hash":"8a2df4963c778dd84826fee7f5015cf2d2af09f1","messageTitle":"Standardize the error message format of the commands and fix bug within addstaff command","messageBody":"","fileTypesAndContributionMap":{"functional-code":{"insertions":50,"deletions":43},"test-code":{"insertions":4,"deletions":1}}},{"hash":"b10ec55af75630edae4abe11263a356d6c1434c0","messageTitle":"Update add and delete staff command to display the new staff list","messageBody":"","fileTypesAndContributionMap":{"functional-code":{"insertions":6,"deletions":1},"test-code":{"insertions":1,"deletions":0}}},{"hash":"874abd6ac55580b6a47f53c10162f8f380015000","messageTitle":"Update Sample data file with more relevant information","messageBody":"","fileTypesAndContributionMap":{"functional-code":{"insertions":18,"deletions":16}}},{"hash":"0ebc5a0fc95099c93fad1eabebac95b5598ec3de","messageTitle":"Update UI","messageBody":"","fileTypesAndContributionMap":{"functional-code":{"insertions":2,"deletions":6}}},{"hash":"daab8a2bdfa2f38c40cfdefe833b440e4e814685","messageTitle":"Add more description for command result back to user","messageBody":"","fileTypesAndContributionMap":{"functional-code":{"insertions":43,"deletions":34},"test-code":{"insertions":6,"deletions":5}}},{"hash":"70b061b00650932dea2187f1ab61bd5bd78ec72f","messageTitle":"Fix bug in command","messageBody":"","fileTypesAndContributionMap":{"functional-code":{"insertions":2,"deletions":2}}},{"hash":"af9bdcdccf836d677492e11816e2e302a74901e7","messageTitle":"Revert \"Fix bug in command\"","messageBody":"This reverts commit 70b061b00650932dea2187f1ab61bd5bd78ec72f.\n","fileTypesAndContributionMap":{"functional-code":{"insertions":2,"deletions":2}}}]},{"date":"2022-10-27","commitResults":[{"hash":"6465f3f8b7ce30e9becf0852c910b1dd1a960177","messageTitle":"Fix bugs in staff commands","messageBody":"","fileTypesAndContributionMap":{"functional-code":{"insertions":83,"deletions":66}}},{"hash":"05f28bde16d02fd36050da6e4c8cc190948df520","messageTitle":"Fix test case and checkstyle","messageBody":"","fileTypesAndContributionMap":{"functional-code":{"insertions":6,"deletions":11},"test-code":{"insertions":138,"deletions":111}}},{"hash":"bb863f682b413ae467c495423cbdb708d4b7a273","messageTitle":"Update command error for Edit staff commands","messageBody":"","fileTypesAndContributionMap":{"functional-code":{"insertions":2,"deletions":1}}},{"hash":"b35ed69586d7dbf414955896b6df4ee0c06deb86","messageTitle":"Fix checkstyle","messageBody":"","fileTypesAndContributionMap":{"functional-code":{"insertions":0,"deletions":1}}},{"hash":"95f90c263d5b2a84b087f8af71213f3db1c020e4","messageTitle":"Fix message formatting","messageBody":"","fileTypesAndContributionMap":{"functional-code":{"insertions":25,"deletions":17},"test-code":{"insertions":1,"deletions":5}}},{"hash":"9ba272e4d94f2bf6f49bdad1a4073e15340460e2","messageTitle":"Edit commands message usage to make it easier to understand","messageBody":"","fileTypesAndContributionMap":{"functional-code":{"insertions":4,"deletions":2},"other":{"insertions":1,"deletions":1}}}]},{"date":"2022-10-28","commitResults":[{"hash":"bfc9e7bca6213969efb48ace7fee2233d2a665ee","messageTitle":"Update user guide","messageBody":"","fileTypesAndContributionMap":{"functional-code":{"insertions":4,"deletions":4},"docs":{"insertions":139,"deletions":53}}},{"hash":"9d2a5f27846b935cfc28c41a3cf2fb5fb18dc5b3","messageTitle":"Update error messages","messageBody":"","fileTypesAndContributionMap":{"functional-code":{"insertions":9,"deletions":6}}}]},{"date":"2022-11-02","commitResults":[{"hash":"1242886dd572c3b666a3fbdd92ece69f6adeb3c0","messageTitle":"Update filtertask command name to sortcomplete to be more intuitive","messageBody":"","fileTypesAndContributionMap":{"functional-code":{"insertions":10,"deletions":10},"other":{"insertions":9,"deletions":9},"docs":{"insertions":13,"deletions":13},"test-code":{"insertions":6,"deletions":6}}},{"hash":"7908d791b345696cf6a3cb44c7f7c4fddd598044","messageTitle":"Fix staff commands bug not showing the correct project name","messageBody":"","fileTypesAndContributionMap":{"functional-code":{"insertions":4,"deletions":5}}},{"hash":"28e07a10d0fe07564f7386eed0688595ee8b0454","messageTitle":"Fix bugs for tags to allow for multi-word tags but a limit of 50 characters","messageBody":"","fileTypesAndContributionMap":{"functional-code":{"insertions":4,"deletions":3},"test-code":{"insertions":17,"deletions":0}}},{"hash":"41bdec6a2928c5fd31028fd291be6119ae6a6806","messageTitle":"Fix bug for no staff displayed index and improve code quality","messageBody":"","fileTypesAndContributionMap":{"functional-code":{"insertions":90,"deletions":29},"test-code":{"insertions":33,"deletions":5}}},{"hash":"01f6eac8329b713c8fc150f017bb77d88114d3d1","messageTitle":"Update user guide for tags","messageBody":"","fileTypesAndContributionMap":{"docs":{"insertions":3,"deletions":4}}},{"hash":"e942e2d382b10e73acbd39a89f2e1431bc20f747","messageTitle":"Change staffs to staff","messageBody":"","fileTypesAndContributionMap":{"functional-code":{"insertions":1,"deletions":1}}}]},{"date":"2022-11-03","commitResults":[{"hash":"2eeb2b78c3ab353f716002222480506b936c70b2","messageTitle":"Update PPP with latest contributions","messageBody":"","fileTypesAndContributionMap":{"docs":{"insertions":44,"deletions":10}}},{"hash":"f11d329740b9dd8cc0a1b4078a3247c0b961f10a","messageTitle":"Fix error in PPP","messageBody":"","fileTypesAndContributionMap":{"docs":{"insertions":1,"deletions":1}}},{"hash":"c7c7cd8fdcdeafd82bf2799eedc24db0a193a033","messageTitle":"Update User guide to include glossary and links to glossary","messageBody":"","fileTypesAndContributionMap":{"docs":{"insertions":47,"deletions":16}}},{"hash":"3a0285de42cd50fdbf0e42afda02b25b205f6588","messageTitle":"Update developer guide with latest implementation and update some diagrams","messageBody":"","fileTypesAndContributionMap":{"docs":{"insertions":90,"deletions":72}}}]}],"AugustDespair":[{"date":"2022-09-27","commitResults":[{"hash":"1997cf3ea82cee130e4223208965b64b49fc237f","messageTitle":"Change AboutMe","messageBody":"","fileTypesAndContributionMap":{"docs":{"insertions":34,"deletions":6}}}]},{"date":"2022-10-10","commitResults":[{"hash":"1b2d03bcb7af9e0d34d44ed9b5c598e9deed952f","messageTitle":"Merge with Branch","messageBody":"","fileTypesAndContributionMap":{"functional-code":{"insertions":71,"deletions":0}}}]},{"date":"2022-10-11","commitResults":[{"hash":"c7d46cd9684cf1be6f66358078f3d11478ef7eb2","messageTitle":"Add StaffCommand","messageBody":"","fileTypesAndContributionMap":{"functional-code":{"insertions":187,"deletions":28}}},{"hash":"c92c4415356364f1a1242da70e03d5c9d73c8d20","messageTitle":"Update Some Stuff","messageBody":"","fileTypesAndContributionMap":{"functional-code":{"insertions":48,"deletions":28}}},{"hash":"de7a1f96ad41b24988c071064731cafb4c70692b","messageTitle":"Updated Some Stuff","messageBody":"","fileTypesAndContributionMap":{"functional-code":{"insertions":21,"deletions":21}}},{"hash":"88fdb1dee618cc7d51cf0e3dd3ccf140aa4467ec","messageTitle":"Add AddStaffCommand","messageBody":"","fileTypesAndContributionMap":{"functional-code":{"insertions":45,"deletions":24}}}]},{"date":"2022-10-19","commitResults":[{"hash":"2f387441f0ed3148a94ff5a3f81fc00aaa135683","messageTitle":"Update DG with AddStaffCommand","messageBody":"","fileTypesAndContributionMap":{"docs":{"insertions":55,"deletions":0}}}]},{"date":"2022-10-21","commitResults":[{"hash":"ca5e036624f3b2d1b30f51c6e34c8978fcb0b4e5","messageTitle":"Add FindStaffCommand","messageBody":"","fileTypesAndContributionMap":{"functional-code":{"insertions":152,"deletions":0},"test-code":{"insertions":104,"deletions":2}}}]},{"date":"2022-10-22","commitResults":[{"hash":"4ba0d55063e53acb65142d871de03cc4746c720e","messageTitle":"Add EditStaffCommand","messageBody":"","fileTypesAndContributionMap":{"functional-code":{"insertions":385,"deletions":1},"test-code":{"insertions":316,"deletions":1}}},{"hash":"cc82a56eee2fa841894ccd6d4b35c73a19b838cd","messageTitle":"Update FindStaffCommand","messageBody":"","fileTypesAndContributionMap":{"functional-code":{"insertions":27,"deletions":29},"test-code":{"insertions":90,"deletions":42}}}]},{"date":"2022-10-25","commitResults":[{"hash":"327768554687177cb4d82857036e5691b8b4c883","messageTitle":"Update FindStaffCommand Functionality","messageBody":"","fileTypesAndContributionMap":{"functional-code":{"insertions":45,"deletions":100},"test-code":{"insertions":189,"deletions":100}}}]},{"date":"2022-10-26","commitResults":[{"hash":"a3df6f83b926a91fc489cc2c2b6e513fa8ed2b70","messageTitle":"Update EditStaffCommand","messageBody":"","fileTypesAndContributionMap":{"functional-code":{"insertions":32,"deletions":17},"test-code":{"insertions":434,"deletions":63}}},{"hash":"65416f9aa4b8ca2ace57791f51c69c81fd4ee22b","messageTitle":"Update DG with Staff Commands","messageBody":"","fileTypesAndContributionMap":{"functional-code":{"insertions":3,"deletions":0},"docs":{"insertions":26,"deletions":2}}},{"hash":"5043c6cb162fb614fd7c05a5bb10d8d3c30d7b9d","messageTitle":"Update UG","messageBody":"","fileTypesAndContributionMap":{"functional-code":{"insertions":0,"deletions":3},"docs":{"insertions":1,"deletions":1}}},{"hash":"9da7190fe0f84107dc5ceac2c72b7c8e81bad5f0","messageTitle":"Update UG","messageBody":"","fileTypesAndContributionMap":{"docs":{"insertions":25,"deletions":3}}},{"hash":"9bcd398e6d32bd547aa2fbe72d0b9e3e91038a0e","messageTitle":"Update UG","messageBody":"","fileTypesAndContributionMap":{"docs":{"insertions":1,"deletions":1}}}]},{"date":"2022-11-02","commitResults":[{"hash":"4a6812c824c1fcb83c0b26b7c80c1ecc83ec3935","messageTitle":"Fix bugs and Update UG","messageBody":"","fileTypesAndContributionMap":{"functional-code":{"insertions":23,"deletions":12},"docs":{"insertions":3,"deletions":3},"test-code":{"insertions":16,"deletions":14}}}]},{"date":"2022-11-03","commitResults":[{"hash":"8c92485574ce20b329bd51f54f42258d12357b90","messageTitle":"Update UG and PPP","messageBody":"","fileTypesAndContributionMap":{"functional-code":{"insertions":5,"deletions":0},"docs":{"insertions":35,"deletions":9}}},{"hash":"e20b8fb25983f755162f78042d40ec2f9ca9d710","messageTitle":"Update List to General Commands","messageBody":"","fileTypesAndContributionMap":{"docs":{"insertions":13,"deletions":13}}},{"hash":"d0e8b60fb38fa27e6f519708df8a3b66ff9ddece","messageTitle":"Fix formatting issues","messageBody":"","fileTypesAndContributionMap":{"docs":{"insertions":1,"deletions":1}}},{"hash":"30fd74ec399d19176a8ab96e821146abb06d67d1","messageTitle":"Fix formatting issues","messageBody":"","fileTypesAndContributionMap":{"docs":{"insertions":1,"deletions":1}}},{"hash":"0577f6f65d03c2e36a7f8e2abf4a38865ee574f8","messageTitle":"Update index.md and README","messageBody":"","fileTypesAndContributionMap":{"docs":{"insertions":5,"deletions":5}}},{"hash":"67ea56da7d70ae9a17635eb2229d4804fe708983","messageTitle":"Update index.md and README","messageBody":"","fileTypesAndContributionMap":{"docs":{"insertions":5,"deletions":5}}}]},{"date":"2022-11-04","commitResults":[{"hash":"9fb92fb414a71a1913238203e4eb15db8de57c2c","messageTitle":"Improve Abstraction","messageBody":"","fileTypesAndContributionMap":{"functional-code":{"insertions":199,"deletions":84},"test-code":{"insertions":85,"deletions":0}}},{"hash":"548397163a68af17ce61a68ca53102eaa7e046db","messageTitle":"Tidy some code","messageBody":"","fileTypesAndContributionMap":{"functional-code":{"insertions":2,"deletions":37}}},{"hash":"fdcd02d6ea89002b5db9d230e3ff08853b581d4f","messageTitle":"Fix bugs","messageBody":"","fileTypesAndContributionMap":{"functional-code":{"insertions":0,"deletions":3}}}]}],"jjtan444":[{"date":"2022-09-27","commitResults":[{"hash":"908d6ef2dd17d558fce9a89be622e8dbed132939","messageTitle":"Updated About-Us-JingJie","messageBody":"","fileTypesAndContributionMap":{"docs":{"insertions":5,"deletions":4}}}]},{"date":"2022-09-29","commitResults":[{"hash":"6211344e5e01763fc4b6b6276e5fe9d463d57bc6","messageTitle":"Add Jing Jie PPP","messageBody":"","fileTypesAndContributionMap":{"docs":{"insertions":29,"deletions":1}}}]},{"date":"2022-10-11","commitResults":[{"hash":"b4cf658bc2cdf385c496f24a5af913abcc0dceb1","messageTitle":"Add Staff List","messageBody":"","fileTypesAndContributionMap":{"functional-code":{"insertions":617,"deletions":4},"test-code":{"insertions":132,"deletions":0}}}]},{"date":"2022-10-12","commitResults":[{"hash":"f34a8e5866eb23c19ab9f4ed6d78a5cba0f7cc68","messageTitle":"Update User and Developer Guides with delete Staff command","messageBody":"","fileTypesAndContributionMap":{"docs":{"insertions":48,"deletions":13}}}]},{"date":"2022-10-17","commitResults":[{"hash":"a897871fa67eb892cf771cf2b9922b2151a27ae0","messageTitle":"Add Task List","messageBody":"","fileTypesAndContributionMap":{"functional-code":{"insertions":648,"deletions":14},"test-code":{"insertions":567,"deletions":2}}}]},{"date":"2022-10-18","commitResults":[{"hash":"34e3616b6e74068354cdcceddd699f02f82a7cc6","messageTitle":"Update Developer Guide","messageBody":"","fileTypesAndContributionMap":{"docs":{"insertions":24,"deletions":0}}}]},{"date":"2022-10-24","commitResults":[{"hash":"2fae00ff9d2fc6031732323dd72a7995e58bd54e","messageTitle":"Add Sort Task command to sort tasks according to deadline","messageBody":"","fileTypesAndContributionMap":{"functional-code":{"insertions":100,"deletions":1},"test-code":{"insertions":47,"deletions":0}}},{"hash":"04de20104e13763c833fbb2639685aa471aaabc5","messageTitle":"Add Find Task command","messageBody":"","fileTypesAndContributionMap":{"functional-code":{"insertions":41,"deletions":4},"test-code":{"insertions":128,"deletions":0}}}]},{"date":"2022-10-26","commitResults":[{"hash":"f7ae3ff172e53466fac7dbe2ee483534b213f142","messageTitle":"Update user guide","messageBody":"","fileTypesAndContributionMap":{"docs":{"insertions":43,"deletions":2}}}]},{"date":"2022-10-30","commitResults":[{"hash":"c7a971c479b6a98810c3e4c7ce3256bb7fd0cf5b","messageTitle":"Fix grammar and formatting bugs","messageBody":"","fileTypesAndContributionMap":{"docs":{"insertions":14,"deletions":12}}}]},{"date":"2022-10-31","commitResults":[{"hash":"ac00084ae31e095f9139c11283bffafd4f7305cb","messageTitle":"Fix bugs in find commands","messageBody":"","fileTypesAndContributionMap":{"functional-code":{"insertions":15,"deletions":9},"test-code":{"insertions":111,"deletions":29}}}]},{"date":"2022-11-01","commitResults":[{"hash":"4bd2f9c51f3ce4d691597cdbb8ad47d051b2a0bd","messageTitle":"Update UG for find commands","messageBody":"","fileTypesAndContributionMap":{"docs":{"insertions":14,"deletions":11}}},{"hash":"74698b10ce929a1c3bcf1e82eccc033c45a6fe09","messageTitle":"Fix Checkstyle bugs","messageBody":"","fileTypesAndContributionMap":{"functional-code":{"insertions":2,"deletions":1}}},{"hash":"de2fd2c2e2e042dc44a33d8c40ac84e6cde78359","messageTitle":"Fix Checkstyle bugs further","messageBody":"","fileTypesAndContributionMap":{"functional-code":{"insertions":0,"deletions":1}}},{"hash":"9cc66fec7b0bd6d85ca882dc04ac0041c970d6e8","messageTitle":"Add more tests for JsonAdaptedTask","messageBody":"","fileTypesAndContributionMap":{"test-code":{"insertions":18,"deletions":0}}}]},{"date":"2022-11-02","commitResults":[{"hash":"d617030b38b542bcb3bac25f1341c3e8653a4164","messageTitle":"Update JingJie PPP","messageBody":"","fileTypesAndContributionMap":{"docs":{"insertions":46,"deletions":12}}}]},{"date":"2022-11-03","commitResults":[{"hash":"042e9a1b075b21b88cbbc7b3490e51fa01316989","messageTitle":"Update Quick Start","messageBody":"","fileTypesAndContributionMap":{"docs":{"insertions":2,"deletions":2}}},{"hash":"ab49c7e212419c1aa42e8b420e8eaee6e4a372ac","messageTitle":"Fix UG formatting","messageBody":"","fileTypesAndContributionMap":{"docs":{"insertions":34,"deletions":24}}}]}]},"authorFileTypeContributionMap":{"Darren12345677":{"docs":212,"functional-code":1260,"test-code":2226,"other":5},"reneeyeow02":{"docs":501,"functional-code":1762,"test-code":1886,"other":1},"maxng17":{"docs":483,"functional-code":1092,"test-code":1357,"other":1},"AugustDespair":{"docs":146,"functional-code":781,"test-code":850},"jjtan444":{"docs":187,"functional-code":887,"test-code":724}},"authorContributionVariance":{"Darren12345677":401193.6,"reneeyeow02":760396.56,"maxng17":60444.953,"AugustDespair":31080.883,"jjtan444":41388.246},"authorDisplayNameMap":{"Darren12345677":"CS2103T-T09-3 WAH ..RREN","reneeyeow02":"CS2103T-T09-3 RENE..E NI","maxng17":"CS2103T-T09-3 NG J.. MAX","AugustDespair":"CS2103T-T09-3 NG Y..HERN","jjtan444":"CS2103T-T09-3 TAN .. JIE"}}
