[{"path":"README.md","fileType":"docs","lines":[{"lineNumber":1,"author":{"gitId":"chantellyu"},"content":"[![CI Status](https://github.com/AY2223S1-CS2103T-T11-2/tp/workflows/Java%20CI/badge.svg)](https://github.com/AY2223S1-CS2103T-T11-2/tp/actions)","lastModifiedDate":"2022-09-29"},{"lineNumber":2,"author":{"gitId":"-"},"content":"","lastModifiedDate":"2020-05-23"},{"lineNumber":3,"author":{"gitId":"-"},"content":"![Ui](docs/images/Ui.png)","lastModifiedDate":"2020-05-23"},{"lineNumber":4,"author":{"gitId":"-"},"content":"","lastModifiedDate":"2020-05-23"},{"lineNumber":5,"author":{"gitId":"chantellyu"},"content":"* This project is based on the AddressBook-Level3 project created by the [SE-EDU initiative](https://se-education.org).","lastModifiedDate":"2022-09-29"},{"lineNumber":6,"author":{"gitId":"chantellyu"},"content":"* InTrack helps Computer Science students keep track of internships they are applying to / have applied to.","lastModifiedDate":"2022-09-29"},{"lineNumber":7,"author":{"gitId":"-"},"content":"* The project simulates an ongoing software project for a desktop application (called _AddressBook_) used for managing contact details.","lastModifiedDate":"2020-05-23"},{"lineNumber":8,"author":{"gitId":"-"},"content":"  * It is **written in OOP fashion**. It provides a **reasonably well-written** code base **bigger** (around 6 KLoC) than what students usually write in beginner-level SE modules, without being overwhelmingly big.","lastModifiedDate":"2020-05-23"},{"lineNumber":9,"author":{"gitId":"-"},"content":"  * It comes with a **reasonable level of user and developer documentation**.","lastModifiedDate":"2020-05-23"},{"lineNumber":10,"author":{"gitId":"-"},"content":"* It is named `AddressBook Level 3` (`AB3` for short) because it was initially created as a part of a series of `AddressBook` projects (`Level 1`, `Level 2`, `Level 3` ...).","lastModifiedDate":"2020-05-23"},{"lineNumber":11,"author":{"gitId":"-"},"content":"* For the detailed documentation of this project, see the **[Address Book Product Website](https://se-education.org/addressbook-level3)**.","lastModifiedDate":"2020-05-23"},{"lineNumber":12,"author":{"gitId":"-"},"content":"* This project is a **part of the se-education.org** initiative. If you would like to contribute code to this project, see [se-education.org](https://se-education.org#https://se-education.org/#contributing) for more info.","lastModifiedDate":"2020-05-23"},{"lineNumber":13,"author":{"gitId":"johnrhimawan"},"content":"","lastModifiedDate":"2022-09-20"}],"authorContributionMap":{"johnrhimawan":1,"chantellyu":3,"-":9}},{"path":"docs/AboutUs.md","fileType":"docs","lines":[{"lineNumber":1,"author":{"gitId":"-"},"content":"---","lastModifiedDate":"2020-05-23"},{"lineNumber":2,"author":{"gitId":"-"},"content":"layout: page","lastModifiedDate":"2020-05-23"},{"lineNumber":3,"author":{"gitId":"-"},"content":"title: About Us","lastModifiedDate":"2020-05-23"},{"lineNumber":4,"author":{"gitId":"-"},"content":"---","lastModifiedDate":"2020-05-23"},{"lineNumber":5,"author":{"gitId":"-"},"content":"","lastModifiedDate":"2020-05-23"},{"lineNumber":6,"author":{"gitId":"-"},"content":"We are a team based in the [School of Computing, National University of Singapore](http://www.comp.nus.edu.sg).","lastModifiedDate":"2020-05-23"},{"lineNumber":7,"author":{"gitId":"-"},"content":"","lastModifiedDate":"2020-05-23"},{"lineNumber":8,"author":{"gitId":"-"},"content":"You can reach us at the email `seer[at]comp.nus.edu.sg`","lastModifiedDate":"2020-06-17"},{"lineNumber":9,"author":{"gitId":"-"},"content":"","lastModifiedDate":"2020-06-17"},{"lineNumber":10,"author":{"gitId":"-"},"content":"## Project team","lastModifiedDate":"2020-06-07"},{"lineNumber":11,"author":{"gitId":"-"},"content":"","lastModifiedDate":"2020-05-23"},{"lineNumber":12,"author":{"gitId":"jetlfj"},"content":"### John","lastModifiedDate":"2022-09-24"},{"lineNumber":13,"author":{"gitId":"-"},"content":"","lastModifiedDate":"2020-05-23"},{"lineNumber":14,"author":{"gitId":"jetlfj"},"content":"\u003cimg src\u003d\"images/johnrhimawan.png\" width\u003d\"200px\"\u003e","lastModifiedDate":"2022-09-24"},{"lineNumber":15,"author":{"gitId":"-"},"content":"","lastModifiedDate":"2020-05-23"},{"lineNumber":16,"author":{"gitId":"-"},"content":"[[homepage](http://www.comp.nus.edu.sg/~damithch)]","lastModifiedDate":"2020-05-23"},{"lineNumber":17,"author":{"gitId":"jetlfj"},"content":"[[github](https://github.com/johnrhimawan)]","lastModifiedDate":"2022-09-24"},{"lineNumber":18,"author":{"gitId":"-"},"content":"[[portfolio](team/johndoe.md)]","lastModifiedDate":"2020-05-23"},{"lineNumber":19,"author":{"gitId":"-"},"content":"","lastModifiedDate":"2020-05-23"},{"lineNumber":20,"author":{"gitId":"jetlfj"},"content":"* Role: Developer","lastModifiedDate":"2022-09-24"},{"lineNumber":21,"author":{"gitId":"jetlfj"},"content":"* Responsibilities: Something","lastModifiedDate":"2022-09-24"},{"lineNumber":22,"author":{"gitId":"-"},"content":"","lastModifiedDate":"2020-05-23"},{"lineNumber":23,"author":{"gitId":"kangqiao322"},"content":"### Kang Qiao","lastModifiedDate":"2022-09-25"},{"lineNumber":24,"author":{"gitId":"-"},"content":"","lastModifiedDate":"2020-05-23"},{"lineNumber":25,"author":{"gitId":"kangqiao322"},"content":"\u003cimg src\u003d\"images/kangqiao322.png\" width\u003d\"200px\"\u003e","lastModifiedDate":"2022-09-25"},{"lineNumber":26,"author":{"gitId":"-"},"content":"","lastModifiedDate":"2020-05-23"},{"lineNumber":27,"author":{"gitId":"kangqiao322"},"content":"[[github](https://github.com/kangqiao322)]","lastModifiedDate":"2022-09-25"},{"lineNumber":28,"author":{"gitId":"-"},"content":"[[portfolio](team/johndoe.md)]","lastModifiedDate":"2020-05-23"},{"lineNumber":29,"author":{"gitId":"-"},"content":"","lastModifiedDate":"2020-05-23"},{"lineNumber":30,"author":{"gitId":"jetlfj"},"content":"* Role: Developer","lastModifiedDate":"2022-09-24"},{"lineNumber":31,"author":{"gitId":"kangqiao322"},"content":"* Responsibilities: Something","lastModifiedDate":"2022-09-25"},{"lineNumber":32,"author":{"gitId":"-"},"content":"","lastModifiedDate":"2020-05-23"},{"lineNumber":33,"author":{"gitId":"jetlfj"},"content":"### Jet","lastModifiedDate":"2022-09-24"},{"lineNumber":34,"author":{"gitId":"-"},"content":"","lastModifiedDate":"2020-05-23"},{"lineNumber":35,"author":{"gitId":"jetlfj"},"content":"\u003cimg src\u003d\"images/jetlfj.png\" width\u003d\"200px\"\u003e","lastModifiedDate":"2022-09-24"},{"lineNumber":36,"author":{"gitId":"-"},"content":"","lastModifiedDate":"2020-05-23"},{"lineNumber":37,"author":{"gitId":"jetlfj"},"content":"[[github](http://github.com/jetlfj)] [[portfolio](team/jetlfj.md)]","lastModifiedDate":"2022-09-28"},{"lineNumber":38,"author":{"gitId":"-"},"content":"","lastModifiedDate":"2020-05-23"},{"lineNumber":39,"author":{"gitId":"-"},"content":"* Role: Developer","lastModifiedDate":"2020-05-23"},{"lineNumber":40,"author":{"gitId":"jetlfj"},"content":"* Responsibilities: Something","lastModifiedDate":"2022-09-24"},{"lineNumber":41,"author":{"gitId":"-"},"content":"","lastModifiedDate":"2020-05-23"},{"lineNumber":42,"author":{"gitId":"bigcrushes"},"content":"### Charlton","lastModifiedDate":"2022-09-24"},{"lineNumber":43,"author":{"gitId":"-"},"content":"","lastModifiedDate":"2020-05-23"},{"lineNumber":44,"author":{"gitId":"bigcrushes"},"content":"\u003cimg src\u003d\"images/bigcrushes.png\" width\u003d\"200px\"\u003e","lastModifiedDate":"2022-09-24"},{"lineNumber":45,"author":{"gitId":"-"},"content":"","lastModifiedDate":"2020-05-23"},{"lineNumber":46,"author":{"gitId":"bigcrushes"},"content":"[[github](http://github.com/bigcrushes)]","lastModifiedDate":"2022-09-24"},{"lineNumber":47,"author":{"gitId":"-"},"content":"[[portfolio](team/johndoe.md)]","lastModifiedDate":"2020-05-23"},{"lineNumber":48,"author":{"gitId":"-"},"content":"","lastModifiedDate":"2020-05-23"},{"lineNumber":49,"author":{"gitId":"-"},"content":"* Role: Developer","lastModifiedDate":"2020-05-23"},{"lineNumber":50,"author":{"gitId":"-"},"content":"* Responsibilities: Dev Ops + Threading","lastModifiedDate":"2020-05-23"},{"lineNumber":51,"author":{"gitId":"-"},"content":"","lastModifiedDate":"2020-05-23"},{"lineNumber":52,"author":{"gitId":"chantellyu"},"content":"### Chantell","lastModifiedDate":"2022-09-24"},{"lineNumber":53,"author":{"gitId":"-"},"content":"","lastModifiedDate":"2020-05-23"},{"lineNumber":54,"author":{"gitId":"chantellyu"},"content":"\u003cimg src\u003d\"images/chantellyu.png\" width\u003d\"200px\"\u003e","lastModifiedDate":"2022-09-29"},{"lineNumber":55,"author":{"gitId":"-"},"content":"","lastModifiedDate":"2020-05-23"},{"lineNumber":56,"author":{"gitId":"chantellyu"},"content":"[[github](http://github.com/chantellyu)]","lastModifiedDate":"2022-09-24"},{"lineNumber":57,"author":{"gitId":"-"},"content":"[[portfolio](team/johndoe.md)]","lastModifiedDate":"2020-05-23"},{"lineNumber":58,"author":{"gitId":"-"},"content":"","lastModifiedDate":"2020-05-23"},{"lineNumber":59,"author":{"gitId":"-"},"content":"* Role: Developer","lastModifiedDate":"2020-05-23"},{"lineNumber":60,"author":{"gitId":"-"},"content":"* Responsibilities: UI","lastModifiedDate":"2020-05-23"}],"authorContributionMap":{"jetlfj":10,"bigcrushes":3,"chantellyu":3,"kangqiao322":4,"-":40}},{"path":"docs/UserGuide.md","fileType":"docs","lines":[{"lineNumber":1,"author":{"gitId":"bigcrushes"},"content":"# InTrack User Guide","lastModifiedDate":"2022-09-29"},{"lineNumber":2,"author":{"gitId":"-"},"content":"","lastModifiedDate":"2020-05-23"},{"lineNumber":3,"author":{"gitId":"bigcrushes"},"content":"InTrack is a **desktop app for managing your internship applications, optimized for use via a Command Line Interface** (CLI) while still having the benefits of a Graphical User Interface (GUI). If you can type fast, InTrack can get your internship management tasks done faster than traditional GUI apps.","lastModifiedDate":"2022-09-29"},{"lineNumber":4,"author":{"gitId":"-"},"content":"","lastModifiedDate":"2020-05-23"},{"lineNumber":5,"author":{"gitId":"bigcrushes"},"content":"","lastModifiedDate":"2022-09-29"},{"lineNumber":6,"author":{"gitId":"bigcrushes"},"content":"- [Quick Start](#quick-start)","lastModifiedDate":"2022-09-29"},{"lineNumber":7,"author":{"gitId":"bigcrushes"},"content":"- [Features](#features)","lastModifiedDate":"2022-09-29"},{"lineNumber":8,"author":{"gitId":"bigcrushes"},"content":"  * [Viewing help](#viewing-help--help)","lastModifiedDate":"2022-09-29"},{"lineNumber":9,"author":{"gitId":"bigcrushes"},"content":"  * [Adding an internship application](#adding-an-internship-application-add)","lastModifiedDate":"2022-09-29"},{"lineNumber":10,"author":{"gitId":"bigcrushes"},"content":"  * [Listing all internship applications](#listing-all-internship-applications--list)","lastModifiedDate":"2022-09-29"},{"lineNumber":11,"author":{"gitId":"bigcrushes"},"content":"  * [Deleting an internship application](#deleting-an-internship-application--delete)","lastModifiedDate":"2022-09-29"},{"lineNumber":12,"author":{"gitId":"bigcrushes"},"content":"  * [Marking completion status of an internship application](#marking-completion-status-of-an-internship-application--mark)","lastModifiedDate":"2022-09-29"},{"lineNumber":13,"author":{"gitId":"-"},"content":"","lastModifiedDate":"2020-05-23"},{"lineNumber":14,"author":{"gitId":"-"},"content":"--------------------------------------------------------------------------------------------------------------------","lastModifiedDate":"2020-05-23"},{"lineNumber":15,"author":{"gitId":"-"},"content":"","lastModifiedDate":"2020-05-23"},{"lineNumber":16,"author":{"gitId":"-"},"content":"## Quick start","lastModifiedDate":"2020-05-23"},{"lineNumber":17,"author":{"gitId":"-"},"content":"","lastModifiedDate":"2020-05-23"},{"lineNumber":18,"author":{"gitId":"-"},"content":"1. Ensure you have Java `11` or above installed in your Computer.","lastModifiedDate":"2020-05-23"},{"lineNumber":19,"author":{"gitId":"-"},"content":"","lastModifiedDate":"2020-05-23"},{"lineNumber":20,"author":{"gitId":"bigcrushes"},"content":"1. Download the latest `InTrack.jar` from [here](https://github.com/AY2223S1-CS2103T-T11-2/tp).","lastModifiedDate":"2022-09-29"},{"lineNumber":21,"author":{"gitId":"-"},"content":"","lastModifiedDate":"2020-05-23"},{"lineNumber":22,"author":{"gitId":"bigcrushes"},"content":"1. Copy the file to the folder you want to use as the _home folder_ for InTrack.","lastModifiedDate":"2022-09-29"},{"lineNumber":23,"author":{"gitId":"-"},"content":"","lastModifiedDate":"2020-05-23"},{"lineNumber":24,"author":{"gitId":"-"},"content":"1. Double-click the file to start the app. The GUI similar to the below should appear in a few seconds. Note how the app contains some sample data.\u003cbr\u003e","lastModifiedDate":"2020-05-23"},{"lineNumber":25,"author":{"gitId":"-"},"content":"   ![Ui](images/Ui.png)","lastModifiedDate":"2020-05-23"},{"lineNumber":26,"author":{"gitId":"-"},"content":"","lastModifiedDate":"2020-05-23"},{"lineNumber":27,"author":{"gitId":"-"},"content":"1. Type the command in the command box and press Enter to execute it. e.g. typing **`help`** and pressing Enter will open the help window.\u003cbr\u003e","lastModifiedDate":"2020-05-23"},{"lineNumber":28,"author":{"gitId":"-"},"content":"   Some example commands you can try:","lastModifiedDate":"2020-05-23"},{"lineNumber":29,"author":{"gitId":"-"},"content":"","lastModifiedDate":"2020-05-23"},{"lineNumber":30,"author":{"gitId":"bigcrushes"},"content":"   * **`list`** : Lists all internships.","lastModifiedDate":"2022-09-29"},{"lineNumber":31,"author":{"gitId":"-"},"content":"","lastModifiedDate":"2020-05-23"},{"lineNumber":32,"author":{"gitId":"bigcrushes"},"content":"   * **`add`**`p/Software Engineer Intern c/Google e/email@gmail.com a/1600 Amphitheatre Parkway t/Urgent` : Adds a `Software Engineer Intern` internship application to `Google` with respective email, location and tag to InTrack.","lastModifiedDate":"2022-09-29"},{"lineNumber":33,"author":{"gitId":"-"},"content":"","lastModifiedDate":"2020-05-23"},{"lineNumber":34,"author":{"gitId":"bigcrushes"},"content":"   * **`mark`** `1` : Marks the 1st internship shown in the current list as completed","lastModifiedDate":"2022-09-29"},{"lineNumber":35,"author":{"gitId":"-"},"content":"","lastModifiedDate":"2020-05-23"},{"lineNumber":36,"author":{"gitId":"bigcrushes"},"content":"   * **`delete`**`1` : Deletes the 1st internship shown in the current list.","lastModifiedDate":"2022-09-29"},{"lineNumber":37,"author":{"gitId":"-"},"content":"","lastModifiedDate":"2020-05-23"},{"lineNumber":38,"author":{"gitId":"-"},"content":"1. Refer to the [Features](#features) below for details of each command.","lastModifiedDate":"2020-05-23"},{"lineNumber":39,"author":{"gitId":"-"},"content":"","lastModifiedDate":"2020-05-23"},{"lineNumber":40,"author":{"gitId":"-"},"content":"--------------------------------------------------------------------------------------------------------------------","lastModifiedDate":"2020-05-23"},{"lineNumber":41,"author":{"gitId":"-"},"content":"","lastModifiedDate":"2020-05-23"},{"lineNumber":42,"author":{"gitId":"-"},"content":"## Features","lastModifiedDate":"2020-05-23"},{"lineNumber":43,"author":{"gitId":"-"},"content":"","lastModifiedDate":"2020-05-23"},{"lineNumber":44,"author":{"gitId":"-"},"content":"\u003cdiv markdown\u003d\"block\" class\u003d\"alert alert-info\"\u003e","lastModifiedDate":"2020-05-23"},{"lineNumber":45,"author":{"gitId":"-"},"content":"","lastModifiedDate":"2020-05-23"},{"lineNumber":46,"author":{"gitId":"-"},"content":"**:information_source: Notes about the command format:**\u003cbr\u003e","lastModifiedDate":"2020-05-23"},{"lineNumber":47,"author":{"gitId":"-"},"content":"","lastModifiedDate":"2020-05-23"},{"lineNumber":48,"author":{"gitId":"-"},"content":"* Words in `UPPER_CASE` are the parameters to be supplied by the user.\u003cbr\u003e","lastModifiedDate":"2020-05-23"},{"lineNumber":49,"author":{"gitId":"bigcrushes"},"content":"  e.g. in `add p/POSITION`, `POSITION` is a parameter which can be used as `add p/Software Engineer Intern`.","lastModifiedDate":"2022-09-29"},{"lineNumber":50,"author":{"gitId":"-"},"content":"","lastModifiedDate":"2020-05-23"},{"lineNumber":51,"author":{"gitId":"-"},"content":"* Items in square brackets are optional.\u003cbr\u003e","lastModifiedDate":"2020-05-23"},{"lineNumber":52,"author":{"gitId":"bigcrushes"},"content":"  e.g `a/ADDRESS [t/TAG]` can be used as `a/1600 Amphitheatre Parkway t/virtual` or as `a/1600 Amphitheatre Parkway`.","lastModifiedDate":"2022-09-29"},{"lineNumber":53,"author":{"gitId":"-"},"content":"","lastModifiedDate":"2020-05-23"},{"lineNumber":54,"author":{"gitId":"bigcrushes"},"content":"* Items with `…` after them can be used multiple times including zero times.\u003cbr\u003e","lastModifiedDate":"2022-09-29"},{"lineNumber":55,"author":{"gitId":"bigcrushes"},"content":"  e.g. `[t/TAG]…​` can be used as ` ` (i.e. 0 times), `t/urgent`, `t/urgent t/virtual` etc.","lastModifiedDate":"2022-09-29"},{"lineNumber":56,"author":{"gitId":"-"},"content":"","lastModifiedDate":"2021-02-04"},{"lineNumber":57,"author":{"gitId":"bigcrushes"},"content":"* Extraneous parameters for commands that do not take in parameters (such as `help` and `list`) will be ignored.\u003cbr\u003e","lastModifiedDate":"2022-09-29"},{"lineNumber":58,"author":{"gitId":"-"},"content":"  e.g. if the command specifies `help 123`, it will be interpreted as `help`.","lastModifiedDate":"2021-02-03"},{"lineNumber":59,"author":{"gitId":"-"},"content":"","lastModifiedDate":"2021-02-03"},{"lineNumber":60,"author":{"gitId":"-"},"content":"\u003c/div\u003e","lastModifiedDate":"2020-05-23"},{"lineNumber":61,"author":{"gitId":"-"},"content":"","lastModifiedDate":"2020-05-23"},{"lineNumber":62,"author":{"gitId":"-"},"content":"### Viewing help : `help`","lastModifiedDate":"2020-05-23"},{"lineNumber":63,"author":{"gitId":"-"},"content":"","lastModifiedDate":"2020-05-23"},{"lineNumber":64,"author":{"gitId":"bigcrushes"},"content":"Shows a message explaining how to access the help page.","lastModifiedDate":"2022-09-29"},{"lineNumber":65,"author":{"gitId":"-"},"content":"","lastModifiedDate":"2020-05-23"},{"lineNumber":66,"author":{"gitId":"-"},"content":"![help message](images/helpMessage.png)","lastModifiedDate":"2020-05-23"},{"lineNumber":67,"author":{"gitId":"-"},"content":"","lastModifiedDate":"2020-05-23"},{"lineNumber":68,"author":{"gitId":"-"},"content":"Format: `help`","lastModifiedDate":"2020-05-23"},{"lineNumber":69,"author":{"gitId":"-"},"content":"","lastModifiedDate":"2020-05-23"},{"lineNumber":70,"author":{"gitId":"-"},"content":"","lastModifiedDate":"2020-05-23"},{"lineNumber":71,"author":{"gitId":"bigcrushes"},"content":"### Adding an internship application: `add`","lastModifiedDate":"2022-09-29"},{"lineNumber":72,"author":{"gitId":"-"},"content":"","lastModifiedDate":"2020-05-23"},{"lineNumber":73,"author":{"gitId":"bigcrushes"},"content":"Adds a new internship application to the tracker.","lastModifiedDate":"2022-09-29"},{"lineNumber":74,"author":{"gitId":"-"},"content":"","lastModifiedDate":"2020-05-23"},{"lineNumber":75,"author":{"gitId":"bigcrushes"},"content":"Format: ` add p/POSITION c/COMPANY e/EMAIL a/ADDRESS [t/TAG]…`","lastModifiedDate":"2022-09-29"},{"lineNumber":76,"author":{"gitId":"-"},"content":"","lastModifiedDate":"2020-05-23"},{"lineNumber":77,"author":{"gitId":"-"},"content":"\u003cdiv markdown\u003d\"span\" class\u003d\"alert alert-primary\"\u003e:bulb: **Tip:**","lastModifiedDate":"2020-05-23"},{"lineNumber":78,"author":{"gitId":"bigcrushes"},"content":"An internship can have any number of tags (including 0)","lastModifiedDate":"2022-09-29"},{"lineNumber":79,"author":{"gitId":"-"},"content":"\u003c/div\u003e","lastModifiedDate":"2020-05-23"},{"lineNumber":80,"author":{"gitId":"-"},"content":"","lastModifiedDate":"2020-05-23"},{"lineNumber":81,"author":{"gitId":"-"},"content":"Examples:","lastModifiedDate":"2020-05-23"},{"lineNumber":82,"author":{"gitId":"bigcrushes"},"content":"* `add p/Software Engineer Intern c/Google e/email@gmail.com a/1600 Amphitheatre Parkway t/Urgent`","lastModifiedDate":"2022-09-29"},{"lineNumber":83,"author":{"gitId":"bigcrushes"},"content":"* `add p/Data Analyst c/TikTok e/tiktok@bytedance.com a/1 Raffles Quay`","lastModifiedDate":"2022-09-29"},{"lineNumber":84,"author":{"gitId":"-"},"content":"","lastModifiedDate":"2020-05-23"},{"lineNumber":85,"author":{"gitId":"bigcrushes"},"content":"### Listing all internship applications : `list`","lastModifiedDate":"2022-09-29"},{"lineNumber":86,"author":{"gitId":"-"},"content":"","lastModifiedDate":"2020-05-23"},{"lineNumber":87,"author":{"gitId":"bigcrushes"},"content":"Shows a list of all internship applications in the tracker.","lastModifiedDate":"2022-09-29"},{"lineNumber":88,"author":{"gitId":"-"},"content":"","lastModifiedDate":"2020-05-23"},{"lineNumber":89,"author":{"gitId":"-"},"content":"Format: `list`","lastModifiedDate":"2020-05-23"},{"lineNumber":90,"author":{"gitId":"-"},"content":"","lastModifiedDate":"2020-05-23"},{"lineNumber":91,"author":{"gitId":"bigcrushes"},"content":"### Deleting an internship application : `delete`","lastModifiedDate":"2022-09-29"},{"lineNumber":92,"author":{"gitId":"-"},"content":"","lastModifiedDate":"2020-05-23"},{"lineNumber":93,"author":{"gitId":"bigcrushes"},"content":"Deletes the specified internship application from the tracker.","lastModifiedDate":"2022-09-29"},{"lineNumber":94,"author":{"gitId":"-"},"content":"","lastModifiedDate":"2020-05-23"},{"lineNumber":95,"author":{"gitId":"-"},"content":"Format: `delete INDEX`","lastModifiedDate":"2020-05-23"},{"lineNumber":96,"author":{"gitId":"-"},"content":"","lastModifiedDate":"2020-05-23"},{"lineNumber":97,"author":{"gitId":"bigcrushes"},"content":"* Deletes the internship application at the specified INDEX.","lastModifiedDate":"2022-09-29"},{"lineNumber":98,"author":{"gitId":"bigcrushes"},"content":"* The index refers to the index number shown in the displayed internship list.","lastModifiedDate":"2022-09-29"},{"lineNumber":99,"author":{"gitId":"bigcrushes"},"content":"* The index **must be a positive integer** 1, 2, 3, …","lastModifiedDate":"2022-09-29"},{"lineNumber":100,"author":{"gitId":"-"},"content":"  ","lastModifiedDate":"2020-05-23"},{"lineNumber":101,"author":{"gitId":"-"},"content":"Examples:","lastModifiedDate":"2020-05-23"},{"lineNumber":102,"author":{"gitId":"bigcrushes"},"content":"* `list` followed by `delete 1` deletes the 1st internship application in InTrack.","lastModifiedDate":"2022-09-29"},{"lineNumber":103,"author":{"gitId":"-"},"content":"","lastModifiedDate":"2020-05-23"},{"lineNumber":104,"author":{"gitId":"bigcrushes"},"content":"### Marking completion status of an internship application : `mark`","lastModifiedDate":"2022-09-29"},{"lineNumber":105,"author":{"gitId":"-"},"content":"","lastModifiedDate":"2020-05-23"},{"lineNumber":106,"author":{"gitId":"bigcrushes"},"content":"Marks the specified internship application as completed.","lastModifiedDate":"2022-09-29"},{"lineNumber":107,"author":{"gitId":"-"},"content":"","lastModifiedDate":"2020-05-23"},{"lineNumber":108,"author":{"gitId":"bigcrushes"},"content":"Format: `mark INDEX`","lastModifiedDate":"2022-09-29"},{"lineNumber":109,"author":{"gitId":"-"},"content":"","lastModifiedDate":"2020-05-23"},{"lineNumber":110,"author":{"gitId":"bigcrushes"},"content":"* Marks the internship application at the specified INDEX.","lastModifiedDate":"2022-09-29"},{"lineNumber":111,"author":{"gitId":"bigcrushes"},"content":"* The index refers to the index number shown in the displayed internship list.","lastModifiedDate":"2022-09-29"},{"lineNumber":112,"author":{"gitId":"bigcrushes"},"content":"* The index **must be a positive integer** 1, 2, 3, …","lastModifiedDate":"2022-09-29"},{"lineNumber":113,"author":{"gitId":"-"},"content":"","lastModifiedDate":"2020-05-23"},{"lineNumber":114,"author":{"gitId":"bigcrushes"},"content":"Examples:","lastModifiedDate":"2022-09-29"},{"lineNumber":115,"author":{"gitId":"bigcrushes"},"content":"* `list` followed by `mark 1` marks the 1st internship application in InTrack as completed.","lastModifiedDate":"2022-09-29"},{"lineNumber":116,"author":{"gitId":"-"},"content":"","lastModifiedDate":"2020-05-23"},{"lineNumber":117,"author":{"gitId":"-"},"content":"### Saving the data","lastModifiedDate":"2020-05-23"},{"lineNumber":118,"author":{"gitId":"-"},"content":"","lastModifiedDate":"2020-05-23"},{"lineNumber":119,"author":{"gitId":"bigcrushes"},"content":"InTrack data are saved in the hard disk automatically after any command that changes the data. There is no need to save manually.","lastModifiedDate":"2022-09-29"},{"lineNumber":120,"author":{"gitId":"-"},"content":"","lastModifiedDate":"2020-05-23"},{"lineNumber":121,"author":{"gitId":"-"},"content":"--------------------------------------------------------------------------------------------------------------------","lastModifiedDate":"2020-05-23"},{"lineNumber":122,"author":{"gitId":"-"},"content":"","lastModifiedDate":"2020-05-23"},{"lineNumber":123,"author":{"gitId":"-"},"content":"## FAQ","lastModifiedDate":"2020-05-23"},{"lineNumber":124,"author":{"gitId":"-"},"content":"","lastModifiedDate":"2020-05-23"},{"lineNumber":125,"author":{"gitId":"bigcrushes"},"content":"- Work in progress","lastModifiedDate":"2022-09-29"},{"lineNumber":126,"author":{"gitId":"-"},"content":"","lastModifiedDate":"2020-05-23"},{"lineNumber":127,"author":{"gitId":"-"},"content":"--------------------------------------------------------------------------------------------------------------------","lastModifiedDate":"2020-05-23"},{"lineNumber":128,"author":{"gitId":"-"},"content":"","lastModifiedDate":"2020-05-23"},{"lineNumber":129,"author":{"gitId":"-"},"content":"## Command summary","lastModifiedDate":"2020-05-23"},{"lineNumber":130,"author":{"gitId":"-"},"content":"","lastModifiedDate":"2020-05-23"},{"lineNumber":131,"author":{"gitId":"-"},"content":"Action | Format, Examples","lastModifiedDate":"2020-05-23"},{"lineNumber":132,"author":{"gitId":"-"},"content":"--------|------------------","lastModifiedDate":"2020-05-23"},{"lineNumber":133,"author":{"gitId":"-"},"content":"**Help** | `help`","lastModifiedDate":"2020-05-23"},{"lineNumber":134,"author":{"gitId":"bigcrushes"},"content":"**Add** | `add p/POSITION c/COMPANY e/EMAIL a/ADDRESS [t/TAG]…` \u003cbr\u003e e.g., `add p/Software Engineer Intern c/Google e/email@gmail.com a/1600 Amphitheatre Parkway t/Urgent`","lastModifiedDate":"2022-09-29"},{"lineNumber":135,"author":{"gitId":"bigcrushes"},"content":"**Delete** | `delete INDEX`\u003cbr\u003e e.g., `delete 1`","lastModifiedDate":"2022-09-29"},{"lineNumber":136,"author":{"gitId":"bigcrushes"},"content":"**Mark** | `mark INDEX`\u003cbr\u003e e.g., `mark 1`","lastModifiedDate":"2022-09-29"},{"lineNumber":137,"author":{"gitId":"bigcrushes"},"content":"**List** | `list`","lastModifiedDate":"2022-09-29"},{"lineNumber":138,"author":{"gitId":"bigcrushes"},"content":"","lastModifiedDate":"2022-09-29"}],"authorContributionMap":{"bigcrushes":51,"-":87}},{"path":"docs/team/jetlfj.md","fileType":"docs","lines":[{"lineNumber":1,"author":{"gitId":"jetlfj"},"content":"---","lastModifiedDate":"2022-09-28"},{"lineNumber":2,"author":{"gitId":"jetlfj"},"content":"layout: page","lastModifiedDate":"2022-09-28"},{"lineNumber":3,"author":{"gitId":"jetlfj"},"content":"title: Jet\u0027s Project Portfolio Page","lastModifiedDate":"2022-09-28"},{"lineNumber":4,"author":{"gitId":"jetlfj"},"content":"---","lastModifiedDate":"2022-09-28"},{"lineNumber":5,"author":{"gitId":"jetlfj"},"content":"","lastModifiedDate":"2022-09-28"},{"lineNumber":6,"author":{"gitId":"jetlfj"},"content":"### Project: InTrack","lastModifiedDate":"2022-09-28"},{"lineNumber":7,"author":{"gitId":"jetlfj"},"content":"","lastModifiedDate":"2022-09-28"},{"lineNumber":8,"author":{"gitId":"jetlfj"},"content":"InTrack is a desktop application helps Computer Science students who are applying for multiple internships to keep","lastModifiedDate":"2022-09-28"},{"lineNumber":9,"author":{"gitId":"jetlfj"},"content":"track of their progress and deadlines across these applications. The user interacts with it using a CLI, and it has a","lastModifiedDate":"2022-09-28"},{"lineNumber":10,"author":{"gitId":"jetlfj"},"content":"GUI created with JavaFX.","lastModifiedDate":"2022-09-28"},{"lineNumber":11,"author":{"gitId":"jetlfj"},"content":"","lastModifiedDate":"2022-09-28"},{"lineNumber":12,"author":{"gitId":"jetlfj"},"content":"Given below are my contributions to the project.","lastModifiedDate":"2022-09-28"},{"lineNumber":13,"author":{"gitId":"jetlfj"},"content":"* **Code contributed**: [RepoSense link](https://nus-cs2103-ay2223s1.github.io/tp-dashboard/?search\u003djetlfj\u0026breakdown\u003dtrue)","lastModifiedDate":"2022-09-28"},{"lineNumber":14,"author":{"gitId":"jetlfj"},"content":"* **Enhancements implemented**: *to be added soon*","lastModifiedDate":"2022-09-28"},{"lineNumber":15,"author":{"gitId":"jetlfj"},"content":"* **Contributions to the UG:**: *to be added soon*","lastModifiedDate":"2022-09-28"},{"lineNumber":16,"author":{"gitId":"jetlfj"},"content":"* **Contributions to the DG**: *to be added soon*","lastModifiedDate":"2022-09-28"},{"lineNumber":17,"author":{"gitId":"jetlfj"},"content":"* **Contributions to team-based tasks**: *to be added soon*","lastModifiedDate":"2022-09-28"},{"lineNumber":18,"author":{"gitId":"jetlfj"},"content":"* **Review/mentoring contributions:**: *to be added soon*","lastModifiedDate":"2022-09-28"},{"lineNumber":19,"author":{"gitId":"jetlfj"},"content":"* **Contributions beyond the project team**: *to be added soon*","lastModifiedDate":"2022-09-28"}],"authorContributionMap":{"jetlfj":19}}]
