{"authorDailyContributionsMap":{"turretDive":[{"date":"2022-09-29","commitResults":[{"hash":"3bf7eac1834caf54532a2355425880ea31dd0b72","messageTitle":"Update AboutUs.md","messageBody":"","fileTypesAndContributionMap":{"docs":{"insertions":7,"deletions":8}}},{"hash":"4f5ba40a07630e342182ba164d9269eed145dfb0","messageTitle":"Update turretdive.md","messageBody":"","fileTypesAndContributionMap":{"docs":{"insertions":0,"deletions":0}}},{"hash":"0df77b8e030cafd4b4959cb8d6e6c1233c6475db","messageTitle":"Update turredive.md","messageBody":"","fileTypesAndContributionMap":{"docs":{"insertions":3,"deletions":3}}},{"hash":"1e53ea284a2ff85ede32ca4f077903617ca41672","messageTitle":"Update UserGuide.md","messageBody":"","fileTypesAndContributionMap":{"docs":{"insertions":13,"deletions":2}}},{"hash":"57fdf6778f40bcc7ff1c5f29b85ef323e9e92884","messageTitle":"Update DeveloperGuide.md User Stories","messageBody":"","fileTypesAndContributionMap":{"docs":{"insertions":8,"deletions":7}}},{"hash":"95d14f527229561a4990e630dfab81fd7e184682","messageTitle":"Update README.md, UserGuide.md, DeveloperGuide.md","messageBody":"","fileTypesAndContributionMap":{"docs":{"insertions":2,"deletions":0}}}]},{"date":"2022-10-06","commitResults":[{"hash":"0d391111d6c7e02bdbf82ac93983c63ef2c205dc","messageTitle":"Update UserGuide","messageBody":"","fileTypesAndContributionMap":{"docs":{"insertions":1,"deletions":1}}},{"hash":"05867231fbac78c1a06722287f727653e98948db","messageTitle":"Update UserGuide.md for new Occupation feature","messageBody":"","fileTypesAndContributionMap":{"docs":{"insertions":1,"deletions":1}}}]},{"date":"2022-10-11","commitResults":[{"hash":"634f2ce68a99eff4c563ccf47bbe56838dd4f2c9","messageTitle":"Add Occupation to Person class","messageBody":"","fileTypesAndContributionMap":{"functional-code":{"insertions":158,"deletions":62},"test-code":{"insertions":20,"deletions":9}}},{"hash":"0f707feea7bb61d99bff302fd9751662e59df4e2","messageTitle":"Add Occupation to Person class","messageBody":"","fileTypesAndContributionMap":{"functional-code":{"insertions":97,"deletions":26},"test-code":{"insertions":4,"deletions":6}}},{"hash":"85506721e2816b1c81f4ee5e44ca09792a145e42","messageTitle":"Change order of imports","messageBody":"","fileTypesAndContributionMap":{"functional-code":{"insertions":1,"deletions":1}}},{"hash":"2856047151e7c544c5f31f3f7255fb94c1ad7131","messageTitle":"Delete unused imports","messageBody":"","fileTypesAndContributionMap":{"functional-code":{"insertions":0,"deletions":1}}},{"hash":"a4f3da74445d9e8f3e87fda8a38e3cc972c1af18","messageTitle":"Update checkstyle","messageBody":"","fileTypesAndContributionMap":{"functional-code":{"insertions":1,"deletions":1},"test-code":{"insertions":31,"deletions":11}}},{"hash":"fa0cf36f787e00805bdacd73a017fff12c8b584a","messageTitle":"Update checkstyle","messageBody":"","fileTypesAndContributionMap":{"test-code":{"insertions":6,"deletions":2}}},{"hash":"68ef92cfd7d7873de1e9d208be3dda3eecd6af64","messageTitle":"Update JsonAdaptedPersonTest.java","messageBody":"","fileTypesAndContributionMap":{"test-code":{"insertions":1,"deletions":1}}},{"hash":"fe4721e281a713dfdcbda31ae7c4fb2204697c49","messageTitle":"Add Occupation to Person class","messageBody":"","fileTypesAndContributionMap":{"functional-code":{"insertions":5,"deletions":1},"test-code":{"insertions":53,"deletions":18}}},{"hash":"6acf5973895e1df9ea93351048863c90f2d28a0b","messageTitle":"Update Checkstyle","messageBody":"","fileTypesAndContributionMap":{"functional-code":{"insertions":4,"deletions":2}}},{"hash":"42af3a0ca85fc083bda0dbf7db13f80758b58918","messageTitle":"Update Checkstyle","messageBody":"","fileTypesAndContributionMap":{"functional-code":{"insertions":2,"deletions":2}}},{"hash":"9973a352ad8308f1941071caaba12b9f521e772b","messageTitle":"Fix EditCommand Checkstyle","messageBody":"","fileTypesAndContributionMap":{"functional-code":{"insertions":2,"deletions":4}}},{"hash":"c88f86894b69a6a4c9211333c68cd0c68185236e","messageTitle":"Fix Checkstyle for AddCommandParserTest.java","messageBody":"","fileTypesAndContributionMap":{"test-code":{"insertions":26,"deletions":28}}},{"hash":"ad3787a3e1525bbfb0472b75d6f1b82bca894aba","messageTitle":"Fix Checkstyle","messageBody":"","fileTypesAndContributionMap":{"test-code":{"insertions":6,"deletions":2}}},{"hash":"ff413c8e263dfe5b87c53bf49108ab0f5a577bcb","messageTitle":"Fix Bug on AddCommandParserTest.java","messageBody":"","fileTypesAndContributionMap":{"test-code":{"insertions":1,"deletions":1}}},{"hash":"d09dc1ff1d45e1e53261ea8b2d86b86689df1494","messageTitle":"Fix Checkstyle again","messageBody":"","fileTypesAndContributionMap":{"test-code":{"insertions":2,"deletions":2}}},{"hash":"fed2ec9fa271de55a2999ba422672dfdcc323577","messageTitle":"Update index.md","messageBody":"","fileTypesAndContributionMap":{"docs":{"insertions":1,"deletions":1}}}]},{"date":"2022-10-16","commitResults":[{"hash":"9443af8c43619bda8fe2df2e1fdac6e87759720b","messageTitle":"Fix GUI issue where Occupation doesnt show on GUI","messageBody":"","fileTypesAndContributionMap":{"functional-code":{"insertions":4,"deletions":4}}}]},{"date":"2022-10-20","commitResults":[{"hash":"eaf0fcef43992e7b58092f418d44c84f6284b004","messageTitle":"Update DG draft","messageBody":"","fileTypesAndContributionMap":{"docs":{"insertions":110,"deletions":2}}},{"hash":"de98db36522549c7e86b11e33538b47eccda80aa","messageTitle":"Update Index.md","messageBody":"","fileTypesAndContributionMap":{"docs":{"insertions":1,"deletions":1}}}]},{"date":"2022-10-21","commitResults":[{"hash":"c50403eee271a4954f8e3da8abc9a44b16200c5a","messageTitle":"Add Social Media feature functionality","messageBody":"","fileTypesAndContributionMap":{"functional-code":{"insertions":388,"deletions":4}}}]},{"date":"2022-10-22","commitResults":[{"hash":"1ab5b21ec3167793499cd161eefe9d212c6f824b","messageTitle":"Fix test issues","messageBody":"","fileTypesAndContributionMap":{"functional-code":{"insertions":5,"deletions":11}}},{"hash":"84918d0b5d60f555294be695d7ea3fd840620a9b","messageTitle":"Fix Checkstyle issue","messageBody":"","fileTypesAndContributionMap":{"functional-code":{"insertions":4,"deletions":1}}},{"hash":"97ba60c2d1e5e7737de880acc3d3ab4247146f70","messageTitle":"Add Exclude Social feature","messageBody":"","fileTypesAndContributionMap":{"functional-code":{"insertions":240,"deletions":30},"test-code":{"insertions":7,"deletions":1}}},{"hash":"70494cfedbe4896f1b37777c018880f6dbee0dcb","messageTitle":"Fix Checkstyle issue","messageBody":"","fileTypesAndContributionMap":{"functional-code":{"insertions":2,"deletions":1}}},{"hash":"b7ee735cd886106d5252ccdf3df08a2ba824c291","messageTitle":"Add Prefer Social feature and Fix Saving Social bug","messageBody":"","fileTypesAndContributionMap":{"functional-code":{"insertions":195,"deletions":10},"test-code":{"insertions":12,"deletions":10}}}]},{"date":"2022-10-26","commitResults":[{"hash":"aeebd0a1b3b99ab80ce5dac367e3794062bed93a","messageTitle":"Add OpenCommand","messageBody":"","fileTypesAndContributionMap":{"functional-code":{"insertions":217,"deletions":1}}},{"hash":"33c19e1d0e5c878614333188e2b5244b21b2ce2b","messageTitle":"Update GUI for Socials","messageBody":"","fileTypesAndContributionMap":{"functional-code":{"insertions":273,"deletions":22}}},{"hash":"d4f631f60208a5537955fc66767cd2f0ec5320bd","messageTitle":"Fix bug regarding valid links","messageBody":"","fileTypesAndContributionMap":{"functional-code":{"insertions":80,"deletions":21}}}]},{"date":"2022-10-27","commitResults":[{"hash":"d6912a05a56cf8bb560cdfe09ac291aa56ed6b87","messageTitle":"Update GUI and fix Social bugs","messageBody":"","fileTypesAndContributionMap":{"functional-code":{"insertions":65,"deletions":33}}},{"hash":"3fb85de93ecc9eedddfc389385948e0f34f4d262","messageTitle":"Fix Checkstyle issue","messageBody":"","fileTypesAndContributionMap":{"functional-code":{"insertions":1,"deletions":1}}},{"hash":"fc42018fa0b06e4d928688c22f148d4f664c2adc","messageTitle":"Fix test issue","messageBody":"","fileTypesAndContributionMap":{"functional-code":{"insertions":1,"deletions":1},"docs":{"insertions":1,"deletions":1}}}]},{"date":"2022-10-28","commitResults":[{"hash":"8b212ed9e0d6106ba73e0ede1aadd4693d940e1f","messageTitle":"Fix GUI bugs","messageBody":"","fileTypesAndContributionMap":{"functional-code":{"insertions":168,"deletions":172},"test-code":{"insertions":1,"deletions":1}}},{"hash":"00237ec372f6eb6ad82cd860502763dae9a1dac3","messageTitle":"Update UserGuide.md","messageBody":"","fileTypesAndContributionMap":{"docs":{"insertions":88,"deletions":5}}},{"hash":"52d7bcca0a13ba7d6771701003040cbc8f5e0dc2","messageTitle":"Update GUI","messageBody":"","fileTypesAndContributionMap":{"functional-code":{"insertions":11,"deletions":11}}},{"hash":"c8223ef6c1936333d24794ec5e519e6bec5a5617","messageTitle":"Fix duplicate person bug","messageBody":"","fileTypesAndContributionMap":{"functional-code":{"insertions":1,"deletions":1}}},{"hash":"71ca0e5e45f05de8828aa92b518f7d8308c1e31d","messageTitle":"Fix Test issues regarding duplicate person","messageBody":"","fileTypesAndContributionMap":{"test-code":{"insertions":5,"deletions":6}}}]},{"date":"2022-11-03","commitResults":[{"hash":"1b83ebbd393d22c78097ec0f5b23dc62e7552a05","messageTitle":"Fix Bugs","messageBody":"","fileTypesAndContributionMap":{"functional-code":{"insertions":3,"deletions":1}}},{"hash":"ee75389b9016f162c9c3fa83741d3358efa00d6d","messageTitle":"Fix Bug where Social commands does not update Social Pane","messageBody":"","fileTypesAndContributionMap":{"functional-code":{"insertions":2,"deletions":1}}},{"hash":"9b325a77b0d72a2b07db1d1069d487d7ca4a465c","messageTitle":"Fix Bug regarding invalid email address accepted as email SOCIAL_INFO","messageBody":"","fileTypesAndContributionMap":{"functional-code":{"insertions":9,"deletions":0}}},{"hash":"5650c1983ce45e34a7de555a251b83f2f353d3bc","messageTitle":"Fix Bug regarding invalid phone number accepted as Whatsapp SOCIAL_INFO","messageBody":"","fileTypesAndContributionMap":{"functional-code":{"insertions":7,"deletions":0}}}]},{"date":"2022-11-04","commitResults":[{"hash":"6173df2bef9e3cab2134520b09515d84a728067c","messageTitle":"Fix Bug where Preferred social cannot be excluded","messageBody":"","fileTypesAndContributionMap":{"functional-code":{"insertions":15,"deletions":3}}},{"hash":"56286cc33fec2dad9473929d40b36eff8f9749a8","messageTitle":"Fix Checkstyle issues","messageBody":"","fileTypesAndContributionMap":{"functional-code":{"insertions":5,"deletions":2}}}]}],"liviamil":[{"date":"2022-09-29","commitResults":[{"hash":"6adb3c2cc2b83a9dc0a5173b0a4d166f26ff10ad","messageTitle":"Update AboutUs.md","messageBody":"","fileTypesAndContributionMap":{"docs":{"insertions":5,"deletions":5}}},{"hash":"1fe3871091c394d2fe51a28275a5b1f0ba2bdc02","messageTitle":"Add liviamil.md","messageBody":"","fileTypesAndContributionMap":{"docs":{"insertions":46,"deletions":0}}},{"hash":"bcb643c1afc5350fc9f6e60be5b0668877915cc4","messageTitle":"Update REAME.md","messageBody":"","fileTypesAndContributionMap":{"docs":{"insertions":8,"deletions":10}}},{"hash":"8363dd5bf7830af3fc5adc4d5f1a55f7e6a42d1c","messageTitle":"Update user guide","messageBody":"","fileTypesAndContributionMap":{"docs":{"insertions":2,"deletions":2}}},{"hash":"30da84c97a39dc68f3d98e1b22a79b9210ed05a9","messageTitle":"update user guide","messageBody":"","fileTypesAndContributionMap":{"docs":{"insertions":1,"deletions":1}}}]},{"date":"2022-10-03","commitResults":[{"hash":"b798ad70b75f31590dbf24edd44ba58ab1f1d40a","messageTitle":"Erase traces of AddressBook in User Guide","messageBody":"","fileTypesAndContributionMap":{"other":{"insertions":0,"deletions":89},"docs":{"insertions":14,"deletions":22}}},{"hash":"6d6a1046879a283a0f5bd07d6cccc7c517f525ec","messageTitle":"Update UserGuide.md","messageBody":"","fileTypesAndContributionMap":{"docs":{"insertions":1,"deletions":1}}},{"hash":"f4149dcd323a55e7c99f672690597874cd408d28","messageTitle":"Update UserGuide.md","messageBody":"","fileTypesAndContributionMap":{"docs":{"insertions":1,"deletions":1}}},{"hash":"73e2ef5cc2e61df150bbf205dff3029e74a0f3dd","messageTitle":"Update UserGuide.md","messageBody":"","fileTypesAndContributionMap":{"docs":{"insertions":9,"deletions":2}}}]},{"date":"2022-10-11","commitResults":[{"hash":"2b24607c633be55b13b541bb1d7e25149fef4b9b","messageTitle":"Add sort command","messageBody":"","fileTypesAndContributionMap":{"functional-code":{"insertions":215,"deletions":11}}},{"hash":"f5a05bcd6edb60bac0240be8ab1f2cac2b8d5a01","messageTitle":"Edit import statements to cater to java coding standards","messageBody":"","fileTypesAndContributionMap":{"functional-code":{"insertions":10,"deletions":1}}},{"hash":"778a82b04d2fa16c372c7939ce94f03753316962","messageTitle":"Fix checkstyle issues","messageBody":"","fileTypesAndContributionMap":{"functional-code":{"insertions":22,"deletions":15}}},{"hash":"37c921d54a6c2ea4b065ec3779951b5f7f2a4f6a","messageTitle":"Fix class abstraction issues and set up Test files","messageBody":"","fileTypesAndContributionMap":{"functional-code":{"insertions":0,"deletions":1},"test-code":{"insertions":48,"deletions":0}}}]},{"date":"2022-10-12","commitResults":[{"hash":"f5dea05efca35141b1281afeb913bf71bb876fe5","messageTitle":"Update comments","messageBody":"","fileTypesAndContributionMap":{"functional-code":{"insertions":1,"deletions":1},"other":{"insertions":0,"deletions":89}}},{"hash":"dbdece07837252376014acbede369ce3217cd1c4","messageTitle":"Fix checkstyle","messageBody":"","fileTypesAndContributionMap":{"test-code":{"insertions":0,"deletions":2}}},{"hash":"be3229fcd958eb01bd5f456fc9ae2ac332db15a3","messageTitle":"Update UserGuide.md with SortCommand","messageBody":"","fileTypesAndContributionMap":{"docs":{"insertions":20,"deletions":0}}}]},{"date":"2022-10-19","commitResults":[{"hash":"56d86558b85448f915090b184b2e71bdbe0b19f7","messageTitle":"Update jar name","messageBody":"","fileTypesAndContributionMap":{"other":{"insertions":5,"deletions":1}}},{"hash":"a0ee616ffdebcf5d5aebe77fda65864650c4724a","messageTitle":"Update jar name","messageBody":"","fileTypesAndContributionMap":{"other":{"insertions":0,"deletions":3}}}]},{"date":"2022-10-20","commitResults":[{"hash":"140799984ded8d2e53e5d31e39c807efca91d381","messageTitle":"Edit Developer Guide","messageBody":"","fileTypesAndContributionMap":{"docs":{"insertions":16,"deletions":3}}}]},{"date":"2022-10-24","commitResults":[{"hash":"62c2d41056ed397e0346092d96244070e773277e","messageTitle":"Add Tutorial Class","messageBody":"","fileTypesAndContributionMap":{"functional-code":{"insertions":60,"deletions":0}}},{"hash":"0672ed9b3be8298fbadf5050ff43aeafdbacada6","messageTitle":"Add Tutorial to Person class","messageBody":"","fileTypesAndContributionMap":{"functional-code":{"insertions":11,"deletions":2}}},{"hash":"cffb5d126a9579f02861a1c6f899fba2a79ad69c","messageTitle":"Refactor parser logic with tutorial field","messageBody":"","fileTypesAndContributionMap":{"functional-code":{"insertions":24,"deletions":2}}},{"hash":"8b08b425f0b7e0d3f7feed81c68b864f1d3c3597","messageTitle":"Add tutorial field to EditCommand","messageBody":"","fileTypesAndContributionMap":{"functional-code":{"insertions":24,"deletions":2}}},{"hash":"749c11a29a9249395d99a76572a588d62c520ec0","messageTitle":"Add tutorial field to JsonAdaptedPerson, test,  and SampleDataUtil","messageBody":"","fileTypesAndContributionMap":{"functional-code":{"insertions":24,"deletions":9},"test-code":{"insertions":30,"deletions":10}}},{"hash":"903435e2ddb7fe8e1dbb4fe6a640224a25b03eb4","messageTitle":"Add tutorial field to AddAdress and Add commands","messageBody":"","fileTypesAndContributionMap":{"functional-code":{"insertions":7,"deletions":1}}}]},{"date":"2022-10-25","commitResults":[{"hash":"a9b1616d910d9d65e3d3f88f004a0e0c5c158160","messageTitle":"Add tutorial to test files","messageBody":"","fileTypesAndContributionMap":{"test-code":{"insertions":191,"deletions":52}}},{"hash":"c38601d112d900b8a101b4514ec665ad061bd62b","messageTitle":"Add tutorial to UI","messageBody":"","fileTypesAndContributionMap":{"functional-code":{"insertions":3,"deletions":0}}},{"hash":"c1abf26b6f5c8627ce8bdafd27ad1e76cf4dbb52","messageTitle":"Fix GUI to show tutorial in Person Card","messageBody":"","fileTypesAndContributionMap":{"functional-code":{"insertions":4,"deletions":3}}},{"hash":"8cb3408296f30a0d18684c6c05b5eae0ca8e4310","messageTitle":"Resolve merge conflicts","messageBody":"","fileTypesAndContributionMap":{"functional-code":{"insertions":153,"deletions":17},"test-code":{"insertions":221,"deletions":62}}},{"hash":"764361ba55eb970a896380407c3edb6c4827c396","messageTitle":"Revert \"Resolve merge conflicts\"","messageBody":"This reverts commit 8cb3408296f30a0d18684c6c05b5eae0ca8e4310.\n","fileTypesAndContributionMap":{"functional-code":{"insertions":17,"deletions":153},"test-code":{"insertions":62,"deletions":221}}},{"hash":"712b148f268c022ba050d7143279f7e4a8d06296","messageTitle":"Resolve merge conflicts in JsonAdaptedPersonTest","messageBody":"","fileTypesAndContributionMap":{"test-code":{"insertions":2,"deletions":2}}},{"hash":"a3705883268f7c1c7c4c215355604aa4d0ae59aa","messageTitle":"Fix checkstyle","messageBody":"","fileTypesAndContributionMap":{"functional-code":{"insertions":6,"deletions":5}}},{"hash":"56b4c8b9e64a5b95aa30adaad9abbaac4299328a","messageTitle":"Fix checkstyle for test files","messageBody":"","fileTypesAndContributionMap":{"test-code":{"insertions":22,"deletions":11}}}]},{"date":"2022-10-26","commitResults":[{"hash":"2f082d372af857c9083647f12921857c5e1bb906","messageTitle":"Fix accepted tutorial conditions","messageBody":"","fileTypesAndContributionMap":{"functional-code":{"insertions":3,"deletions":3}}},{"hash":"4dc9314090974ea8e3d094dcc5f2b99da22d7702","messageTitle":"Fix tutorial validation","messageBody":"","fileTypesAndContributionMap":{"functional-code":{"insertions":3,"deletions":3}}},{"hash":"b4549eabd5ad4e4dd9e22523a759aee4b3bd5acf","messageTitle":"Fix test errors","messageBody":"","fileTypesAndContributionMap":{"test-code":{"insertions":11,"deletions":18}}},{"hash":"32b1e8a5e3343a879296e97f8aa3d6711cf75d94","messageTitle":"Fix checkstyle main","messageBody":"","fileTypesAndContributionMap":{"functional-code":{"insertions":1,"deletions":3}}},{"hash":"600e0f6ee691423593b54dc225531d14997513a8","messageTitle":"Fix checkstyle test","messageBody":"","fileTypesAndContributionMap":{"test-code":{"insertions":17,"deletions":11}}},{"hash":"caa1bd9c41571f9a671235c79c8328757508ec90","messageTitle":"Fix remaining checkstyle","messageBody":"","fileTypesAndContributionMap":{"functional-code":{"insertions":2,"deletions":1},"test-code":{"insertions":2,"deletions":2}}}]},{"date":"2022-10-27","commitResults":[{"hash":"ec0004562d45bf180713b64109467dd8697774a6","messageTitle":"Add SocialCommand and edit related classes","messageBody":"","fileTypesAndContributionMap":{"functional-code":{"insertions":112,"deletions":20}}},{"hash":"418acf518301337e65e55176b05d14de96b8d5ea","messageTitle":"Add tests","messageBody":"","fileTypesAndContributionMap":{"test-code":{"insertions":63,"deletions":0}}},{"hash":"b08874c328b7f924b70d3f7479d0113fcaae9556","messageTitle":"Fix checkstyle","messageBody":"","fileTypesAndContributionMap":{"functional-code":{"insertions":21,"deletions":1}}},{"hash":"4d7ebe2f7601585eeb4329d3615ad8aa79a73603","messageTitle":"Fix checkstyle","messageBody":"","fileTypesAndContributionMap":{"functional-code":{"insertions":1,"deletions":1}}},{"hash":"818fd395734c3c4e7fd0a89138ef5e834c6b7426","messageTitle":"Add favorite command (\u0027fav\u0027)","messageBody":"","fileTypesAndContributionMap":{"functional-code":{"insertions":122,"deletions":0},"docs":{"insertions":5,"deletions":4}}},{"hash":"b913ffe6f8d60fd4c191960d2c72d86d66f62df9","messageTitle":"Complete feature details","messageBody":"","fileTypesAndContributionMap":{"docs":{"insertions":63,"deletions":32}}},{"hash":"47592446f7c434b451d80e3d42e5b8b5a61e091e","messageTitle":"Organize UserGuide","messageBody":"","fileTypesAndContributionMap":{"docs":{"insertions":93,"deletions":90}}}]},{"date":"2022-10-28","commitResults":[{"hash":"ee175f080fddd550fcb1f89bdac907dbe3c2064d","messageTitle":"Add person fields","messageBody":"","fileTypesAndContributionMap":{"docs":{"insertions":82,"deletions":37}}},{"hash":"b701bfc15e9e2c54a136f6ece005ae0f9bd12d7f","messageTitle":"Edit new fields to existing commands","messageBody":"","fileTypesAndContributionMap":{"docs":{"insertions":27,"deletions":26}}},{"hash":"14259716d9cbc1f9a70717a7de27f09a0f407153","messageTitle":"Update DG with SortCommand","messageBody":"","fileTypesAndContributionMap":{"functional-code":{"insertions":1,"deletions":1},"docs":{"insertions":103,"deletions":0}}},{"hash":"03b4df3ed39ca5264d777a19e2a7ab18d00e5c21","messageTitle":"Fix checkstyle","messageBody":"","fileTypesAndContributionMap":{"functional-code":{"insertions":1,"deletions":1},"docs":{"insertions":12,"deletions":20}}},{"hash":"4270369cc2bf39ed1c1da7e6713e8f2c3bae660b","messageTitle":"Skeleton for socials","messageBody":"","fileTypesAndContributionMap":{"docs":{"insertions":11,"deletions":3}}},{"hash":"3ff9f4794abdc13ed1fe70bb8ce951737ae2a629","messageTitle":"Finalize UG","messageBody":"","fileTypesAndContributionMap":{"docs":{"insertions":4,"deletions":2}}}]},{"date":"2022-11-01","commitResults":[{"hash":"495b49df92d364cd27014593727ba067d44066da","messageTitle":"Update Tutorial constraints","messageBody":"","fileTypesAndContributionMap":{"functional-code":{"insertions":4,"deletions":4}}},{"hash":"e2d111a352f816873e9dcf8e0e5c8c8eb5628f13","messageTitle":"Fix tutorial validation","messageBody":"","fileTypesAndContributionMap":{"functional-code":{"insertions":1,"deletions":1}}},{"hash":"419128f1aa71d39256dda6e82569258709bf13c0","messageTitle":"Fix edit tutorial field","messageBody":"","fileTypesAndContributionMap":{"functional-code":{"insertions":1,"deletions":1}}},{"hash":"69f8cfcce6f6f810b5eb88496b94cef83ea45e47","messageTitle":"Change app name on window","messageBody":"","fileTypesAndContributionMap":{"functional-code":{"insertions":1,"deletions":1},"other":{"insertions":1,"deletions":1}}}]},{"date":"2022-11-02","commitResults":[{"hash":"b98535ebb094ac6b6461cde21a436accf00a3e04","messageTitle":"Edit json file name","messageBody":"","fileTypesAndContributionMap":{"functional-code":{"insertions":4,"deletions":4},"test-code":{"insertions":2,"deletions":2}}},{"hash":"4aab68a859d13eb12121ac1935aa3ef79c6e95f7","messageTitle":"Edit name comparator to lower case","messageBody":"","fileTypesAndContributionMap":{"functional-code":{"insertions":2,"deletions":1}}},{"hash":"7edb7add0fc5fa900b5cc260205b236a3a943a57","messageTitle":"Remove extra columns in UG","messageBody":"","fileTypesAndContributionMap":{"docs":{"insertions":1,"deletions":1}}},{"hash":"2aa899d3b3cd6ed170db3bb825ad792a7b300890","messageTitle":"Complete person fields","messageBody":"","fileTypesAndContributionMap":{"docs":{"insertions":58,"deletions":31}}}]}],"jsincorporated":[{"date":"2022-09-29","commitResults":[{"hash":"dd4c26fac4170ac14d21f0711cf423fba69e7981","messageTitle":"Update AboutUs.md","messageBody":"","fileTypesAndContributionMap":{"docs":{"insertions":3,"deletions":3}}},{"hash":"9a4758d7baebec8a7bdbf491741db1b48666811f","messageTitle":"Update AboutUs.md","messageBody":"","fileTypesAndContributionMap":{"docs":{"insertions":3,"deletions":3}}},{"hash":"383c146364557aaf507102358dd882c271179270","messageTitle":"Update UserGuide.md","messageBody":"","fileTypesAndContributionMap":{"docs":{"insertions":2,"deletions":2}}},{"hash":"09823ae13efd1e940d095965853a3cb091a8a492","messageTitle":"Update DeveloperGuide.md","messageBody":"","fileTypesAndContributionMap":{"docs":{"insertions":8,"deletions":5}}},{"hash":"f0d0d6e513510876add3e5bf9898d3d6fa6503ee","messageTitle":"Update DeveloperGuide.md","messageBody":"","fileTypesAndContributionMap":{"docs":{"insertions":2,"deletions":2}}}]},{"date":"2022-09-30","commitResults":[{"hash":"d9d24d0c05460d09e60ac6e81c52a426c96f2489","messageTitle":"Add PPP skeleton (jsincorporated.md)","messageBody":"","fileTypesAndContributionMap":{"docs":{"insertions":46,"deletions":0}}}]},{"date":"2022-10-11","commitResults":[{"hash":"c0fe7be0830c36a60cc07b0b9eed5d51cd6b209d","messageTitle":"Update HelpCommand","messageBody":"Add a more helpful help window for users to get help without having to access the internet.\n","fileTypesAndContributionMap":{"functional-code":{"insertions":59,"deletions":21}}},{"hash":"dc3ddb4b54a6624ac69e9660eb404851dfb308c1","messageTitle":"Fix Checkstyle errors","messageBody":"","fileTypesAndContributionMap":{"functional-code":{"insertions":20,"deletions":11}}},{"hash":"f16cb818849bc8aeca2064166c997b48e281c29c","messageTitle":"Fix checkstyle errors","messageBody":"","fileTypesAndContributionMap":{"functional-code":{"insertions":21,"deletions":23}}},{"hash":"a86fd3ae24069dfb3021f3b306b9f7c8ce016f16","messageTitle":"Fix checkstyle errors","messageBody":"","fileTypesAndContributionMap":{"functional-code":{"insertions":3,"deletions":2}}},{"hash":"a304de28c51a2f0f748878ba675b8ffabe3ea7e3","messageTitle":"Fix checkstyle errors","messageBody":"","fileTypesAndContributionMap":{"functional-code":{"insertions":1,"deletions":0}}}]},{"date":"2022-10-12","commitResults":[{"hash":"07da888043eed6e85f4c615f61d62902f1dfcef7","messageTitle":"Add code block background color to help window","messageBody":"","fileTypesAndContributionMap":{"functional-code":{"insertions":5,"deletions":0}}},{"hash":"99839c844e704c29108b68c88f2eb6a9b2162053","messageTitle":"Fix Checkstyle","messageBody":"","fileTypesAndContributionMap":{"functional-code":{"insertions":1,"deletions":3}}},{"hash":"2fea32d023b9840eb7113a5d7d706923a613deac","messageTitle":"Improve HelpWindow visuals","messageBody":"","fileTypesAndContributionMap":{"functional-code":{"insertions":17,"deletions":19}}}]},{"date":"2022-10-13","commitResults":[{"hash":"9d8ec7dc77b0cb35670925c7c8d64d1edd9c65b3","messageTitle":"Fix HelpWindow bug","messageBody":"","fileTypesAndContributionMap":{"functional-code":{"insertions":0,"deletions":1}}},{"hash":"5ffd405121bef8762ddd77307590f9e37aac4c91","messageTitle":"Fix Checkstyle","messageBody":"","fileTypesAndContributionMap":{"functional-code":{"insertions":0,"deletions":2}}}]},{"date":"2022-10-19","commitResults":[{"hash":"bc255a91879ff7afc883289ca627ed100c7fd0a8","messageTitle":"Change to web safe font in HelpWindow","messageBody":"","fileTypesAndContributionMap":{"functional-code":{"insertions":6,"deletions":3}}}]},{"date":"2022-10-20","commitResults":[{"hash":"a71775c242290ddb394593b9f5baaab8a2323ef9","messageTitle":"Update DG","messageBody":"","fileTypesAndContributionMap":{"docs":{"insertions":29,"deletions":0}}},{"hash":"6fe65be063593a832f5789749d242551c6b193d6","messageTitle":"Update DG","messageBody":"","fileTypesAndContributionMap":{"docs":{"insertions":1,"deletions":0}}}]},{"date":"2022-10-21","commitResults":[{"hash":"392ae1b7082e53c82bb94c2e2318ef589ac53daa","messageTitle":"Add Group class to model","messageBody":"Passes checkstyleMain, does not pass checkstyleTest yet.\n","fileTypesAndContributionMap":{"functional-code":{"insertions":228,"deletions":16}}},{"hash":"d4e373d620743b66deed9ab6c513b6b1add75053","messageTitle":"Add AddToGroup command","messageBody":"","fileTypesAndContributionMap":{"functional-code":{"insertions":158,"deletions":1}}}]},{"date":"2022-10-25","commitResults":[{"hash":"b194790a63a3a3330f6f092bd10087a873263d52","messageTitle":"Add UngroupCommand","messageBody":"","fileTypesAndContributionMap":{"functional-code":{"insertions":177,"deletions":6}}},{"hash":"ae7b18ad7cdd21b98719986ee6b19bb7d3f7969e","messageTitle":"Add GroupWindow","messageBody":"","fileTypesAndContributionMap":{"functional-code":{"insertions":421,"deletions":9}}}]},{"date":"2022-10-26","commitResults":[{"hash":"30ba4e32ebb5e5ede451a6ac2cfb7f31694158ea","messageTitle":"Fix Checkstyle","messageBody":"","fileTypesAndContributionMap":{"test-code":{"insertions":43,"deletions":13}}},{"hash":"5b6b3faa27ab0689c543e11c9760598f0de70217","messageTitle":"Fix tests","messageBody":"","fileTypesAndContributionMap":{"functional-code":{"insertions":5,"deletions":2},"test-code":{"insertions":18,"deletions":3}}},{"hash":"eeab3b0643786e35a5ebd52f4af40a76731ac3fe","messageTitle":"Fix Checkstyle","messageBody":"","fileTypesAndContributionMap":{"test-code":{"insertions":0,"deletions":1}}},{"hash":"315b0eb282fc282600a25d47a9ae1c7434e46012","messageTitle":"Fix tests","messageBody":"","fileTypesAndContributionMap":{"functional-code":{"insertions":21,"deletions":1},"test-code":{"insertions":20,"deletions":1}}},{"hash":"d9b4a8e7fdad7d54ba8b7a70a3e0cea3673ef9f4","messageTitle":"Fix tests","messageBody":"","fileTypesAndContributionMap":{"functional-code":{"insertions":4,"deletions":4},"test-code":{"insertions":14,"deletions":19}}},{"hash":"767b5fc1ddb6d76a8787d193e5d5a31fed4a5b81","messageTitle":"Fix Checkstyle","messageBody":"","fileTypesAndContributionMap":{"functional-code":{"insertions":8,"deletions":4},"test-code":{"insertions":9,"deletions":11}}}]},{"date":"2022-10-27","commitResults":[{"hash":"37a622463bc911ab6877b250acce5e53d71879a8","messageTitle":"Fix tests","messageBody":"","fileTypesAndContributionMap":{"test-code":{"insertions":1,"deletions":1}}},{"hash":"ddf759c5a2e4a9709110bf0bb8bddbe4174cd30a","messageTitle":"Update UG with addtogroup feature","messageBody":"","fileTypesAndContributionMap":{"docs":{"insertions":31,"deletions":12}}},{"hash":"2a2a82a5725c9b3c8c7881d59f93e3f03e674a89","messageTitle":"Add emailall feature in groups","messageBody":"","fileTypesAndContributionMap":{"functional-code":{"insertions":26,"deletions":9}}},{"hash":"b175d49bca329f226d49268d1b31e3b00ee6ca13","messageTitle":"Fix checkstyle","messageBody":"","fileTypesAndContributionMap":{"functional-code":{"insertions":1,"deletions":5}}},{"hash":"638af10fd54d98869d2a1bfabdd2c3bce016c8c2","messageTitle":"Add emailall feature","messageBody":"","fileTypesAndContributionMap":{"functional-code":{"insertions":136,"deletions":1}}},{"hash":"01a5337c2aaa3e007f57a1e55c07fce93ecd7360","messageTitle":"Update UG","messageBody":"","fileTypesAndContributionMap":{"docs":{"insertions":57,"deletions":17}}}]},{"date":"2022-10-28","commitResults":[{"hash":"66130d0f6dd3d8a5e76627438ac9be789e7f3620","messageTitle":"Update HelpWindow","messageBody":"","fileTypesAndContributionMap":{"functional-code":{"insertions":45,"deletions":2}}},{"hash":"a984e8cef9c3673f4c9f848f498ffccec12503df","messageTitle":"Update HelpWindow","messageBody":"","fileTypesAndContributionMap":{"functional-code":{"insertions":1,"deletions":1}}}]},{"date":"2022-11-02","commitResults":[{"hash":"91ff30c005be9cb00385d435a08abd0641ca7726","messageTitle":"Update error message for EmailAll","messageBody":"Update error message for EmailAll when no email is set for one or more group members.\n","fileTypesAndContributionMap":{"functional-code":{"insertions":2,"deletions":1}}},{"hash":"9660707661831cc90a4e3f9d3a099454560d1453","messageTitle":"Fix HelpCommand typo","messageBody":"","fileTypesAndContributionMap":{"functional-code":{"insertions":7,"deletions":1}}},{"hash":"5a5bdfa5f82aabae38975b9de9e5e041be9d2ce6","messageTitle":"Fix AddToGroup error message","messageBody":"","fileTypesAndContributionMap":{"functional-code":{"insertions":3,"deletions":4}}},{"hash":"8bbc1556943449889bb30b7141a3e1166d43bfe8","messageTitle":"Remove case sensitive group names","messageBody":"Group names are now case agnostic\n","fileTypesAndContributionMap":{"functional-code":{"insertions":3,"deletions":2}}},{"hash":"f2408100e3877c662bd994b36dfe18b8425d8020","messageTitle":"Fix Checkstyle","messageBody":"","fileTypesAndContributionMap":{"functional-code":{"insertions":0,"deletions":1}}}]},{"date":"2022-11-03","commitResults":[{"hash":"6392d5acf2d500848e55cefc90b0641426d0acee","messageTitle":"Add testcases for AddToGroupCommand","messageBody":"","fileTypesAndContributionMap":{"functional-code":{"insertions":8,"deletions":0},"test-code":{"insertions":82,"deletions":0}}},{"hash":"9c044c3191c3ac5f9da15afc0e1f97752019affa","messageTitle":"Add testcases for UngroupCommand","messageBody":"","fileTypesAndContributionMap":{"functional-code":{"insertions":10,"deletions":2},"test-code":{"insertions":83,"deletions":0}}},{"hash":"a6bf6e6de4c1d5383debeb40220ed8efc06ccbc2","messageTitle":"Fix checkstyle","messageBody":"","fileTypesAndContributionMap":{"test-code":{"insertions":17,"deletions":5}}},{"hash":"1ef54332c74ad753e08850942de26f12263139c3","messageTitle":"Add testcases for GroupCommand","messageBody":"","fileTypesAndContributionMap":{"functional-code":{"insertions":7,"deletions":0},"test-code":{"insertions":60,"deletions":1}}},{"hash":"75b0fb6bc7579c398e015cda46c73580c8b00dbf","messageTitle":"Add testcases for EmailAllCommand","messageBody":"","fileTypesAndContributionMap":{"functional-code":{"insertions":7,"deletions":0},"test-code":{"insertions":60,"deletions":0}}},{"hash":"48188cc62587c362a07f596fec11f56cbdcf9447","messageTitle":"Update jsincorporated.md","messageBody":"","fileTypesAndContributionMap":{"docs":{"insertions":14,"deletions":1}}}]}],"NicholasPatrick":[{"date":"2022-09-30","commitResults":[{"hash":"b5b7ac21120d892b788acc4564fc884c596650f9","messageTitle":"Add nicholaspatrick.md","messageBody":"","fileTypesAndContributionMap":{"docs":{"insertions":34,"deletions":0}}},{"hash":"a00fc63223b47f90e4f35183781a417fd7fd21fe","messageTitle":"Add newline at EOF to Nicholas\u0027s PPP","messageBody":"","fileTypesAndContributionMap":{"docs":{"insertions":1,"deletions":1}}}]},{"date":"2022-10-01","commitResults":[{"hash":"a1217ad4f6e9f91f08676110df94cff575bb22da","messageTitle":"Add code for \"add address\" command","messageBody":"","fileTypesAndContributionMap":{"functional-code":{"insertions":213,"deletions":0}}},{"hash":"053a14aa4a95e74dd350ce497eece2d246168069","messageTitle":"Update UG with add address feature","messageBody":"","fileTypesAndContributionMap":{"docs":{"insertions":24,"deletions":10}}},{"hash":"8a5820019b6f60e2787c5dc416c6ca387abc1a3a","messageTitle":"Remove remark command","messageBody":"The repo was forked before a commit was undone. This commit undoes that.\n","fileTypesAndContributionMap":{"functional-code":{"insertions":12,"deletions":203}}},{"hash":"44cbbba8486f6a3cb7444c99d0bfdad192e4452a","messageTitle":"Fix checkstyle errors","messageBody":"","fileTypesAndContributionMap":{"functional-code":{"insertions":12,"deletions":5}}},{"hash":"3c05321899cc60e76d0c2ec072a933c1c154c7e6","messageTitle":"Fix checkstyle errors 2","messageBody":"","fileTypesAndContributionMap":{"functional-code":{"insertions":0,"deletions":1}}}]},{"date":"2022-10-02","commitResults":[{"hash":"efcce2331dcd501f7da26a5c8328034e47c2c8f7","messageTitle":"Add Nicholas to aboutUs.md","messageBody":"","fileTypesAndContributionMap":{"docs":{"insertions":3,"deletions":3}}}]},{"date":"2022-10-12","commitResults":[{"hash":"b9ce17169fb399be194b683332cd286129999749","messageTitle":"Add undo command functionality","messageBody":"","fileTypesAndContributionMap":{"functional-code":{"insertions":88,"deletions":12}}},{"hash":"9b0729214ab5234d6e4340c92c85ddabb20ca7f1","messageTitle":"Add simple test for undo","messageBody":"","fileTypesAndContributionMap":{"test-code":{"insertions":59,"deletions":0}}},{"hash":"5d123bae8ad94ee552962432a6396c26c974c0da","messageTitle":"Add undo command to UG and PPP","messageBody":"","fileTypesAndContributionMap":{"docs":{"insertions":25,"deletions":12}}},{"hash":"db826155cc0f886ba5cb39686b2a7f8edd24c83f","messageTitle":"Add comment in UndoCommand.java","messageBody":"","fileTypesAndContributionMap":{"functional-code":{"insertions":7,"deletions":0}}},{"hash":"3899dd043437422e34acaf87d4b042095c6e5bc6","messageTitle":"Format minor thing","messageBody":"","fileTypesAndContributionMap":{"test-code":{"insertions":1,"deletions":1}}},{"hash":"1a7af642492196a77cb0452f67223e5f52746c9e","messageTitle":"Modify small things to pass tests.","messageBody":"","fileTypesAndContributionMap":{"functional-code":{"insertions":15,"deletions":5},"test-code":{"insertions":11,"deletions":6}}}]},{"date":"2022-10-28","commitResults":[{"hash":"ea6191006bdf3d610ea0909ba8a26047b8cf6a6e","messageTitle":"Allow incomplete contact details for a person","messageBody":"Contacts only need a name and occupation to be valid.\n","fileTypesAndContributionMap":{"functional-code":{"insertions":10,"deletions":10}}},{"hash":"0907291d6a897c63d381c74db930c1509d894150","messageTitle":"Ensure tests allow possibly missing information","messageBody":"","fileTypesAndContributionMap":{"test-code":{"insertions":15,"deletions":24}}},{"hash":"3f2632d020dd587a3a6b6d4ea4a12ca4f670c657","messageTitle":"Add items on UG and Nicholas\u0027s PPP","messageBody":"","fileTypesAndContributionMap":{"docs":{"insertions":26,"deletions":22}}},{"hash":"2400e30c77859037687a40da2dc8a711105580bd","messageTitle":"Add easy edit feature","messageBody":"Clicking on a person card while the command box is empty will create an\nedit command for the corresponding person that does nothing. This makes\nit easy to make small modifications for a person.\n","fileTypesAndContributionMap":{"functional-code":{"insertions":97,"deletions":10}}},{"hash":"f1a6615570958d177ed906b70a03444fd0c7bf39","messageTitle":"Add items on UG and Nicholas\u0027s PPP","messageBody":"Added the quick edit feature.\n","fileTypesAndContributionMap":{"docs":{"insertions":36,"deletions":27}}},{"hash":"9d7b72e9bd1603e0315eb0001b19e456ca2b0d0e","messageTitle":"Add quick edit manual check procedure in the DG","messageBody":"","fileTypesAndContributionMap":{"docs":{"insertions":16,"deletions":0}}},{"hash":"76627d6a55473e4a2c12340ed62dd1c24669c4f6","messageTitle":"Add to Nicholas\u0027s PPP for DG edits","messageBody":"","fileTypesAndContributionMap":{"docs":{"insertions":1,"deletions":1}}},{"hash":"1a88dab55292a9bb934ecc84441dc5b2ee8bd435","messageTitle":"Change version number to 1.3.1","messageBody":"","fileTypesAndContributionMap":{"functional-code":{"insertions":1,"deletions":1}}}]}],"Jnwkm":[{"date":"2022-09-29","commitResults":[{"hash":"57efe3817349754aa82b6d185965b219d231d75e","messageTitle":"tutorial-adding-command","messageBody":"","fileTypesAndContributionMap":{"functional-code":{"insertions":456,"deletions":238},"test-code":{"insertions":157,"deletions":17}}},{"hash":"94459ce5ced55bc0262d5db7405952cd9a2564d8","messageTitle":"update","messageBody":"","fileTypesAndContributionMap":{"functional-code":{"insertions":2,"deletions":0},"test-code":{"insertions":1,"deletions":0}}},{"hash":"ae6739f153fb7969954810bc2ffeaa22e3583a32","messageTitle":"Update AboutUs.md","messageBody":"","fileTypesAndContributionMap":{"docs":{"insertions":4,"deletions":4}}},{"hash":"b350befc7777e35d030699f30f7c5bb2a6c39bb2","messageTitle":"Add jnwkm.md","messageBody":"","fileTypesAndContributionMap":{"docs":{"insertions":46,"deletions":0}}},{"hash":"48faab0245f1ac696042d5968f237a20b5add473","messageTitle":"Revert \"update\"","messageBody":"","fileTypesAndContributionMap":{"functional-code":{"insertions":0,"deletions":2},"test-code":{"insertions":0,"deletions":1}}},{"hash":"7ffa0f8a9df5bacbef6949087e8cd7de6cbf884b","messageTitle":"Revert \"tutorial-adding-command\"","messageBody":"","fileTypesAndContributionMap":{"functional-code":{"insertions":238,"deletions":456},"test-code":{"insertions":17,"deletions":157}}},{"hash":"e080bd695e0c4703895794bd3c3927d54527d5b5","messageTitle":"Update README.md","messageBody":"","fileTypesAndContributionMap":{"docs":{"insertions":2,"deletions":1}}},{"hash":"0d5c73e686ecc3a4268fd0df3c1f4d3f3f715957","messageTitle":"Update README.md","messageBody":"","fileTypesAndContributionMap":{"docs":{"insertions":1,"deletions":1}}},{"hash":"a171ed4175b523019e5e830ab90762bdd88fd38f","messageTitle":"Update README.md","messageBody":"","fileTypesAndContributionMap":{"docs":{"insertions":5,"deletions":10}}},{"hash":"6f4429f6ad41f7e530102dce0b75f33b36c9ba37","messageTitle":"Update UserGuide.md","messageBody":"","fileTypesAndContributionMap":{"docs":{"insertions":2,"deletions":2}}},{"hash":"8f54830fb73c8c3fb7511633018a5ea526b46630","messageTitle":"Update DeveloperGuide.md","messageBody":"","fileTypesAndContributionMap":{"docs":{"insertions":64,"deletions":6}}},{"hash":"6cbe60f0951d0e05bd1eccde60186d9b273a10be","messageTitle":"Update DeveloperGuide.md","messageBody":"","fileTypesAndContributionMap":{"docs":{"insertions":1,"deletions":1}}}]},{"date":"2022-10-06","commitResults":[{"hash":"57f3ac7ed5c0f4d8b198a7a81bdcbe7211c77b8c","messageTitle":"Update AddCommand.java","messageBody":"","fileTypesAndContributionMap":{"functional-code":{"insertions":1,"deletions":1}}}]},{"date":"2022-10-11","commitResults":[{"hash":"36578e6ed63974e57513da809112290ac3dfb98e","messageTitle":"Update FindCommand","messageBody":"Added functionality to allow partial searching of a Person\u0027s name or phone number\n","fileTypesAndContributionMap":{"functional-code":{"insertions":48,"deletions":39},"test-code":{"insertions":41,"deletions":41}}},{"hash":"408732f7179042297c3915fa236c47324a73129a","messageTitle":"fix checkstyle","messageBody":"","fileTypesAndContributionMap":{"other":{"insertions":6,"deletions":6},"test-code":{"insertions":2,"deletions":2}}},{"hash":"434805e6a018fa07712e524960cf4161156b335c","messageTitle":"Update PersonContainsKeywordsPredicateTest.java","messageBody":"","fileTypesAndContributionMap":{"test-code":{"insertions":2,"deletions":1}}},{"hash":"c97c109ac46be06cf9b3540300a842e6705bf52e","messageTitle":"fix checkstyle","messageBody":"","fileTypesAndContributionMap":{"functional-code":{"insertions":5,"deletions":5},"other":{"insertions":4,"deletions":4},"test-code":{"insertions":27,"deletions":28}}},{"hash":"46745a2dd59d01f3351f585f741471c42bc538c2","messageTitle":"update relevant Tests","messageBody":"","fileTypesAndContributionMap":{"test-code":{"insertions":4,"deletions":4}}},{"hash":"22180030f9ff8b0eba99c70486bc60f858023d62","messageTitle":"Update PersonContainsKeywordsPredicateTest.java","messageBody":"","fileTypesAndContributionMap":{"test-code":{"insertions":3,"deletions":3}}},{"hash":"fa03939be5e8b50b9f3b45458f9b7be275ff9967","messageTitle":"Update PersonContainsKeywordsPredicateTest.java","messageBody":"","fileTypesAndContributionMap":{"test-code":{"insertions":0,"deletions":5}}}]},{"date":"2022-10-13","commitResults":[{"hash":"7b52fccfb0806208a8cb542dd5abf4f91a13ca45","messageTitle":"Update UserGuide.md with FindCommand","messageBody":"","fileTypesAndContributionMap":{"docs":{"insertions":31,"deletions":13}}},{"hash":"006a7ac19cf7a1515b2361fdff6de41746ecdc53","messageTitle":"Update UserGuide.md","messageBody":"","fileTypesAndContributionMap":{"docs":{"insertions":2,"deletions":1}}}]},{"date":"2022-10-18","commitResults":[{"hash":"20d4f67605262ff10f0647e2ef32453f0c7dab4a","messageTitle":"Update UserGuide.md","messageBody":"","fileTypesAndContributionMap":{"docs":{"insertions":1,"deletions":1}}},{"hash":"2b7f37174db7c55da61643e067d1b652609a9642","messageTitle":"Update Build.gradle","messageBody":"","fileTypesAndContributionMap":{"functional-code":{"insertions":1,"deletions":1},"other":{"insertions":3,"deletions":0},"test-code":{"insertions":1,"deletions":1}}},{"hash":"468b4a3fdb516d6f4f071bf40c2ee333d3330be1","messageTitle":"Revert \"Update Build.gradle\"","messageBody":"This reverts commit 2b7f37174db7c55da61643e067d1b652609a9642.\n","fileTypesAndContributionMap":{"functional-code":{"insertions":1,"deletions":1},"other":{"insertions":0,"deletions":3},"test-code":{"insertions":1,"deletions":1}}},{"hash":"0c4a68b5e37ae635a9d92367f85110d217109422","messageTitle":"Revert \"Revert \"Update Build.gradle\"\"","messageBody":"This reverts commit 468b4a3fdb516d6f4f071bf40c2ee333d3330be1.\n","fileTypesAndContributionMap":{"functional-code":{"insertions":1,"deletions":1},"other":{"insertions":3,"deletions":0},"test-code":{"insertions":1,"deletions":1}}}]},{"date":"2022-10-20","commitResults":[{"hash":"25ce3252de704824dbde3e1f384c5ee9d5fb9913","messageTitle":"Update DG for HistoryCommand","messageBody":"","fileTypesAndContributionMap":{"docs":{"insertions":78,"deletions":0}}}]},{"date":"2022-10-25","commitResults":[{"hash":"c694436b2272eea4205f00699ab1d9757c92f0ab","messageTitle":"Add HistoryCommand \u0026 some tests","messageBody":"","fileTypesAndContributionMap":{"functional-code":{"insertions":133,"deletions":47},"test-code":{"insertions":30,"deletions":0}}},{"hash":"907ec6848e74d66b9a556b78bf1e86d1471cc582","messageTitle":"Update AddressBookParser.java","messageBody":"","fileTypesAndContributionMap":{"functional-code":{"insertions":63,"deletions":49}}},{"hash":"2981d8024c660cc69b4e922ed2651168f523bf59","messageTitle":"fix checkstyle","messageBody":"","fileTypesAndContributionMap":{"functional-code":{"insertions":16,"deletions":3},"test-code":{"insertions":1,"deletions":1}}}]},{"date":"2022-10-26","commitResults":[{"hash":"6063bf8490959a8e2250647650a095e345a14efa","messageTitle":"update DeleteCommand \u0026 Person attributes","messageBody":"","fileTypesAndContributionMap":{"functional-code":{"insertions":229,"deletions":23}}},{"hash":"5e084e567c24d28301799d8125a67372505b19aa","messageTitle":"update tests","messageBody":"","fileTypesAndContributionMap":{"functional-code":{"insertions":1,"deletions":0},"test-code":{"insertions":1,"deletions":1}}}]},{"date":"2022-10-27","commitResults":[{"hash":"8ad840775577108eec4a60ba762696efbf2850d7","messageTitle":"add Profile Picture","messageBody":"","fileTypesAndContributionMap":{"functional-code":{"insertions":184,"deletions":24},"other":{"insertions":1,"deletions":0}}},{"hash":"31b38d20304bf092b3a18abf4001fcf44d897858","messageTitle":"Update JsonAdaptedPerson.java","messageBody":"","fileTypesAndContributionMap":{"functional-code":{"insertions":1,"deletions":1}}},{"hash":"48524246c91c64e5de0e1d307d2479005ce99543","messageTitle":"fix profile pics for add command","messageBody":"","fileTypesAndContributionMap":{"functional-code":{"insertions":4,"deletions":0}}}]},{"date":"2022-10-28","commitResults":[{"hash":"c4691f6085d528288dec99f923a33308a4b6aada","messageTitle":"Update PictureStorage.java","messageBody":"","fileTypesAndContributionMap":{"functional-code":{"insertions":1,"deletions":1}}},{"hash":"cc8282fb5644356ed606d80d0b24b0e6f7ab8c0e","messageTitle":"bug profilepicfix","messageBody":"","fileTypesAndContributionMap":{"functional-code":{"insertions":99,"deletions":72}}},{"hash":"5e9664f40a7e46dbd934789d320945119a4b0924","messageTitle":"bugfix","messageBody":"","fileTypesAndContributionMap":{"functional-code":{"insertions":23,"deletions":26}}},{"hash":"c6fe4674d4b9c52f12cc77cc876e9794392fcc35","messageTitle":"update userguide.md","messageBody":"","fileTypesAndContributionMap":{"docs":{"insertions":50,"deletions":22}}},{"hash":"41dbacfff2beac14bbff8ae794ccea84cbf23aae","messageTitle":"Revert \"update userguide.md\"","messageBody":"This reverts commit c6fe4674d4b9c52f12cc77cc876e9794392fcc35.\n","fileTypesAndContributionMap":{"docs":{"insertions":22,"deletions":50}}},{"hash":"58f57b00e0f70fa68e98e08ee6a173b1c5c1c313","messageTitle":"update userguide.md","messageBody":"","fileTypesAndContributionMap":{"docs":{"insertions":19,"deletions":7}}},{"hash":"b7d9561944491224099e3d63544ceb131e946685","messageTitle":"Update UserGuide.md","messageBody":"","fileTypesAndContributionMap":{"docs":{"insertions":3,"deletions":3}}}]},{"date":"2022-10-31","commitResults":[{"hash":"5cf54362cf697b5a641b9a48d03ac414edaf38d2","messageTitle":"add format.png file","messageBody":"","fileTypesAndContributionMap":{"docs":{"insertions":1,"deletions":0}}}]},{"date":"2022-11-02","commitResults":[{"hash":"65a4a6e6445ffbaa4b9ee39d59650339d2b97312","messageTitle":"bugfix missing detail","messageBody":"","fileTypesAndContributionMap":{"functional-code":{"insertions":0,"deletions":26},"docs":{"insertions":2,"deletions":2}}},{"hash":"584f1e764ed3f456d5eaedf9e706673efea6ea1c","messageTitle":"Update PersonCard.java","messageBody":"","fileTypesAndContributionMap":{"functional-code":{"insertions":0,"deletions":8}}},{"hash":"7f5f411c947c859e0c21c8741adee3265b4b884e","messageTitle":"Update PersonListCard.fxml","messageBody":"","fileTypesAndContributionMap":{"functional-code":{"insertions":0,"deletions":1}}},{"hash":"1bee1e9f27a986ffcb220b46b1d5be6163421f98","messageTitle":"[BugFix] Update EditCommand help message typo","messageBody":"","fileTypesAndContributionMap":{"functional-code":{"insertions":2,"deletions":2}}},{"hash":"0bc12e380840e0c3b29b3378bae4dd7ebe68f60c","messageTitle":"[BugFix] Update Occupation error message","messageBody":"","fileTypesAndContributionMap":{"functional-code":{"insertions":1,"deletions":1}}},{"hash":"d10043c645bc7a9daf243a3379abb9ed16d440b3","messageTitle":"Update MainApp.java","messageBody":"","fileTypesAndContributionMap":{"functional-code":{"insertions":0,"deletions":1}}}]},{"date":"2022-11-03","commitResults":[{"hash":"43289cef8a47d59481f33079381d732d67b4e7cd","messageTitle":"bugfix-profilePic","messageBody":"","fileTypesAndContributionMap":{"functional-code":{"insertions":39,"deletions":55}}},{"hash":"d753e8eaac38456065fe208742d079adace5d467","messageTitle":"bugfix","messageBody":"","fileTypesAndContributionMap":{"functional-code":{"insertions":2,"deletions":2}}},{"hash":"5de128710175e1c0b580ec393ecbcbfb008b8bf8","messageTitle":"Update PictureStorageLoader.java","messageBody":"","fileTypesAndContributionMap":{"functional-code":{"insertions":12,"deletions":12}}},{"hash":"bc79946e756f735c437424f985726b71e9c766f3","messageTitle":"bugfix","messageBody":"","fileTypesAndContributionMap":{"functional-code":{"insertions":1,"deletions":20}}},{"hash":"9878554d4c557409c7e283b5b6f4a4ddee785666","messageTitle":"Update PictureStorageLoader.java","messageBody":"","fileTypesAndContributionMap":{"functional-code":{"insertions":3,"deletions":1}}},{"hash":"011b0d858cf9f37883e4099bf233a1266f487cd5","messageTitle":"Update jnwkm.md","messageBody":"","fileTypesAndContributionMap":{"docs":{"insertions":9,"deletions":1}}},{"hash":"da4e7422a9a71c7190d1778df4eed5805d8b280d","messageTitle":"Update jnwkm.md","messageBody":"","fileTypesAndContributionMap":{"docs":{"insertions":5,"deletions":0}}}]}]},"authorFileTypeContributionMap":{"turretDive":{"docs":215,"functional-code":1539,"test-code":80},"liviamil":{"docs":365,"functional-code":965,"test-code":299,"other":6},"jsincorporated":{"docs":147,"functional-code":1281,"test-code":377},"NicholasPatrick":{"docs":79,"functional-code":410,"test-code":76,"other":582},"Jnwkm":{"docs":246,"functional-code":510,"test-code":73,"other":1}},"authorContributionVariance":{"turretDive":24980.465,"liviamil":39047.42,"jsincorporated":14524.126,"NicholasPatrick":7119.8066,"Jnwkm":76050.05},"authorDisplayNameMap":{"turretDive":"CS2103T-T08-3 AARO.. JUN","liviamil":"CS2103T-T08-3 LIVI.. LEO","jsincorporated":"CS2103T-T08-3 NG J..HENG","NicholasPatrick":"CS2103T-T08-3 NICH..RICK","Jnwkm":"CS2103T-T08-3 WONG..LIAN"}}
