{"authorDailyContributionsMap":{"ReaganTan00":[{"date":"2022-09-28","commitResults":[{"hash":"d02510730e90d7cc54448deec7b02317054c33fe","messageTitle":"Added AboutUs page for ReaganTan00","messageBody":"","fileTypesAndContributionMap":{"docs":{"insertions":39,"deletions":2}}},{"hash":"240c4a930bba6214924f01d3dfc0c97ba708ec42","messageTitle":"Formatting changes for checkstyle","messageBody":"","fileTypesAndContributionMap":{"docs":{"insertions":1,"deletions":1}}},{"hash":"bb4af6f1968113a7b93c70fb346ece886563c353","messageTitle":"Formatting changes for checkstyle","messageBody":"","fileTypesAndContributionMap":{"docs":{"insertions":1,"deletions":1}}}]},{"date":"2022-09-29","commitResults":[{"hash":"8b1c324effea77197f6d3a1cdfcb447bb414466a","messageTitle":"Updated DG","messageBody":"","fileTypesAndContributionMap":{"docs":{"insertions":25,"deletions":13}}}]},{"date":"2022-09-30","commitResults":[{"hash":"52b6a9b2d79c0abc8f4df136d4e278d95ca9d1dd","messageTitle":"Updated DG for Week 7 fully","messageBody":"","fileTypesAndContributionMap":{"docs":{"insertions":111,"deletions":11}}},{"hash":"cf6d96d4eb3927f2fbe7c938bc94d3bd56335eb8","messageTitle":"Updated DG for Week 7 fully","messageBody":"","fileTypesAndContributionMap":{"docs":{"insertions":67,"deletions":19}}}]},{"date":"2022-10-01","commitResults":[{"hash":"950841919246b969d0351c5d3bee5647d02f83c3","messageTitle":"Update DeveloperGuide.md","messageBody":"","fileTypesAndContributionMap":{"docs":{"insertions":2,"deletions":13}}}]},{"date":"2022-10-05","commitResults":[{"hash":"5b74bb9f3972768fb02f9560ec5b2b08292c94c8","messageTitle":"Rebranded from FABook to IBook.","messageBody":"Made changes to:\n* README.md\n* docs/_config.yml\n* docs/AboutUs.md\n* docs/DeveloperGuide.md\n* docs/UserGuide.md\n* docs/eugenetayyj.md\n* docs/fungusta.md\n* docs/isanidiot.md\n* docs/reagantan00.md\n* docs/shauneang.md\n","fileTypesAndContributionMap":{"docs":{"insertions":59,"deletions":58}}}]},{"date":"2022-10-08","commitResults":[{"hash":"0696013121fb9b3202df949621a926f45ef6d359","messageTitle":"Updated skeletal PPP","messageBody":"","fileTypesAndContributionMap":{"docs":{"insertions":10,"deletions":12}}},{"hash":"fceba3b4f61faeed8fe77b436ffc1e57963e1ac2","messageTitle":"Add input shortcuts for the following commands: * Create * Update * Find","messageBody":"Updated User Guide and Developer Guide to reflect new changes\n","fileTypesAndContributionMap":{"functional-code":{"insertions":33,"deletions":22},"other":{"insertions":87,"deletions":81},"docs":{"insertions":55,"deletions":9},"test-code":{"insertions":16,"deletions":16}}}]},{"date":"2022-10-10","commitResults":[{"hash":"0a70c042b8f0331f3a1683470eed51f333b0956a","messageTitle":"Minor checkstyle error fix","messageBody":"","fileTypesAndContributionMap":{"test-code":{"insertions":2,"deletions":1}}},{"hash":"6e93981c0875fb4d8cb7d1b07c4bd158d03dac9f","messageTitle":"Formatting changes with networth for sample data.","messageBody":"","fileTypesAndContributionMap":{"functional-code":{"insertions":6,"deletions":6}}},{"hash":"b4d3778669f2ff4ac78f19a9d34f20e659f1184f","messageTitle":"Added new input shortcuts: * Delete * Exit * List","messageBody":"","fileTypesAndContributionMap":{"functional-code":{"insertions":15,"deletions":0},"docs":{"insertions":3,"deletions":2}}},{"hash":"59e0c90843f9382201587b51037823daa095d199","messageTitle":"Minor fix to pass CodeCov test","messageBody":"","fileTypesAndContributionMap":{"functional-code":{"insertions":4,"deletions":0},"docs":{"insertions":1,"deletions":1}}}]},{"date":"2022-10-17","commitResults":[{"hash":"bc74ff7120f6f966f087eb874f0221dd6cad73a0","messageTitle":"Rebrand back to FABook.","messageBody":"Fixed Reagan\u0027s photo issues.\n","fileTypesAndContributionMap":{"docs":{"insertions":64,"deletions":64}}},{"hash":"e9c599501d2ee02ce5680f252a7d424c5ee14ab4","messageTitle":"Add MeetingTime as client information field.","messageBody":"Needs to have the format: dd-mm-yyyy hh:mm\n","fileTypesAndContributionMap":{"functional-code":{"insertions":155,"deletions":15},"docs":{"insertions":2,"deletions":0},"test-code":{"insertions":135,"deletions":41}}}]},{"date":"2022-10-20","commitResults":[{"hash":"f998d2f6e5cf00ba26035c2a555f5f3026b484c2","messageTitle":"Resolve merge conflicts and checks.","messageBody":"","fileTypesAndContributionMap":{"functional-code":{"insertions":8,"deletions":9},"test-code":{"insertions":5,"deletions":4}}}]},{"date":"2022-10-22","commitResults":[{"hash":"9fd9daead9a940cac8d6ed57c0ccc9e17d7aaf04","messageTitle":"Enchanced MeetingTime data field to be able to take on multiple inputs.","messageBody":"Changed format from \"DD-MM-YYYY HH:MM\" to\n\"DD-MM-YYYY-HH:MM\"\n","fileTypesAndContributionMap":{"functional-code":{"insertions":170,"deletions":62},"test-code":{"insertions":77,"deletions":82}}},{"hash":"82e4ecf57b56e3c9f93d64d985664b4ad93459d1","messageTitle":"Changed tests accordingly after changing MeetingTime","messageBody":"","fileTypesAndContributionMap":{"functional-code":{"insertions":8,"deletions":6},"test-code":{"insertions":33,"deletions":1}}}]},{"date":"2022-10-23","commitResults":[{"hash":"9e212947768d2322397c434fdbf600fa6050d31c","messageTitle":"Java docs change","messageBody":"","fileTypesAndContributionMap":{"functional-code":{"insertions":3,"deletions":3}}}]},{"date":"2022-10-24","commitResults":[{"hash":"0ef3a7297ef39ad4f499ec0b08482e25def4e169","messageTitle":"Minor bugfix for SampleDataUtil","messageBody":"","fileTypesAndContributionMap":{"functional-code":{"insertions":17,"deletions":17}}},{"hash":"7edc66419dcac9018a7706ded81b08fb86b045dd","messageTitle":"Checkstyle fix for Tags","messageBody":"","fileTypesAndContributionMap":{"functional-code":{"insertions":3,"deletions":3}}},{"hash":"38fca8c578317c211dc915a45365117510208943","messageTitle":"Add new test cases for MeetingTime Minor bug fix for MeetingTime to not allow 00 in dd field","messageBody":"","fileTypesAndContributionMap":{"functional-code":{"insertions":1,"deletions":1},"test-code":{"insertions":73,"deletions":0}}},{"hash":"ab9c15c8b434c7013f41bc8af2b6d1c4d8f2cf72","messageTitle":"Checkstyle bugfix for Tag","messageBody":"","fileTypesAndContributionMap":{"functional-code":{"insertions":3,"deletions":3}}}]},{"date":"2022-10-27","commitResults":[{"hash":"39692550e707ec7b0747f2ec40a4225c9590cf57","messageTitle":"Update and refine UG: * Add new commands to UG: description, undo, redo, find a/","messageBody":"Add shortcut command for DescriptionCommand\n\nUpdate message usage for CreateCommand\n\nChanged title of app from \u0027AddressBook\u0027 to \u0027FABook\u0027\n","fileTypesAndContributionMap":{"functional-code":{"insertions":15,"deletions":14},"docs":{"insertions":78,"deletions":38}}},{"hash":"6fbb69587c150053ac0e741e67dfa62e177f762d","messageTitle":"Updated skeletal PPP","messageBody":"To add: Photos for commands in User Guide.\n","fileTypesAndContributionMap":{"docs":{"insertions":1,"deletions":0}}},{"hash":"7c95e0da5bc27489ba84dcd9c38fcfb7d0b147b2","messageTitle":"Minor bugfix","messageBody":"","fileTypesAndContributionMap":{"docs":{"insertions":1,"deletions":1}}},{"hash":"e5bd37dad79e307125fe7ca1ddc88f1e6c4f865d","messageTitle":"CI bug fix","messageBody":"","fileTypesAndContributionMap":{"functional-code":{"insertions":9,"deletions":3}}},{"hash":"be999b0963c576fccb4de589433091437a235e39","messageTitle":"Revert \"Eugene/66/meeting GUI\"","messageBody":"","fileTypesAndContributionMap":{"functional-code":{"insertions":18,"deletions":415},"other":{"insertions":9,"deletions":134}}},{"hash":"72deb92c34397edf8b81a7e870cc5e8493bb7fc6","messageTitle":"Revert \"Revert \"Eugene/66/meeting GUI\"\"","messageBody":"","fileTypesAndContributionMap":{"functional-code":{"insertions":415,"deletions":18},"other":{"insertions":134,"deletions":9}}},{"hash":"fd91c3f637c04f320b1b7d8b2193b8c93b7c217e","messageTitle":"Colour fix for UI text","messageBody":"","fileTypesAndContributionMap":{"functional-code":{"insertions":12,"deletions":12}}},{"hash":"314c7419bfad49e7fbb04fbf47181ec11346a6ef","messageTitle":"Minor DG update: *Person enhancement - MeetingTime *Small UML diagram changes","messageBody":"","fileTypesAndContributionMap":{"functional-code":{"insertions":9,"deletions":5},"docs":{"insertions":38,"deletions":7}}},{"hash":"2405222f4ade440a6f060f80c8b024f967af7d0c","messageTitle":"Minor CI fix","messageBody":"","fileTypesAndContributionMap":{"functional-code":{"insertions":4,"deletions":0}}}]},{"date":"2022-10-28","commitResults":[{"hash":"7035e3120b66736bcb48e940168fcd07ababd800","messageTitle":"Implement logic for finding earliest meeting in Person class.","messageBody":"CI fix.\n\nUpdated PersonCard in UI to show the earliest meeting on the card\n","fileTypesAndContributionMap":{"functional-code":{"insertions":40,"deletions":1},"other":{"insertions":1,"deletions":0},"test-code":{"insertions":6,"deletions":2}}},{"hash":"05ceeb7681667de4432b1c6bdabc98e9a5e292a8","messageTitle":"Update UG by refining and adding images","messageBody":"","fileTypesAndContributionMap":{"docs":{"insertions":70,"deletions":27}}},{"hash":"c0c968347bd465078ca66b4afba3157d52419977","messageTitle":"Refined images for UG","messageBody":"","fileTypesAndContributionMap":{"docs":{"insertions":15,"deletions":15}}}]}],"shauneang":[{"date":"2022-09-27","commitResults":[{"hash":"724dbc3f740d7401c0cf88e930b5ebfc2325c0fc","messageTitle":"Create .md template for teammates and updated AboutUs.md","messageBody":"","fileTypesAndContributionMap":{"docs":{"insertions":198,"deletions":20}}},{"hash":"6d4b0d3855c30a7b2aabd5ee4868effc167cf02b","messageTitle":"Edit FABook description in team\u0027s .md files","messageBody":"","fileTypesAndContributionMap":{"docs":{"insertions":8,"deletions":60}}},{"hash":"cb8440a53414f0f32547d9a950e3bdf579e982af","messageTitle":"edited AboutUs.md","messageBody":"","fileTypesAndContributionMap":{"docs":{"insertions":2,"deletions":2}}},{"hash":"04251356dd89b554c02b2db14e179210229ebd58","messageTitle":"udpated skeletal PPP","messageBody":"","fileTypesAndContributionMap":{"docs":{"insertions":14,"deletions":3}}}]},{"date":"2022-09-28","commitResults":[{"hash":"f9e49539e216e4384e2de3f6a471c413a269c68b","messageTitle":"fix build error","messageBody":"","fileTypesAndContributionMap":{"docs":{"insertions":8,"deletions":8}}},{"hash":"7d11ff95149cd74c39ca9283a8c52156f6a6c96e","messageTitle":"Changed RepoSense Link","messageBody":"","fileTypesAndContributionMap":{"docs":{"insertions":1,"deletions":142}}}]},{"date":"2022-10-12","commitResults":[{"hash":"b821aa297866e1b4c14ec71f79984d9607e3d1ff","messageTitle":"Added redo and undo function for add, delete, clear and edit commands","messageBody":"","fileTypesAndContributionMap":{"functional-code":{"insertions":345,"deletions":30},"test-code":{"insertions":22,"deletions":2}}}]},{"date":"2022-10-14","commitResults":[{"hash":"c2b91043c5829704dc9773ed796f40ceefb14141","messageTitle":"Added undo and redo commands","messageBody":"","fileTypesAndContributionMap":{"functional-code":{"insertions":1,"deletions":1},"test-code":{"insertions":0,"deletions":20}}},{"hash":"c8f914f425dbeb536ba07fce75a33b3f9a4fff5a","messageTitle":"Added RedoCommand Test and UndoCommandTest","messageBody":"","fileTypesAndContributionMap":{"functional-code":{"insertions":8,"deletions":44},"test-code":{"insertions":41,"deletions":5}}}]},{"date":"2022-10-15","commitResults":[{"hash":"864bb8aa660dd93ff5743ae6389c565db58950d5","messageTitle":"Added tests for undo and redo in AddCommandTest, DeleteCommandTest, EditCommandTest and ClearCommandTest","messageBody":"","fileTypesAndContributionMap":{"functional-code":{"insertions":10,"deletions":12},"test-code":{"insertions":129,"deletions":8}}},{"hash":"d859820bf3519e0fec0de800fd8d5b22744ce793","messageTitle":"Added CommandManagerTest","messageBody":"","fileTypesAndContributionMap":{"test-code":{"insertions":86,"deletions":5}}},{"hash":"21c51242af091c205ccdac003d59952e33baea0c","messageTitle":"Fix checkstyle","messageBody":"","fileTypesAndContributionMap":{"functional-code":{"insertions":8,"deletions":20}}},{"hash":"49199317016a0010ce394928e1fa4059fe649651","messageTitle":"Fix checkstyle","messageBody":"","fileTypesAndContributionMap":{"functional-code":{"insertions":1,"deletions":0}}},{"hash":"a2963b93d84fb9d883a929a4685109611f9947fa","messageTitle":"Fix checkstyle","messageBody":"","fileTypesAndContributionMap":{"test-code":{"insertions":18,"deletions":18}}},{"hash":"e866ae25639cb056803a67b4643f60c917af3bc6","messageTitle":"Fix checkstyle","messageBody":"","fileTypesAndContributionMap":{"test-code":{"insertions":20,"deletions":13}}},{"hash":"3d12464441786b10da5bd1505c070b53bb5e0d36","messageTitle":"Fix checkstyle","messageBody":"","fileTypesAndContributionMap":{"test-code":{"insertions":7,"deletions":2}}},{"hash":"26f444164cb0638d022373752e7276c3404047e4","messageTitle":"Fix checkstyle","messageBody":"","fileTypesAndContributionMap":{"test-code":{"insertions":2,"deletions":2}}}]},{"date":"2022-10-16","commitResults":[{"hash":"35cdfffb515d9e95998f822155185b32bde712b1","messageTitle":"Fix checkstyle","messageBody":"","fileTypesAndContributionMap":{"test-code":{"insertions":14,"deletions":13}}},{"hash":"25142cbfa0285712127b4ea98dd3a74b9bd02b3d","messageTitle":"Fix checkstyle","messageBody":"","fileTypesAndContributionMap":{"test-code":{"insertions":7,"deletions":8}}},{"hash":"8962ca8f071aaddce30d5603e929237c59c66abf","messageTitle":"Fix checkstyle","messageBody":"","fileTypesAndContributionMap":{"test-code":{"insertions":1,"deletions":1}}}]},{"date":"2022-10-21","commitResults":[{"hash":"10322ef9a989d05ad8672c896e08fe8162360e1f","messageTitle":"Adding to Developer Guide","messageBody":"","fileTypesAndContributionMap":{"docs":{"insertions":29,"deletions":34}}},{"hash":"86cb3f325633013e127acd19aabc556ca5b070a2","messageTitle":"merge conflict","messageBody":"","fileTypesAndContributionMap":{"functional-code":{"insertions":0,"deletions":1}}}]},{"date":"2022-10-25","commitResults":[{"hash":"c141b2eeabe671f9a6936f0f15b2fee4ed4cbb6d","messageTitle":"Add person profile","messageBody":"","fileTypesAndContributionMap":{"functional-code":{"insertions":217,"deletions":12}}}]},{"date":"2022-10-26","commitResults":[{"hash":"791a915a362ef6b70288f60bbd2f1c3d56cc7870","messageTitle":"added person profile","messageBody":"","fileTypesAndContributionMap":{"functional-code":{"insertions":73,"deletions":14}}},{"hash":"f769c4c0cc000c112c90474d8339f97fa6f3806f","messageTitle":"added person profile","messageBody":"","fileTypesAndContributionMap":{"functional-code":{"insertions":10,"deletions":2}}},{"hash":"c3e573892d0e1633db1a990fea3776a5b260323a","messageTitle":"Fix CI Checks","messageBody":"","fileTypesAndContributionMap":{"functional-code":{"insertions":9,"deletions":7}}},{"hash":"a1e040837caf622c81b7468050ea40594084c3a4","messageTitle":"Fix CI Checks","messageBody":"","fileTypesAndContributionMap":{"functional-code":{"insertions":4,"deletions":4}}},{"hash":"8e0d21fbefa26112ff55439d3a1cb83fdbc90956","messageTitle":"Fix CI Checks","messageBody":"","fileTypesAndContributionMap":{"functional-code":{"insertions":4,"deletions":4}}},{"hash":"ca9c8f18de38175ddf7476135624cddbdbe7d4b2","messageTitle":"Test CI Checks","messageBody":"","fileTypesAndContributionMap":{"functional-code":{"insertions":1,"deletions":1}}},{"hash":"346cad70ec7e55e5ae77b444f8b74a23d061dff6","messageTitle":"Test CI Checks","messageBody":"","fileTypesAndContributionMap":{"functional-code":{"insertions":1,"deletions":1}}},{"hash":"e24f7ea589e110d0ae4637ce554c7695cd288ab8","messageTitle":"Fix CI Checks","messageBody":"","fileTypesAndContributionMap":{"functional-code":{"insertions":2,"deletions":4}}},{"hash":"0740151beadc8cbd6ab63bf49b43f5bc8c10c837","messageTitle":"Fix UI for Person Profile","messageBody":"","fileTypesAndContributionMap":{"functional-code":{"insertions":146,"deletions":28},"test-code":{"insertions":21,"deletions":21}}},{"hash":"22d8070b89d06dc2598f705b5acecd44d01662af","messageTitle":"Fix CI Checks","messageBody":"","fileTypesAndContributionMap":{"functional-code":{"insertions":11,"deletions":12}}},{"hash":"8c23ac5ea319a2740f18e8a9e4f83ed00ab672b1","messageTitle":"Fix CI Checks","messageBody":"","fileTypesAndContributionMap":{"functional-code":{"insertions":2,"deletions":2}}},{"hash":"17b95662b21ac8d8e9efc8424998abebfe6e0b28","messageTitle":"Fix CI Checks","messageBody":"","fileTypesAndContributionMap":{"functional-code":{"insertions":2,"deletions":2}}},{"hash":"2f0b342cc675ab749928c269f0896fd37e678d9c","messageTitle":"Fix CI Checks","messageBody":"","fileTypesAndContributionMap":{"test-code":{"insertions":2,"deletions":1}}},{"hash":"18d02ae8e9de36a659a90c8f496618588128ff21","messageTitle":"added open pdf button from client profile","messageBody":"","fileTypesAndContributionMap":{"functional-code":{"insertions":33,"deletions":8}}},{"hash":"20bae6dc5c90f4a47c5abbbefc476162f41bc8b8","messageTitle":"change logic of button click","messageBody":"","fileTypesAndContributionMap":{"functional-code":{"insertions":2,"deletions":2}}},{"hash":"417479bd301e53d74636f9e50995761417659618","messageTitle":"change logic of button click","messageBody":"","fileTypesAndContributionMap":{"functional-code":{"insertions":41,"deletions":5}}},{"hash":"b863f410e7ec3eb3816a3fc709d21af0aeb23531","messageTitle":"Fix CI Checks","messageBody":"","fileTypesAndContributionMap":{"functional-code":{"insertions":1,"deletions":7}}}]},{"date":"2022-10-27","commitResults":[{"hash":"3d1853e9396838d02d0dcd22028d950e654552ee","messageTitle":"fixed create command message_usage by adding a space after meeting time","messageBody":"","fileTypesAndContributionMap":{"functional-code":{"insertions":1,"deletions":1}}},{"hash":"76b8248efd4414539c8d44b61aa03b1d9846bc46","messageTitle":"add Checks for empty value when doing gets","messageBody":"","fileTypesAndContributionMap":{"functional-code":{"insertions":124,"deletions":5}}},{"hash":"56608cd09631f438c04c04352a17101e1daa4493","messageTitle":"add manage logic for client information button","messageBody":"","fileTypesAndContributionMap":{"functional-code":{"insertions":16,"deletions":0}}},{"hash":"89dacaeb76c48b0271456a94561a6d79949f6d93","messageTitle":"added javadocs","messageBody":"","fileTypesAndContributionMap":{"functional-code":{"insertions":27,"deletions":0}}},{"hash":"82e82605638d6e19dd5b02c72efa16079f23ce60","messageTitle":"Changed CSS styling","messageBody":"","fileTypesAndContributionMap":{"functional-code":{"insertions":32,"deletions":21}}},{"hash":"c0bc7e8dc60ff7d0bffbe0b65bdda09cb0b0ee13","messageTitle":"Edited layout of person card","messageBody":"","fileTypesAndContributionMap":{"functional-code":{"insertions":20,"deletions":29}}},{"hash":"7a1adc8d28ef4d78c008775cb7b6238277d4a6a1","messageTitle":"Changed all instances where  can be replace by EMPTY_FIELD_VALUE","messageBody":"","fileTypesAndContributionMap":{"functional-code":{"insertions":32,"deletions":36}}},{"hash":"f9978ed78bc6443f3375f5a57ebe724f5f51844d","messageTitle":"Fix CI checks","messageBody":"","fileTypesAndContributionMap":{"functional-code":{"insertions":4,"deletions":2}}},{"hash":"2b7ef55ad1f2efb76beb3692eddaefeb4c2066ee","messageTitle":"Fix CI checks","messageBody":"","fileTypesAndContributionMap":{"functional-code":{"insertions":32,"deletions":32}}},{"hash":"80fe5af7193b5b897d68bfa16240fa1a8dc86072","messageTitle":"Fix CI checks","messageBody":"","fileTypesAndContributionMap":{"functional-code":{"insertions":25,"deletions":24}}},{"hash":"f5b3694f4e3e72cfc8243a0d71a83e2aa4369cb8","messageTitle":"Initial Implementation of Observer Pattern","messageBody":"","fileTypesAndContributionMap":{"functional-code":{"insertions":2,"deletions":0}}},{"hash":"ff899b627b32c354310b0e653bff98ff775e192f","messageTitle":"All updateUI logic added except for sync command","messageBody":"","fileTypesAndContributionMap":{"functional-code":{"insertions":97,"deletions":75}}},{"hash":"857cfc50fe133d74d78f6219ed0337158e2865ed","messageTitle":"Fix CI Checks","messageBody":"","fileTypesAndContributionMap":{"functional-code":{"insertions":1,"deletions":0}}}]},{"date":"2022-10-28","commitResults":[{"hash":"854a7dcaf83d1c0cab0e9aa79ae4eca903e7c85b","messageTitle":"CI Fix","messageBody":"","fileTypesAndContributionMap":{"functional-code":{"insertions":4,"deletions":1}}},{"hash":"6963a18dae07b1654c5ba72283d6f6f82d21cb66","messageTitle":"Fix CI Checks","messageBody":"","fileTypesAndContributionMap":{"test-code":{"insertions":7,"deletions":0}}},{"hash":"0174cfc00c9be13f3debdd348afb2a8ab1a85e36","messageTitle":"added scroll bar in person profile","messageBody":"","fileTypesAndContributionMap":{"functional-code":{"insertions":47,"deletions":35}}},{"hash":"e13cbe88c4df525c80f2c3a8db73e8024eac79e4","messageTitle":"Sidetrack: changed button to dislpay no client info if no filepath","messageBody":"","fileTypesAndContributionMap":{"functional-code":{"insertions":10,"deletions":2}}},{"hash":"ed1d010ed1aacddd303d31e8cb9053caa753bb24","messageTitle":"changed the tag colour according to client status","messageBody":"","fileTypesAndContributionMap":{"functional-code":{"insertions":68,"deletions":0}}},{"hash":"782f499c8e7ed75205e110522bfdc1058f3d2de0","messageTitle":"Styling of tags","messageBody":"","fileTypesAndContributionMap":{"functional-code":{"insertions":96,"deletions":6}}},{"hash":"832fbedf7459bf12ab7735014bcca6a60b9fe8e3","messageTitle":"Fix CI Checks","messageBody":"","fileTypesAndContributionMap":{"functional-code":{"insertions":2,"deletions":4}}},{"hash":"db7d853f0bd2e0d68dfcaba56f37c59eb7b6f879","messageTitle":"Changed get earliest meeting to return meetingtime instead of set","messageBody":"","fileTypesAndContributionMap":{"functional-code":{"insertions":4,"deletions":7}}}]}],"eugenetayyj":[{"date":"2022-09-27","commitResults":[{"hash":"18fcb54a3bf1e75b2ca9bbfb80566f6c3629f901","messageTitle":"Add ReadMe Information","messageBody":"","fileTypesAndContributionMap":{"docs":{"insertions":140,"deletions":119}}},{"hash":"71deba4806d37357ed1734d1a3ef9ac72e3d663d","messageTitle":"Change EOL","messageBody":"","fileTypesAndContributionMap":{"docs":{"insertions":40,"deletions":40}}},{"hash":"ca33070f1330553b3979a080f52afe0f44beb65b","messageTitle":"Change line separator default","messageBody":"","fileTypesAndContributionMap":{"docs":{"insertions":16,"deletions":16}}},{"hash":"4805401cc59003fda5378a54bb36b4ccadd69474","messageTitle":"Change EOL","messageBody":"","fileTypesAndContributionMap":{"docs":{"insertions":15,"deletions":15}}},{"hash":"ed4a9ae30c97d400698821ffe2401e2fe0f1a893","messageTitle":"Update README","messageBody":"","fileTypesAndContributionMap":{"docs":{"insertions":28,"deletions":10}}},{"hash":"d3e570e6ad7e13107c903700a074645baf19eb5e","messageTitle":"Edit README","messageBody":"","fileTypesAndContributionMap":{"docs":{"insertions":1,"deletions":1}}}]},{"date":"2022-09-28","commitResults":[{"hash":"40858241fd6124edfb77a36aa2b607ce998d9be2","messageTitle":"CI Test","messageBody":"","fileTypesAndContributionMap":{"docs":{"insertions":3,"deletions":3}}},{"hash":"9175f2a320fe5804c6bb33dbdc5d5b67993ac0db","messageTitle":"CI Test","messageBody":"","fileTypesAndContributionMap":{"docs":{"insertions":70,"deletions":70}}}]},{"date":"2022-10-03","commitResults":[{"hash":"c6cf9aec048dda7da3b16249ca57c756b7d13f8b","messageTitle":"Familiarise with code","messageBody":"","fileTypesAndContributionMap":{"functional-code":{"insertions":223,"deletions":52},"other":{"insertions":1,"deletions":0},"test-code":{"insertions":161,"deletions":28}}},{"hash":"438773dd881e184e3be72dd58905ad083b2d7b7a","messageTitle":"Fixed CI issues","messageBody":"","fileTypesAndContributionMap":{"functional-code":{"insertions":5,"deletions":5},"test-code":{"insertions":1,"deletions":1}}}]},{"date":"2022-10-04","commitResults":[{"hash":"b6719e17e1d0a6990c0024b58aa9765b9520991d","messageTitle":"Add Net Worth Field","messageBody":"","fileTypesAndContributionMap":{"functional-code":{"insertions":127,"deletions":24},"test-code":{"insertions":41,"deletions":11}}},{"hash":"1431762b75a652b15cff5272f0634f5920242f5f","messageTitle":"Enforce Net Worth Constraint","messageBody":"","fileTypesAndContributionMap":{"functional-code":{"insertions":14,"deletions":14}}},{"hash":"fb1307bf0cb2c0c710ade501a3cd5fd0199f9a20","messageTitle":"Edit UI Person Card","messageBody":"","fileTypesAndContributionMap":{"functional-code":{"insertions":5,"deletions":1}}},{"hash":"40e7999e00f2df9d9406d80fefa39d5b9fe89c49","messageTitle":"Fix CI Issue","messageBody":"","fileTypesAndContributionMap":{"functional-code":{"insertions":0,"deletions":1}}},{"hash":"a9240dee20be545a1c07afa4906dcd2ef1dccf90","messageTitle":"Fix Build issue","messageBody":"","fileTypesAndContributionMap":{"functional-code":{"insertions":63,"deletions":39},"test-code":{"insertions":25,"deletions":11}}},{"hash":"71bb8717bdf4dcb485f49eb1f2ce1a658762912e","messageTitle":"Fix Add Command Structure","messageBody":"","fileTypesAndContributionMap":{"functional-code":{"insertions":11,"deletions":6},"other":{"insertions":1,"deletions":0}}}]},{"date":"2022-10-20","commitResults":[{"hash":"ccd39fb328a7c46b4ea0b15aa662ac5f0f4de7d6","messageTitle":"Edit DG","messageBody":"","fileTypesAndContributionMap":{"functional-code":{"insertions":1,"deletions":1},"other":{"insertions":4,"deletions":0},"docs":{"insertions":3,"deletions":3}}}]},{"date":"2022-10-21","commitResults":[{"hash":"ca16596bd0731e59ae510fe965cd25bec83c29fa","messageTitle":"Remove Assertion","messageBody":"","fileTypesAndContributionMap":{"functional-code":{"insertions":0,"deletions":1}}},{"hash":"2adbe09797c131881da68ac812bcee3a8ce9692b","messageTitle":"Update DG","messageBody":"","fileTypesAndContributionMap":{"docs":{"insertions":26,"deletions":0}}}]},{"date":"2022-10-22","commitResults":[{"hash":"f918ad9680ef16408fddca226c01f0e7f2b93e5b","messageTitle":"Edit DG","messageBody":"","fileTypesAndContributionMap":{"docs":{"insertions":1,"deletions":1}}},{"hash":"2a28e4d1c25358e7e0536bc45486341363ae6119","messageTitle":"Change Tag class","messageBody":"","fileTypesAndContributionMap":{"functional-code":{"insertions":13,"deletions":6}}},{"hash":"a9ddfa1637ca91349782e00fae514afc52f0050f","messageTitle":"Fix CI","messageBody":"","fileTypesAndContributionMap":{"functional-code":{"insertions":4,"deletions":6}}},{"hash":"2f1d0e0d574f3ca4fa4faa73be51a8810c7d1854","messageTitle":"Dummy Commit","messageBody":"","fileTypesAndContributionMap":{"functional-code":{"insertions":1,"deletions":2}}}]},{"date":"2022-10-23","commitResults":[{"hash":"e3232cb8f34bf8b58dcd68c3f86e672810ba3dbd","messageTitle":"Fix Build Issues","messageBody":"","fileTypesAndContributionMap":{"test-code":{"insertions":67,"deletions":85}}}]},{"date":"2022-10-26","commitResults":[{"hash":"15c01fcd75b3bd9e049d32a396bd22ed588af579","messageTitle":"Commit Pulled Files","messageBody":"","fileTypesAndContributionMap":{"other":{"insertions":15,"deletions":0}}},{"hash":"6b817dccbb9209d64341af8e6ca886718a599ab4","messageTitle":"Pull Files from Origin","messageBody":"","fileTypesAndContributionMap":{"other":{"insertions":116,"deletions":9}}},{"hash":"ade58c66d4dd25cf65789adc233a33a336b3de65","messageTitle":"Add Meetings Popup","messageBody":"","fileTypesAndContributionMap":{"functional-code":{"insertions":124,"deletions":1},"other":{"insertions":4,"deletions":1}}},{"hash":"a98e871c396e9bdab853eb49055f0068ebcb8825","messageTitle":"Edit MeetingWindow.CSS","messageBody":"","fileTypesAndContributionMap":{"functional-code":{"insertions":122,"deletions":6}}},{"hash":"0f227f56fbbf16dc3a09c500dd1f3c43038f171f","messageTitle":"Add skeletal files","messageBody":"","fileTypesAndContributionMap":{"functional-code":{"insertions":116,"deletions":0}}}]},{"date":"2022-10-27","commitResults":[{"hash":"c7185c9ebdf6ed0d2de41f6cc03b7423357574ab","messageTitle":"Edit Meeting GUI","messageBody":"","fileTypesAndContributionMap":{"functional-code":{"insertions":125,"deletions":87}}},{"hash":"ba57abda424a8e1cf9869adb8817968ebea53807","messageTitle":"Fix Build Issues","messageBody":"","fileTypesAndContributionMap":{"functional-code":{"insertions":38,"deletions":23}}},{"hash":"7c9eebd04950a1c99972e4e63aed97e3ebe4813a","messageTitle":"Edit Reviewer Comment","messageBody":"","fileTypesAndContributionMap":{"functional-code":{"insertions":0,"deletions":8}}},{"hash":"585cd61a3e0372083f8cb367ef9a75294389eda1","messageTitle":"Edit Test to use get method","messageBody":"","fileTypesAndContributionMap":{"functional-code":{"insertions":1,"deletions":1}}},{"hash":"aca4aa5b7203603bf4dfea0f6b72eb6c6aa87f58","messageTitle":"Change to Camel Case","messageBody":"","fileTypesAndContributionMap":{"functional-code":{"insertions":23,"deletions":23}}},{"hash":"9e84f396e86860a7ec9596c1b1159cd1680b4722","messageTitle":"Edit Meetings GUI","messageBody":"","fileTypesAndContributionMap":{"functional-code":{"insertions":7,"deletions":3}}},{"hash":"b86cf1d93daefb5ab67c686da84150c42cfddf3b","messageTitle":"Fix Build Issues","messageBody":"","fileTypesAndContributionMap":{"functional-code":{"insertions":0,"deletions":2}}},{"hash":"23a9101ca7d5ca656f2f2830531213a2fb49fe80","messageTitle":"Change Color Palette","messageBody":"","fileTypesAndContributionMap":{"functional-code":{"insertions":50,"deletions":49},"other":{"insertions":94,"deletions":55}}}]}],"fungusta":[{"date":"2022-09-21","commitResults":[{"hash":"6345acd02d6d707762145e0584bc4ebac1ca6277","messageTitle":"feat: Add Remark for contacts","messageBody":"","fileTypesAndContributionMap":{"functional-code":{"insertions":233,"deletions":63},"test-code":{"insertions":126,"deletions":15}}},{"hash":"428f361f04c8d3afe9dd976e95cf33b3e02724a1","messageTitle":"fix: Fix code to follow Coding Style","messageBody":"","fileTypesAndContributionMap":{"functional-code":{"insertions":99,"deletions":64},"test-code":{"insertions":114,"deletions":125}}},{"hash":"1894e08cbb4818ba25279ddd871633279901ce82","messageTitle":"fix: Fix bugs","messageBody":"","fileTypesAndContributionMap":{"functional-code":{"insertions":46,"deletions":56},"test-code":{"insertions":92,"deletions":66}}}]},{"date":"2022-09-29","commitResults":[{"hash":"9d351705991698c2a032a03b6f9cb83bc9809dda","messageTitle":"Update AboutUs and Personal Portfolio Page","messageBody":"","fileTypesAndContributionMap":{"docs":{"insertions":35,"deletions":2}}}]},{"date":"2022-10-06","commitResults":[{"hash":"3812b18ba98b26ff34446a3256bbc10085c095a7","messageTitle":"feat: Add find contacts by address","messageBody":"","fileTypesAndContributionMap":{"functional-code":{"insertions":110,"deletions":0},"test-code":{"insertions":208,"deletions":0}}},{"hash":"a712b1e3edd71fcd006707d572e5e5c3bd31b9f7","messageTitle":"fix: Updated JavaDocs for some errors","messageBody":"","fileTypesAndContributionMap":{"functional-code":{"insertions":10,"deletions":10},"other":{"insertions":11,"deletions":11},"test-code":{"insertions":8,"deletions":8}}},{"hash":"2223ec3459f2432f2a2303fcf0576eca4a0e4892","messageTitle":"fix: Add Parent FindCommand adapt Find Command Parser","messageBody":"","fileTypesAndContributionMap":{"functional-code":{"insertions":82,"deletions":79},"other":{"insertions":7,"deletions":7},"docs":{"insertions":2,"deletions":1},"test-code":{"insertions":35,"deletions":45}}}]},{"date":"2022-10-07","commitResults":[{"hash":"c77787c1f9a7da04e171ead097882e515d8aaec2","messageTitle":"fix: Fix PPP to follow format","messageBody":"","fileTypesAndContributionMap":{"docs":{"insertions":2,"deletions":1}}}]},{"date":"2022-10-16","commitResults":[{"hash":"246e0932a1803183dc91cf43f1da35ca2e5c6531","messageTitle":"feat: Update contact networth","messageBody":"","fileTypesAndContributionMap":{"functional-code":{"insertions":12,"deletions":22},"other":{"insertions":6,"deletions":2},"test-code":{"insertions":23,"deletions":8}}},{"hash":"8b0d949902d9396abeff98c86bf56eaa617237ef","messageTitle":"fix: Correct Checkstyle errors","messageBody":"","fileTypesAndContributionMap":{"functional-code":{"insertions":8,"deletions":3},"test-code":{"insertions":4,"deletions":3}}},{"hash":"330bbda62d73f531ea4b125860244390a6e729f5","messageTitle":"fix: Checkstyle error","messageBody":"","fileTypesAndContributionMap":{"test-code":{"insertions":1,"deletions":1}}}]},{"date":"2022-10-17","commitResults":[{"hash":"3165c7c1131e4ba03b5b73c47ac66d218e50d1fe","messageTitle":"feat: Add Open PDF File from file path in directory","messageBody":"","fileTypesAndContributionMap":{"functional-code":{"insertions":238,"deletions":13},"other":{"insertions":1,"deletions":1}}}]},{"date":"2022-10-18","commitResults":[{"hash":"528f1c5dbb94c02a70f3e2bdcbe0911af906fa34","messageTitle":"Feat: PDF file accesss using absolute file path","messageBody":"","fileTypesAndContributionMap":{"functional-code":{"insertions":175,"deletions":35},"test-code":{"insertions":167,"deletions":45}}},{"hash":"4ab0b641766c3ee92bb304427a5a4447658ec2e9","messageTitle":"test: Add Junit tests for most code added","messageBody":"","fileTypesAndContributionMap":{"functional-code":{"insertions":20,"deletions":26},"test-code":{"insertions":325,"deletions":12}}},{"hash":"21acdf4047fbe7b04fd2e7c5bc893ba95a891160","messageTitle":"fix: Correct codesstyle violations","messageBody":"","fileTypesAndContributionMap":{"functional-code":{"insertions":48,"deletions":19},"test-code":{"insertions":15,"deletions":22}}}]},{"date":"2022-10-19","commitResults":[{"hash":"66c15a7b7106ee346718bf75a5b172eb7a9bf394","messageTitle":"fix: Update Access PDF to work on other platforms (Hopefully)","messageBody":"","fileTypesAndContributionMap":{"functional-code":{"insertions":94,"deletions":24},"other":{"insertions":2,"deletions":0},"test-code":{"insertions":140,"deletions":68}}},{"hash":"a72bb36b6df1a7b62753793e55ef5c350ff19d0d","messageTitle":"fix: Remove test cases causing issues","messageBody":"","fileTypesAndContributionMap":{"test-code":{"insertions":0,"deletions":34}}},{"hash":"75e2fc902cc12ff5887796a7605fa2f3fcb2b28e","messageTitle":"fix: codestyle","messageBody":"","fileTypesAndContributionMap":{"test-code":{"insertions":0,"deletions":3}}}]},{"date":"2022-10-21","commitResults":[{"hash":"c204cc26e998468d348e1a8fb1fcb87cd2459b36","messageTitle":"Add DG for open person file","messageBody":"","fileTypesAndContributionMap":{"functional-code":{"insertions":1,"deletions":2},"docs":{"insertions":29,"deletions":7}}},{"hash":"661031efd9613410068254605c048f6a01651988","messageTitle":"fix: Update version number","messageBody":"","fileTypesAndContributionMap":{"functional-code":{"insertions":1,"deletions":1}}}]},{"date":"2022-10-26","commitResults":[{"hash":"3fd001ba5e581eae458688127c0f3078706ea0ea","messageTitle":"fix: Issues when pdf is moved or renamed outside of the addresssbook","messageBody":"","fileTypesAndContributionMap":{"functional-code":{"insertions":36,"deletions":66},"test-code":{"insertions":6,"deletions":85}}},{"hash":"395ec497de3ca218e0f738486f61af105fed7b2c","messageTitle":"Update User Guide for new format parameters as well as assigning and opening PDF files","messageBody":"","fileTypesAndContributionMap":{"docs":{"insertions":58,"deletions":31}}},{"hash":"d451b5a9f6d90e1f748eb959b2e24811b02a7d3a","messageTitle":"Add Validation Regex for Filepath","messageBody":"","fileTypesAndContributionMap":{"functional-code":{"insertions":2,"deletions":2}}},{"hash":"b3668660495951cc7168e85fafb7d4eee17a0d45","messageTitle":"Fix Bugs when building due to compile error with JavaFX","messageBody":"","fileTypesAndContributionMap":{"functional-code":{"insertions":1,"deletions":0}}}]}],"isanidiot":[{"date":"2022-09-28","commitResults":[{"hash":"5cbd9f8dae5e79d288f605a0902608ac80df9957","messageTitle":"Update UserGuide.md","messageBody":"","fileTypesAndContributionMap":{"docs":{"insertions":81,"deletions":47}}}]},{"date":"2022-09-29","commitResults":[{"hash":"1b4b05996ea30a39f1f14385931c4f316e356a0e","messageTitle":"Update UserGuide.md","messageBody":"","fileTypesAndContributionMap":{"docs":{"insertions":13,"deletions":17}}},{"hash":"bbdda364d3f69a6abb1af9d276353f02f4126928","messageTitle":"add my ppp and photo","messageBody":"","fileTypesAndContributionMap":{"docs":{"insertions":32,"deletions":0}}},{"hash":"a74dcac29aa8a77229c7322b954fe857285dba97","messageTitle":"Update isanidiot.md","messageBody":"","fileTypesAndContributionMap":{"docs":{"insertions":2,"deletions":2}}},{"hash":"c2f491cf10b77f3ec08b8aa8eeff485968d688b9","messageTitle":"Update AboutUs.md","messageBody":"","fileTypesAndContributionMap":{"docs":{"insertions":2,"deletions":2}}},{"hash":"7bb2876025743cd8e6e24004ea02becfb528ad53","messageTitle":"Rename isanidiot.md to yuchuan.md","messageBody":"","fileTypesAndContributionMap":{"docs":{"insertions":0,"deletions":0}}},{"hash":"9ae70551c2c87e255d6d0c97dfbc336bb7e9e18e","messageTitle":"Update yuchuan.md","messageBody":"","fileTypesAndContributionMap":{"docs":{"insertions":1,"deletions":1}}}]},{"date":"2022-10-01","commitResults":[{"hash":"dacc0905af32c550751efdda752f66ad354dddbf","messageTitle":"Rename yuchuan.md to isanidiot.md","messageBody":"","fileTypesAndContributionMap":{"docs":{"insertions":0,"deletions":0}}},{"hash":"7acb764ad8bd9321a888d041fee88df78792e3ef","messageTitle":"Update AboutUs.md","messageBody":"","fileTypesAndContributionMap":{"docs":{"insertions":2,"deletions":2}}},{"hash":"83f028437d15c212bf46ff0fce60b59d9dacf28e","messageTitle":"Update UserGuide.md","messageBody":"Delete reference to AB3","fileTypesAndContributionMap":{"docs":{"insertions":10,"deletions":13}}},{"hash":"84d90b0c577e1cc5a2c2d832c3d966587c96390f","messageTitle":"Update README.md","messageBody":"","fileTypesAndContributionMap":{"docs":{"insertions":1,"deletions":1}}},{"hash":"68593ec8a2cd219c5253e925a25ae36a294a926d","messageTitle":"Update DeveloperGuide.md","messageBody":"Updated NFR section","fileTypesAndContributionMap":{"docs":{"insertions":1,"deletions":0}}}]},{"date":"2022-10-08","commitResults":[{"hash":"4166341bef5df705d22ca85f9405efcc54567931","messageTitle":"feat: Add find contacts by phone number","messageBody":"","fileTypesAndContributionMap":{"functional-code":{"insertions":84,"deletions":14},"test-code":{"insertions":121,"deletions":13}}},{"hash":"691172ba7e463f0e112e63a645e393f170877194","messageTitle":"Fix: Remove wildcard imports.","messageBody":"","fileTypesAndContributionMap":{"functional-code":{"insertions":4,"deletions":1},"test-code":{"insertions":19,"deletions":3}}},{"hash":"70ce927eccbc4ebf2b2b63ab1916150cd93af6e5","messageTitle":"Fix: Checkstyle errors.","messageBody":"","fileTypesAndContributionMap":{"functional-code":{"insertions":8,"deletions":6},"test-code":{"insertions":17,"deletions":19}}}]},{"date":"2022-10-09","commitResults":[{"hash":"dd8991f385125a6f06ad2cb2048918a5c318d4e4","messageTitle":"Fix: tests that broke due to the addition of remark and networth","messageBody":"","fileTypesAndContributionMap":{"functional-code":{"insertions":19,"deletions":13},"test-code":{"insertions":70,"deletions":35}}},{"hash":"a3fed5a1754db2944c4cceae4406cd681e90e786","messageTitle":"fix: checkstyle error","messageBody":"","fileTypesAndContributionMap":{"functional-code":{"insertions":3,"deletions":0},"test-code":{"insertions":0,"deletions":1}}}]},{"date":"2022-10-21","commitResults":[{"hash":"2c82d754cc99e51a2a0f8c467f143981395afab2","messageTitle":"Update DeveloperGuide.md","messageBody":"","fileTypesAndContributionMap":{"docs":{"insertions":28,"deletions":6}}}]},{"date":"2022-10-23","commitResults":[{"hash":"6f9602a9d0f00421b639e120b63a7560f2df74f6","messageTitle":"Change remark to description and update sameperson check","messageBody":"","fileTypesAndContributionMap":{"functional-code":{"insertions":47,"deletions":47},"other":{"insertions":74,"deletions":74},"test-code":{"insertions":35,"deletions":35}}},{"hash":"4e099a1dc110eeae8fb351e7da6fdf60b80fb817","messageTitle":"checkstyle fix","messageBody":"","fileTypesAndContributionMap":{"functional-code":{"insertions":10,"deletions":7},"test-code":{"insertions":12,"deletions":8}}},{"hash":"6c4bd60581912b4960b33c4196a1e690a1b21e7e","messageTitle":"Change create and update to allow description field","messageBody":"","fileTypesAndContributionMap":{"functional-code":{"insertions":32,"deletions":33},"test-code":{"insertions":65,"deletions":44}}},{"hash":"d6c8dd9ca0ffb79317a0c50c03a199ca8e7c6bf0","messageTitle":"checkstyle fix","messageBody":"","fileTypesAndContributionMap":{"test-code":{"insertions":4,"deletions":2}}}]},{"date":"2022-10-24","commitResults":[{"hash":"57b2afd7ed6800be955f07d311f1f9bb7f797eb8","messageTitle":"fix bugs that came with merging","messageBody":"","fileTypesAndContributionMap":{"test-code":{"insertions":17,"deletions":16}}}]},{"date":"2022-10-25","commitResults":[{"hash":"5a00cf944926d6c4add7252e0049918e91650b84","messageTitle":"Update compulsory fields (name and phone) for create command.","messageBody":"","fileTypesAndContributionMap":{"functional-code":{"insertions":24,"deletions":36},"test-code":{"insertions":55,"deletions":65}}},{"hash":"da665b4c986cbd0d20bb2ef3d3bea251c81d30d5","messageTitle":"Add back validation regex for address, does nothing. Change test utils for tag to be in line with other fields.","messageBody":"","fileTypesAndContributionMap":{"functional-code":{"insertions":29,"deletions":2},"test-code":{"insertions":103,"deletions":68}}},{"hash":"b501db42cc7a43d1de12cbf81f56f1bc1f3dbd33","messageTitle":"Groundwork for fixing filepath bug.","messageBody":"","fileTypesAndContributionMap":{"functional-code":{"insertions":2,"deletions":0},"test-code":{"insertions":2,"deletions":2}}},{"hash":"7b4c7cb535541624a6145a38e670a23d2cb09fa7","messageTitle":"Update OpenPersonFileCommand.java","messageBody":"","fileTypesAndContributionMap":{"functional-code":{"insertions":0,"deletions":2}}}]},{"date":"2022-10-26","commitResults":[{"hash":"1447bf56142d473aec84ed67706af9394105bd44","messageTitle":"Switch amy and bob","messageBody":"","fileTypesAndContributionMap":{"test-code":{"insertions":31,"deletions":30}}}]},{"date":"2022-10-27","commitResults":[{"hash":"f39953d11db46b9ef14e8dafb2868282f1160011","messageTitle":"Feature: sync command When called, removes past meetings","messageBody":"","fileTypesAndContributionMap":{"functional-code":{"insertions":94,"deletions":0},"test-code":{"insertions":169,"deletions":0}}},{"hash":"e9def3176ad899d31fd8d4005bae13e23f2019ed","messageTitle":"Update UserGuide.md","messageBody":"","fileTypesAndContributionMap":{"docs":{"insertions":30,"deletions":26}}},{"hash":"4145ec12da39a2b92c1188bcc47af6c41995b94e","messageTitle":"Update UserGuide.md","messageBody":"","fileTypesAndContributionMap":{"docs":{"insertions":2,"deletions":3}}},{"hash":"bf43389000226ba70ce7e89f6daa8f1bafc49182","messageTitle":"TAG_DESC_AMY and BOB fix. My bad.","messageBody":"","fileTypesAndContributionMap":{"test-code":{"insertions":56,"deletions":57}}},{"hash":"fbc39b731a51c2507e56a44cda2a9ad691b2cc30","messageTitle":"Feature: AddMeeting command adds one or multiple meeting times without overwriting existing meeting times","messageBody":"","fileTypesAndContributionMap":{"functional-code":{"insertions":137,"deletions":3}}},{"hash":"6623b4b1c6bd62363ebd7c1f52d6c981361a2f82","messageTitle":"Revert \"Feature: AddMeeting command\"","messageBody":"This reverts commit fbc39b731a51c2507e56a44cda2a9ad691b2cc30.\n","fileTypesAndContributionMap":{"functional-code":{"insertions":3,"deletions":137}}},{"hash":"a2e5574b1b69f941a29c5c18f10a0f6ab36e1b8e","messageTitle":"Edit javadoc","messageBody":"","fileTypesAndContributionMap":{"functional-code":{"insertions":3,"deletions":3}}},{"hash":"9d4af4e195b358355cc0055dc9cc27a41fa466d0","messageTitle":"Feature: delete meeting command","messageBody":"","fileTypesAndContributionMap":{"functional-code":{"insertions":144,"deletions":0}}}]},{"date":"2022-10-28","commitResults":[{"hash":"feef3ddf8b40a9dacc897d6506b24774d70b0ba1","messageTitle":"Enhancement: undo/redo support for descriptioncommand","messageBody":"","fileTypesAndContributionMap":{"functional-code":{"insertions":31,"deletions":6},"test-code":{"insertions":6,"deletions":3}}},{"hash":"0c66bc7cbf2a5cdf1b01075037a31c9d44089371","messageTitle":"Enhancement: undo/redo support for addmeetingcommand and deletemeeting command","messageBody":"","fileTypesAndContributionMap":{"functional-code":{"insertions":46,"deletions":8}}},{"hash":"c76e1d3a9d534a5658b9b077de9e5e9413990e39","messageTitle":"Update UserGuide.md","messageBody":"","fileTypesAndContributionMap":{"docs":{"insertions":34,"deletions":3}}},{"hash":"fc3053d8d54ffc08c49e12eae99c9561dfb9cf43","messageTitle":"Feature: FindTagCommand","messageBody":"","fileTypesAndContributionMap":{"functional-code":{"insertions":75,"deletions":3}}},{"hash":"07b648793f2700d085d37d53d635501266c8404b","messageTitle":"Update UserGuide.md","messageBody":"","fileTypesAndContributionMap":{"docs":{"insertions":16,"deletions":1}}}]}]},"authorFileTypeContributionMap":{"ReaganTan00":{"docs":412,"functional-code":563,"test-code":268,"other":86},"shauneang":{"docs":77,"functional-code":1148,"test-code":284,"other":4},"eugenetayyj":{"docs":105,"functional-code":427,"test-code":137,"other":94},"fungusta":{"docs":83,"functional-code":641,"test-code":680,"other":2},"isanidiot":{"docs":170,"functional-code":722,"test-code":571}},"authorContributionVariance":{"ReaganTan00":54073.188,"shauneang":23043.082,"eugenetayyj":24518.72,"fungusta":55938.406,"isanidiot":27802.85},"authorDisplayNameMap":{"ReaganTan00":"CS2103T-T10-2 REAG..IANG","shauneang":"CS2103T-T10-2 ANG ..AUNE","eugenetayyj":"CS2103T-T10-2 TAY ..GENE","fungusta":"CS2103T-T10-2 FUNG.. REN","isanidiot":"CS2103T-T10-2 LIAO..HUAN"}}
