{"authorDailyContributionsMap":{"lkwlkww":[{"date":"2022-09-22","commitResults":[{"hash":"19f442a7627433b97a4c78dd899b8266536ca595","messageTitle":"Update Kangwei\u0027s part for AboutUs.md","messageBody":"","fileTypesAndContributionMap":{"docs":{"insertions":7,"deletions":5}}}]},{"date":"2022-09-23","commitResults":[{"hash":"d473c00a88307bfbf19050cbd40af4d5d07db029","messageTitle":"update client directory features under User Guide","messageBody":"","fileTypesAndContributionMap":{"docs":{"insertions":59,"deletions":0}}},{"hash":"84d8e916abcf551993c20922024acc51ed6f6ac7","messageTitle":"update documentation for jekyll","messageBody":"","fileTypesAndContributionMap":{"docs":{"insertions":7,"deletions":6}}},{"hash":"3e0ce7e2a408f4246ea37b1d0fd40589b0dfc383","messageTitle":"update ppp for self","messageBody":"","fileTypesAndContributionMap":{"docs":{"insertions":30,"deletions":0}}}]},{"date":"2022-09-29","commitResults":[{"hash":"1588a89b6e7f77472b8f4553a929beb1a88da9fa","messageTitle":"Update glossary for developer\u0027s guide","messageBody":"","fileTypesAndContributionMap":{"docs":{"insertions":1,"deletions":0}}}]},{"date":"2022-10-05","commitResults":[{"hash":"3fe6333b5870fc318ecefd45126c0126ee86dcc9","messageTitle":"Create Property class and its identity and data classes","messageBody":"","fileTypesAndContributionMap":{"functional-code":{"insertions":276,"deletions":1}}},{"hash":"e90a5b5b752d612106e9a861516fdc5fb43e89c6","messageTitle":"finish implementation of Property class","messageBody":"","fileTypesAndContributionMap":{"functional-code":{"insertions":6,"deletions":1}}},{"hash":"551695e74c7436ed93bc4d0447bfe36e42e2373b","messageTitle":"fix bugs for property class","messageBody":"","fileTypesAndContributionMap":{"functional-code":{"insertions":4,"deletions":4}}},{"hash":"0b6798441006daa2d169e03c34b7594c674c8256","messageTitle":"start implementation of property directory","messageBody":"","fileTypesAndContributionMap":{"functional-code":{"insertions":170,"deletions":33}}},{"hash":"6d237dbc1419df5da3b929b04347aa70c6c044e9","messageTitle":"Finish implementation of property directory","messageBody":"","fileTypesAndContributionMap":{"functional-code":{"insertions":477,"deletions":283}}},{"hash":"deee18f296de6e7e565e72056e1dad2d5f70e0c9","messageTitle":"Remove unnecessary Tag.java file","messageBody":"","fileTypesAndContributionMap":{"functional-code":{"insertions":0,"deletions":57}}},{"hash":"28699030885f006677499b69aff1a77e73ee949b","messageTitle":"fix incorrect naming of constant","messageBody":"","fileTypesAndContributionMap":{"functional-code":{"insertions":2,"deletions":2}}}]},{"date":"2022-10-09","commitResults":[{"hash":"11265a88b6baa59539ef7b44b3fa9a714e4f0efc","messageTitle":"fix capitalisation issue","messageBody":"","fileTypesAndContributionMap":{"functional-code":{"insertions":1,"deletions":1}}},{"hash":"08e6e0b507eb0fa4ed223c5263c0becd497f2c41","messageTitle":"fix capitalisation issue","messageBody":"","fileTypesAndContributionMap":{"functional-code":{"insertions":1,"deletions":1}}}]},{"date":"2022-10-10","commitResults":[{"hash":"d81dd07360e9be571fbe3637c9212e4a8ced3a68","messageTitle":"modify the add command to take in a -p argument","messageBody":"Currently, the add command cannot differentiate between commands to add\na property and to add a client.\n\nWe have to change it to be able to differentiate between both, so that\nusers can choose whether to add a new property or client.\n\nLet\u0027s allow the add command to take in \u0027-p\u0027 directly after \u0027add\u0027, to\nallow users to specify that they would like to add a \u0027Property\u0027.\n\nNote:\n- \u0027-c\u0027 for adding clients has not been implemented yet.\n","fileTypesAndContributionMap":{"functional-code":{"insertions":36,"deletions":12},"other":{"insertions":4,"deletions":4}}},{"hash":"efc9252a76ca17fa48e9be72da5235795ea71c42","messageTitle":"modify AddCommand class name for better clarity","messageBody":"","fileTypesAndContributionMap":{"functional-code":{"insertions":6,"deletions":6},"other":{"insertions":4,"deletions":4}}}]},{"date":"2022-10-11","commitResults":[{"hash":"ac76797abfaf0aeb6875014e079023c4c3ada78d","messageTitle":"refactor AddCommand and AddCommandParser into a separate package for property","messageBody":"","fileTypesAndContributionMap":{"functional-code":{"insertions":5,"deletions":5},"other":{"insertions":16,"deletions":29}}},{"hash":"c64e04ab0bbff7c1569870ba36ed39e86e041fc6","messageTitle":"change basic command pattern to accomodate commands without -p or -c flag","messageBody":"","fileTypesAndContributionMap":{"functional-code":{"insertions":2,"deletions":1}}}]}],"yuehernkang":[{"date":"2022-09-28","commitResults":[{"hash":"ceed6df6a0278a85d1c475fcbe37597035fd5476","messageTitle":"Add yuehernkang.md skeletal Project Portfolio Page","messageBody":"","fileTypesAndContributionMap":{"docs":{"insertions":32,"deletions":0}}},{"hash":"0b8eb33ba84be9cef1a9041a478e55f7047c22b4","messageTitle":"Fix EOL Error at yuehernkang.md","messageBody":"","fileTypesAndContributionMap":{"docs":{"insertions":1,"deletions":1}}}]},{"date":"2022-10-02","commitResults":[{"hash":"e05e31072173273ae88f5266781d62de79688ae8","messageTitle":"Update AboutUs.md for yuehernkang","messageBody":"","fileTypesAndContributionMap":{"docs":{"insertions":4,"deletions":4}}}]},{"date":"2022-10-03","commitResults":[{"hash":"958ccdad0d357d28c06e27ba9a774fe8a963f943","messageTitle":"Add additional NFRs","messageBody":"","fileTypesAndContributionMap":{"docs":{"insertions":5,"deletions":3}}}]},{"date":"2022-10-09","commitResults":[{"hash":"7304b71ed5bbc2dafa29542d0ea026eb1909f790","messageTitle":"Add NameTest for Property Name class","messageBody":"","fileTypesAndContributionMap":{"test-code":{"insertions":40,"deletions":0}}},{"hash":"23fa55b6419a825f61ecde40ee887fb0f7977a34","messageTitle":"Add AddressTest for Property Address class","messageBody":"","fileTypesAndContributionMap":{"test-code":{"insertions":36,"deletions":0}}},{"hash":"d5e8d5493f1b90cb800f6c1dc111c639fcc41a99","messageTitle":"Fix imports for NameTest and AddressTest","messageBody":"","fileTypesAndContributionMap":{"test-code":{"insertions":4,"deletions":4}}},{"hash":"9f1303a6d595dcb531200419f21f828a6e524c42","messageTitle":"Add PropertyTest.java for testing Property model class","messageBody":"","fileTypesAndContributionMap":{"test-code":{"insertions":15,"deletions":0}}}]},{"date":"2022-10-12","commitResults":[{"hash":"e03d4d6750bbefd43339f3850b06ddedd54badb7","messageTitle":"Add DeletePropertyCommand.java","messageBody":"","fileTypesAndContributionMap":{"functional-code":{"insertions":50,"deletions":0}}},{"hash":"375a89e4279bfc2694785bb32af27a20af498494","messageTitle":"Modify CondoneryParser to accept DeletePropertyCommand","messageBody":"","fileTypesAndContributionMap":{"functional-code":{"insertions":2,"deletions":1}}},{"hash":"731308fd17760c7a56acf3ef0021f0d5b55783cc","messageTitle":"Add DeletePropertyCommandParser and modified CondoneryParser to accept the DeletePropertyCommandParser","messageBody":"","fileTypesAndContributionMap":{"functional-code":{"insertions":32,"deletions":1}}},{"hash":"767ca5ea250048e6d328c9e412430f1ca394e6c6","messageTitle":"Add JavaDocs to DeletePropertyCommand and DeletePropertyCommandParser","messageBody":"","fileTypesAndContributionMap":{"functional-code":{"insertions":14,"deletions":12}}},{"hash":"80554820def61a311846bb84cdb48127a21f2bac","messageTitle":"Fix errors related to tests","messageBody":"","fileTypesAndContributionMap":{"other":{"insertions":5,"deletions":4},"test-code":{"insertions":5,"deletions":3}}},{"hash":"e8ceb46ca79f3878b92b0a07547ddb7c44d8bdd4","messageTitle":"Fix Checkstyle errors","messageBody":"","fileTypesAndContributionMap":{"functional-code":{"insertions":3,"deletions":3}}},{"hash":"39da5ae7f12440371ca1d8db81e478c570c1a3ef","messageTitle":"Fix Property Command Parser test errors","messageBody":"","fileTypesAndContributionMap":{"other":{"insertions":13,"deletions":12}}}]},{"date":"2022-10-13","commitResults":[{"hash":"1404a896805941056027e3c2cdb358a2d15ba318","messageTitle":"Add Tests for Client class","messageBody":"","fileTypesAndContributionMap":{"test-code":{"insertions":73,"deletions":8}}},{"hash":"e83fde7068238f0205529e07313cf323b4800c14","messageTitle":"Fix checkstyle errors","messageBody":"","fileTypesAndContributionMap":{"test-code":{"insertions":5,"deletions":9}}},{"hash":"5a1d81bd50e0127423ad4f2a71c014953734f5b9","messageTitle":"Disable checkstyle test","messageBody":"","fileTypesAndContributionMap":{"other":{"insertions":1,"deletions":0}}},{"hash":"93c5d9dd797d855bdd7eb476facc6c47004c3265","messageTitle":"Fix errors with test","messageBody":"","fileTypesAndContributionMap":{"test-code":{"insertions":5,"deletions":5}}}]},{"date":"2022-10-15","commitResults":[{"hash":"96d02c6edd90923820f7492de0643b133ee7e7da","messageTitle":"Add Edit Property Command","messageBody":"","fileTypesAndContributionMap":{"functional-code":{"insertions":176,"deletions":2}}},{"hash":"5ba8b27b0c637e7ce8677ab152ee6178bc9a203b","messageTitle":"fix checkstyle errors","messageBody":"","fileTypesAndContributionMap":{"functional-code":{"insertions":7,"deletions":2}}},{"hash":"461834afa78ebdbf4facab723f12522b51fab892","messageTitle":"Add EditPropertyCommandParser","messageBody":"","fileTypesAndContributionMap":{"functional-code":{"insertions":67,"deletions":3}}},{"hash":"1a3cff3ce7229b4f84740818c0173da9383d8174","messageTitle":"Fix checkstyle errors","messageBody":"","fileTypesAndContributionMap":{"functional-code":{"insertions":8,"deletions":3}}}]},{"date":"2022-10-16","commitResults":[{"hash":"45fd2aa6da937041fd09e389a61b5d6aea89562d","messageTitle":"Modify tests for EditPropertyCommand","messageBody":"","fileTypesAndContributionMap":{"functional-code":{"insertions":83,"deletions":276},"other":{"insertions":23,"deletions":22},"test-code":{"insertions":122,"deletions":186}}},{"hash":"ecdc862ad54dcd5f513c13169605897230e1da27","messageTitle":"Enable checkstyle test","messageBody":"","fileTypesAndContributionMap":{"other":{"insertions":1,"deletions":1}}},{"hash":"c02626182e147459532d2e81a75492d49eb6d44b","messageTitle":"Fix checkstyle test errors","messageBody":"","fileTypesAndContributionMap":{"test-code":{"insertions":20,"deletions":15}}}]},{"date":"2022-10-19","commitResults":[{"hash":"57f6f32386cc94a6639aff140a5ef2c9920f31ca","messageTitle":"Add Edit Client Command functionality","messageBody":"","fileTypesAndContributionMap":{"functional-code":{"insertions":307,"deletions":1},"test-code":{"insertions":457,"deletions":189}}},{"hash":"7d5fdbc6540594ac8ab7f40f4a0c716c916b5ed8","messageTitle":"Fix Checkstyle Test errors","messageBody":"","fileTypesAndContributionMap":{"test-code":{"insertions":79,"deletions":41}}},{"hash":"fb2a867fd7218d67bb8c8e38f281d527594e71fd","messageTitle":"Add Delete Client functionality","messageBody":"","fileTypesAndContributionMap":{"functional-code":{"insertions":132,"deletions":5},"other":{"insertions":4,"deletions":4},"test-code":{"insertions":143,"deletions":18}}}]},{"date":"2022-10-20","commitResults":[{"hash":"7ff00887cc0d353c9b83d33bf3b31a36bd89ed43","messageTitle":"Update Developer Guide for Search Command implementation","messageBody":"","fileTypesAndContributionMap":{"docs":{"insertions":37,"deletions":1}}}]},{"date":"2022-10-21","commitResults":[{"hash":"bf9e02b7a03892d301a5e16d1e8108ffe5b6ed81","messageTitle":"Fix compile errors","messageBody":"","fileTypesAndContributionMap":{"functional-code":{"insertions":1,"deletions":0},"test-code":{"insertions":3,"deletions":3}}},{"hash":"6393c196a707bd3f4eb1dd28f3fa4a5605740636","messageTitle":"Fix compile errors","messageBody":"","fileTypesAndContributionMap":{"test-code":{"insertions":4,"deletions":4}}},{"hash":"ce97296bb55db2217f037fb55f46573f3b5cf8b9","messageTitle":"Fix compile errors","messageBody":"","fileTypesAndContributionMap":{"test-code":{"insertions":8,"deletions":5}}},{"hash":"8600fef196b1dffc5da830a0466f93dc98546536","messageTitle":"Fix testing errors","messageBody":"","fileTypesAndContributionMap":{"test-code":{"insertions":2,"deletions":1}}}]},{"date":"2022-10-23","commitResults":[{"hash":"8288ca8230e1ebcfec86123b264d16766a8d4f09","messageTitle":"Fix merge conflict","messageBody":"","fileTypesAndContributionMap":{"test-code":{"insertions":2,"deletions":1}}}]}],"zacchaeuschok":[{"date":"2022-09-27","commitResults":[{"hash":"20ffda526515148573cbd211432ab79743446201","messageTitle":"Update AboutUs page and PPP","messageBody":"","fileTypesAndContributionMap":{"docs":{"insertions":18,"deletions":6}}}]},{"date":"2022-09-28","commitResults":[{"hash":"3c238ba9b8d5b7cd5ee98fb40e5073f59382c1e0","messageTitle":"Fix checkstyle violations in AboutUs page","messageBody":"","fileTypesAndContributionMap":{"docs":{"insertions":3,"deletions":3}}},{"hash":"f3f451c4a48edc826877442d5582f9bf8ac1aa2a","messageTitle":"Add quick start to User Guide","messageBody":"","fileTypesAndContributionMap":{"docs":{"insertions":13,"deletions":13}}},{"hash":"3d81bc53b400c8474594da70298e3270687d2193","messageTitle":"Update user profile and user stories in Developer Guide","messageBody":"","fileTypesAndContributionMap":{"docs":{"insertions":125,"deletions":11}}},{"hash":"10aaa0b3ed92a875ce520970a635405b13d1274e","messageTitle":"Fix formatting error in Developer Guide","messageBody":"","fileTypesAndContributionMap":{"docs":{"insertions":17,"deletions":130}}},{"hash":"caed3309313b9a26de66a387f505323fd5bd35ec","messageTitle":"Fix checkstyle violations in Developer Guide","messageBody":"","fileTypesAndContributionMap":{"docs":{"insertions":1,"deletions":1}}}]},{"date":"2022-09-30","commitResults":[{"hash":"2409152a3c385db2cc4cee41c7594a4b0d6c2fb8","messageTitle":"Update skeletal PPP","messageBody":"","fileTypesAndContributionMap":{"docs":{"insertions":25,"deletions":1}}},{"hash":"ea828a7aea169b091689af4ed0d8eecf27eb2787","messageTitle":"Fix checkstyle violations","messageBody":"","fileTypesAndContributionMap":{"docs":{"insertions":2,"deletions":2}}},{"hash":"e598b10e547c3bf8db3c0578725e2e1f617c4429","messageTitle":"Fix checkstyle violations","messageBody":"","fileTypesAndContributionMap":{"docs":{"insertions":1,"deletions":0}}}]},{"date":"2022-10-06","commitResults":[{"hash":"cedf69198e3e21f8e65c3e13cb8f97def8f14727","messageTitle":"Modify property list command","messageBody":"","fileTypesAndContributionMap":{"functional-code":{"insertions":10,"deletions":10},"test-code":{"insertions":25,"deletions":25}}}]},{"date":"2022-10-09","commitResults":[{"hash":"b0691feb9a2883c50dd8b6bed55b9adcf3b82e50","messageTitle":"Add filter command","messageBody":"","fileTypesAndContributionMap":{"functional-code":{"insertions":137,"deletions":9}}},{"hash":"9d9843e8ce7b270b3c12bbbf5ce850a9b9a4540c","messageTitle":"Update imports in CondoneryParser","messageBody":"","fileTypesAndContributionMap":{"functional-code":{"insertions":10,"deletions":1}}},{"hash":"28b289730d12f333f3dbcdc65212449ffed5e23d","messageTitle":"Fix checkstyle violations","messageBody":"","fileTypesAndContributionMap":{"functional-code":{"insertions":1,"deletions":1},"docs":{"insertions":6,"deletions":6}}},{"hash":"be985cc55c62e147590ba94f871c13eeda25cc3d","messageTitle":"Fix checkstyle violations","messageBody":"","fileTypesAndContributionMap":{"functional-code":{"insertions":7,"deletions":1}}}]},{"date":"2022-10-11","commitResults":[{"hash":"8e741d55c0c2fdedfbe97c2dd12b91f9e7e3e820","messageTitle":"Modify filter command to take -p argument","messageBody":"","fileTypesAndContributionMap":{"functional-code":{"insertions":5,"deletions":5},"other":{"insertions":15,"deletions":12}}}]},{"date":"2022-10-12","commitResults":[{"hash":"aefefaa497815da4bee3ab5ad9374723fc539627","messageTitle":"Resolve errors in running test files","messageBody":"","fileTypesAndContributionMap":{"other":{"insertions":13,"deletions":12},"test-code":{"insertions":62,"deletions":38}}},{"hash":"2baa68a0848642907b9b2f674d0c388a393ec74d","messageTitle":"Fix JsonSerializablePropertyDirectoryTest","messageBody":"","fileTypesAndContributionMap":{"test-code":{"insertions":12,"deletions":16}}},{"hash":"905fad2cacc58970cc1ff15a3f3aa69404941949","messageTitle":"Fix JsonPropertyDirectoryStorageTest","messageBody":"","fileTypesAndContributionMap":{"test-code":{"insertions":3,"deletions":3}}},{"hash":"906f8547d02422dcf31057dc7c3b2ee749fea3c0","messageTitle":"Fix remaining tests","messageBody":"","fileTypesAndContributionMap":{"functional-code":{"insertions":14,"deletions":7},"other":{"insertions":17,"deletions":59},"test-code":{"insertions":68,"deletions":88}}},{"hash":"8f116503785d5b5a651c3b6aaccbdbc37cd81787","messageTitle":"Disabled checkstyle test","messageBody":"","fileTypesAndContributionMap":{"other":{"insertions":1,"deletions":0},"test-code":{"insertions":7,"deletions":6}}},{"hash":"05021d593174123896d84b6cf98a67fef2ee8c59","messageTitle":"Enabled checkstyle test","messageBody":"","fileTypesAndContributionMap":{"other":{"insertions":0,"deletions":1},"test-code":{"insertions":15,"deletions":8}}}]},{"date":"2022-10-15","commitResults":[{"hash":"4523bd641b1132b949029831bd150d87d52b793d","messageTitle":"Add find client command","messageBody":"","fileTypesAndContributionMap":{"functional-code":{"insertions":136,"deletions":24},"other":{"insertions":18,"deletions":15},"test-code":{"insertions":28,"deletions":30}}},{"hash":"80841a34115b6c0fff1b0604bbde9d634f4e1aae","messageTitle":"Add tests for Find Command","messageBody":"","fileTypesAndContributionMap":{"functional-code":{"insertions":36,"deletions":28},"other":{"insertions":44,"deletions":41},"test-code":{"insertions":155,"deletions":20}}},{"hash":"b01727fdcb5dc73a950554d08356812b198a33d9","messageTitle":"Add filter client command","messageBody":"","fileTypesAndContributionMap":{"functional-code":{"insertions":132,"deletions":8},"other":{"insertions":4,"deletions":4}}}]},{"date":"2022-10-19","commitResults":[{"hash":"3377c7019e266f29ecd83cd1948e052ef665018b","messageTitle":"Resolve merge conflicts","messageBody":"","fileTypesAndContributionMap":{"test-code":{"insertions":5,"deletions":5}}}]}],"misterpuffin":[{"date":"2022-09-22","commitResults":[{"hash":"03604c6872dff1752b9250485b36b12e6add2d7c","messageTitle":"Update README.md","messageBody":"","fileTypesAndContributionMap":{"docs":{"insertions":3,"deletions":0}}}]},{"date":"2022-09-26","commitResults":[{"hash":"dc5403f77400067c8645a34e91fc318f160ebd07","messageTitle":"Update AboutUs page and PPP for misterpuffin","messageBody":"","fileTypesAndContributionMap":{"docs":{"insertions":12,"deletions":12}}},{"hash":"d699f1261d3b79cf8ef7d1e95d94e6f4ca7213eb","messageTitle":"Update README","messageBody":"","fileTypesAndContributionMap":{"docs":{"insertions":20,"deletions":11}}}]},{"date":"2022-10-04","commitResults":[{"hash":"23cc7ca64685735c3a7cca35e6daf79227041d15","messageTitle":"Rename instances of AddressBook to Condonery and PropertyDirectory","messageBody":"","fileTypesAndContributionMap":{"functional-code":{"insertions":297,"deletions":295},"other":{"insertions":375,"deletions":374}}},{"hash":"308d66f59bf4ba10f95ab5fcbe415621f79dd61c","messageTitle":"Fix Checkstyle errors","messageBody":"","fileTypesAndContributionMap":{"other":{"insertions":480,"deletions":470},"test-code":{"insertions":639,"deletions":630}}},{"hash":"b0212ed74c14e37a7ff751a1b686dc6214f4472e","messageTitle":"Rename test folders","messageBody":"","fileTypesAndContributionMap":{"docs":{"insertions":13,"deletions":13},"test-code":{"insertions":0,"deletions":1}}}]},{"date":"2022-10-09","commitResults":[{"hash":"957519c261606032757fe0d31556878bdbd6ab67","messageTitle":"Fix Checkstyle errors","messageBody":"","fileTypesAndContributionMap":{"functional-code":{"insertions":12,"deletions":8}}},{"hash":"10f343141c375ac92ddd02d396d503be4876bac2","messageTitle":"Fix Command Unit Tests","messageBody":"","fileTypesAndContributionMap":{"test-code":{"insertions":404,"deletions":288}}},{"hash":"6f1474177bf38774d393da5ae4fb8f3cdbda06a5","messageTitle":"Fix Remaining Tests","messageBody":"","fileTypesAndContributionMap":{"other":{"insertions":9,"deletions":17},"test-code":{"insertions":256,"deletions":337}}}]},{"date":"2022-10-10","commitResults":[{"hash":"d92662875a5716d76116491e113fe9ec67b44caa","messageTitle":"Add Client Model","messageBody":"","fileTypesAndContributionMap":{"functional-code":{"insertions":1030,"deletions":26},"test-code":{"insertions":1,"deletions":1}}}]},{"date":"2022-10-11","commitResults":[{"hash":"ee88076fbfe500794a25d0d732fa223abbffe30e","messageTitle":"Resolve Checkstyle","messageBody":"","fileTypesAndContributionMap":{"functional-code":{"insertions":27,"deletions":22}}},{"hash":"fe0e94444d783f96520adda5135937cab0dce99c","messageTitle":"Implement Add Client Command","messageBody":"","fileTypesAndContributionMap":{"functional-code":{"insertions":142,"deletions":130},"other":{"insertions":65,"deletions":11},"test-code":{"insertions":150,"deletions":16}}},{"hash":"3911d4a91f209a91e5677be3267c10374d726423","messageTitle":"Add List Clients Command","messageBody":"","fileTypesAndContributionMap":{"functional-code":{"insertions":30,"deletions":3},"other":{"insertions":2,"deletions":2},"test-code":{"insertions":8,"deletions":9}}}]},{"date":"2022-10-12","commitResults":[{"hash":"efd4b9c9e786a18611b49db00716f40bd2aaaed0","messageTitle":"Implement Find Client Command","messageBody":"","fileTypesAndContributionMap":{"functional-code":{"insertions":131,"deletions":59},"other":{"insertions":21,"deletions":21},"test-code":{"insertions":3,"deletions":2}}}]},{"date":"2022-10-20","commitResults":[{"hash":"c2a23b9167e320be380baea3bcf9706bca227a86","messageTitle":"Add Images to Property UI","messageBody":"","fileTypesAndContributionMap":{"functional-code":{"insertions":81,"deletions":18}}},{"hash":"628e23baa9fd70cef4c5cc400ebdd6e9421f6e87","messageTitle":"Add User Images to Property Cards","messageBody":"","fileTypesAndContributionMap":{"functional-code":{"insertions":169,"deletions":45}}},{"hash":"b5657739436b80c8ec79b86a53b981dee8215498","messageTitle":"Fix Unit Tests","messageBody":"","fileTypesAndContributionMap":{"test-code":{"insertions":37,"deletions":14}}},{"hash":"66c47e2e93d08e0a76f98622da142b5a4c41aa00","messageTitle":"Add Images to Property UI","messageBody":"","fileTypesAndContributionMap":{"functional-code":{"insertions":1,"deletions":1}}},{"hash":"f02a79dbcca505a0a660019505b43b1f3492a5fe","messageTitle":"Add User Images to Property Cards","messageBody":"","fileTypesAndContributionMap":{"functional-code":{"insertions":0,"deletions":1}}}]},{"date":"2022-10-21","commitResults":[{"hash":"d92af87ac41e41ce11ae531fb2414eae9e4fcfb4","messageTitle":"Add Undo command and ImageStorage implementation","messageBody":"","fileTypesAndContributionMap":{"docs":{"insertions":17,"deletions":3}}}]}],"Frrramses":[{"date":"2022-09-29","commitResults":[{"hash":"dbc5184c7770000b96d45dccce0f56e9f5dc11a1","messageTitle":"Merge Pull Request #22 Zhao Yige\u0027s PPP and AboutUs.md","messageBody":"","fileTypesAndContributionMap":{"docs":{"insertions":5,"deletions":5}}},{"hash":"cd8804ab96a210993d6c7a14e0aa5042b6cad535","messageTitle":"Update Zhao Yige\u0027s PPP","messageBody":"Forgot to save\n","fileTypesAndContributionMap":{"docs":{"insertions":5,"deletions":0}}}]},{"date":"2022-09-30","commitResults":[{"hash":"e84d790f803d33ac573d121b82063411a9aa52fb","messageTitle":"Blank Spaces problem","messageBody":"To fix Checks\n","fileTypesAndContributionMap":{"docs":{"insertions":6,"deletions":2}}}]},{"date":"2022-10-02","commitResults":[{"hash":"7c31413e3ff6ddf13b0f8a8194f2dbfc8bec3947","messageTitle":"Change file name to Frrramses","messageBody":"Changed png file name, should be fine\n","fileTypesAndContributionMap":{"docs":{"insertions":1,"deletions":1}}}]}]},"authorFileTypeContributionMap":{"lkwlkww":{"docs":104,"functional-code":711,"test-code":0,"other":1},"yuehernkang":{"docs":76,"functional-code":838,"test-code":851,"other":1},"zacchaeuschok":{"docs":69,"functional-code":351,"test-code":262},"misterpuffin":{"docs":53,"functional-code":2065,"test-code":1280,"other":1},"Frrramses":{"docs":11,"functional-code":0,"test-code":0}},"authorContributionVariance":{"lkwlkww":44388.914,"yuehernkang":62333.67,"zacchaeuschok":20433.506,"misterpuffin":393149.84,"Frrramses":7.277704},"authorDisplayNameMap":{"lkwlkww":"CS2103-W14-1 LEE .. WEI","yuehernkang":"CS2103-W14-1 KANG..HERN","zacchaeuschok":"CS2103-W14-1 CHOK..AEUS","misterpuffin":"CS2103-W14-1 SNG ..OREN","Frrramses":"CS2103-W14-1 ZHAO..YIGE"}}
