{"authorDailyContributionsMap":{"MinHeinA":[{"date":"2022-09-20","commitResults":[{"hash":"c0c653bdf74fb3f64624224636ac4d33a32ea0eb","messageTitle":"Update MinHein in the About Us for v1.1","messageBody":"","fileTypesAndContributionMap":{"docs":{"insertions":6,"deletions":6}}},{"hash":"3c990072a6b6783a33af718c269160c2748880ba","messageTitle":"Create PPP-MinHein for v1.1","messageBody":"","fileTypesAndContributionMap":{"docs":{"insertions":12,"deletions":0}}},{"hash":"4d752ce50aba76fee6142bb8111db24155420e06","messageTitle":"Update UserGuide from page 3 of UG Draft PDF","messageBody":"","fileTypesAndContributionMap":{"docs":{"insertions":1,"deletions":1}}},{"hash":"f8de7044d076a5043507ccde07476713bb71f405","messageTitle":"Update README.md","messageBody":"","fileTypesAndContributionMap":{"docs":{"insertions":14,"deletions":11}}}]},{"date":"2022-09-24","commitResults":[{"hash":"86982b183bf37a181cae05df7ad24bf6a4a82655","messageTitle":"Add more use cases to Developer Guide","messageBody":"","fileTypesAndContributionMap":{"docs":{"insertions":51,"deletions":10}}},{"hash":"6d2665ebb6e01d08177b2c3a9bb5186dee51ffde","messageTitle":"Add full stop at end of sentences","messageBody":"","fileTypesAndContributionMap":{"docs":{"insertions":22,"deletions":22}}}]}],"LikHern":[{"date":"2022-09-25","commitResults":[{"hash":"9b72954477c9f5bf2c9adb6011521c292d250220","messageTitle":"Update Lik Hern in the About Us for v1.1","messageBody":"","fileTypesAndContributionMap":{"docs":{"insertions":10,"deletions":0}}},{"hash":"bb7fc2543454c39bdfa8a6af83609e3d1ddb2f7c","messageTitle":"Update page 7 in User Guide for v1.1","messageBody":"","fileTypesAndContributionMap":{"docs":{"insertions":8,"deletions":7}}},{"hash":"ed84b09f053aa73edd235b0f0f53efc01f50553a","messageTitle":"Create PPP-Lik Hern for v1.1","messageBody":"","fileTypesAndContributionMap":{"docs":{"insertions":12,"deletions":0}}}]}],"clarence-chew":[{"date":"2022-09-19","commitResults":[{"hash":"1bce375d91613c96ea517dc0e0b44e8035f2b10c","messageTitle":"Add information for AboutUs page (Clarence)","messageBody":"","fileTypesAndContributionMap":{"docs":{"insertions":6,"deletions":6}}},{"hash":"b7c5cc1eab01b81f3710c3bbc8f012c0b9379bb0","messageTitle":"Add PPP page for Clarence","messageBody":"","fileTypesAndContributionMap":{"docs":{"insertions":12,"deletions":0}}},{"hash":"ed71998cbffef9c16bffb7d9613003099caa2c22","messageTitle":"Update UserGuide from page 6 of PDF","messageBody":"","fileTypesAndContributionMap":{"docs":{"insertions":33,"deletions":7}}}]},{"date":"2022-09-24","commitResults":[{"hash":"f49e87737d35b98c68c5c8ba558248ee03f7406a","messageTitle":"Update non-functional requirements in developer guide","messageBody":"","fileTypesAndContributionMap":{"docs":{"insertions":52,"deletions":4}}}]}],"Hikoya":[{"date":"2022-09-19","commitResults":[{"hash":"9f538734e853af087c597b6718aea45a97d19d1b","messageTitle":"Add information for AboutUs page (Chung Loong)","messageBody":"","fileTypesAndContributionMap":{"docs":{"insertions":6,"deletions":5}}},{"hash":"6224e4bf9a5e65e470128072d6fc8917e471e343","messageTitle":"Add PPP page for Chung Loong","messageBody":"","fileTypesAndContributionMap":{"docs":{"insertions":12,"deletions":0}}},{"hash":"3251bcffe82e55455e871b1b4e201e929719e427","messageTitle":"Update UserGuide from page 1 and 2 of PDF","messageBody":"","fileTypesAndContributionMap":{"docs":{"insertions":15,"deletions":14}}}]},{"date":"2022-09-24","commitResults":[{"hash":"070f30a969a46ce0e2e9b29aee9f8b472ee29b08","messageTitle":"Add user stories to developer guide","messageBody":"","fileTypesAndContributionMap":{"docs":{"insertions":49,"deletions":12}}},{"hash":"139ca4b11cc399f4640c933ee9e272df05f82207","messageTitle":"Add use case 1-5 to Developer Guide","messageBody":"","fileTypesAndContributionMap":{"docs":{"insertions":99,"deletions":12}}}]},{"date":"2022-09-25","commitResults":[{"hash":"6c9a97d05d4bbc3381117189b0b9cb99fac4323e","messageTitle":"Remove hompage for Chung Loong in AboutUs","messageBody":"","fileTypesAndContributionMap":{"docs":{"insertions":0,"deletions":1}}},{"hash":"a646f0785dfcc4a8892c82164e23fc7114437ea3","messageTitle":"Remove placeholders for AboutUs","messageBody":"","fileTypesAndContributionMap":{"docs":{"insertions":0,"deletions":65}}}]},{"date":"2022-09-27","commitResults":[{"hash":"baf7bf8e6949f98773096cf80fb21664d41df3a2","messageTitle":"Update README.md with correct link to CI actions","messageBody":"","fileTypesAndContributionMap":{"docs":{"insertions":2,"deletions":2}}}]}],"jamietan2002":[{"date":"2022-09-20","commitResults":[{"hash":"72f016baefa0daf180a2c588420d0d6bf760a5a3","messageTitle":"Update Jamie in the About Us for v1.1","messageBody":"","fileTypesAndContributionMap":{"docs":{"insertions":10,"deletions":0}}},{"hash":"288d7cb2705f37b61db6f81f32f22a517be041ba","messageTitle":" Update pages 4,5 in User Guide for v1.1","messageBody":"","fileTypesAndContributionMap":{"docs":{"insertions":13,"deletions":64}}},{"hash":"14c686ae971fb78be00678b2588e0ba06e6f2146","messageTitle":"Create PPP-Jamie for v1.1","messageBody":"","fileTypesAndContributionMap":{"docs":{"insertions":12,"deletions":0}}}]},{"date":"2022-09-23","commitResults":[{"hash":"5a3eaa70b6638c9835fdab332b237aecc4048810","messageTitle":"Update about us page to include full name","messageBody":"","fileTypesAndContributionMap":{"docs":{"insertions":1,"deletions":1}}}]},{"date":"2022-09-24","commitResults":[{"hash":"229c02f8ba79ae2cd36d1ea979c84c54aa1010a0","messageTitle":"Add Glossary in Developer Guide for v1.1","messageBody":"","fileTypesAndContributionMap":{"docs":{"insertions":3,"deletions":1}}}]},{"date":"2022-09-27","commitResults":[{"hash":"fc91b8e73fd256caf203310f11d286c634e85f1e","messageTitle":"Edit file naming to use git username","messageBody":"","fileTypesAndContributionMap":{"docs":{"insertions":1,"deletions":1}}}]}]},"authorFileTypeContributionMap":{"MinHeinA":{"docs":89,"functional-code":0,"test-code":0},"LikHern":{"docs":26,"functional-code":0,"test-code":0},"clarence-chew":{"docs":89,"functional-code":0,"test-code":0},"Hikoya":{"docs":153,"functional-code":0,"test-code":0,"other":1},"jamietan2002":{"docs":34,"functional-code":0,"test-code":0}},"authorContributionVariance":{"MinHeinA":966.5,"LikHern":104.57639,"clarence-chew":502.66666,"Hikoya":2454.75,"jamietan2002":739.243},"authorDisplayNameMap":{"MinHeinA":"CS2103-W14-2 MIN ..AUNG","LikHern":"CS2103-W14-2 LOW ..HERN","clarence-chew":"CS2103-W14-2 CLAR..N DA","Hikoya":"CS2103-W14-2 CHAN..OONG","jamietan2002":"CS2103-W14-2 JAMI..XUAN"}}
