{"authorDailyContributionsMap":{"MinHeinA":[{"date":"2022-09-20","commitResults":[{"hash":"c0c653bdf74fb3f64624224636ac4d33a32ea0eb","messageTitle":"Update MinHein in the About Us for v1.1","messageBody":"","fileTypesAndContributionMap":{"docs":{"insertions":6,"deletions":6}}},{"hash":"3c990072a6b6783a33af718c269160c2748880ba","messageTitle":"Create PPP-MinHein for v1.1","messageBody":"","fileTypesAndContributionMap":{"docs":{"insertions":12,"deletions":0}}},{"hash":"4d752ce50aba76fee6142bb8111db24155420e06","messageTitle":"Update UserGuide from page 3 of UG Draft PDF","messageBody":"","fileTypesAndContributionMap":{"docs":{"insertions":1,"deletions":1}}},{"hash":"f8de7044d076a5043507ccde07476713bb71f405","messageTitle":"Update README.md","messageBody":"","fileTypesAndContributionMap":{"docs":{"insertions":14,"deletions":11}}}]},{"date":"2022-09-24","commitResults":[{"hash":"86982b183bf37a181cae05df7ad24bf6a4a82655","messageTitle":"Add more use cases to Developer Guide","messageBody":"","fileTypesAndContributionMap":{"docs":{"insertions":51,"deletions":10}}},{"hash":"6d2665ebb6e01d08177b2c3a9bb5186dee51ffde","messageTitle":"Add full stop at end of sentences","messageBody":"","fileTypesAndContributionMap":{"docs":{"insertions":22,"deletions":22}}}]},{"date":"2022-10-05","commitResults":[{"hash":"63cf376b6abf62316b231ed7556b91267977094a","messageTitle":"Modify tag to detail","messageBody":"- modify tag class to detail\n- modify all affected classes from tag to detail\n- modify sample json test files data from tag to detail\n","fileTypesAndContributionMap":{"functional-code":{"insertions":195,"deletions":195},"test-code":{"insertions":162,"deletions":194}}},{"hash":"35ff6cc19f46b5a4cbad2f9f99a8a46358df3378","messageTitle":"Resolve conflict in StallCard.java","messageBody":"- cause due to tags change to details\n","fileTypesAndContributionMap":{"functional-code":{"insertions":4,"deletions":4}}},{"hash":"ef0342a513a6e0ef92cee105a512918bc74e93d0","messageTitle":"Fix checkstyle errors","messageBody":"","fileTypesAndContributionMap":{"functional-code":{"insertions":2,"deletions":1},"test-code":{"insertions":60,"deletions":20}}},{"hash":"ffc6e817ed1cfa4d6051aba7b67dfb12517511b2","messageTitle":"Delete email data class of person","messageBody":"- delete email data class of person\n- modify all affected classes to deference email class\n- modify sample json files to remove email field\n","fileTypesAndContributionMap":{"functional-code":{"insertions":16,"deletions":157},"test-code":{"insertions":52,"deletions":246}}},{"hash":"bcbd51db34ce5482515da4360dd4f18bcd2ab105","messageTitle":"Fix checkstyle errors","messageBody":"","fileTypesAndContributionMap":{"test-code":{"insertions":2,"deletions":2}}},{"hash":"231156be1810bd3d1c760bf1457b52b82473d5ec","messageTitle":"Update Detail.java","messageBody":"","fileTypesAndContributionMap":{"functional-code":{"insertions":1,"deletions":1}}},{"hash":"73ff8fea18819adb8962a7976e08f3685ac35017","messageTitle":"Rename and refactored Person to Stall","messageBody":"","fileTypesAndContributionMap":{"functional-code":{"insertions":333,"deletions":333},"other":{"insertions":56,"deletions":56},"docs":{"insertions":10,"deletions":10},"test-code":{"insertions":187,"deletions":187}}},{"hash":"035bf88101a16d82ae25c7b9e00b13654d0c34c8","messageTitle":"Modify classes with Person to Stall","messageBody":"","fileTypesAndContributionMap":{"functional-code":{"insertions":138,"deletions":138},"other":{"insertions":62,"deletions":62},"test-code":{"insertions":506,"deletions":506}}},{"hash":"90da0c182df6beba38cc905338074eefd833fe97","messageTitle":"Fix checkstyle errors","messageBody":"","fileTypesAndContributionMap":{"functional-code":{"insertions":5,"deletions":5},"test-code":{"insertions":9,"deletions":9}}}]},{"date":"2022-10-06","commitResults":[{"hash":"9f3851753a683733c6d53c0b5d43bb9d028eeeb1","messageTitle":"Delete phone data class of stall","messageBody":"","fileTypesAndContributionMap":{"functional-code":{"insertions":16,"deletions":147},"test-code":{"insertions":52,"deletions":228}}},{"hash":"7cc9702310f2b4c5d1e0b8dc501c2d869fb31101","messageTitle":"Remove phone field JSON data files","messageBody":"","fileTypesAndContributionMap":{"test-code":{"insertions":2,"deletions":1}}},{"hash":"f169f4cb8f30990ade0d40ceabe6b179ccd8ef54","messageTitle":"Fix checkstyle errors","messageBody":"","fileTypesAndContributionMap":{"functional-code":{"insertions":1,"deletions":1},"test-code":{"insertions":15,"deletions":1}}}]},{"date":"2022-10-09","commitResults":[{"hash":"10822c65cd586f1b7f454795c312ddc85b953c3e","messageTitle":"Add Review as Stall\u0027s data class","messageBody":"","fileTypesAndContributionMap":{"functional-code":{"insertions":19,"deletions":2}}}]},{"date":"2022-10-11","commitResults":[{"hash":"0d15251cb9445b09ab5ab89421bb3d56131c7a51","messageTitle":"Add review related test cases to StallTest","messageBody":"Modify affected classes to support testing of stall with review\n","fileTypesAndContributionMap":{"functional-code":{"insertions":20,"deletions":0},"test-code":{"insertions":24,"deletions":7}}},{"hash":"beb2132072e00312f69685c4cc4851b1320de7b7","messageTitle":"Fix checkstyle errors","messageBody":"","fileTypesAndContributionMap":{"functional-code":{"insertions":3,"deletions":0},"test-code":{"insertions":3,"deletions":3}}}]},{"date":"2022-10-16","commitResults":[{"hash":"173068f47def350415f884a04e9a9268944ac8d5","messageTitle":"modify EditCommand to SEditCommand","messageBody":"","fileTypesAndContributionMap":{"functional-code":{"insertions":3,"deletions":3},"other":{"insertions":35,"deletions":35},"test-code":{"insertions":52,"deletions":61}}},{"hash":"55b094410bc04c6fb2959ba422427bee67f5780e","messageTitle":"fix checkstyle issues","messageBody":"","fileTypesAndContributionMap":{"functional-code":{"insertions":1,"deletions":1},"test-code":{"insertions":13,"deletions":4}}},{"hash":"db7218bc9e649e098ffc6153547d8e93e592f90b","messageTitle":"fix s edit command message bug","messageBody":"","fileTypesAndContributionMap":{"functional-code":{"insertions":1,"deletions":1}}},{"hash":"e6a7fc5ba54cbca1b0ad58d5969ab863e2c96973","messageTitle":"rename EditCommandTest to SEditCommandTest","messageBody":"","fileTypesAndContributionMap":{"other":{"insertions":1,"deletions":1}}},{"hash":"020b871a765f436109bb93801023f64c0e303cf1","messageTitle":"Add Edit Review functionality","messageBody":"- Unit test not added yet for edit review\n","fileTypesAndContributionMap":{"functional-code":{"insertions":292,"deletions":0}}}]},{"date":"2022-10-18","commitResults":[{"hash":"e354a5569cd04f59fddc3a4991016bc27dd58a78","messageTitle":"Modify DG","messageBody":"- Modify Model section\n- Add add Review implementation\n","fileTypesAndContributionMap":{"docs":{"insertions":64,"deletions":24}}},{"hash":"8b7d56f281a66b458a414ce238797edf96cda9da","messageTitle":"Fix bugs in DG","messageBody":"","fileTypesAndContributionMap":{"docs":{"insertions":10,"deletions":12}}},{"hash":"4db15c307ebde7067f890ffc9962dbf955da49c3","messageTitle":"Fix newline at EOF error for puml diagram","messageBody":"","fileTypesAndContributionMap":{"docs":{"insertions":1,"deletions":1}}},{"hash":"f56a29b2cafb4b845a95d035e2f550c3a1a569ee","messageTitle":"Update RAddCommand.java","messageBody":"","fileTypesAndContributionMap":{"functional-code":{"insertions":1,"deletions":1}}},{"hash":"1bf76ef1c5a1a64a2a7173a2238cae9f1c1270cb","messageTitle":"Update RAddCommand.java","messageBody":"","fileTypesAndContributionMap":{"functional-code":{"insertions":1,"deletions":1}}},{"hash":"cf22e2c83d382f19cbed27379d4453bc740e4629","messageTitle":"Update MainApp for trial release","messageBody":"","fileTypesAndContributionMap":{"functional-code":{"insertions":1,"deletions":1}}}]},{"date":"2022-10-19","commitResults":[{"hash":"75fed3ed4df3e1e87f97126b77277e9b148c82ca","messageTitle":"Edit to correct rating prefixes","messageBody":"","fileTypesAndContributionMap":{"functional-code":{"insertions":3,"deletions":2},"test-code":{"insertions":0,"deletions":1}}}]},{"date":"2022-10-24","commitResults":[{"hash":"7b7448317e75ac40b01c1353101190bb7f862729","messageTitle":"Update UserGuide with sedit and redit details","messageBody":"","fileTypesAndContributionMap":{"docs":{"insertions":58,"deletions":15}}},{"hash":"cf6054fe5bf0ac6dd27084197e0261dd87a11551","messageTitle":"fix date format bug and minor bugs in UserGuide","messageBody":"","fileTypesAndContributionMap":{"docs":{"insertions":6,"deletions":6}}}]},{"date":"2022-10-25","commitResults":[{"hash":"2e3a0c92a07e9eed8a3aa24e2add2f95ee05d2f9","messageTitle":"Update README with latest features of FoodWhere","messageBody":"","fileTypesAndContributionMap":{"docs":{"insertions":6,"deletions":0}}},{"hash":"6bab3c0092f0bf5837742b887681f63b2bab0c7f","messageTitle":"Update MainApp version number","messageBody":"","fileTypesAndContributionMap":{"functional-code":{"insertions":1,"deletions":1}}},{"hash":"f2fea9595e1884eb9fb01130ed5c45969ce3f578","messageTitle":"Update MainApp with version number","messageBody":"","fileTypesAndContributionMap":{"functional-code":{"insertions":1,"deletions":1}}}]},{"date":"2022-10-28","commitResults":[{"hash":"74bb4f0d3252d753ea8e00da613e16c7a0eb27f0","messageTitle":"Update use cases for edit food stalls and review","messageBody":"","fileTypesAndContributionMap":{"docs":{"insertions":57,"deletions":2}}}]},{"date":"2022-10-30","commitResults":[{"hash":"8e002cd7e2755b2bf5b6d9b8e9c90e8fb5cddf50","messageTitle":"Add REdit implementation details in DG","messageBody":"","fileTypesAndContributionMap":{"docs":{"insertions":95,"deletions":1}}},{"hash":"28defc6b6bfbed30bd51383b65fc3505b47caef1","messageTitle":"Add EditReview screenshot","messageBody":"","fileTypesAndContributionMap":{"docs":{"insertions":4,"deletions":1}}},{"hash":"b2a44d5a534235a672d50c578e273ab822781cfd","messageTitle":"Added REdit Activity Diagram","messageBody":"","fileTypesAndContributionMap":{"docs":{"insertions":18,"deletions":0}}},{"hash":"2c38c8cdafca32b43772d3febcf76f18edbfc27f","messageTitle":"Fix CI failing issue due to puml EOF check","messageBody":"","fileTypesAndContributionMap":{"docs":{"insertions":3,"deletions":3}}},{"hash":"e30341914a053703a4465228c99bb8a5e68aa1d9","messageTitle":"Add implementation details of rdel in UG","messageBody":"","fileTypesAndContributionMap":{"docs":{"insertions":42,"deletions":1}}},{"hash":"f75df74b857c13b1dd89bb384aad57c68a0eb1e4","messageTitle":"Add implementation details of rlist in DG","messageBody":"","fileTypesAndContributionMap":{"docs":{"insertions":37,"deletions":0}}}]},{"date":"2022-10-31","commitResults":[{"hash":"692a4d5305131b66cb90a0b6ea2fab9497bb3b39","messageTitle":"Fix minor cosmetic bug in DG","messageBody":"","fileTypesAndContributionMap":{"docs":{"insertions":1,"deletions":1}}},{"hash":"6e8c36549141d1b8bff765f4aa523322fbab0b03","messageTitle":"standardize the use of INDEX","messageBody":"","fileTypesAndContributionMap":{"docs":{"insertions":2,"deletions":2}}},{"hash":"4b81fb921c1b0bed743b8986cea8ed2e80a6a428","messageTitle":"Updated redit implementation","messageBody":"","fileTypesAndContributionMap":{"docs":{"insertions":46,"deletions":44}}},{"hash":"9157b3cbb32957353b294cbb14fcd2f406a54b56","messageTitle":"Combine similar extensions of s and r edit","messageBody":"","fileTypesAndContributionMap":{"docs":{"insertions":4,"deletions":16}}},{"hash":"447ec4d2916a7c019f8649e861e0852b1f8f6017","messageTitle":"Updated redit implementation","messageBody":"","fileTypesAndContributionMap":{"docs":{"insertions":2,"deletions":4}}},{"hash":"2774ce524055460424a6f2aefc7f6d3170a9b08b","messageTitle":"Fixed typo in redit implementation","messageBody":"","fileTypesAndContributionMap":{"docs":{"insertions":1,"deletions":1}}},{"hash":"f5c25bca2eeffa2bd5072de8efb25eec402cf9ea","messageTitle":"Update DeveloperGuide.md","messageBody":"","fileTypesAndContributionMap":{"docs":{"insertions":2,"deletions":2}}},{"hash":"13d17247569cb0ab793cf762b7a659b3298b101b","messageTitle":"1st draft of PPP","messageBody":"","fileTypesAndContributionMap":{"docs":{"insertions":29,"deletions":1}}}]},{"date":"2022-11-02","commitResults":[{"hash":"19d2d42aba76a52053f749ac96c16fc63d70c474","messageTitle":"Update minheina PPP","messageBody":"","fileTypesAndContributionMap":{"docs":{"insertions":14,"deletions":6}}},{"hash":"a5f5c7e9168f69fe55f77b6456796677fa75a142","messageTitle":"Added manual testing instruction contribution","messageBody":"","fileTypesAndContributionMap":{"docs":{"insertions":1,"deletions":0}}},{"hash":"9c1ab7da1f45bd5b9375cba64987243bac8caff8","messageTitle":"Update community details in PPP","messageBody":"","fileTypesAndContributionMap":{"docs":{"insertions":1,"deletions":1}}},{"hash":"d5e9ce091435091c006017b1d545562368703bd5","messageTitle":"added kLoC information in PPP","messageBody":"","fileTypesAndContributionMap":{"docs":{"insertions":2,"deletions":0}}}]}],"LikHern":[{"date":"2022-09-25","commitResults":[{"hash":"9b72954477c9f5bf2c9adb6011521c292d250220","messageTitle":"Update Lik Hern in the About Us for v1.1","messageBody":"","fileTypesAndContributionMap":{"docs":{"insertions":10,"deletions":0}}},{"hash":"bb7fc2543454c39bdfa8a6af83609e3d1ddb2f7c","messageTitle":"Update page 7 in User Guide for v1.1","messageBody":"","fileTypesAndContributionMap":{"docs":{"insertions":8,"deletions":7}}},{"hash":"ed84b09f053aa73edd235b0f0f53efc01f50553a","messageTitle":"Create PPP-Lik Hern for v1.1","messageBody":"","fileTypesAndContributionMap":{"docs":{"insertions":12,"deletions":0}}}]},{"date":"2022-10-09","commitResults":[{"hash":"3ea004dee7bdc48ebecce8002424bfd807194151","messageTitle":"Add Review.java and related classes","messageBody":"","fileTypesAndContributionMap":{"functional-code":{"insertions":376,"deletions":0}}},{"hash":"bacb8491feb70c1b209887723603b1b88a69e5d8","messageTitle":"Add content class as a constant field under review class","messageBody":"","fileTypesAndContributionMap":{"functional-code":{"insertions":70,"deletions":4}}}]},{"date":"2022-10-10","commitResults":[{"hash":"0bd87bc3f0f7001e4abd05e522937dae50b6cbfe","messageTitle":"Add test coverage for review data classes","messageBody":"","fileTypesAndContributionMap":{"test-code":{"insertions":365,"deletions":18}}},{"hash":"0edccd1af46aa7912e64b0ad3e29b73d61a9c6c7","messageTitle":"Modify model class to include review related method","messageBody":"","fileTypesAndContributionMap":{"functional-code":{"insertions":37,"deletions":0},"test-code":{"insertions":15,"deletions":0}}}]},{"date":"2022-10-11","commitResults":[{"hash":"9d7bd1cea8d27f4eceaf860c8617f0086186b2f3","messageTitle":"Modify SAddCommandTest.java to remove extra deleteReview","messageBody":"","fileTypesAndContributionMap":{"test-code":{"insertions":4,"deletions":9}}}]},{"date":"2022-10-16","commitResults":[{"hash":"26c93472a3beafa9a1553b42d93b33df828cc1a7","messageTitle":"Add sort by name function for stalls and reviews","messageBody":"","fileTypesAndContributionMap":{"functional-code":{"insertions":108,"deletions":0},"test-code":{"insertions":10,"deletions":0}}}]},{"date":"2022-10-18","commitResults":[{"hash":"b6b65ec6698eba1f6efdb277352c6ec9ee749ecb","messageTitle":"Update Developer Guide for Review","messageBody":"","fileTypesAndContributionMap":{"docs":{"insertions":19,"deletions":7}}}]},{"date":"2022-10-20","commitResults":[{"hash":"ec919c97ba79cc24b1130a8feb9c4907dea5a6c4","messageTitle":"Abstract out comparator interface to class and add more sorting criteria","messageBody":"","fileTypesAndContributionMap":{"functional-code":{"insertions":267,"deletions":30},"test-code":{"insertions":3,"deletions":2}}}]},{"date":"2022-10-25","commitResults":[{"hash":"4e8e9275a7bc042845819cd12303e85997f4149e","messageTitle":"Update User Guide to include ssort and rsort commands","messageBody":"","fileTypesAndContributionMap":{"docs":{"insertions":40,"deletions":1}}},{"hash":"f8515d9f3f087ec826ce5709a27497e56dea791a","messageTitle":"Modify sort by name to be case-insensitive","messageBody":"","fileTypesAndContributionMap":{"functional-code":{"insertions":6,"deletions":6}}},{"hash":"7e2fee1de0e2a8526d84c972d9e5b6153e34656d","messageTitle":"Fix wording in user guide for sorting criteria","messageBody":"","fileTypesAndContributionMap":{"docs":{"insertions":12,"deletions":14}}},{"hash":"d2384b0999ba494a8d4b98fc605363382bddc6ce","messageTitle":"Fix minor bug issue","messageBody":"","fileTypesAndContributionMap":{"functional-code":{"insertions":1,"deletions":1}}}]},{"date":"2022-10-28","commitResults":[{"hash":"7b19cf02581bd108db2ae2a73f8cb8556f1a0741","messageTitle":"Add use case for sort commands","messageBody":"","fileTypesAndContributionMap":{"docs":{"insertions":40,"deletions":2}}}]},{"date":"2022-11-01","commitResults":[{"hash":"c3c3b80022333eb4d9c309ce36927aaa3cba0d22","messageTitle":"Fix minor wording issue","messageBody":"","fileTypesAndContributionMap":{"docs":{"insertions":6,"deletions":6}}},{"hash":"ceb69d6e08ed467cea5be68d8aefd33614196d9f","messageTitle":"Update Developer Guide for sorting feature","messageBody":"","fileTypesAndContributionMap":{"docs":{"insertions":49,"deletions":0}}}]},{"date":"2022-11-04","commitResults":[{"hash":"f99dd7dc05da0ca4843c7418080bb91f0537cd9f","messageTitle":"Updated PPP for Lik Hern","messageBody":"","fileTypesAndContributionMap":{"docs":{"insertions":14,"deletions":1}}},{"hash":"d7758aa6876bc2b3af7ec93e4f19a08c057ae4b8","messageTitle":"Update Developer Guide to include ssort","messageBody":"","fileTypesAndContributionMap":{"docs":{"insertions":12,"deletions":11}}},{"hash":"78f9ed7f63b5735154665968d8f814d3189e3073","messageTitle":"Fix minor wording issues","messageBody":"","fileTypesAndContributionMap":{"docs":{"insertions":2,"deletions":2}}}]}],"clarence-chew":[{"date":"2022-09-19","commitResults":[{"hash":"1bce375d91613c96ea517dc0e0b44e8035f2b10c","messageTitle":"Add information for AboutUs page (Clarence)","messageBody":"","fileTypesAndContributionMap":{"docs":{"insertions":6,"deletions":6}}},{"hash":"b7c5cc1eab01b81f3710c3bbc8f012c0b9379bb0","messageTitle":"Add PPP page for Clarence","messageBody":"","fileTypesAndContributionMap":{"docs":{"insertions":12,"deletions":0}}},{"hash":"ed71998cbffef9c16bffb7d9613003099caa2c22","messageTitle":"Update UserGuide from page 6 of PDF","messageBody":"","fileTypesAndContributionMap":{"docs":{"insertions":33,"deletions":7}}}]},{"date":"2022-09-24","commitResults":[{"hash":"f49e87737d35b98c68c5c8ba558248ee03f7406a","messageTitle":"Update non-functional requirements in developer guide","messageBody":"","fileTypesAndContributionMap":{"docs":{"insertions":52,"deletions":4}}}]},{"date":"2022-10-06","commitResults":[{"hash":"112c6d24a941b683a304decfcc648e9ebfc3ca72","messageTitle":"Handle storage of Stall using JsonAdaptedStall","messageBody":"Currently, we have no storage for reviews.\n\nJsonAdaptedStall will have to store reviews in the storage. Currently,\nthere is no JsonAdaptedReview class so we will use JsonAdaptedStall as\na proxy for this JsonAdaptedReview class.\n\nLet\u0027s\n- add reviews to stall storage\n- fix up tests\n","fileTypesAndContributionMap":{"functional-code":{"insertions":27,"deletions":11},"other":{"insertions":1,"deletions":0},"test-code":{"insertions":22,"deletions":40}}},{"hash":"97ffb783cea501fc103ac582a5b218265f2fa870","messageTitle":"Add newline at end of JsonAdaptedStall","messageBody":"","fileTypesAndContributionMap":{"functional-code":{"insertions":1,"deletions":1}}},{"hash":"d7a6dbcb55aa5d5fd3038f7d0e2c969eee7830f9","messageTitle":"Fix code to pass CheckStyle tests","messageBody":"","fileTypesAndContributionMap":{"functional-code":{"insertions":0,"deletions":1},"test-code":{"insertions":2,"deletions":4}}},{"hash":"717ef38ff983a0203363fc0e9fe17355c9a16baf","messageTitle":"Remove changes that made code less compatible with origin head","messageBody":"","fileTypesAndContributionMap":{"functional-code":{"insertions":2,"deletions":1},"test-code":{"insertions":9,"deletions":11}}}]},{"date":"2022-10-07","commitResults":[{"hash":"f618950cbffbb3d739dc8cd8e1f9a208e44c6418","messageTitle":"Add back the removed tests to restore testing coverage","messageBody":"","fileTypesAndContributionMap":{"test-code":{"insertions":7,"deletions":4}}},{"hash":"6a43082ec8c6bd7c4fd9caaf49908833a6c21e02","messageTitle":"Fix checkstyle issue","messageBody":"","fileTypesAndContributionMap":{"test-code":{"insertions":0,"deletions":1}}}]},{"date":"2022-10-09","commitResults":[{"hash":"659ad4dc72f139916ad1e5986932e18b01b799b1","messageTitle":"Remove added dependency in build.gradle","messageBody":"","fileTypesAndContributionMap":{"other":{"insertions":0,"deletions":1}}},{"hash":"c3e2a1680dc4902d3efe1f3c68cd15b7ad20b7f4","messageTitle":"Add JsonAdaptedReview","messageBody":"The code does not properly handle reviews yet, using JsonAdaptedStall\nas a placeholder. As Review has not been added as of this commit, this\nwould use Stall in place of Review.\n\nLet\u0027s add the JsonAdaptedReview class and properly work with the\nAddressBook to convert to and from the model and JSON.\n","fileTypesAndContributionMap":{"functional-code":{"insertions":196,"deletions":5},"test-code":{"insertions":58,"deletions":2}}},{"hash":"9f8e3f144c758091f181f2c3bde514eab7c7e09e","messageTitle":"Add content to JsonAdaptedReview","messageBody":"","fileTypesAndContributionMap":{"functional-code":{"insertions":16,"deletions":2},"test-code":{"insertions":6,"deletions":6}}},{"hash":"221aa1471d30a85ecc8972b92befb9150bc32638","messageTitle":"Attempt to change newlines from \\r\\n to \\n","messageBody":"","fileTypesAndContributionMap":{"functional-code":{"insertions":86,"deletions":86},"test-code":{"insertions":51,"deletions":51}}},{"hash":"61d10b49f0710710329f87b73d781a27fe01475b","messageTitle":"Change Stall to Review","messageBody":"","fileTypesAndContributionMap":{"functional-code":{"insertions":45,"deletions":27},"test-code":{"insertions":155,"deletions":7}}}]},{"date":"2022-10-10","commitResults":[{"hash":"d0ba22449e135bc7e9c4e91cb34aeb5030d1120f","messageTitle":"Fix bugs regarding JsonAdaptedReview","messageBody":"","fileTypesAndContributionMap":{"functional-code":{"insertions":11,"deletions":8},"test-code":{"insertions":5,"deletions":12}}},{"hash":"493cc9626134b1bdbb4bc27d78ca5cccba2bcf23","messageTitle":"Fix bugs involving testing Review in file I/O","messageBody":"","fileTypesAndContributionMap":{"functional-code":{"insertions":10,"deletions":0},"test-code":{"insertions":1,"deletions":2}}}]},{"date":"2022-10-16","commitResults":[{"hash":"95edd78466b4ca2500dd779c128d1a9d581f2c3a","messageTitle":"Add Date parsing","messageBody":"","fileTypesAndContributionMap":{"functional-code":{"insertions":55,"deletions":4},"test-code":{"insertions":70,"deletions":10}}},{"hash":"6b38e161fb7707c0b85539fe966c89b313325b75","messageTitle":"Add Date compareTo","messageBody":"","fileTypesAndContributionMap":{"functional-code":{"insertions":10,"deletions":1},"test-code":{"insertions":24,"deletions":8}}},{"hash":"402f4dc85520d0c570e0c44465504d48bdacc609","messageTitle":"Add more useful error message for invalid dates","messageBody":"","fileTypesAndContributionMap":{"functional-code":{"insertions":10,"deletions":6},"test-code":{"insertions":5,"deletions":5}}},{"hash":"b1088c1d25e30a51c198e10773f6cdce2d86cf6b","messageTitle":"Change SimpleDateFormat to DateTimeFormatter","messageBody":"","fileTypesAndContributionMap":{"functional-code":{"insertions":32,"deletions":19}}}]},{"date":"2022-10-18","commitResults":[{"hash":"cb93412f18abab3107e33bd21d8e09795513eb23","messageTitle":"Update Developer Guide for Storage and set links correctly","messageBody":"","fileTypesAndContributionMap":{"docs":{"insertions":22,"deletions":17}}},{"hash":"0ab3b9902ef5a6293428043761e0ed48643d1818","messageTitle":"Fix formatting error in proposed undo","messageBody":"","fileTypesAndContributionMap":{"docs":{"insertions":1,"deletions":1}}}]},{"date":"2022-10-19","commitResults":[{"hash":"27f53f74b8300e6014ebc9cac5f64f504cec7f7c","messageTitle":"Add Review from Stall into JsonAdaptedStall","messageBody":"","fileTypesAndContributionMap":{"functional-code":{"insertions":4,"deletions":1},"test-code":{"insertions":85,"deletions":3}}}]},{"date":"2022-10-20","commitResults":[{"hash":"96e1d28e6b929eeeaa78af00498b9088818af74e","messageTitle":"Move StallBuilder into model.stall and add Review to SEditCommand","messageBody":"","fileTypesAndContributionMap":{"functional-code":{"insertions":20,"deletions":0},"other":{"insertions":40,"deletions":10},"test-code":{"insertions":47,"deletions":15}}},{"hash":"c46f758d1eeed6d210af06724affad1220cae19d","messageTitle":"Fix for CI","messageBody":"","fileTypesAndContributionMap":{"functional-code":{"insertions":2,"deletions":2},"test-code":{"insertions":1,"deletions":10}}},{"hash":"3b50dbb439a44112216572a6839b6e65e95292c9","messageTitle":"Make reviews in AddressBook follow Reviews stored in in Stall","messageBody":"","fileTypesAndContributionMap":{"functional-code":{"insertions":69,"deletions":43},"test-code":{"insertions":32,"deletions":4}}},{"hash":"b8cb8485c1773cd10286c0b5fd7e2542f7b64d03","messageTitle":"Add Reviews in Stall from toModelType for JsonAdaptedStall","messageBody":"","fileTypesAndContributionMap":{"functional-code":{"insertions":1,"deletions":6},"test-code":{"insertions":9,"deletions":1}}}]},{"date":"2022-10-21","commitResults":[{"hash":"aef376307a28c91647dff98e94905f034925e2e3","messageTitle":"Make Reviews follow new Stall name on rename","messageBody":"Currently, when a Stall is renamed, the corresponding review do not get\nrenamed to match the name of the stall. This behavior is considered to\nbe a bug.\n\nLet\u0027s\n1. Update StallBuilder to rename the reviews when building\n2. Update SEditCommand::createEditedStall to rename the reviews when\nbuilding\n","fileTypesAndContributionMap":{"functional-code":{"insertions":17,"deletions":4},"other":{"insertions":4,"deletions":8},"test-code":{"insertions":17,"deletions":6}}}]},{"date":"2022-10-23","commitResults":[{"hash":"f05edbe7f60c6ffdfdd56416a70d65fdbd465c9d","messageTitle":"Relax Stall duplicates to checking Name and Address","messageBody":"","fileTypesAndContributionMap":{"functional-code":{"insertions":27,"deletions":1},"test-code":{"insertions":23,"deletions":5}}},{"hash":"ea11db5b01929e363901ecef9df4d7f622ac461c","messageTitle":"Add address field to Review to recognise which Stall it matches","messageBody":"","fileTypesAndContributionMap":{"functional-code":{"insertions":64,"deletions":22},"test-code":{"insertions":54,"deletions":15}}}]},{"date":"2022-10-25","commitResults":[{"hash":"d610e437cf83c0aa0fc0667be81640e5ba6a9a19","messageTitle":"Modify the User Guide","messageBody":"","fileTypesAndContributionMap":{"docs":{"insertions":32,"deletions":36}}},{"hash":"19a0281afc47c421ad45c9816c28904a20ea96d8","messageTitle":"Fix ssort/rsort tables","messageBody":"","fileTypesAndContributionMap":{"docs":{"insertions":3,"deletions":1}}},{"hash":"d05c7970cc5db5efb5ae022bb3f9861d423b672a","messageTitle":"Undo \u003ccode\u003e change in User Guide","messageBody":"","fileTypesAndContributionMap":{"docs":{"insertions":1,"deletions":1}}}]},{"date":"2022-10-26","commitResults":[{"hash":"77a5a747747d9c1cacd709e9406f0a352084ee8b","messageTitle":"Improve test coverage in commons and storage","messageBody":"","fileTypesAndContributionMap":{"functional-code":{"insertions":8,"deletions":22},"test-code":{"insertions":102,"deletions":17}}},{"hash":"ca5e52b90087fb18fd99e1566cb019338dd88dbd","messageTitle":"Fix checkstyle","messageBody":"","fileTypesAndContributionMap":{"test-code":{"insertions":6,"deletions":6}}}]},{"date":"2022-10-30","commitResults":[{"hash":"6e322bed0565b7a995967872ac9320182f21ad49","messageTitle":"Update PPP","messageBody":"","fileTypesAndContributionMap":{"docs":{"insertions":22,"deletions":1}}},{"hash":"2867c3ff08566d2418fac5ed24fdc1f0b820c3a4","messageTitle":"Resolve #282, 294, #302, #313, #314","messageBody":"","fileTypesAndContributionMap":{"docs":{"insertions":3,"deletions":3}}}]},{"date":"2022-10-31","commitResults":[{"hash":"f01f4ef3e8d41e8d1e31ea67f0b152e75ce083a7","messageTitle":"Resolve more UG documentation issues","messageBody":"","fileTypesAndContributionMap":{"docs":{"insertions":74,"deletions":44}}},{"hash":"5712f0b1695fc1138a2b4ce841adf6423487e2ec","messageTitle":"Add example for rfind/sfind matching","messageBody":"","fileTypesAndContributionMap":{"docs":{"insertions":2,"deletions":2}}},{"hash":"9f8e43a3c8333e4a5dce2eb108f03fdba8bd83a3","messageTitle":"Add EDIT_TAG to allow for empty string for tag","messageBody":"","fileTypesAndContributionMap":{"docs":{"insertions":4,"deletions":2}}},{"hash":"7ffbb6e95f1113bdc4b1bff0e96fdc8e7cbeadf8","messageTitle":"Add EDIT_TAG to handle empty strings used in t/ parameter","messageBody":"","fileTypesAndContributionMap":{"docs":{"insertions":11,"deletions":10}}},{"hash":"c2d11d990cdad69b837b186584d51cfcb1802010","messageTitle":"Fix inconsistent capitalisation","messageBody":"","fileTypesAndContributionMap":{"docs":{"insertions":2,"deletions":2}}},{"hash":"ed29cf12076810afb226d720bb7135ef6b699732","messageTitle":"Fix trailing whitespace","messageBody":"","fileTypesAndContributionMap":{"docs":{"insertions":5,"deletions":5}}},{"hash":"c40fc880bd468ea6e70be65450578951da47b4e7","messageTitle":"Resolve #282 completely - missed the other bug earlier","messageBody":"","fileTypesAndContributionMap":{"docs":{"insertions":1,"deletions":1}}},{"hash":"4ba63449e55936d063f6a06d905816ae3e6381f7","messageTitle":"Improve wording for clear","messageBody":"This will mainly aid people who are also reading the Developer Guide.\n","fileTypesAndContributionMap":{"docs":{"insertions":1,"deletions":1}}}]},{"date":"2022-11-02","commitResults":[{"hash":"43b29e5f055220f82ef816e5a8ab9c25dfc67ca3","messageTitle":"Fix review duplicate checking, add details on command parameters","messageBody":"","fileTypesAndContributionMap":{"functional-code":{"insertions":1,"deletions":0},"docs":{"insertions":12,"deletions":0}}}]},{"date":"2022-11-03","commitResults":[{"hash":"30aec45800a7fdeaffd538a4736268a17484b8b0","messageTitle":"Improve formatting and wording","messageBody":"","fileTypesAndContributionMap":{"docs":{"insertions":2,"deletions":3}}},{"hash":"a90fb52dc27153fa6264c71747251aa59931e84c","messageTitle":"Ignore multiple spaces in rfind and sfind","messageBody":"","fileTypesAndContributionMap":{"functional-code":{"insertions":6,"deletions":0}}},{"hash":"135e40c7d1ecbde5a1dc7f15ba58c6672ec13cd8","messageTitle":"Edit tags to use more lowercase letters","messageBody":"","fileTypesAndContributionMap":{"docs":{"insertions":23,"deletions":10}}}]}],"Hikoya":[{"date":"2022-09-19","commitResults":[{"hash":"9f538734e853af087c597b6718aea45a97d19d1b","messageTitle":"Add information for AboutUs page (Chung Loong)","messageBody":"","fileTypesAndContributionMap":{"docs":{"insertions":6,"deletions":5}}},{"hash":"6224e4bf9a5e65e470128072d6fc8917e471e343","messageTitle":"Add PPP page for Chung Loong","messageBody":"","fileTypesAndContributionMap":{"docs":{"insertions":12,"deletions":0}}},{"hash":"3251bcffe82e55455e871b1b4e201e929719e427","messageTitle":"Update UserGuide from page 1 and 2 of PDF","messageBody":"","fileTypesAndContributionMap":{"docs":{"insertions":15,"deletions":14}}}]},{"date":"2022-09-24","commitResults":[{"hash":"070f30a969a46ce0e2e9b29aee9f8b472ee29b08","messageTitle":"Add user stories to developer guide","messageBody":"","fileTypesAndContributionMap":{"docs":{"insertions":49,"deletions":12}}},{"hash":"139ca4b11cc399f4640c933ee9e272df05f82207","messageTitle":"Add use case 1-5 to Developer Guide","messageBody":"","fileTypesAndContributionMap":{"docs":{"insertions":99,"deletions":12}}}]},{"date":"2022-09-25","commitResults":[{"hash":"7fbdd4820795dcf3a799e4fe1a3ff0f4ab752a3c","messageTitle":"Add new user guide URL to Help menu","messageBody":"","fileTypesAndContributionMap":{"functional-code":{"insertions":2,"deletions":2}}},{"hash":"ada504fb01ae9df4418219aeb283763519ba7094","messageTitle":"Add additional panel to UI for food reviews","messageBody":"","fileTypesAndContributionMap":{"functional-code":{"insertions":190,"deletions":0}}},{"hash":"a31289286a213b1ffcd9d303ec7e79413470ad80","messageTitle":"Update additional panel to stack side by side","messageBody":"","fileTypesAndContributionMap":{"functional-code":{"insertions":23,"deletions":16}}},{"hash":"0de09650f41342dc1b020d4218bf04d5266f32f9","messageTitle":"Update icon for FoodWhere","messageBody":"","fileTypesAndContributionMap":{"functional-code":{"insertions":2,"deletions":2}}},{"hash":"c174868dadb90ea9bd3a89a0ea87cd163cf8da8a","messageTitle":"Update to use new icon file path for AppUtilTest","messageBody":"","fileTypesAndContributionMap":{"test-code":{"insertions":1,"deletions":1}}},{"hash":"6c9a97d05d4bbc3381117189b0b9cb99fac4323e","messageTitle":"Remove hompage for Chung Loong in AboutUs","messageBody":"","fileTypesAndContributionMap":{"docs":{"insertions":0,"deletions":1}}},{"hash":"a646f0785dfcc4a8892c82164e23fc7114437ea3","messageTitle":"Remove placeholders for AboutUs","messageBody":"","fileTypesAndContributionMap":{"docs":{"insertions":0,"deletions":65}}}]},{"date":"2022-09-26","commitResults":[{"hash":"c0a3dec7d27493452e039247c63a179a412b81bc","messageTitle":"Update package name to foodwhere for main Java","messageBody":"","fileTypesAndContributionMap":{"other":{"insertions":869,"deletions":876},"docs":{"insertions":12,"deletions":12},"test-code":{"insertions":496,"deletions":524}}},{"hash":"4e73ea7c34ab6040d8bd055a49e793fc9be45080","messageTitle":"Update package name to foodwhere for Test files","messageBody":"","fileTypesAndContributionMap":{"test-code":{"insertions":332,"deletions":288}}},{"hash":"3d410b5628b2a230844087311f25c51ac2abf4d5","messageTitle":"Modify validFileWithFxRoot with new package name","messageBody":"","fileTypesAndContributionMap":{"test-code":{"insertions":1,"deletions":1}}}]},{"date":"2022-09-27","commitResults":[{"hash":"baf7bf8e6949f98773096cf80fb21664d41df3a2","messageTitle":"Update README.md with correct link to CI actions","messageBody":"","fileTypesAndContributionMap":{"docs":{"insertions":2,"deletions":2}}}]},{"date":"2022-09-28","commitResults":[{"hash":"ae067e4feb15f9e03b437fb604e540c517728e03","messageTitle":"Modify image name for Jamie in About Us","messageBody":"","fileTypesAndContributionMap":{"docs":{"insertions":1,"deletions":1}}},{"hash":"e76ebc6d12ecf3d470f4d5eb2aa110eebba4187f","messageTitle":"Modify build.gradle to use foodwhere","messageBody":"","fileTypesAndContributionMap":{"other":{"insertions":1,"deletions":1}}}]},{"date":"2022-10-01","commitResults":[{"hash":"be998a4c38c7c266ce76d8ee1a4553100fe66f5c","messageTitle":"Add new panel labels to UI","messageBody":"","fileTypesAndContributionMap":{"functional-code":{"insertions":51,"deletions":5}}}]},{"date":"2022-10-02","commitResults":[{"hash":"61bfe615b5c4a1fde20894b75bb5dc2434613d47","messageTitle":"Modify all Person-related fields to Stall","messageBody":"","fileTypesAndContributionMap":{"functional-code":{"insertions":10,"deletions":10},"other":{"insertions":23,"deletions":22}}}]},{"date":"2022-10-05","commitResults":[{"hash":"3b518b37e7c4bc70bbff9a96d673649f4e291390","messageTitle":"Remove email from User Interface","messageBody":"","fileTypesAndContributionMap":{"functional-code":{"insertions":2,"deletions":4}}}]},{"date":"2022-10-06","commitResults":[{"hash":"3ef9b444a40f24ca4102b28855fbe2d5a0270dd8","messageTitle":"Modify DeveloperGuide.md without reference to command","messageBody":"","fileTypesAndContributionMap":{"docs":{"insertions":11,"deletions":25}}},{"hash":"994b42c8c0a48998770bbb932dd360d627161306","messageTitle":"Remove phone field from user interface","messageBody":"","fileTypesAndContributionMap":{"functional-code":{"insertions":0,"deletions":2}}}]},{"date":"2022-10-10","commitResults":[{"hash":"311a04282afdfd01601d2fe8c56e5574e1109f80","messageTitle":"Modify index.md with codecov and CI link","messageBody":"","fileTypesAndContributionMap":{"docs":{"insertions":2,"deletions":2}}},{"hash":"b9ff0a90b5baa74be75dc7d1901f7fd07c5f23ca","messageTitle":"Change Stall to Review for duplicated methods","messageBody":"","fileTypesAndContributionMap":{"functional-code":{"insertions":58,"deletions":21},"test-code":{"insertions":11,"deletions":0}}},{"hash":"08dc79e597f1cce4cb174f0564a9b6a0a6ae9a69","messageTitle":"Remove duplicated StallName from Review","messageBody":"","fileTypesAndContributionMap":{"functional-code":{"insertions":12,"deletions":71},"other":{"insertions":1,"deletions":1},"test-code":{"insertions":11,"deletions":10}}},{"hash":"2549dd2828b454a016fd5f2b7bbb418f3618a16d","messageTitle":"Modify Detail to models.common package","messageBody":"","fileTypesAndContributionMap":{"functional-code":{"insertions":10,"deletions":10},"other":{"insertions":1,"deletions":1},"test-code":{"insertions":9,"deletions":7}}},{"hash":"6d4bede85d4b6b3c763421bd84eabb1126085206","messageTitle":"Add Review grid to user interface","messageBody":"","fileTypesAndContributionMap":{"functional-code":{"insertions":51,"deletions":30}}},{"hash":"e6cf76013dafb2b0b5deffa4663372ad47415a2a","messageTitle":"Remove Name class reference","messageBody":"","fileTypesAndContributionMap":{"functional-code":{"insertions":2,"deletions":3},"test-code":{"insertions":1,"deletions":1}}},{"hash":"879d2b65cc95c974956eb6c501ee922351b9f526","messageTitle":"Modify format of StallListCard for Details","messageBody":"","fileTypesAndContributionMap":{"functional-code":{"insertions":53,"deletions":30}}},{"hash":"2d10f7b17783adffd143ab15ef7ad16cb8f136df","messageTitle":"Remove unused imports","messageBody":"","fileTypesAndContributionMap":{"functional-code":{"insertions":0,"deletions":2}}},{"hash":"af4ee99ac96c5af70eb9be039273436e7f9c3929","messageTitle":"Modify StallListCard to decrease height","messageBody":"","fileTypesAndContributionMap":{"functional-code":{"insertions":2,"deletions":2}}},{"hash":"606183a318c4b06a2b58ea0090fdc9940d747ee9","messageTitle":"Fix checkstyle warnings","messageBody":"","fileTypesAndContributionMap":{"docs":{"insertions":44,"deletions":44}}}]},{"date":"2022-10-11","commitResults":[{"hash":"01a95201ea2eb12bc922132bc71c0db0e8b054df","messageTitle":"Modify user guide with latest command formats","messageBody":"","fileTypesAndContributionMap":{"docs":{"insertions":16,"deletions":17}}},{"hash":"c5aebc961fa211529567791968fc2fa86356f3a2","messageTitle":"Modify user interface and add Review methods","messageBody":"","fileTypesAndContributionMap":{"functional-code":{"insertions":34,"deletions":7},"test-code":{"insertions":5,"deletions":0}}},{"hash":"b140d70814712ae4e18bc3b5ae324d5aeefcb389","messageTitle":"Modify sample data and JAR details","messageBody":"","fileTypesAndContributionMap":{"functional-code":{"insertions":40,"deletions":19},"other":{"insertions":1,"deletions":1},"docs":{"insertions":7,"deletions":1}}},{"hash":"24266a3a4e734a6556886b175d0f4517d51c201e","messageTitle":"Modify user guide formatting and command details","messageBody":"","fileTypesAndContributionMap":{"docs":{"insertions":21,"deletions":21}}}]},{"date":"2022-10-12","commitResults":[{"hash":"298b5ee905cd80f94a849f56940eaf1d064d28ef","messageTitle":"Modify Detail.java to Tag.java","messageBody":"","fileTypesAndContributionMap":{"functional-code":{"insertions":258,"deletions":260},"docs":{"insertions":17,"deletions":17},"test-code":{"insertions":197,"deletions":199}}},{"hash":"aae80b55b8626e93b24d22672e7feb413bf6ea26","messageTitle":"Modify UserGuide to replace d/ with t/","messageBody":"","fileTypesAndContributionMap":{"docs":{"insertions":5,"deletions":5}}},{"hash":"a1690f11cfd525d0f8854257d48a1f9f44e5be90","messageTitle":"Add Rating class to Review","messageBody":"","fileTypesAndContributionMap":{"functional-code":{"insertions":125,"deletions":16},"test-code":{"insertions":63,"deletions":10}}},{"hash":"1305de2f40ded22ffbde5bf6c14790518be8778e","messageTitle":"Modify MainWindow.fxml with new width and height","messageBody":"","fileTypesAndContributionMap":{"functional-code":{"insertions":1,"deletions":1}}}]},{"date":"2022-10-16","commitResults":[{"hash":"e16e1850616233e7580ec4eeb02fc63823d14055","messageTitle":"Add new stars for Rating user interface","messageBody":"","fileTypesAndContributionMap":{"functional-code":{"insertions":49,"deletions":3}}},{"hash":"23112fc6ef4265fb98964edc604ac8d02cb760d6","messageTitle":"Add remove of row when tag empty","messageBody":"","fileTypesAndContributionMap":{"functional-code":{"insertions":102,"deletions":9}}},{"hash":"ef23f9e46f5abc179fad0eaead2a26fe1c1078fb","messageTitle":"Modify HelpWindow to use JavaFX 8","messageBody":"","fileTypesAndContributionMap":{"functional-code":{"insertions":1,"deletions":1}}},{"hash":"912744be5a3097ae8de092e0903621b60a80c1a2","messageTitle":"Modify SampleDataUtil.java to change date format","messageBody":"","fileTypesAndContributionMap":{"functional-code":{"insertions":2,"deletions":2}}},{"hash":"59f87b7e2ac19f202add534a5ce2fd747e8fb182","messageTitle":"Modify user interface to include copy function","messageBody":"","fileTypesAndContributionMap":{"functional-code":{"insertions":86,"deletions":2}}},{"hash":"ad9a200e58a39f4a2e967bb8654dcca6f2ad3f98","messageTitle":"Add new class for MenuItem for copy","messageBody":"","fileTypesAndContributionMap":{"functional-code":{"insertions":136,"deletions":48}}},{"hash":"33e78688c0f1a1fb33bda8522deb687c42a02aad","messageTitle":"Modify CopyMenuItem with break","messageBody":"","fileTypesAndContributionMap":{"functional-code":{"insertions":1,"deletions":0}}}]},{"date":"2022-10-17","commitResults":[{"hash":"fdd9a5d7baa7dd49927f75a6581a57dca1346a6a","messageTitle":"Modify long method in CopyMenuItem","messageBody":"","fileTypesAndContributionMap":{"functional-code":{"insertions":72,"deletions":61}}},{"hash":"b52749dc71a3143cda20bb54e9869ef604a5c92a","messageTitle":"Modify CopyMenuItem to use throw Error method","messageBody":"","fileTypesAndContributionMap":{"functional-code":{"insertions":15,"deletions":7}}}]},{"date":"2022-10-18","commitResults":[{"hash":"b5b409ffce866dee78ed05bbd3c569fecb5bbbcb","messageTitle":"Modify developer guide for user interface","messageBody":"","fileTypesAndContributionMap":{"docs":{"insertions":22,"deletions":14}}},{"hash":"54561772c3b2874666e9bc17d10e9003ada7eed3","messageTitle":"Add implementation of Review in Developer Guide","messageBody":"","fileTypesAndContributionMap":{"docs":{"insertions":54,"deletions":0}}},{"hash":"38bd01e72025f21a08c52f5a65c6b8fcddb1c1ca","messageTitle":"Update checkStyle for ModalReviewClassDiagram","messageBody":"","fileTypesAndContributionMap":{"docs":{"insertions":1,"deletions":1}}},{"hash":"060714d5eb479f07db6f2de4dd7d06ab791d0c1f","messageTitle":"Add logging to user interface","messageBody":"","fileTypesAndContributionMap":{"functional-code":{"insertions":8,"deletions":0}}},{"hash":"f66433cf1c4588a008edae2f4445154ba7f0de5b","messageTitle":"Update build.gradle to enable assertions","messageBody":"","fileTypesAndContributionMap":{"other":{"insertions":4,"deletions":0}}},{"hash":"03890d4ff65200027edce2c429904bf945b08c3d","messageTitle":"Update CopyMenuItem.java","messageBody":"","fileTypesAndContributionMap":{"functional-code":{"insertions":15,"deletions":10}}},{"hash":"8eb5dd171ed6e65728af16d2fdbfa1d21eee7175","messageTitle":"Update Developer Guide","messageBody":"","fileTypesAndContributionMap":{"docs":{"insertions":8,"deletions":8}}}]},{"date":"2022-10-19","commitResults":[{"hash":"083cb7e34e0bf35a8185f61fd56955f1d5d85ca7","messageTitle":"Fix Panel throwing NullPointerException","messageBody":"","fileTypesAndContributionMap":{"functional-code":{"insertions":41,"deletions":34}}}]},{"date":"2022-10-21","commitResults":[{"hash":"448029e57950a0f1caf1b5d51cafc05e39a46c14","messageTitle":"Add error messages to SAdd and RAdd","messageBody":"","fileTypesAndContributionMap":{"functional-code":{"insertions":52,"deletions":20},"test-code":{"insertions":45,"deletions":21}}},{"hash":"9829510f48b1fadbaacdbd592748a80938265992","messageTitle":"Update Rating.java","messageBody":"","fileTypesAndContributionMap":{"functional-code":{"insertions":16,"deletions":5}}},{"hash":"5fcbec7cbf15f936fe9cf110edc745537e6809b7","messageTitle":"Add screenshot of Clipboard feature","messageBody":"","fileTypesAndContributionMap":{"functional-code":{"insertions":89,"deletions":15},"test-code":{"insertions":0,"deletions":2}}},{"hash":"6882370f902e5978ff8ceead75dd8250c448d985","messageTitle":"Update HelpWindow.fxml for checkStyle","messageBody":"","fileTypesAndContributionMap":{"functional-code":{"insertions":1,"deletions":1}}},{"hash":"4a6d69834a554666ffbf99b8c2d9e9b50397e9b7","messageTitle":"Update HelpWindow.fxml","messageBody":"","fileTypesAndContributionMap":{"functional-code":{"insertions":20,"deletions":20}}}]},{"date":"2022-10-22","commitResults":[{"hash":"ddc38872ba574391554319d3bbe82b5921e6e802","messageTitle":"Updated test cases for RatingTest","messageBody":"","fileTypesAndContributionMap":{"functional-code":{"insertions":2,"deletions":2},"test-code":{"insertions":22,"deletions":0}}}]},{"date":"2022-10-23","commitResults":[{"hash":"855f2078a28c0df3642c0b923a0d99f7723e9253","messageTitle":"Modify Address class into model.common","messageBody":"","fileTypesAndContributionMap":{"functional-code":{"insertions":12,"deletions":10},"other":{"insertions":5,"deletions":3},"test-code":{"insertions":6,"deletions":6}}},{"hash":"ccfa462e5e9336283b127377969670cb47214dec","messageTitle":"Add address label to ReviewListCard","messageBody":"","fileTypesAndContributionMap":{"functional-code":{"insertions":25,"deletions":12}}},{"hash":"3509f20fd108ddabd49ccfa0e720c022828f1f59","messageTitle":"Modify ReviewListCard and update UI image","messageBody":"","fileTypesAndContributionMap":{"functional-code":{"insertions":6,"deletions":6}}}]},{"date":"2022-10-24","commitResults":[{"hash":"4610e9cbd4456df19e2b58a3e12822ae527c4f9b","messageTitle":"Modify help screenshot and update summary table","messageBody":"","fileTypesAndContributionMap":{"docs":{"insertions":13,"deletions":13}}},{"hash":"2177f8d5bdbedbdf3ca3dbbcaa3e6d308c7995ef","messageTitle":"Update UserGuide.md","messageBody":"","fileTypesAndContributionMap":{"docs":{"insertions":6,"deletions":1}}},{"hash":"5da4afff41b566689f0404d37890ccb92f40cbd1","messageTitle":"Add copying of Address for Review","messageBody":"","fileTypesAndContributionMap":{"functional-code":{"insertions":5,"deletions":2}}}]},{"date":"2022-10-25","commitResults":[{"hash":"bbda449c782ac4e826ab7533095ff425be7da3e9","messageTitle":"Add new method for tags","messageBody":"","fileTypesAndContributionMap":{"functional-code":{"insertions":29,"deletions":14}}},{"hash":"6cc81d4ca4049cd91400625adbc25ecd9a50abd5","messageTitle":"Update checkStyle","messageBody":"","fileTypesAndContributionMap":{"functional-code":{"insertions":0,"deletions":5}}}]},{"date":"2022-10-26","commitResults":[{"hash":"d352fe7f36e1fd074ca4e13872c69dc691e488fd","messageTitle":"Modify MainApp for AddressBook to FoodWhere","messageBody":"","fileTypesAndContributionMap":{"functional-code":{"insertions":6,"deletions":6}}},{"hash":"c1356246bdd8683786d1cf7ebef382ac9d38e13b","messageTitle":"Update ModelManager.java","messageBody":"","fileTypesAndContributionMap":{"functional-code":{"insertions":1,"deletions":1}}},{"hash":"c34d7696ea8a23a9e825876aed033ab9adbf4478","messageTitle":"Modify AddressBook to FoodWhere","messageBody":"","fileTypesAndContributionMap":{"functional-code":{"insertions":24,"deletions":24}}},{"hash":"c0517da496a46c1037276a1bc327f8311a843809","messageTitle":"Modify based on comments","messageBody":"","fileTypesAndContributionMap":{"functional-code":{"insertions":5,"deletions":5}}}]},{"date":"2022-10-27","commitResults":[{"hash":"cff21702a11dc1e3ae471b01fd9cda3380841e22","messageTitle":"Add use case for clear command","messageBody":"","fileTypesAndContributionMap":{"docs":{"insertions":14,"deletions":0}}},{"hash":"489a130586407835b3cd1cc26b8c817e43d01d1c","messageTitle":"Update PPP","messageBody":"","fileTypesAndContributionMap":{"docs":{"insertions":37,"deletions":1}}},{"hash":"5711ba991d2c08f71caac3f624db9065b5d79671","messageTitle":"Update hikoya.md","messageBody":"","fileTypesAndContributionMap":{"docs":{"insertions":1,"deletions":1}}}]},{"date":"2022-11-01","commitResults":[{"hash":"f49b02f29e1b9f95aec4d7b767c75344b0c16cf2","messageTitle":"Add test cases for Util files","messageBody":"","fileTypesAndContributionMap":{"functional-code":{"insertions":0,"deletions":10},"test-code":{"insertions":484,"deletions":2}}},{"hash":"8ff44e820614bc1d6bb054d2eb4b28069c74d3bc","messageTitle":"Update AddressBookTest.java","messageBody":"","fileTypesAndContributionMap":{"test-code":{"insertions":202,"deletions":0}}},{"hash":"4c2f9ee74683fe615270acfd1de64cb21f42bc04","messageTitle":"Update hikoya.md","messageBody":"","fileTypesAndContributionMap":{"docs":{"insertions":9,"deletions":5}}},{"hash":"c4167b5b7d97a050f7a9e046ed754052326c17d7","messageTitle":"Update ModelManager to full coverage","messageBody":"","fileTypesAndContributionMap":{"functional-code":{"insertions":2,"deletions":0},"test-code":{"insertions":227,"deletions":0}}},{"hash":"2d64e371022a7b82e777d40a3ae7cc5db1e41027","messageTitle":"Update checkStyle and Version.java coverage","messageBody":"","fileTypesAndContributionMap":{"test-code":{"insertions":22,"deletions":8}}},{"hash":"643619f23082c4978d9b0efacfc596e3512b4b72","messageTitle":"Update SampleDataUtilTest.java","messageBody":"","fileTypesAndContributionMap":{"test-code":{"insertions":11,"deletions":11}}},{"hash":"3fa6a04d0e32ca6af673cd12b4c2382c999dea0e","messageTitle":"Update hikoya.md","messageBody":"","fileTypesAndContributionMap":{"docs":{"insertions":2,"deletions":0}}}]},{"date":"2022-11-02","commitResults":[{"hash":"75ece3bc10ceaa9c719f875c4c6bb6f8693562fa","messageTitle":"Add more test cases","messageBody":"","fileTypesAndContributionMap":{"functional-code":{"insertions":5,"deletions":0},"test-code":{"insertions":60,"deletions":7}}},{"hash":"5156b9c024f84adfdb3e85a57b8ec85801e193fc","messageTitle":"Update AddressBookTest.java","messageBody":"","fileTypesAndContributionMap":{"test-code":{"insertions":1,"deletions":1}}},{"hash":"d3baaa9403d86b7c65bdf5d53c3ba8b92f85d92a","messageTitle":"Update rdel and sdel error messages","messageBody":"","fileTypesAndContributionMap":{"functional-code":{"insertions":20,"deletions":15},"test-code":{"insertions":13,"deletions":16}}},{"hash":"b6f9a2c67651de78458e51eaa757f8365d49027e","messageTitle":"Add test cases for Comparator","messageBody":"","fileTypesAndContributionMap":{"functional-code":{"insertions":15,"deletions":0},"test-code":{"insertions":104,"deletions":0}}},{"hash":"2dbcad9323c29697cfeb9f6f413a62a7fa714c6a","messageTitle":"Add new test cases for comparator and Parsers","messageBody":"","fileTypesAndContributionMap":{"functional-code":{"insertions":49,"deletions":5},"test-code":{"insertions":395,"deletions":2}}},{"hash":"b22f91544c4dfcdad2b5a19ab0e9fd8185e387ac","messageTitle":"Add standardized index error messages for Edit,Add","messageBody":"","fileTypesAndContributionMap":{"functional-code":{"insertions":35,"deletions":22},"test-code":{"insertions":14,"deletions":14}}},{"hash":"e3f965fad017ef4a0ebc95168412cab1e2a57007","messageTitle":"Add test cases for LogicManager","messageBody":"","fileTypesAndContributionMap":{"test-code":{"insertions":56,"deletions":18}}},{"hash":"f469ae23c21fcbe633a294495c5e1c423d15068b","messageTitle":"Update SEditCommandTest.java","messageBody":"","fileTypesAndContributionMap":{"test-code":{"insertions":7,"deletions":13}}},{"hash":"c5504cd6eb856842eca2130cd17770772ab27ca2","messageTitle":"Create LogsCenterTest.java","messageBody":"","fileTypesAndContributionMap":{"test-code":{"insertions":44,"deletions":0}}},{"hash":"08eea1b327b6b204a0ed26f844fab964fc5b7075","messageTitle":"Fix checkStyle","messageBody":"","fileTypesAndContributionMap":{"test-code":{"insertions":5,"deletions":4}}},{"hash":"c8c089368e9957b970eba9b66dd4f192695b1969","messageTitle":"Update RDeleteCommand.java","messageBody":"","fileTypesAndContributionMap":{"functional-code":{"insertions":0,"deletions":1}}}]},{"date":"2022-11-03","commitResults":[{"hash":"1c765a1e6682e1caa2aa7040c61992ec87931677","messageTitle":"Update Developer Guide to fix numbering","messageBody":"","fileTypesAndContributionMap":{"docs":{"insertions":24,"deletions":26}}}]},{"date":"2022-11-04","commitResults":[{"hash":"e67f3fd745bab3a46a4349bc8fac27afe8686b27","messageTitle":"Update StallTest.java","messageBody":"","fileTypesAndContributionMap":{"test-code":{"insertions":16,"deletions":2}}}]}],"jamietan2002":[{"date":"2022-09-20","commitResults":[{"hash":"72f016baefa0daf180a2c588420d0d6bf760a5a3","messageTitle":"Update Jamie in the About Us for v1.1","messageBody":"","fileTypesAndContributionMap":{"docs":{"insertions":10,"deletions":0}}},{"hash":"288d7cb2705f37b61db6f81f32f22a517be041ba","messageTitle":" Update pages 4,5 in User Guide for v1.1","messageBody":"","fileTypesAndContributionMap":{"docs":{"insertions":13,"deletions":64}}},{"hash":"14c686ae971fb78be00678b2588e0ba06e6f2146","messageTitle":"Create PPP-Jamie for v1.1","messageBody":"","fileTypesAndContributionMap":{"docs":{"insertions":12,"deletions":0}}}]},{"date":"2022-09-23","commitResults":[{"hash":"5a3eaa70b6638c9835fdab332b237aecc4048810","messageTitle":"Update about us page to include full name","messageBody":"","fileTypesAndContributionMap":{"docs":{"insertions":1,"deletions":1}}}]},{"date":"2022-09-24","commitResults":[{"hash":"229c02f8ba79ae2cd36d1ea979c84c54aa1010a0","messageTitle":"Add Glossary in Developer Guide for v1.1","messageBody":"","fileTypesAndContributionMap":{"docs":{"insertions":3,"deletions":1}}}]},{"date":"2022-09-27","commitResults":[{"hash":"fc91b8e73fd256caf203310f11d286c634e85f1e","messageTitle":"Edit file naming to use git username","messageBody":"","fileTypesAndContributionMap":{"docs":{"insertions":1,"deletions":1}}}]},{"date":"2022-10-08","commitResults":[{"hash":"ee8ef50c716a4dd27fb3492eb17a79ffdb3cb9c1","messageTitle":"Modify AddCommandParser to be SAddCommandParser","messageBody":"","fileTypesAndContributionMap":{"functional-code":{"insertions":5,"deletions":11},"other":{"insertions":38,"deletions":38},"test-code":{"insertions":8,"deletions":14}}},{"hash":"358de120386218e8bfcc14bc045967dc466a60b3","messageTitle":"Fix CheckStyle bugs","messageBody":"","fileTypesAndContributionMap":{"functional-code":{"insertions":8,"deletions":2}}},{"hash":"769654346b1e4cf9c4aa62cf59bd830136b16c77","messageTitle":"Fix Checkstyle","messageBody":"","fileTypesAndContributionMap":{"functional-code":{"insertions":1,"deletions":1}}},{"hash":"8b8a7f945a1818c428efc1f0a2443485293695bf","messageTitle":"fix checkstyle","messageBody":"","fileTypesAndContributionMap":{"test-code":{"insertions":9,"deletions":3}}},{"hash":"afc8b05e0714c2ed33d44b2385059ba764b416c5","messageTitle":"Modify DeleteCommandParser to be SDeleteCommandParser","messageBody":"","fileTypesAndContributionMap":{"functional-code":{"insertions":3,"deletions":3},"other":{"insertions":35,"deletions":35},"test-code":{"insertions":4,"deletions":4}}},{"hash":"73632cc13e5c43fbaf290735d320618d2fe133a0","messageTitle":"Add SDeleteCommandParserTest","messageBody":"","fileTypesAndContributionMap":{"test-code":{"insertions":1,"deletions":1}}}]},{"date":"2022-10-09","commitResults":[{"hash":"e7a42884211a9414d17ceb8cc28f01a99b95944a","messageTitle":"fix test bug","messageBody":"","fileTypesAndContributionMap":{"test-code":{"insertions":1,"deletions":1}}},{"hash":"61ed251f82a492f896b96b279147a68a27eaf12a","messageTitle":"resolve conflicts","messageBody":"","fileTypesAndContributionMap":{"functional-code":{"insertions":1,"deletions":0},"test-code":{"insertions":1,"deletions":0}}},{"hash":"b6411a3827ba8055cb53ba348249ce6fd2b19886","messageTitle":"Rename variables","messageBody":"","fileTypesAndContributionMap":{"functional-code":{"insertions":0,"deletions":1},"test-code":{"insertions":5,"deletions":6}}},{"hash":"69251936600610739203621cafb84131bb727ced","messageTitle":"Rename variables","messageBody":"","fileTypesAndContributionMap":{"functional-code":{"insertions":1,"deletions":0},"test-code":{"insertions":8,"deletions":7}}}]},{"date":"2022-10-10","commitResults":[{"hash":"247b43af65f04dc41b3eeb96bfc7c6366bfc54b9","messageTitle":"Add RAddCommand","messageBody":"","fileTypesAndContributionMap":{"functional-code":{"insertions":184,"deletions":0}}},{"hash":"00c946be50220255ab0066ee23ecbd07270b7b9c","messageTitle":"Add RDeleteCommand","messageBody":"","fileTypesAndContributionMap":{"functional-code":{"insertions":90,"deletions":1},"test-code":{"insertions":145,"deletions":2}}},{"hash":"2b4bbeadbabde917fb248726d94161a5b70bcdd9","messageTitle":"Fix bugs","messageBody":"","fileTypesAndContributionMap":{"test-code":{"insertions":1,"deletions":14}}},{"hash":"2d311b7b038e82478a1d1fa323a64cb7ebe559ff","messageTitle":"Fix bugs","messageBody":"","fileTypesAndContributionMap":{"functional-code":{"insertions":4,"deletions":0}}},{"hash":"8d5ce395058acff86c0a45b56660027e291fecb7","messageTitle":"Add RAddCommand to AddressBookParser","messageBody":"","fileTypesAndContributionMap":{"functional-code":{"insertions":4,"deletions":0}}},{"hash":"8e63e31d2eab623eff664d14dddafc7590ee2a65","messageTitle":"Fix checkstyle","messageBody":"","fileTypesAndContributionMap":{"functional-code":{"insertions":1,"deletions":1}}},{"hash":"b97e46626ccd826cce71f6acd91ae2749cc9f3de","messageTitle":"Modify AddressBookParser","messageBody":"","fileTypesAndContributionMap":{"functional-code":{"insertions":42,"deletions":11},"other":{"insertions":6,"deletions":6},"test-code":{"insertions":14,"deletions":7}}},{"hash":"d45d88488ae2f414f18c9039a40688e7f52d1cc7","messageTitle":"Update AddressBookParser.java","messageBody":"","fileTypesAndContributionMap":{"functional-code":{"insertions":1,"deletions":1}}}]},{"date":"2022-10-11","commitResults":[{"hash":"ed0577aa1f85767ffecf8cc264facba6d05ea430","messageTitle":"Fix checkstyle","messageBody":"","fileTypesAndContributionMap":{"functional-code":{"insertions":1,"deletions":4}}}]},{"date":"2022-10-14","commitResults":[{"hash":"1dbdb8efbe5ea449b2f2cd3f7f14c72e64fa8339","messageTitle":"Add Find function for stalls","messageBody":"","fileTypesAndContributionMap":{"functional-code":{"insertions":3,"deletions":3},"other":{"insertions":29,"deletions":29},"docs":{"insertions":15,"deletions":0},"test-code":{"insertions":5,"deletions":5}}},{"hash":"b5271c598a7476e4788495baa6bdc94aca9a9bab","messageTitle":"Modify tests for parsers","messageBody":"","fileTypesAndContributionMap":{"test-code":{"insertions":134,"deletions":12}}}]},{"date":"2022-10-15","commitResults":[{"hash":"73ec36d23bca6c801d5baa239d35e55150f033d4","messageTitle":"Add Command tests","messageBody":"","fileTypesAndContributionMap":{"functional-code":{"insertions":39,"deletions":0},"test-code":{"insertions":187,"deletions":1}}},{"hash":"fe34e75b2e62e2b97b745d0744c02fe9286a4797","messageTitle":"fix bugs","messageBody":"","fileTypesAndContributionMap":{"test-code":{"insertions":9,"deletions":9}}},{"hash":"7d2450064847141b0089c17d2e14a9c9e7983843","messageTitle":"Modify parser tests","messageBody":"","fileTypesAndContributionMap":{"test-code":{"insertions":58,"deletions":39}}},{"hash":"545ed90a9157ec9364407ee03f6ecc1bdd1d1773","messageTitle":"Update CommandTestUtil.java","messageBody":"","fileTypesAndContributionMap":{"test-code":{"insertions":2,"deletions":2}}},{"hash":"e0d6657a80dabc710e2a6452b51f2d51aa6db0f1","messageTitle":"Update CommandTestUtil.java","messageBody":"","fileTypesAndContributionMap":{"test-code":{"insertions":2,"deletions":2}}}]},{"date":"2022-10-17","commitResults":[{"hash":"67d1510bf2cf8e8cdc1affb35736e35e80ce43aa","messageTitle":"Add functionality for find reviews","messageBody":"","fileTypesAndContributionMap":{"functional-code":{"insertions":82,"deletions":0},"docs":{"insertions":17,"deletions":0},"test-code":{"insertions":141,"deletions":0}}},{"hash":"1b109d22480784d8dc8e34e681c1a8dc85f1231f","messageTitle":"Modify Predicate for find functionality","messageBody":"","fileTypesAndContributionMap":{"functional-code":{"insertions":6,"deletions":4},"docs":{"insertions":3,"deletions":3},"test-code":{"insertions":90,"deletions":14}}},{"hash":"69e58e376088e564d18ed5c716c8cd3f7bc4acfc","messageTitle":"Update DG Logic Component","messageBody":"","fileTypesAndContributionMap":{"docs":{"insertions":52,"deletions":36}}},{"hash":"b47f28e663d82af8ca485825a3b52612f714e24d","messageTitle":"fix checkstyle","messageBody":"","fileTypesAndContributionMap":{"docs":{"insertions":1,"deletions":1}}}]},{"date":"2022-10-18","commitResults":[{"hash":"ea223ae94d999facb29057001c5bcc1dd4e78a24","messageTitle":"Update UserGuide.md","messageBody":"","fileTypesAndContributionMap":{"docs":{"insertions":5,"deletions":5}}}]},{"date":"2022-10-21","commitResults":[{"hash":"0e7388a7185ab3b24b2ab95beb50e21c13a2235e","messageTitle":"Update UserGuide.md","messageBody":"","fileTypesAndContributionMap":{"docs":{"insertions":1,"deletions":1}}},{"hash":"6e55ff98bacdecefa0ab7bfa237e0618f1a20a56","messageTitle":"Add find stalls by tags functionality","messageBody":"","fileTypesAndContributionMap":{"functional-code":{"insertions":109,"deletions":48},"test-code":{"insertions":243,"deletions":114}}},{"hash":"961317619a61e7f29688be8f194edea85dc55d64","messageTitle":"Add find reviews by tag functionality","messageBody":"","fileTypesAndContributionMap":{"functional-code":{"insertions":95,"deletions":48},"test-code":{"insertions":232,"deletions":114}}}]},{"date":"2022-10-22","commitResults":[{"hash":"2db77ec33882fb476ce283b35191532050bc680b","messageTitle":"Update find functionality","messageBody":"","fileTypesAndContributionMap":{"functional-code":{"insertions":10,"deletions":16},"test-code":{"insertions":16,"deletions":6}}},{"hash":"bb8964f31a4110434dcd9cc28d35163eb499139e","messageTitle":"Delete file","messageBody":"","fileTypesAndContributionMap":{"test-code":{"insertions":0,"deletions":78}}}]},{"date":"2022-10-23","commitResults":[{"hash":"08733435a52dccc38e7cc4e6c886752b1d465cbf","messageTitle":"Modify error messages for rdel and sdel commands","messageBody":"","fileTypesAndContributionMap":{"functional-code":{"insertions":10,"deletions":6},"test-code":{"insertions":22,"deletions":5}}},{"hash":"7ba089b43e7c5977e1829c422504911163ec1f23","messageTitle":"Modify tests","messageBody":"","fileTypesAndContributionMap":{"functional-code":{"insertions":1,"deletions":1},"test-code":{"insertions":9,"deletions":0}}}]},{"date":"2022-10-24","commitResults":[{"hash":"f68abd016c4e94fb152e70e1aab9a38680205c84","messageTitle":"Fix bug in SFind and RFind commands","messageBody":"","fileTypesAndContributionMap":{"functional-code":{"insertions":36,"deletions":9},"test-code":{"insertions":30,"deletions":8}}},{"hash":"538a4862e404bcb7d98278b8c167fa9c27e28d07","messageTitle":"Update User Guide for SFind and RFind","messageBody":"","fileTypesAndContributionMap":{"docs":{"insertions":26,"deletions":22}}},{"hash":"e50dd3c85b427e9b732e7d0ec43862019853ed90","messageTitle":"Fix errors","messageBody":"","fileTypesAndContributionMap":{"docs":{"insertions":3,"deletions":3}}}]},{"date":"2022-10-27","commitResults":[{"hash":"559664362a5cd43e064593330863d583bb9d1e84","messageTitle":"Add use case for Find Command in Developer Guide","messageBody":"","fileTypesAndContributionMap":{"docs":{"insertions":45,"deletions":0}}}]},{"date":"2022-10-29","commitResults":[{"hash":"e32e21aa4db6ad9231d7089ea56477a3e75f3ee8","messageTitle":"Update developer guide for finding stalls and reviews feature","messageBody":"","fileTypesAndContributionMap":{"docs":{"insertions":47,"deletions":0}}}]},{"date":"2022-10-31","commitResults":[{"hash":"e5d7d8a684c7d56b1755c3a6639f373812faba7e","messageTitle":"Fix case sensitivity and whitespace bugs","messageBody":"","fileTypesAndContributionMap":{"functional-code":{"insertions":4,"deletions":3}}},{"hash":"e3ec9492d53d8e9fcb9dd9817e938829befb87fb","messageTitle":"Update PPP","messageBody":"","fileTypesAndContributionMap":{"docs":{"insertions":35,"deletions":1}}}]},{"date":"2022-11-01","commitResults":[{"hash":"ab185cfd9441dbd08f990818e07b6234a9efd17e","messageTitle":"Update DeveloperGuide.md","messageBody":"","fileTypesAndContributionMap":{"docs":{"insertions":1,"deletions":1}}}]},{"date":"2022-11-02","commitResults":[{"hash":"af81350939895489aa4a91a52946d96af0c9d3b2","messageTitle":"Update Implementation flow for find feature","messageBody":"","fileTypesAndContributionMap":{"docs":{"insertions":6,"deletions":2}}},{"hash":"2e4bbdfe5e34d4e6ac4a99f98771743535f1286e","messageTitle":"fix checkstyle","messageBody":"","fileTypesAndContributionMap":{"docs":{"insertions":1,"deletions":6}}}]},{"date":"2022-11-03","commitResults":[{"hash":"1b818a4ec1d023a45c711168b8808ecba2843031","messageTitle":"Improve code coverage for find functions.","messageBody":"","fileTypesAndContributionMap":{"test-code":{"insertions":13,"deletions":1}}}]}]},"authorFileTypeContributionMap":{"MinHeinA":{"docs":459,"functional-code":705,"test-code":570},"LikHern":{"docs":158,"functional-code":737,"test-code":356},"clarence-chew":{"docs":257,"functional-code":543,"test-code":516},"Hikoya":{"docs":312,"functional-code":1624,"test-code":2376,"other":7},"jamietan2002":{"docs":189,"functional-code":629,"test-code":1155}},"authorContributionVariance":{"MinHeinA":306414.6,"LikHern":9224.557,"clarence-chew":16392.008,"Hikoya":277883.6,"jamietan2002":30911.445},"authorDisplayNameMap":{"MinHeinA":"CS2103-W14-2 MIN ..AUNG","LikHern":"CS2103-W14-2 LOW ..HERN","clarence-chew":"CS2103-W14-2 CLAR..N DA","Hikoya":"CS2103-W14-2 CHAN..OONG","jamietan2002":"CS2103-W14-2 JAMI..XUAN"}}
