{"authorDailyContributionsMap":{"JasonCP14":[{"date":"2022-09-27","commitResults":[{"hash":"c3aff6272a599464b88345f3269c3b75c9e83798","messageTitle":"Update AboutUs for Jason","messageBody":"","fileTypesAndContributionMap":{"docs":{"insertions":5,"deletions":5}}},{"hash":"a8534535e0c5a10b222e76ac4e745c9c28edef7f","messageTitle":"Add skeletal PPP for Jason","messageBody":"","fileTypesAndContributionMap":{"docs":{"insertions":30,"deletions":1}}},{"hash":"6c2cdb247ad4efb86fbe711a95664cb32b60f8e7","messageTitle":"Update project name in PPP","messageBody":"","fileTypesAndContributionMap":{"docs":{"insertions":1,"deletions":1}}},{"hash":"9b007027395f326e621acc81c74220bb73041b43","messageTitle":"Update CI Link","messageBody":"","fileTypesAndContributionMap":{"docs":{"insertions":1,"deletions":1}}}]},{"date":"2022-09-29","commitResults":[{"hash":"280095a87a2f6a4f24e34618258b404aada14a15","messageTitle":"Add user story","messageBody":"","fileTypesAndContributionMap":{"docs":{"insertions":12,"deletions":12}}},{"hash":"ff24dddd0cbff8f3242db7a5aad475b7a8d7859f","messageTitle":"Update add command on UG","messageBody":"","fileTypesAndContributionMap":{"docs":{"insertions":52,"deletions":61}}},{"hash":"b1352d828554f9813f5e61975a7435dbb0a661f5","messageTitle":"Update UG introduction","messageBody":"","fileTypesAndContributionMap":{"docs":{"insertions":1,"deletions":1}}},{"hash":"e7cf8d86ecf19d4e1d23d2e07b4c836fff2c2f35","messageTitle":"Fix typo","messageBody":"","fileTypesAndContributionMap":{"docs":{"insertions":1,"deletions":1}}}]},{"date":"2022-10-02","commitResults":[{"hash":"c8a1945c7f803724e58e0abdababfb17666b2fb8","messageTitle":"Add University Class","messageBody":"","fileTypesAndContributionMap":{"functional-code":{"insertions":58,"deletions":0}}},{"hash":"a1aac0d5ca3ac10b20038c7ca7d958fa9e5c2cd0","messageTitle":"Add university into UI","messageBody":"","fileTypesAndContributionMap":{"functional-code":{"insertions":4,"deletions":1}}},{"hash":"d6982f44b0a10e52e4f5db6aa27527e32004c15d","messageTitle":"Add UniversityTest Class","messageBody":"","fileTypesAndContributionMap":{"test-code":{"insertions":40,"deletions":0}}},{"hash":"57dea74fd9b3f81d48e30ef7ecf1f171a672ad62","messageTitle":"Update data, test data and commands to fit university","messageBody":"","fileTypesAndContributionMap":{"functional-code":{"insertions":58,"deletions":16},"test-code":{"insertions":56,"deletions":19}}},{"hash":"c443c1fc7cc2da0cc69b6c9f251963919607ecae","messageTitle":"Add university specifier in add command","messageBody":"","fileTypesAndContributionMap":{"functional-code":{"insertions":25,"deletions":3}}},{"hash":"460344a0fbaa7947da8db29d7116d1c0c91b0c00","messageTitle":"Update tests to include university","messageBody":"","fileTypesAndContributionMap":{"functional-code":{"insertions":13,"deletions":4},"test-code":{"insertions":107,"deletions":49}}},{"hash":"7281d34c9a44af7066e63afdae34ab88adf8fd4d","messageTitle":"Fix checkstyle","messageBody":"","fileTypesAndContributionMap":{"functional-code":{"insertions":6,"deletions":3},"test-code":{"insertions":25,"deletions":14}}}]},{"date":"2022-10-06","commitResults":[{"hash":"c58d1228213d38c847182ef836d7ec7367371faa","messageTitle":"Fix typos","messageBody":"","fileTypesAndContributionMap":{"functional-code":{"insertions":1,"deletions":1},"test-code":{"insertions":1,"deletions":1}}}]},{"date":"2022-10-07","commitResults":[{"hash":"6dd746ec9ab8b0bfcb34a3882a8d4b411139ae1e","messageTitle":"Add test methods","messageBody":"","fileTypesAndContributionMap":{"test-code":{"insertions":50,"deletions":8}}},{"hash":"e1d3631b98de114b5ec76232760c934178e47199","messageTitle":"Fix checkstyle issue","messageBody":"","fileTypesAndContributionMap":{"test-code":{"insertions":1,"deletions":1}}},{"hash":"c5138962e582fa2e80e53b5033f2d08875cf9f6e","messageTitle":"Fix AddressBookTest.java to fit definition of identity fields","messageBody":"","fileTypesAndContributionMap":{"test-code":{"insertions":4,"deletions":6}}},{"hash":"7a15a8116d620726065631a9b92276c80533f5d1","messageTitle":"Fix test methods","messageBody":"","fileTypesAndContributionMap":{"test-code":{"insertions":4,"deletions":6}}},{"hash":"1fe4fa76c33528c7dbc4c753e088afb166cade6c","messageTitle":"Update EditCommandParserTest.java","messageBody":"","fileTypesAndContributionMap":{"test-code":{"insertions":2,"deletions":2}}},{"hash":"7d233e9d6b3a8d9b72cb01ba7f020839cee79e73","messageTitle":"Fix checkstyle issues","messageBody":"","fileTypesAndContributionMap":{"test-code":{"insertions":5,"deletions":9}}}]},{"date":"2022-10-12","commitResults":[{"hash":"0808974c83283832057ef95148f060e38817e511","messageTitle":"Add job and remove phone from identity field","messageBody":"","fileTypesAndContributionMap":{"functional-code":{"insertions":9,"deletions":5},"test-code":{"insertions":31,"deletions":14}}},{"hash":"0ae5a5bafdc3c8e99b7dac9885aad415b2966c8d","messageTitle":"Fix error message typo","messageBody":"","fileTypesAndContributionMap":{"functional-code":{"insertions":1,"deletions":1}}},{"hash":"debc12be282e7383724ae38235b0ec1920e12d27","messageTitle":"Update User Guide for add command","messageBody":"","fileTypesAndContributionMap":{"docs":{"insertions":22,"deletions":28}}}]},{"date":"2022-10-14","commitResults":[{"hash":"d12de4e4465e61df2d897c6602b2a9f1d4fb5e15","messageTitle":"Add more UniquePersonList test for add and contains method","messageBody":"","fileTypesAndContributionMap":{"functional-code":{"insertions":4,"deletions":4},"test-code":{"insertions":73,"deletions":0}}},{"hash":"2d22c55bbaa7bb5c94ec0113ffef49715326a299","messageTitle":"Fix typo","messageBody":"","fileTypesAndContributionMap":{"test-code":{"insertions":1,"deletions":1}}}]},{"date":"2022-10-21","commitResults":[{"hash":"bed9af7fc224fa81dd21482480caedfbfe4a1386","messageTitle":"Update DG to include import use case","messageBody":"","fileTypesAndContributionMap":{"docs":{"insertions":30,"deletions":0}}},{"hash":"441e8fe7084439b3d7dabbdac508a83d99ebcf13","messageTitle":"Fix typo in DG","messageBody":"","fileTypesAndContributionMap":{"docs":{"insertions":0,"deletions":6}}}]}],"lulucopter":[{"date":"2022-09-27","commitResults":[{"hash":"c8ad7890f4f7342bab2f4a67533e5098fb439824","messageTitle":"Add aboutUs information and PPP skeleton for Daniel","messageBody":"","fileTypesAndContributionMap":{"docs":{"insertions":53,"deletions":5}}},{"hash":"b66539a342dbfb0852ba33e5cf96b9970ba16f6a","messageTitle":"Fix typo in AboutUs","messageBody":"","fileTypesAndContributionMap":{"docs":{"insertions":1,"deletions":1}}}]},{"date":"2022-09-29","commitResults":[{"hash":"45dc9231e971fc19dadd02ed03ea2ed16f2ad7ed","messageTitle":"Amend help and find commands in UG","messageBody":"","fileTypesAndContributionMap":{"docs":{"insertions":14,"deletions":14}}},{"hash":"080176ca6f0bd366ba1d4112a4d1e4e89fd7a5d5","messageTitle":"Add User stories and Use Cases for v1.2 features assigned to Daniel","messageBody":"","fileTypesAndContributionMap":{"docs":{"insertions":55,"deletions":12}}}]},{"date":"2022-10-11","commitResults":[{"hash":"4d716548582a318701d7f1b8f8ed29a6eed1edd4","messageTitle":"Add graduation date","messageBody":"Commit with full changes to bypass original linux-window\ncompatibility issues from original branch \"add-graduation-date\"\n","fileTypesAndContributionMap":{"functional-code":{"insertions":149,"deletions":2},"test-code":{"insertions":300,"deletions":6}}},{"hash":"099539db5428cc97b4feea4458ad15dd7485536d","messageTitle":"Update Graduation Date message constraints to provide better clarity to user","messageBody":"","fileTypesAndContributionMap":{"functional-code":{"insertions":7,"deletions":7}}},{"hash":"2d9f34dcd32c59e9aff3808fbe28133a5359fb7f","messageTitle":"Amend message constraints for better clarity. Amended sample data for more variance","messageBody":"","fileTypesAndContributionMap":{"functional-code":{"insertions":10,"deletions":9}}}]},{"date":"2022-10-21","commitResults":[{"hash":"26c1b0294d267245fee3c12e15aadbc34d8664be","messageTitle":"Amend UML diagrams to include all attributes for Person","messageBody":"","fileTypesAndContributionMap":{"docs":{"insertions":28,"deletions":10}}}]}],"maryjess":[{"date":"2022-09-25","commitResults":[{"hash":"5ad1aa3b6cbb2aabc2065e1f928d8d3e9e6e19cb","messageTitle":"Add skeletal PPP","messageBody":"","fileTypesAndContributionMap":{"docs":{"insertions":30,"deletions":0}}}]},{"date":"2022-09-27","commitResults":[{"hash":"4f7e41ab2d002961538a7fbc835a17ad2d87b77c","messageTitle":"Update about us page","messageBody":"","fileTypesAndContributionMap":{"docs":{"insertions":5,"deletions":5}}}]},{"date":"2022-09-29","commitResults":[{"hash":"8ab4774310412b52c77fc9cf12429277d0e4b81a","messageTitle":"Update README","messageBody":"","fileTypesAndContributionMap":{"docs":{"insertions":6,"deletions":7}}},{"hash":"b70e761b6f904fd6310cb174b3116bdbfe384899","messageTitle":"Standardise UG format, add View feature to UG","messageBody":"","fileTypesAndContributionMap":{"docs":{"insertions":45,"deletions":38}}},{"hash":"4f447ab9308e90446d05e5c30f2b75fb7a5ec0ef","messageTitle":"Add user stories and use cases to Developer Guide","messageBody":"","fileTypesAndContributionMap":{"docs":{"insertions":31,"deletions":11}}},{"hash":"f601efb053e01d34c6e52462c8f7f53a3d945b74","messageTitle":"Add save and edit feature to UG","messageBody":"","fileTypesAndContributionMap":{"docs":{"insertions":12,"deletions":0}}}]},{"date":"2022-10-06","commitResults":[{"hash":"117ae474dbb8b749090b6c2e43f83adf7ba7eabf","messageTitle":"Create Cap class","messageBody":"","fileTypesAndContributionMap":{"functional-code":{"insertions":62,"deletions":0}}},{"hash":"5e469379bc4ee7e40a80a67018f216a15e88fc42","messageTitle":"Edit Cap message constraint","messageBody":"","fileTypesAndContributionMap":{"functional-code":{"insertions":1,"deletions":1}}},{"hash":"e2bb77ca071f006c6034d7cd8cee85dc5551b25d","messageTitle":"Add placeholder Cap field to UI","messageBody":"","fileTypesAndContributionMap":{"functional-code":{"insertions":3,"deletions":0}}},{"hash":"de9bae43f0933f584c0573a8b9eab461f81a6f98","messageTitle":"Modify Person to support CAP field","messageBody":"","fileTypesAndContributionMap":{"functional-code":{"insertions":97,"deletions":20},"test-code":{"insertions":160,"deletions":48}}},{"hash":"77b51e76302d868d77fd3802f4269be60a4b0531","messageTitle":"Change PREFIX_NAME","messageBody":"","fileTypesAndContributionMap":{"functional-code":{"insertions":1,"deletions":1}}}]},{"date":"2022-10-07","commitResults":[{"hash":"f372c36c3a589dbf1eb7c2d3316fcfdf81d53e40","messageTitle":"Add CapTest.java","messageBody":"","fileTypesAndContributionMap":{"test-code":{"insertions":25,"deletions":0}}},{"hash":"7a5618d138c3a69c8f210da888ca284ba1cdab60","messageTitle":"Fix checkstyle","messageBody":"","fileTypesAndContributionMap":{"test-code":{"insertions":38,"deletions":7}}}]},{"date":"2022-10-08","commitResults":[{"hash":"9cafcb91dab707edee01ac44fca0b4b490327342","messageTitle":"Fix checkstyle","messageBody":"","fileTypesAndContributionMap":{"test-code":{"insertions":7,"deletions":3}}},{"hash":"d5d74c568045f98b2f0710c263456dea264b1540","messageTitle":"Update EditPersonDescriptorTest.java","messageBody":"","fileTypesAndContributionMap":{"test-code":{"insertions":7,"deletions":0}}},{"hash":"c75038268a054b124c6bf68d97ab12a560658709","messageTitle":"Update EditCommandParserTest.java","messageBody":"","fileTypesAndContributionMap":{"test-code":{"insertions":24,"deletions":8}}},{"hash":"dfca4e791fe98331f3e3464c07ced573737b8441","messageTitle":"Update ParserUtilTest.java and AddressBookTest.java","messageBody":"","fileTypesAndContributionMap":{"test-code":{"insertions":37,"deletions":0}}},{"hash":"d69bee5e10ae4ba4515cf2dfcc6518e7f631649f","messageTitle":"Fix checkstyle","messageBody":"","fileTypesAndContributionMap":{"test-code":{"insertions":0,"deletions":1}}}]},{"date":"2022-10-10","commitResults":[{"hash":"624ccb6f42fae57f20a4accf47d6746f3a6a993f","messageTitle":"Fix checkstyle","messageBody":"","fileTypesAndContributionMap":{"functional-code":{"insertions":3,"deletions":3},"test-code":{"insertions":12,"deletions":11}}},{"hash":"665f6859de9c1f324a8ced17693dacf25a488a3d","messageTitle":"Update CapTest.java","messageBody":"","fileTypesAndContributionMap":{"test-code":{"insertions":3,"deletions":2}}},{"hash":"5cbf6622d43dfc353aed8ce10145805148370f62","messageTitle":"Modify ParserUtil.java to catch invalid alphabetical inputs for CAP","messageBody":"","fileTypesAndContributionMap":{"functional-code":{"insertions":13,"deletions":7},"test-code":{"insertions":7,"deletions":3}}},{"hash":"06e6c82074c75d824f5f1e7bbde38a6fbcf3e193","messageTitle":"Update CAP message constraint","messageBody":"","fileTypesAndContributionMap":{"functional-code":{"insertions":1,"deletions":1}}},{"hash":"a98faca3d0134766f87cb708ae8f8391953447aa","messageTitle":"Update ParserUtilTest to test invalid alphabetical inputs and symbols for CAP","messageBody":"","fileTypesAndContributionMap":{"test-code":{"insertions":2,"deletions":0}}}]},{"date":"2022-10-12","commitResults":[{"hash":"8ff8f1e8da13dc2123155968954c883816e0684f","messageTitle":"Change PREFIX_PHONE","messageBody":"","fileTypesAndContributionMap":{"functional-code":{"insertions":1,"deletions":1}}},{"hash":"2db7c0e4a6af99cd916ddfa442abddf7b6217638","messageTitle":"Change PREFIX_EMAIL","messageBody":"","fileTypesAndContributionMap":{"functional-code":{"insertions":1,"deletions":1}}},{"hash":"a2b44376aff4722a56fc939baf89eb0edb6ebee5","messageTitle":"Create ViewCommand","messageBody":"","fileTypesAndContributionMap":{"functional-code":{"insertions":72,"deletions":0}}}]},{"date":"2022-10-13","commitResults":[{"hash":"781eca13481f76ebab542dff3bbfeb04e7e34a4a","messageTitle":"Update UI for View command","messageBody":"","fileTypesAndContributionMap":{"functional-code":{"insertions":338,"deletions":51},"other":{"insertions":266,"deletions":0},"test-code":{"insertions":10,"deletions":0}}},{"hash":"1a9a31f30b2aa1a5f23c5e9669d3d0ac3067461c","messageTitle":"Tidy up FXML file and modify success message for View","messageBody":"","fileTypesAndContributionMap":{"functional-code":{"insertions":9,"deletions":7},"other":{"insertions":5,"deletions":4}}},{"hash":"0173830bddc0775dc9335878066ad435742af4c9","messageTitle":"Refine UI layout","messageBody":"","fileTypesAndContributionMap":{"functional-code":{"insertions":5,"deletions":5}}},{"hash":"e1b5b7d9a7f2d95d27c42feb7668af8566543f3d","messageTitle":"Add SamePersonPredicate.java","messageBody":"","fileTypesAndContributionMap":{"functional-code":{"insertions":41,"deletions":7},"other":{"insertions":4,"deletions":4}}}]},{"date":"2022-10-14","commitResults":[{"hash":"defdef53c11efb46ac046da780adbb2f7e19f23a","messageTitle":"Modify viewedPerson to show none upon start of app","messageBody":"","fileTypesAndContributionMap":{"functional-code":{"insertions":1,"deletions":1}}},{"hash":"56eb9be3c06f61bac25416e32ce341d033a0e642","messageTitle":"Add tests for ViewCommand and ViewCommandParser","messageBody":"","fileTypesAndContributionMap":{"functional-code":{"insertions":8,"deletions":1},"test-code":{"insertions":125,"deletions":0}}},{"hash":"733c8caef3808aaa248e1526baf104ed86bd71e8","messageTitle":"Remove bin folder","messageBody":"","fileTypesAndContributionMap":{"other":{"insertions":0,"deletions":267}}},{"hash":"c933b5b5c74f67ed7c33b7d72fa67b469601a83b","messageTitle":"Add tests for invalid args and getViewedPersonList","messageBody":"","fileTypesAndContributionMap":{"test-code":{"insertions":13,"deletions":0}}},{"hash":"556d66b5a2e641eaf19718c874a67f828a5110e7","messageTitle":"Add parse ViewCommand in AddressBookParserTest","messageBody":"","fileTypesAndContributionMap":{"test-code":{"insertions":8,"deletions":0}}},{"hash":"dab621c6554d4524e2b87745706acf4f5d80a73e","messageTitle":"Add SamePersonPredicateTest.java","messageBody":"","fileTypesAndContributionMap":{"functional-code":{"insertions":1,"deletions":1},"test-code":{"insertions":34,"deletions":0}}},{"hash":"34f87b28c9a453c96519103eafeff12762b1ab74","messageTitle":"Add isSamePerson test to SamePersonPredicateTest","messageBody":"","fileTypesAndContributionMap":{"test-code":{"insertions":69,"deletions":0}}},{"hash":"7fa0dcfb20dd3e0346dd4db66ef815fd9ebe1df8","messageTitle":"Add negative index parsing in ViewCommandParserTest","messageBody":"","fileTypesAndContributionMap":{"test-code":{"insertions":1,"deletions":0}}}]},{"date":"2022-10-21","commitResults":[{"hash":"bb9e6ab9ff4d5ad944377b20b2157d70edd00f98","messageTitle":"Update DG to include View Feature","messageBody":"","fileTypesAndContributionMap":{"docs":{"insertions":61,"deletions":38}}}]}],"deeyonn":[{"date":"2022-09-27","commitResults":[{"hash":"345045cffc40f0e5681cebb5ee49d4d073e64656","messageTitle":"Update AboutUs.md","messageBody":"* Added information for deon\n* Added deon.md\n* Added deon.png\n","fileTypesAndContributionMap":{"docs":{"insertions":36,"deletions":6}}},{"hash":"51f742cf6c36040a7e433105a5eed5e7c587c03f","messageTitle":"Fix deon.md","messageBody":"* Added newline at EOF.\n","fileTypesAndContributionMap":{"docs":{"insertions":1,"deletions":1}}},{"hash":"a0915ad92c3e8af8e6dff3f6ac467ee3f7589fe8","messageTitle":"Rename deon.png to deeyonn.png","messageBody":"","fileTypesAndContributionMap":{"docs":{"insertions":2,"deletions":2}}},{"hash":"c3777201de08d45489149b3667e3b7941da4f1e6","messageTitle":"Update RepoSense link","messageBody":"","fileTypesAndContributionMap":{"docs":{"insertions":1,"deletions":1}}}]},{"date":"2022-09-29","commitResults":[{"hash":"fe88775bfbcfb5286352707c37d73f4ff7ab8a97","messageTitle":"Add user stories to DeveloperGuide.md","messageBody":"* Added Issues #16 to #28 as user stories.\n","fileTypesAndContributionMap":{"docs":{"insertions":24,"deletions":11}}},{"hash":"810ff888ba012fe10ad10353780e574ea99edff5","messageTitle":"Add use case to DeveloperGuide.md","messageBody":"* Added Modify an applicant use case.\n","fileTypesAndContributionMap":{"docs":{"insertions":19,"deletions":0}}},{"hash":"16b6235d26b79325ee857a831c35a109b322919d","messageTitle":"Add edit feature to UserGuide.md","messageBody":"* Added Editing an applicant to the User Guide.\n","fileTypesAndContributionMap":{"docs":{"insertions":10,"deletions":9}}},{"hash":"3d5303aad35e80a16e3d0c4126d822e378983cbf","messageTitle":"Add extension to use case in DeveloperGuide.md","messageBody":"* Added use case 1b when index given is invalid.\n","fileTypesAndContributionMap":{"docs":{"insertions":6,"deletions":0}}},{"hash":"a0b5cc79162994a3c30a6113cd666251da06a8f3","messageTitle":"Resolve merge conflicts","messageBody":"* Synced fork with upstream master.\n* Pulled remote master to local master.\n* Merged local master to branched.\n* Resolved merge conflicts locally.\n","fileTypesAndContributionMap":{"docs":{"insertions":29,"deletions":29}}}]},{"date":"2022-10-06","commitResults":[{"hash":"db778cf5040b817b121dc282166f3bda4ba39f0f","messageTitle":"Add Gender Class","messageBody":"","fileTypesAndContributionMap":{"functional-code":{"insertions":145,"deletions":12},"test-code":{"insertions":262,"deletions":72}}}]},{"date":"2022-10-07","commitResults":[{"hash":"0687a97e5a55feaa57a2372fa3cd12ffe73cdc56","messageTitle":"Resolve 3 failing test cases","messageBody":"1. parse_invalidValue_failure\n2. parseCommand_edit\n3. parse_multipleRepeatedFields_acceptsLast\n","fileTypesAndContributionMap":{"test-code":{"insertions":8,"deletions":8}}},{"hash":"eb9042421a706b989d3049ca0b54ab837adb6c83","messageTitle":"Modify PersonTest.java to accommodate Gender","messageBody":"","fileTypesAndContributionMap":{"test-code":{"insertions":5,"deletions":0}}},{"hash":"f812b0ec2b64b9ee45ea6fab797714fea10b1d56","messageTitle":"Modify PersonUtil.java to accommodate Gender","messageBody":"","fileTypesAndContributionMap":{"test-code":{"insertions":1,"deletions":1}}},{"hash":"b6ee191547e11d0190bcd0360cac153d371ad1c3","messageTitle":"Modify UniquePersonListTest.java to accommodate Gender","messageBody":"","fileTypesAndContributionMap":{"test-code":{"insertions":5,"deletions":4}}},{"hash":"eb43288114f4b100224107a8cb76dd0338424905","messageTitle":"Fix missing \u0027$\u0027 in PersonListCard.fxml","messageBody":"","fileTypesAndContributionMap":{"functional-code":{"insertions":1,"deletions":1}}},{"hash":"68aa937f12d1758135c897423a500d8e0d10376e","messageTitle":"Add tests to ParserUtilTest.java","messageBody":"1. parseGender_null_throwsNullPointerException\n2. parseGender_invalidValue_throwsParseException\n3. parseGender_validValueWithoutWhitespace_returnsGender\n4. parseGender_validValueWithWhitespace_returnsTrimmedGender\n","fileTypesAndContributionMap":{"test-code":{"insertions":26,"deletions":0}}},{"hash":"cce1a3c52d211a4f913fb845517944f4f36f38f3","messageTitle":"Fix test in PersonTest.java","messageBody":"* Added Gender attribute to isSamePerson test.\n","fileTypesAndContributionMap":{"test-code":{"insertions":1,"deletions":1}}}]},{"date":"2022-10-08","commitResults":[{"hash":"5d2909ba7bb5ca60bb12500ba046bc9a473412e9","messageTitle":"Modify regex pattern match in Gender.java","messageBody":"* Regex will now only match male or female case-insensitive.\n","fileTypesAndContributionMap":{"functional-code":{"insertions":1,"deletions":1}}}]},{"date":"2022-10-09","commitResults":[{"hash":"fcf2a51950afd24f8a3a4e7aa346bbc3e922fb6b","messageTitle":"Modify message constraint of Gender","messageBody":"","fileTypesAndContributionMap":{"functional-code":{"insertions":1,"deletions":1}}},{"hash":"1314ad306e0a1a1d9bb6c85990f6ab4e322b1556","messageTitle":"Fix comment in isValidGender","messageBody":"","fileTypesAndContributionMap":{"test-code":{"insertions":2,"deletions":2}}},{"hash":"e70728d02595911aecc4e67caaf57a7caa3f9caf","messageTitle":"Add Major Class","messageBody":"","fileTypesAndContributionMap":{"functional-code":{"insertions":150,"deletions":5},"test-code":{"insertions":254,"deletions":19}}},{"hash":"a05212cade30ff85fc85a0e9cdd0f78f08f4875f","messageTitle":"Fix wrong class reference in Major.java","messageBody":"* Changed Gender to Major\n","fileTypesAndContributionMap":{"functional-code":{"insertions":2,"deletions":2}}},{"hash":"8acd76c51842cdfbbc60e20b5b7fd6f727328bb6","messageTitle":"Modify PREFIX_ADDRESS in CliSyntax.java","messageBody":"","fileTypesAndContributionMap":{"functional-code":{"insertions":1,"deletions":1}}}]},{"date":"2022-10-10","commitResults":[{"hash":"8904bb77364c3b4fca8a3d34ffbd3384fe9a5f26","messageTitle":"Fix failing test in AddCommandParserTest.java","messageBody":"* Fix parse_invalidValue_failure\n","fileTypesAndContributionMap":{"test-code":{"insertions":1,"deletions":0}}},{"hash":"df1077f5d074a51a4ebd6fc49255f97f9b3d5ada","messageTitle":"Fix CheckStyle issues","messageBody":"","fileTypesAndContributionMap":{"functional-code":{"insertions":2,"deletions":1},"test-code":{"insertions":83,"deletions":72}}},{"hash":"471a923e79b2addb9e9d1768c0d186c3706b61a4","messageTitle":"Modify EditCommandParserTest.java","messageBody":"* Added test for Major class\n","fileTypesAndContributionMap":{"test-code":{"insertions":27,"deletions":11}}}]},{"date":"2022-10-11","commitResults":[{"hash":"4d6e1985bfe7c96b5ed8ee67ffcda88995b31435","messageTitle":"Modify EditCommandParserTest.java to include Major class","messageBody":"* Modify parse_multipleRepeatedFields_acceptsLast\n* Modify parse_invalidValueFollowedByValidValue_success\n","fileTypesAndContributionMap":{"test-code":{"insertions":8,"deletions":4}}},{"hash":"e5610fc176783a49e8b6e7bfde5dd262c496e730","messageTitle":"Modify EditCommandParserTest.java to include Major class","messageBody":"* Modify parse_multipleRepeatedFields_acceptsLast\n* Modify parse_invalidValueFollowedByValidValue_success\n","fileTypesAndContributionMap":{"test-code":{"insertions":2,"deletions":1}}}]},{"date":"2022-10-19","commitResults":[{"hash":"4355c6f0246d8a478b825e8cdd478f7b6d9ca2b3","messageTitle":"Modify DeveloperGuide.md to include branching","messageBody":"* Added images for BranchStates\n* Added Proposed branching feature\n","fileTypesAndContributionMap":{"docs":{"insertions":57,"deletions":0}}}]}],"cliftonfelix":[{"date":"2022-09-27","commitResults":[{"hash":"55717cfa8b8f3d0935b66ab28f25fd07de145159","messageTitle":"Add About Us page","messageBody":"","fileTypesAndContributionMap":{"docs":{"insertions":7,"deletions":6}}},{"hash":"dfe16540d0ceb0524b349f21b5ee3db9341f18f8","messageTitle":"Add skeletal PPP","messageBody":"","fileTypesAndContributionMap":{"docs":{"insertions":6,"deletions":0}}},{"hash":"8e5f9d00b45ca55126111c394fab8b487b6f7917","messageTitle":"Fix EOF in cliftonfelix.md","messageBody":"","fileTypesAndContributionMap":{"docs":{"insertions":1,"deletions":1}}}]},{"date":"2022-09-28","commitResults":[{"hash":"6f74931b625b5aacaa81ac42190a059d11758268","messageTitle":"Add user profile, value proposition, NFRs, Glossary","messageBody":"","fileTypesAndContributionMap":{"docs":{"insertions":28,"deletions":5}}},{"hash":"4f9b4e988cebbdc53985deac2994b0467c91968d","messageTitle":"Add User Stories 1 - 3 to Developer Guide","messageBody":"","fileTypesAndContributionMap":{"docs":{"insertions":4,"deletions":7}}},{"hash":"2bfc8791e5bd9e200ab043267965b0538697dc9c","messageTitle":"Add Delete and Exit features","messageBody":"","fileTypesAndContributionMap":{"docs":{"insertions":7,"deletions":6}}},{"hash":"a8e4161bfe4c6be626e4c76b36ee2020e2a15bfb","messageTitle":"Fix Codecov badge in docs/index.md and README.md","messageBody":"","fileTypesAndContributionMap":{"docs":{"insertions":2,"deletions":2}}}]},{"date":"2022-09-29","commitResults":[{"hash":"abb2c7e656632ae1b86a0b8aababa6ff0a0d6dcc","messageTitle":"Add Use Cases for Delete and Exit Commands to Developer Guide","messageBody":"","fileTypesAndContributionMap":{"docs":{"insertions":17,"deletions":7}}}]},{"date":"2022-10-06","commitResults":[{"hash":"52f3dcf300db3d66e51023dc49495100274646f9","messageTitle":"Change PREFIX_TAG","messageBody":"","fileTypesAndContributionMap":{"functional-code":{"insertions":1,"deletions":1}}},{"hash":"5407aed286514aaedecb8805ab0b0f257f557848","messageTitle":"Edit Tag class to allow spaces","messageBody":"","fileTypesAndContributionMap":{"functional-code":{"insertions":2,"deletions":2}}},{"hash":"c25a6b036fbac614651447829283fdf5c469c271","messageTitle":"Change all tags values for InternConnect","messageBody":"","fileTypesAndContributionMap":{"functional-code":{"insertions":8,"deletions":8},"test-code":{"insertions":60,"deletions":60}}},{"hash":"19271a42b5db7c2a77905f1e955c0768edcbe1fe","messageTitle":"Add Id class","messageBody":"","fileTypesAndContributionMap":{"functional-code":{"insertions":53,"deletions":0}}},{"hash":"23a1e43ae2bbada84ba2bdeedab9bd8ebecc3fc3","messageTitle":"Add Title class","messageBody":"","fileTypesAndContributionMap":{"functional-code":{"insertions":54,"deletions":0}}},{"hash":"5b14369a60e4c48e5ef67023768a0b8055087154","messageTitle":"Add Job class","messageBody":"","fileTypesAndContributionMap":{"functional-code":{"insertions":80,"deletions":0}}},{"hash":"7de61226d5bd36f4be7e8da252d8d232dd60464b","messageTitle":"Add Job to Person","messageBody":"","fileTypesAndContributionMap":{"functional-code":{"insertions":16,"deletions":4}}},{"hash":"3200be0ceae872d1fb6479dc77430a121205e89f","messageTitle":"Add placeholder for Job to the UI","messageBody":"","fileTypesAndContributionMap":{"functional-code":{"insertions":3,"deletions":0}}},{"hash":"9e343993732bd7b5d66723afc976db251c1e89ba","messageTitle":"Add PREFIX_JOBID, PREFIX_JOBTITLE","messageBody":"","fileTypesAndContributionMap":{"functional-code":{"insertions":2,"deletions":0}}},{"hash":"f91c5774b047b57ad96192b707353b2f3bce17d4","messageTitle":"Fix wrong value in PersonListCard.fxml","messageBody":"","fileTypesAndContributionMap":{"functional-code":{"insertions":1,"deletions":1}}},{"hash":"4346dfe369c25ab69795ace4c72954e268c0236b","messageTitle":"Add Job to Person, Parser, sample data, etc","messageBody":"","fileTypesAndContributionMap":{"functional-code":{"insertions":131,"deletions":27}}}]},{"date":"2022-10-07","commitResults":[{"hash":"5abc8f9ecff671fea061e3de6cd1f800f206e289","messageTitle":"Change Sample Data","messageBody":"","fileTypesAndContributionMap":{"functional-code":{"insertions":1,"deletions":1}}},{"hash":"97760697cb1a755dc77c8ba4b41d576e7666e151","messageTitle":"Refine test to include Job","messageBody":"","fileTypesAndContributionMap":{"test-code":{"insertions":308,"deletions":85}}},{"hash":"10248a92b7f103229ef6cb62a6ff729b11335b9d","messageTitle":"Fix test error","messageBody":"","fileTypesAndContributionMap":{"test-code":{"insertions":46,"deletions":15}}},{"hash":"06285c7968d0d4dba09c36737d9444e5bb415566","messageTitle":"Fix checkstyle issue","messageBody":"","fileTypesAndContributionMap":{"functional-code":{"insertions":23,"deletions":5},"test-code":{"insertions":17,"deletions":6}}},{"hash":"a1674b37413fd21da36ef8b00e4fdf46348fc8fb","messageTitle":"Add more tests and fix checkstyle issue","messageBody":"","fileTypesAndContributionMap":{"functional-code":{"insertions":3,"deletions":2},"test-code":{"insertions":180,"deletions":3}}}]},{"date":"2022-10-10","commitResults":[{"hash":"dac22ea72a2c680389dcbd9494a8621e94afd74d","messageTitle":"Change id and title to jobid and jobtitle","messageBody":"","fileTypesAndContributionMap":{"functional-code":{"insertions":28,"deletions":28},"test-code":{"insertions":170,"deletions":170}}}]},{"date":"2022-10-12","commitResults":[{"hash":"94bd503de9acb64db24389ddc3f035a2951d7379","messageTitle":"Add id and title as required non null in Person.java","messageBody":"","fileTypesAndContributionMap":{"functional-code":{"insertions":2,"deletions":0}}},{"hash":"d930a60afd61f27a5794fd66b0e3d34c3cafcda4","messageTitle":"Fix Job class","messageBody":"","fileTypesAndContributionMap":{"functional-code":{"insertions":3,"deletions":3}}},{"hash":"88bcc1f5933d5a648b9f982ae5692f4e83d8e14f","messageTitle":"Change ExitCommand message","messageBody":"","fileTypesAndContributionMap":{"functional-code":{"insertions":1,"deletions":1}}},{"hash":"8accc4eaefab8e6f3294fa5a3d2401f66ace1e9b","messageTitle":"Refine Delete class","messageBody":"","fileTypesAndContributionMap":{"functional-code":{"insertions":2,"deletions":2}}}]},{"date":"2022-10-16","commitResults":[{"hash":"2d42715864059dcf21926734598025ebb7f1c19c","messageTitle":"Enable assertions","messageBody":"","fileTypesAndContributionMap":{"other":{"insertions":4,"deletions":0}}}]},{"date":"2022-10-19","commitResults":[{"hash":"352c0194e79a22134dd88d41baa61b6d456af51d","messageTitle":"Change REGEX in Job ID to only allow upper case and/or numeric","messageBody":"","fileTypesAndContributionMap":{"functional-code":{"insertions":2,"deletions":2}}},{"hash":"6e96c2f8f68a933b16a2a1ff5e2cf628af6460a1","messageTitle":"Edit message constraints","messageBody":"","fileTypesAndContributionMap":{"functional-code":{"insertions":1,"deletions":1}}},{"hash":"488bd5b2d3cae5d3dc59ec678989afb048e15d6c","messageTitle":"Change test to meet the new Job ID constraints","messageBody":"","fileTypesAndContributionMap":{"test-code":{"insertions":7,"deletions":10}}},{"hash":"596f3f1d8734c3aa9d464bdeb0dc03433fa2bbbd","messageTitle":"Add message specificity","messageBody":"","fileTypesAndContributionMap":{"functional-code":{"insertions":1,"deletions":1}}}]},{"date":"2022-10-21","commitResults":[{"hash":"7fb73492b781fd00a2ea9b212a398f58e6ed874f","messageTitle":"Add ExportSequenceDiagram.puml","messageBody":"","fileTypesAndContributionMap":{"docs":{"insertions":53,"deletions":0}}},{"hash":"92b2dbd97a2bc8ab0dc19ce82b05e78a935e2906","messageTitle":"Add ExportCommand in DG","messageBody":"","fileTypesAndContributionMap":{"docs":{"insertions":52,"deletions":0}}}]}]},"authorFileTypeContributionMap":{"JasonCP14":{"docs":116,"functional-code":142,"test-code":271,"other":1},"lulucopter":{"docs":134,"functional-code":146,"test-code":338},"maryjess":{"docs":103,"functional-code":611,"test-code":520},"deeyonn":{"docs":139,"functional-code":350,"test-code":829},"cliftonfelix":{"docs":173,"functional-code":366,"test-code":604,"other":4}},"authorContributionVariance":{"JasonCP14":7616.382,"lulucopter":6700.3027,"maryjess":25575.164,"deeyonn":12322.156,"cliftonfelix":22906.67},"authorDisplayNameMap":{"JasonCP14":"CS2103-F14-2 JASO..SUNG","lulucopter":"CS2103-F14-2 LEE ..NIEL","maryjess":"CS2103-F14-2 JESS..TIJO","deeyonn":"CS2103-F14-2 TAN ..DEON","cliftonfelix":"CS2103-F14-2 CLIF..ELIX"}}
