{"authorDailyContributionsMap":{"GarethOng":[{"date":"2022-09-19","commitResults":[{"hash":"870c9bf932fe60b86c2eb83f6fad3a77caf7001d","messageTitle":"update UserGuide","messageBody":"replace Ui.png and replace download link in UserGuide\n","fileTypesAndContributionMap":{"docs":{"insertions":1,"deletions":1}}}]},{"date":"2022-09-25","commitResults":[{"hash":"513404ba4caa4da33f8462a726b0d74df3520aca","messageTitle":"modify UserGuide","messageBody":"include table of content\n","fileTypesAndContributionMap":{"docs":{"insertions":92,"deletions":192}}}]},{"date":"2022-09-26","commitResults":[{"hash":"70913c3424a31ffc351cbcdfec39bf7d83ee51ee","messageTitle":"Gareth Add PPP","messageBody":"add PPP\n","fileTypesAndContributionMap":{"docs":{"insertions":74,"deletions":0}}}]},{"date":"2022-10-04","commitResults":[{"hash":"f27c5a623635ee38a838c9f933ae26972936f31c","messageTitle":"Add sort function","messageBody":"","fileTypesAndContributionMap":{"functional-code":{"insertions":69,"deletions":3},"test-code":{"insertions":66,"deletions":4}}},{"hash":"a634390d5e18550a3e63de31b6d325cd80c6735b","messageTitle":"Fix no newline at EOF in SortLexicographicalCommandTest.java","messageBody":"","fileTypesAndContributionMap":{"test-code":{"insertions":1,"deletions":1}}},{"hash":"1bfcfc60dac4412f2c9ce8bc583f14618eb0b4a3","messageTitle":"Fix checkStyle errors \u0026 reduce SortLexicographicalCommand name","messageBody":"","fileTypesAndContributionMap":{"functional-code":{"insertions":6,"deletions":3},"test-code":{"insertions":5,"deletions":3}}}]},{"date":"2022-10-06","commitResults":[{"hash":"9b06b08ddb9c56ceb8bdadc7d75e4c07df6e9039","messageTitle":"Add additional Persons to be sorted","messageBody":"","fileTypesAndContributionMap":{"test-code":{"insertions":13,"deletions":0}}},{"hash":"10f608b34dfdb30e1b37968d05c03d1cc04a8d13","messageTitle":"Add testing for sorting Students and Professors","messageBody":"","fileTypesAndContributionMap":{"test-code":{"insertions":111,"deletions":0}}}]},{"date":"2022-10-10","commitResults":[{"hash":"c237949627fb4657153e27bf7e47b335957f8ffe","messageTitle":"Gareth enhance sort","messageBody":"","fileTypesAndContributionMap":{"functional-code":{"insertions":253,"deletions":48},"other":{"insertions":10,"deletions":8},"test-code":{"insertions":2,"deletions":1}}}]},{"date":"2022-10-11","commitResults":[{"hash":"33e0b51a0fd01838fbb09cb52c2e7a35df6cdde8","messageTitle":"fix checkstyle errors","messageBody":"","fileTypesAndContributionMap":{"functional-code":{"insertions":30,"deletions":11},"test-code":{"insertions":3,"deletions":3}}},{"hash":"8c38dbe524ee206f819b556836669e3d6a4c5078","messageTitle":"handle merge conflict","messageBody":"","fileTypesAndContributionMap":{"functional-code":{"insertions":2,"deletions":1}}}]},{"date":"2022-10-16","commitResults":[{"hash":"69688c7081892a63213fbbb8d0f395cce1c4e186","messageTitle":"Gareth add multiple module code","messageBody":"","fileTypesAndContributionMap":{"functional-code":{"insertions":192,"deletions":17},"test-code":{"insertions":53,"deletions":26}}},{"hash":"a7a269711f063db6d251b8888414b525f3e640ae","messageTitle":"refactor name of command","messageBody":"","fileTypesAndContributionMap":{"test-code":{"insertions":1,"deletions":1}}}]},{"date":"2022-10-17","commitResults":[{"hash":"d531cc6df20d42ac43c9b7f948fd67f5dbb1db3c","messageTitle":"add sort test","messageBody":"","fileTypesAndContributionMap":{"functional-code":{"insertions":9,"deletions":0},"other":{"insertions":11,"deletions":5},"test-code":{"insertions":103,"deletions":22}}}]},{"date":"2022-10-20","commitResults":[{"hash":"1aa8c572eb727d1bed39f0b31c4734bc33c2f35a","messageTitle":"Add officeHour attribute for Professor","messageBody":"","fileTypesAndContributionMap":{"functional-code":{"insertions":169,"deletions":17},"test-code":{"insertions":1,"deletions":1}}},{"hash":"318db11cf527781fa5bca768043683ab98f1cbc4","messageTitle":"fix checkstyles error","messageBody":"","fileTypesAndContributionMap":{"functional-code":{"insertions":21,"deletions":14},"test-code":{"insertions":29,"deletions":15}}},{"hash":"7e0541ba7ed11a3136e83afa37d4fd297ee11929","messageTitle":"Gareth update Developer Guide: Include sort command with Sequence and Activity Diagrams","messageBody":"","fileTypesAndContributionMap":{"docs":{"insertions":118,"deletions":1}}},{"hash":"cb559c51a6c0019e8e1b66922724c156f30476ca","messageTitle":"fix checkstyles","messageBody":"","fileTypesAndContributionMap":{"docs":{"insertions":5,"deletions":5}}}]},{"date":"2022-10-21","commitResults":[{"hash":"d195ba25e7b5556b92073203f819617218b50d71","messageTitle":"fix office hour regex","messageBody":"","fileTypesAndContributionMap":{"functional-code":{"insertions":25,"deletions":8},"test-code":{"insertions":1,"deletions":1}}}]},{"date":"2022-10-25","commitResults":[{"hash":"84f4b385746549c0fa0cd7bc953c5b01b8c2a887","messageTitle":"fix edit moduleCode","messageBody":"","fileTypesAndContributionMap":{"functional-code":{"insertions":21,"deletions":3}}},{"hash":"0561f1d5247af945f6076ed21064211dc9a5b8b4","messageTitle":"add export","messageBody":"","fileTypesAndContributionMap":{"functional-code":{"insertions":46,"deletions":0}}}]},{"date":"2022-10-26","commitResults":[{"hash":"a9f1daf12481893f0330d95305295c09500c4b0c","messageTitle":"add export function","messageBody":"export file in CSV format\n","fileTypesAndContributionMap":{"functional-code":{"insertions":182,"deletions":30},"other":{"insertions":1,"deletions":0},"test-code":{"insertions":103,"deletions":0}}},{"hash":"ae9e280a958ba0288096d2a4a3fecff3f2d89da8","messageTitle":"fix failing test cases","messageBody":"","fileTypesAndContributionMap":{"test-code":{"insertions":6,"deletions":4}}},{"hash":"c95a14faa35f92ccdda87fcbfbd55cdfda5e10c7","messageTitle":"fix checkstyles","messageBody":"","fileTypesAndContributionMap":{"test-code":{"insertions":1,"deletions":1}}},{"hash":"34fba54904d774668c457e8f13cbf5ef09fa3993","messageTitle":"add testing for office hour regex","messageBody":"","fileTypesAndContributionMap":{"test-code":{"insertions":36,"deletions":0}}},{"hash":"f0d015080e7562ee3ed83c7248e23811f3faf9c8","messageTitle":"fix success message such that it shows the absolute path to the file exported","messageBody":"","fileTypesAndContributionMap":{"functional-code":{"insertions":1,"deletions":1}}},{"hash":"74ef53caa73b33ce384a89cc476e48f0695ffb87","messageTitle":"fix export problem","messageBody":"","fileTypesAndContributionMap":{"functional-code":{"insertions":16,"deletions":3}}},{"hash":"9b7213667ab4e9e353551fb86e144d8bd54d48d3","messageTitle":"Gareth update UG for Sort Command and Export Command","messageBody":"","fileTypesAndContributionMap":{"docs":{"insertions":55,"deletions":1}}},{"hash":"dacce6d04e02d06240c08561a8d4c3be3494efe6","messageTitle":"update DG","messageBody":"","fileTypesAndContributionMap":{"docs":{"insertions":131,"deletions":0}}},{"hash":"00fd99c22cc74d98ab3da57f6e0dfd3b1d4b7a2c","messageTitle":"fix checkstyles","messageBody":"","fileTypesAndContributionMap":{"docs":{"insertions":1,"deletions":1}}},{"hash":"442f02ff117c93d85b298f029eee0d9c8d980746","messageTitle":"fix checkstyles","messageBody":"","fileTypesAndContributionMap":{"docs":{"insertions":5,"deletions":6}}},{"hash":"6386434903e98b78bde8503839507353d691eea4","messageTitle":"fix checkstyles","messageBody":"","fileTypesAndContributionMap":{"docs":{"insertions":1,"deletions":2}}}]},{"date":"2022-10-27","commitResults":[{"hash":"72e72346e26d056eacf46e3607df3973181629ff","messageTitle":"add import function","messageBody":"","fileTypesAndContributionMap":{"functional-code":{"insertions":181,"deletions":4}}},{"hash":"9412e9c64c8313fd350a39c5eeacbd5d7bb5d989","messageTitle":"fix regex","messageBody":"","fileTypesAndContributionMap":{"functional-code":{"insertions":1,"deletions":0}}},{"hash":"9b5e8799f61e7d6ba52ad6e68d28decc9f83b1b0","messageTitle":"add export testing","messageBody":"","fileTypesAndContributionMap":{"test-code":{"insertions":25,"deletions":0}}},{"hash":"74eaf9b8b0772e453afc289c65c60640e13c22b4","messageTitle":"fix test cases","messageBody":"","fileTypesAndContributionMap":{"test-code":{"insertions":0,"deletions":1}}},{"hash":"552f08699564375acccc110fe171eca2d2c42cff","messageTitle":"fix checkstyles","messageBody":"","fileTypesAndContributionMap":{"functional-code":{"insertions":13,"deletions":0},"docs":{"insertions":1,"deletions":2},"test-code":{"insertions":80,"deletions":33}}},{"hash":"0dd827819a0250c939d6705a34995420c7903063","messageTitle":"fix test","messageBody":"","fileTypesAndContributionMap":{"test-code":{"insertions":6,"deletions":4}}},{"hash":"f9f91bc7149490702c7ca546f4f4034439b54c22","messageTitle":"fix test case","messageBody":"","fileTypesAndContributionMap":{"docs":{"insertions":4,"deletions":0}}}]},{"date":"2022-11-01","commitResults":[{"hash":"a4e3ff262c12cd9981c8a76ee16f9b2841a05bf5","messageTitle":"fix error message thrown","messageBody":"","fileTypesAndContributionMap":{"functional-code":{"insertions":187,"deletions":62}}},{"hash":"c12dcf65b6f2ff15eb4c5e72de64ca07b81ec977","messageTitle":"add more testing for import","messageBody":"","fileTypesAndContributionMap":{"functional-code":{"insertions":33,"deletions":2},"test-code":{"insertions":86,"deletions":0}}},{"hash":"f644edf60d7df68bef4ebd5403f610f00ab94f34","messageTitle":"fix checkstyles","messageBody":"","fileTypesAndContributionMap":{"docs":{"insertions":0,"deletions":1}}}]},{"date":"2022-11-02","commitResults":[{"hash":"c5651fb53c15999a518ea8cc73c2ae3bd89068ae","messageTitle":"add import testing","messageBody":"","fileTypesAndContributionMap":{"test-code":{"insertions":1,"deletions":1}}},{"hash":"12cece4b9329d99ad4a206005b5e912c84b9f4f8","messageTitle":"adjust module code regex","messageBody":"","fileTypesAndContributionMap":{"functional-code":{"insertions":56,"deletions":19}}},{"hash":"72b1ce8af02778bf556f84de0968eb4cc2333618","messageTitle":"adjust UI bug where moduleCodes are not in sorted order","messageBody":"","fileTypesAndContributionMap":{"functional-code":{"insertions":11,"deletions":4}}},{"hash":"e13f97a4058d5c66abb3a42f44ea5a8c326d9daa","messageTitle":"enforce stricter file name regex","messageBody":"","fileTypesAndContributionMap":{"functional-code":{"insertions":4,"deletions":6},"test-code":{"insertions":43,"deletions":9}}},{"hash":"5cf815715bb95f8ae10b23f9b46e66b1fb9f6265","messageTitle":"further testing for regex","messageBody":"","fileTypesAndContributionMap":{"test-code":{"insertions":2,"deletions":0}}},{"hash":"e8b28dafaac22487f5e3465a7c34ecf04b64b89e","messageTitle":"add testing for moduleCode regex","messageBody":"","fileTypesAndContributionMap":{"test-code":{"insertions":148,"deletions":0}}},{"hash":"8cd21b3e92bd26952e11caed520cb678b19f0a89","messageTitle":"furthertesting","messageBody":"","fileTypesAndContributionMap":{"test-code":{"insertions":27,"deletions":0}}},{"hash":"9ae241c04b2a590443bcd8226431455785ffd8f3","messageTitle":"add test cases for import","messageBody":"","fileTypesAndContributionMap":{"test-code":{"insertions":2,"deletions":2}}},{"hash":"ffd5a3e2f212430022bcfe79581e207474f6e684","messageTitle":"fix checkstyles","messageBody":"","fileTypesAndContributionMap":{"test-code":{"insertions":0,"deletions":1}}}]},{"date":"2022-11-03","commitResults":[{"hash":"7629f2a4045e4cae9dadf4627b2e9bc3d479f0e0","messageTitle":"update ug for sort and module code","messageBody":"","fileTypesAndContributionMap":{"docs":{"insertions":77,"deletions":26}}}]}],"normkoh":[{"date":"2022-09-19","commitResults":[{"hash":"dfd6ce1378606b852c018a67846b0c2fcc1e4aae","messageTitle":"Update list feature in user guide","messageBody":"","fileTypesAndContributionMap":{"docs":{"insertions":2,"deletions":2}}},{"hash":"ff348fc781483f883ebf8515ec26fc69e1256ea6","messageTitle":"Update Developer\u0027s Guide","messageBody":"","fileTypesAndContributionMap":{"docs":{"insertions":11,"deletions":11}}},{"hash":"40a68c2a091932d9e8335d538189895be969bd15","messageTitle":"Change wording","messageBody":"","fileTypesAndContributionMap":{"docs":{"insertions":1,"deletions":1}}},{"hash":"87cebbedd26be1034896707b492cea65eab8c5cb","messageTitle":"Add PPP section for normkoh","messageBody":"","fileTypesAndContributionMap":{"docs":{"insertions":80,"deletions":0}}}]},{"date":"2022-09-22","commitResults":[{"hash":"f5562365c7ebb975907f88a545d5ab099df1b61e","messageTitle":"Add NFR to DG","messageBody":"","fileTypesAndContributionMap":{"docs":{"insertions":1,"deletions":0}}}]},{"date":"2022-09-26","commitResults":[{"hash":"fd055959e8c2c4996547eabdcc77a7c883063788","messageTitle":"Change name for PPP","messageBody":"","fileTypesAndContributionMap":{"docs":{"insertions":1,"deletions":1}}}]},{"date":"2022-10-02","commitResults":[{"hash":"3cc5e91824d0a1a440a061662de74a140b24c26d","messageTitle":"Add icons to represent gender","messageBody":"","fileTypesAndContributionMap":{"functional-code":{"insertions":32,"deletions":15},"test-code":{"insertions":15,"deletions":15}}}]},{"date":"2022-10-10","commitResults":[{"hash":"037d86991c67fc0e897e1ef8ea62d3f15e460cf6","messageTitle":"Modify delete command to take in multiple inputs","messageBody":"","fileTypesAndContributionMap":{"functional-code":{"insertions":46,"deletions":16},"test-code":{"insertions":40,"deletions":12}}},{"hash":"18e2f12011ffd7c7ec8b2b88b5733c5cef4cbfe1","messageTitle":"Fix checkstyle errors","messageBody":"","fileTypesAndContributionMap":{"functional-code":{"insertions":7,"deletions":2}}},{"hash":"20c0e4492094416584df4490d0dc8fe4d88d360e","messageTitle":"Fix checkstyle error","messageBody":"","fileTypesAndContributionMap":{"test-code":{"insertions":3,"deletions":3}}},{"hash":"2c2a54b69af908e6854047bfab8f79d516a725e8","messageTitle":"Fix checkstyle errors","messageBody":"","fileTypesAndContributionMap":{"test-code":{"insertions":3,"deletions":3}}},{"hash":"6a819cd6fe1f08bed45950c76d7803d6c2f87b1a","messageTitle":"Fix checkstyle errors","messageBody":"","fileTypesAndContributionMap":{"test-code":{"insertions":3,"deletions":4}}}]},{"date":"2022-10-11","commitResults":[{"hash":"31eadb7e8449548efcea4bf85757e162a7d78200","messageTitle":"tweak javadocs","messageBody":"","fileTypesAndContributionMap":{"functional-code":{"insertions":1,"deletions":1}}},{"hash":"60ac6296246360cd99a8f168f28167842b5b5307","messageTitle":"Add test cases","messageBody":"","fileTypesAndContributionMap":{"test-code":{"insertions":46,"deletions":3}}},{"hash":"a58edbbecf43a2dbd06e6068e780676b53ca4078","messageTitle":"Fix checkstyle error","messageBody":"","fileTypesAndContributionMap":{"test-code":{"insertions":8,"deletions":3}}},{"hash":"bdf343894442235737facb4a3f87bd9b276d14db","messageTitle":"Fix checkstyle errors","messageBody":"","fileTypesAndContributionMap":{"test-code":{"insertions":2,"deletions":3}}},{"hash":"4717ec908121378a5f2a89a9e755b9518dfec8e9","messageTitle":"Fix checkstyle errors","messageBody":"","fileTypesAndContributionMap":{"test-code":{"insertions":2,"deletions":2}}}]},{"date":"2022-10-15","commitResults":[{"hash":"ca24febebbb1cda9caaac7f1fb4178d6f00d2b1e","messageTitle":"Add Rating field for Professors and TAs","messageBody":"","fileTypesAndContributionMap":{"functional-code":{"insertions":216,"deletions":81},"test-code":{"insertions":23,"deletions":11}}},{"hash":"e807b45d47f4002851cb77b9ede3a08a4d3c9582","messageTitle":"Differentiate between professor, TA and student","messageBody":"","fileTypesAndContributionMap":{"functional-code":{"insertions":53,"deletions":3}}},{"hash":"50f01b6c0a5815e6e91eaf09ab6e8993582f7d32","messageTitle":"Fix checkstyle errors","messageBody":"","fileTypesAndContributionMap":{"functional-code":{"insertions":72,"deletions":17}}},{"hash":"b770109880ff6c825279770b015ad9b6701540bf","messageTitle":"Fix missed checkstyle error","messageBody":"","fileTypesAndContributionMap":{"test-code":{"insertions":5,"deletions":0}}},{"hash":"4a31b5a6f2a808e1249ba74a4d099806b3c1010b","messageTitle":"Tweaked UI","messageBody":"","fileTypesAndContributionMap":{"functional-code":{"insertions":4,"deletions":12}}}]},{"date":"2022-10-16","commitResults":[{"hash":"49d11bbfa95d8393466145d648d16c10055a17e9","messageTitle":"Tweak EditCommandParser to support rating","messageBody":"","fileTypesAndContributionMap":{"functional-code":{"insertions":6,"deletions":2}}}]},{"date":"2022-10-17","commitResults":[{"hash":"b6e33a76561628c74529b4383c103f0acb61f451","messageTitle":"Fix checkstyle errors","messageBody":"","fileTypesAndContributionMap":{"functional-code":{"insertions":7,"deletions":11},"test-code":{"insertions":4,"deletions":2}}},{"hash":"18374b422e507df3ac21907b5e4b4208b2a25e3b","messageTitle":"Add UI for rating","messageBody":"","fileTypesAndContributionMap":{"functional-code":{"insertions":23,"deletions":1}}},{"hash":"b0985bc503492121ba94688bcb90486becbe61e7","messageTitle":"Add working UI for rating","messageBody":"","fileTypesAndContributionMap":{"functional-code":{"insertions":27,"deletions":24}}},{"hash":"e7992a72f3ec7da6dacf0ea8a10bc5d54cc07485","messageTitle":"Improve code quality","messageBody":"","fileTypesAndContributionMap":{"functional-code":{"insertions":24,"deletions":23}}},{"hash":"02e776eb54a28973affca480a71bbeaa003f72f1","messageTitle":"Fix checkstyle errors","messageBody":"","fileTypesAndContributionMap":{"functional-code":{"insertions":0,"deletions":5}}},{"hash":"3b68e23dfd36b7489e6ffcf24777fcb79c8a3f55","messageTitle":"Add DeleteMultiple feature in DG","messageBody":"","fileTypesAndContributionMap":{"functional-code":{"insertions":2,"deletions":2},"docs":{"insertions":93,"deletions":0}}}]},{"date":"2022-10-18","commitResults":[{"hash":"7eb5eb4473b6d6d0769a7480dc4473e019bb5bb0","messageTitle":"Add support for removing rating","messageBody":"","fileTypesAndContributionMap":{"functional-code":{"insertions":43,"deletions":13}}},{"hash":"ad3a848e860b23fac68f7d7ac96c18a9ba5fa977","messageTitle":"Fix checkstyle error","messageBody":"","fileTypesAndContributionMap":{"functional-code":{"insertions":3,"deletions":3}}}]},{"date":"2022-10-22","commitResults":[{"hash":"191a71a1f07e153d560be6f6791eb444e65382a9","messageTitle":"Add Pie Chart Ui","messageBody":"","fileTypesAndContributionMap":{"functional-code":{"insertions":210,"deletions":17}}},{"hash":"47ec9fc8bc5e4f3e28d96840b5d7129aa396406e","messageTitle":"Fix checkstyle errors","messageBody":"","fileTypesAndContributionMap":{"functional-code":{"insertions":10,"deletions":20},"test-code":{"insertions":13,"deletions":0}}},{"hash":"5b36122b970f28e4c6c1a652055ef6bd6487ab6b","messageTitle":"Fix checkstyle error","messageBody":"","fileTypesAndContributionMap":{"functional-code":{"insertions":0,"deletions":1}}},{"hash":"8d4a9a081cab4d1d4e8c893944c0f5b98497ce21","messageTitle":"fix DG","messageBody":"","fileTypesAndContributionMap":{"docs":{"insertions":1,"deletions":1}}}]},{"date":"2022-10-23","commitResults":[{"hash":"7528f036ba4b903f46c3a20d0beefc5b120d0288","messageTitle":"Fix typo in DG","messageBody":"","fileTypesAndContributionMap":{"docs":{"insertions":0,"deletions":2}}},{"hash":"b2d4abb4e573546e5608982ac0bb305451139ab4","messageTitle":"Add count to pie chart labels","messageBody":"","fileTypesAndContributionMap":{"functional-code":{"insertions":51,"deletions":12}}},{"hash":"09ceb24e417076a5211532a0617d2e8f01e677f8","messageTitle":"Add hiding of pie chart when empty.","messageBody":"","fileTypesAndContributionMap":{"functional-code":{"insertions":22,"deletions":2}}},{"hash":"e17572e1835cbe19572e76be6065602dfaaa2aa3","messageTitle":"Fix checkstyle errors.","messageBody":"","fileTypesAndContributionMap":{"functional-code":{"insertions":14,"deletions":12}}},{"hash":"51dec130054894a738b68b5ca84ae33af8b718d1","messageTitle":"Fix naming of label issues.","messageBody":"","fileTypesAndContributionMap":{"functional-code":{"insertions":37,"deletions":9}}},{"hash":"5317e3f3227834262825acbec28ce34b65b4b827","messageTitle":"Fix Checkstyle errors.","messageBody":"","fileTypesAndContributionMap":{"functional-code":{"insertions":0,"deletions":4}}},{"hash":"1e24b4638f272157e296fe7efc24a4b7b48df46f","messageTitle":"Change title of pie chart","messageBody":"","fileTypesAndContributionMap":{"functional-code":{"insertions":1,"deletions":1}}},{"hash":"f8ede95442931953106983208e3f08f64ebe7f65","messageTitle":"Change app icon and name","messageBody":"","fileTypesAndContributionMap":{"functional-code":{"insertions":3,"deletions":3},"test-code":{"insertions":1,"deletions":1}}}]},{"date":"2022-10-24","commitResults":[{"hash":"d4dda99a6666339d7db76dbdcd1ea34ffd2849f6","messageTitle":"Update UG and DG with add and deleteMultiple features","messageBody":"","fileTypesAndContributionMap":{"docs":{"insertions":67,"deletions":9}}},{"hash":"d9e0292877f96c4209175e316635915dc8c78af2","messageTitle":"Modify structure of personListCard","messageBody":"","fileTypesAndContributionMap":{"functional-code":{"insertions":30,"deletions":5}}},{"hash":"e8dc7f71938babaa723b1282549a52bc9f27e2d0","messageTitle":"Add icons for Phone and Email fields","messageBody":"","fileTypesAndContributionMap":{"functional-code":{"insertions":6,"deletions":0}}},{"hash":"a58c179342fb66c12cc7c04e3238879445b93738","messageTitle":"Add Github and location icons","messageBody":"","fileTypesAndContributionMap":{"functional-code":{"insertions":12,"deletions":2}}},{"hash":"6a5ea1609ea16f480e73a208828e2fe2cc255406","messageTitle":"Add icon for office hour","messageBody":"","fileTypesAndContributionMap":{"functional-code":{"insertions":14,"deletions":6}}}]},{"date":"2022-10-25","commitResults":[{"hash":"12ddc3838a45406501f97069d43b9a02fd0a5736","messageTitle":"Add clarification for multiple module codes for professor and ta.","messageBody":"","fileTypesAndContributionMap":{"docs":{"insertions":8,"deletions":0}}},{"hash":"2ce2551806a029cae1261876ce626a349c8917f2","messageTitle":"Fix bug","messageBody":"","fileTypesAndContributionMap":{"functional-code":{"insertions":1,"deletions":1}}}]},{"date":"2022-10-26","commitResults":[{"hash":"2b11d9bd442fc7b1e03606cbf9d639343a2417ab","messageTitle":"Add User story","messageBody":"","fileTypesAndContributionMap":{"docs":{"insertions":1,"deletions":1}}},{"hash":"4d40e990af4419d1c61b3bf51da19a47ba6e3f3f","messageTitle":"Fix table not rendering bug in User guide","messageBody":"","fileTypesAndContributionMap":{"docs":{"insertions":3,"deletions":0}}}]},{"date":"2022-10-27","commitResults":[{"hash":"6a37db3dd3290625def78139f5b4b07d1023242a","messageTitle":"Fix Pie Chart","messageBody":"","fileTypesAndContributionMap":{"functional-code":{"insertions":1,"deletions":1}}}]},{"date":"2022-10-29","commitResults":[{"hash":"e7e21ccc1d3866397c7e6cfeedc2de525a285b9d","messageTitle":"Fix bugs","messageBody":"","fileTypesAndContributionMap":{"functional-code":{"insertions":13,"deletions":1},"docs":{"insertions":2,"deletions":2}}},{"hash":"bb06cc8efce182225a7503433cfbb99a14151f67","messageTitle":"Fix checkstyle error","messageBody":"","fileTypesAndContributionMap":{"functional-code":{"insertions":3,"deletions":3}}}]},{"date":"2022-10-30","commitResults":[{"hash":"6eb34fc8757fa5b3c9f0609235a99d37bb4d480c","messageTitle":"Add ProCommandParser testcases","messageBody":"","fileTypesAndContributionMap":{"docs":{"insertions":4,"deletions":0},"test-code":{"insertions":259,"deletions":0}}},{"hash":"7b0840f15a03066b16c71a4eadd34475a29dc37d","messageTitle":"Add test cases for TaCommandParser and GithubCommandParser","messageBody":"","fileTypesAndContributionMap":{"test-code":{"insertions":267,"deletions":1}}},{"hash":"5afe190177e162ccb4af5c6d345b1978ed3b2fce","messageTitle":"Fix delete error description","messageBody":"","fileTypesAndContributionMap":{"functional-code":{"insertions":3,"deletions":3}}},{"hash":"1f6ed85274d0c16b9a8a37d4a45bf0a50fe22137","messageTitle":"Fix conflicting methods","messageBody":"","fileTypesAndContributionMap":{"test-code":{"insertions":2,"deletions":34}}},{"hash":"425e5388795b2ca1cdd5df9eabd500b09367c5b5","messageTitle":"Fix error","messageBody":"","fileTypesAndContributionMap":{"test-code":{"insertions":3,"deletions":3}}},{"hash":"32cca3738e392b3b845e90b1b04dfcf6ce69f940","messageTitle":"Fix error","messageBody":"","fileTypesAndContributionMap":{"test-code":{"insertions":2,"deletions":1}}}]},{"date":"2022-10-31","commitResults":[{"hash":"65761bb3dc70ad84337bfcbfbb39f46836806766","messageTitle":"Update pie chart when importing from csv file","messageBody":"","fileTypesAndContributionMap":{"functional-code":{"insertions":1,"deletions":0}}},{"hash":"f704158df5000f02687cb4bd5eed94dd5d6c7c7e","messageTitle":"Update User guide with changes to import","messageBody":"","fileTypesAndContributionMap":{"docs":{"insertions":2,"deletions":6}}},{"hash":"45adf2dd154d775d894343647fe0e22114fec9a2","messageTitle":"Add acknowledgements in DG","messageBody":"","fileTypesAndContributionMap":{"docs":{"insertions":1,"deletions":1}}},{"hash":"5f6ace385ec6b382230265da11bb43fb9466d212","messageTitle":"Revert \"Add acknowledgements in DG\"","messageBody":"This reverts commit 45adf2dd154d775d894343647fe0e22114fec9a2.\n","fileTypesAndContributionMap":{"docs":{"insertions":1,"deletions":1}}},{"hash":"ce9d5e6a629093d51701c7f1c93d237b59ecd714","messageTitle":"Add acknowledgements to DG","messageBody":"","fileTypesAndContributionMap":{"docs":{"insertions":1,"deletions":1}}},{"hash":"3d1e9517e86257f8cf198e85dafa17487fc5bc29","messageTitle":"Revert \"Add acknowledgements to DG\"","messageBody":"This reverts commit ce9d5e6a629093d51701c7f1c93d237b59ecd714.\n","fileTypesAndContributionMap":{"docs":{"insertions":1,"deletions":1}}},{"hash":"ad23cea272fa74198bce255ebfc8186382814d83","messageTitle":"Add acknowledgements for DG","messageBody":"","fileTypesAndContributionMap":{"docs":{"insertions":1,"deletions":1}}},{"hash":"02b82c1eb237e32f83492e89c8fd3aac69bd943d","messageTitle":"Update PPP","messageBody":"","fileTypesAndContributionMap":{"docs":{"insertions":27,"deletions":71}}}]}],"Jonaspng":[{"date":"2022-09-19","commitResults":[{"hash":"71654548afa1f9b83d65031e5420adc18898c937","messageTitle":"Modify add command into ProfCommand, StudentCommand and TaCommand","messageBody":"","fileTypesAndContributionMap":{"functional-code":{"insertions":1194,"deletions":138},"other":{"insertions":15,"deletions":15},"test-code":{"insertions":966,"deletions":564}}},{"hash":"fb619b424226a47a6fe0a7cc31639568cb263b1b","messageTitle":"Update Java docs","messageBody":"","fileTypesAndContributionMap":{"functional-code":{"insertions":1,"deletions":1}}},{"hash":"55967eed85b67bc14770b41063f400c1c846b9bf","messageTitle":"Update test cases","messageBody":"","fileTypesAndContributionMap":{"functional-code":{"insertions":18,"deletions":73},"other":{"insertions":13,"deletions":11},"test-code":{"insertions":30,"deletions":18}}},{"hash":"bcc33b3e1338dc1a5f33b02177b2ddcc071c8c65","messageTitle":"Update user guide for prof, student and ta feature","messageBody":"","fileTypesAndContributionMap":{"docs":{"insertions":33,"deletions":5}}},{"hash":"592c4ea3f50bbbb37ecd798186858463d4bc879f","messageTitle":"Create individual PPP","messageBody":"","fileTypesAndContributionMap":{"docs":{"insertions":75,"deletions":0}}}]},{"date":"2022-09-26","commitResults":[{"hash":"7c0a0190080328b81b70d49568f01d600b0c4b53","messageTitle":"Update Readme and Index","messageBody":"","fileTypesAndContributionMap":{"docs":{"insertions":12,"deletions":16}}},{"hash":"60345bd090712fd2e9b698c808c1a7f188b76dbf","messageTitle":"Solve checkstyle error","messageBody":"","fileTypesAndContributionMap":{"docs":{"insertions":4,"deletions":4}}}]},{"date":"2022-10-01","commitResults":[{"hash":"fb2968110f34723baf1e7b93f13782fbc06366f6","messageTitle":"Update command\u0027s messages","messageBody":"","fileTypesAndContributionMap":{"functional-code":{"insertions":2,"deletions":2}}}]},{"date":"2022-10-09","commitResults":[{"hash":"6821a4bde44264bf51946b31e8ba8eb69682a298","messageTitle":"Modify clear command","messageBody":"","fileTypesAndContributionMap":{"functional-code":{"insertions":13,"deletions":3},"test-code":{"insertions":2,"deletions":0}}}]},{"date":"2022-10-10","commitResults":[{"hash":"75e2801c2aeaa007b81b0617baf3e9776e713178","messageTitle":"Implement Demeter rule","messageBody":"","fileTypesAndContributionMap":{"functional-code":{"insertions":16,"deletions":1}}},{"hash":"fb6148d97f3803b8b84c459e69fc911629ea9167","messageTitle":"Update AddressBook class","messageBody":"","fileTypesAndContributionMap":{"functional-code":{"insertions":1,"deletions":1}}},{"hash":"bad970f0a9dc7fced78ef3114d5cada66b1d235a","messageTitle":"Update test cases","messageBody":"","fileTypesAndContributionMap":{"test-code":{"insertions":5,"deletions":0}}}]},{"date":"2022-10-11","commitResults":[{"hash":"b404e19e60d4fbc29020335f01ae302a310053d8","messageTitle":"Modify confirmation message","messageBody":"","fileTypesAndContributionMap":{"functional-code":{"insertions":1,"deletions":1}}}]},{"date":"2022-10-14","commitResults":[{"hash":"dc852ae0716dd441568d8f18e5d83568a2587eed","messageTitle":"Add github field","messageBody":"","fileTypesAndContributionMap":{"functional-code":{"insertions":188,"deletions":84}}},{"hash":"6c3f35a6adb92edec02125c7e90cb5eb14aeb4c9","messageTitle":"Add github command","messageBody":"","fileTypesAndContributionMap":{"functional-code":{"insertions":119,"deletions":5}}},{"hash":"01007a59fe05a8171fe5b5ac49da85cc5bad3201","messageTitle":"Add test cases","messageBody":"","fileTypesAndContributionMap":{"functional-code":{"insertions":44,"deletions":20},"test-code":{"insertions":81,"deletions":10}}}]},{"date":"2022-10-15","commitResults":[{"hash":"019b43940c05939fc07a2baaae4eea0900cdfb1e","messageTitle":"Modify style to fit checkStyle","messageBody":"","fileTypesAndContributionMap":{"functional-code":{"insertions":126,"deletions":60},"test-code":{"insertions":22,"deletions":10}}}]},{"date":"2022-10-16","commitResults":[{"hash":"7d16b4513a3c7eb827858d55b5060d94293b6938","messageTitle":"Modify edit command to support githubusername","messageBody":"","fileTypesAndContributionMap":{"functional-code":{"insertions":14,"deletions":10}}},{"hash":"b0605a4ffc95c4279344f1f58b1a89300d025444","messageTitle":"Update test cases","messageBody":"","fileTypesAndContributionMap":{"test-code":{"insertions":15,"deletions":0}}},{"hash":"5feddfebe47b519727abc6c715c707a706fdd574","messageTitle":"Allow delete of github username during edit command","messageBody":"","fileTypesAndContributionMap":{"functional-code":{"insertions":53,"deletions":93},"docs":{"insertions":3,"deletions":2},"test-code":{"insertions":0,"deletions":36}}},{"hash":"9f3d4beac5d9a12c61df0b4d35958be5331e0d00","messageTitle":"Add GithubCommand test cases","messageBody":"","fileTypesAndContributionMap":{"test-code":{"insertions":34,"deletions":4}}},{"hash":"99ec8ea1cd85ed7f8aad52c8f737127ea2721eac","messageTitle":"Remove problematic test case","messageBody":"","fileTypesAndContributionMap":{"functional-code":{"insertions":7,"deletions":4},"test-code":{"insertions":1,"deletions":8}}},{"hash":"a0452ccb4e91032c575bc8f52d991ed7daf41190","messageTitle":"Update Java docs","messageBody":"","fileTypesAndContributionMap":{"functional-code":{"insertions":1,"deletions":1}}},{"hash":"50742b5180cb24efcce13fb5ab3b0bbcf959cb88","messageTitle":"Update github field error msg","messageBody":"","fileTypesAndContributionMap":{"functional-code":{"insertions":4,"deletions":3}}},{"hash":"322fcd30fbd80a48f0fd0d460376cfb6c5272ff8","messageTitle":"Update src/main/java/seedu/address/logic/commands/GithubCommand.java","messageBody":"Co-authored-by: Gareth Ong \u003c81297805+GarethOng@users.noreply.github.com\u003e","fileTypesAndContributionMap":{"functional-code":{"insertions":1,"deletions":1}}},{"hash":"364e3c1d097fdc5c3beeef29957ebeabde698f97","messageTitle":"Update style","messageBody":"","fileTypesAndContributionMap":{"functional-code":{"insertions":2,"deletions":1}}}]},{"date":"2022-10-17","commitResults":[{"hash":"0506f61aa01e60f83bd8ee4c360068ca3eb30513","messageTitle":"Add year field for student","messageBody":"","fileTypesAndContributionMap":{"functional-code":{"insertions":192,"deletions":36},"test-code":{"insertions":49,"deletions":13}}},{"hash":"3147fbab52ef3ad6ef09e47f77c1dc88272cb1dc","messageTitle":"Modify edit command","messageBody":"","fileTypesAndContributionMap":{"functional-code":{"insertions":10,"deletions":6}}},{"hash":"05357fd283aa451f39f023b00fe5ca57e7049fa2","messageTitle":"Add specialisation field to professor","messageBody":"","fileTypesAndContributionMap":{"functional-code":{"insertions":292,"deletions":76},"test-code":{"insertions":121,"deletions":41}}}]},{"date":"2022-10-18","commitResults":[{"hash":"56e314da5c1161379eb5bb1d21c048f247b2ad75","messageTitle":"Modify style","messageBody":"","fileTypesAndContributionMap":{"functional-code":{"insertions":2,"deletions":2}}},{"hash":"bbe78073617963f12732a649ec7da723e48c0ccb","messageTitle":"Update DG","messageBody":"","fileTypesAndContributionMap":{"docs":{"insertions":84,"deletions":0}}},{"hash":"1f9dbbf2d4b23b9490fef9c2a21e8d6fcd909640","messageTitle":"Modify github command","messageBody":"","fileTypesAndContributionMap":{"functional-code":{"insertions":28,"deletions":13},"test-code":{"insertions":6,"deletions":0}}},{"hash":"ac2877eea6d01b0d6a8a202665b3e562a504e07a","messageTitle":"Update Github Feature DG and Githhub Feature Sequence Diagram","messageBody":"","fileTypesAndContributionMap":{"docs":{"insertions":36,"deletions":5}}},{"hash":"5e9cfa81dcbd994df9f066018beac4f8c4e41c7c","messageTitle":"Add UI for specialisation and Year","messageBody":"","fileTypesAndContributionMap":{"functional-code":{"insertions":60,"deletions":3}}}]},{"date":"2022-10-19","commitResults":[{"hash":"95e2d5896942a0929965d37b3dc590ec792a2fcf","messageTitle":"Update build gradle file to enable assertion check","messageBody":"","fileTypesAndContributionMap":{"other":{"insertions":5,"deletions":0}}},{"hash":"1a8c237d160b601dd1b7158373a35fd971e08363","messageTitle":"Add github command activity diagram","messageBody":"","fileTypesAndContributionMap":{"docs":{"insertions":18,"deletions":0}}}]},{"date":"2022-10-21","commitResults":[{"hash":"94da64f41c44b61d76d8cf62a0a1758752318e72","messageTitle":"Modify Office hours","messageBody":"","fileTypesAndContributionMap":{"functional-code":{"insertions":85,"deletions":53},"test-code":{"insertions":1,"deletions":1}}},{"hash":"c827cacb31c0626592e2915238a3f83316699dec","messageTitle":"Debugged files","messageBody":"","fileTypesAndContributionMap":{"functional-code":{"insertions":6,"deletions":6}}},{"hash":"c2b6e9caf02b925776aafe2d69f0f57b209d6e3b","messageTitle":"Fix checkstyle errors","messageBody":"","fileTypesAndContributionMap":{"functional-code":{"insertions":16,"deletions":6}}},{"hash":"8dd4548906373978c856ca6a99a20f562574477a","messageTitle":"Modify inheritance between classes","messageBody":"","fileTypesAndContributionMap":{"functional-code":{"insertions":63,"deletions":68}}},{"hash":"59289801d2e8477a4bdf0f57f5de700ace55037a","messageTitle":"Debug edit command","messageBody":"","fileTypesAndContributionMap":{"functional-code":{"insertions":38,"deletions":9}}}]},{"date":"2022-10-22","commitResults":[{"hash":"01c8a453b37105375692bd08bfd76a8daacc024e","messageTitle":"Update UG and DG","messageBody":"","fileTypesAndContributionMap":{"docs":{"insertions":212,"deletions":148}}},{"hash":"4c832cb64001dd62b52a3bbf510c4800e5e593bf","messageTitle":"Modify invalid year in json error message","messageBody":"","fileTypesAndContributionMap":{"functional-code":{"insertions":1,"deletions":1}}},{"hash":"defdc90cf357b904134012c0f17ba030d7e092d2","messageTitle":"Fix Checkstyle","messageBody":"","fileTypesAndContributionMap":{"docs":{"insertions":5,"deletions":9}}},{"hash":"aaebc38f7cdb75e354acfdeaea87d0155f5c3287","messageTitle":"Remove unnecessary line","messageBody":"","fileTypesAndContributionMap":{"docs":{"insertions":0,"deletions":1}}},{"hash":"19f124fb4dd88d25447e2723d8a6c771da0e6b82","messageTitle":"Modify test cases","messageBody":"","fileTypesAndContributionMap":{"test-code":{"insertions":11,"deletions":11}}},{"hash":"67b1892e88da0cd43f9955fae74ab29f8bb29130","messageTitle":"Update Model class diagram","messageBody":"","fileTypesAndContributionMap":{"docs":{"insertions":5,"deletions":5}}}]},{"date":"2022-10-26","commitResults":[{"hash":"1c96c792dba7c87063fb0860266feb3dc14b530a","messageTitle":"Update UG","messageBody":"","fileTypesAndContributionMap":{"docs":{"insertions":49,"deletions":47}}},{"hash":"d61bdd8eaeda0d32be592ba66f70dd1214e8396c","messageTitle":"Update DG","messageBody":"","fileTypesAndContributionMap":{"docs":{"insertions":10,"deletions":10}}},{"hash":"8b4b0407c60309238cdc22efac6ad00924c6552a","messageTitle":"Update UG","messageBody":"","fileTypesAndContributionMap":{"docs":{"insertions":34,"deletions":31}}}]},{"date":"2022-10-27","commitResults":[{"hash":"8c219b0614e6e33c8ef2ea5d2a701c696bc5c113","messageTitle":"Update UG","messageBody":"","fileTypesAndContributionMap":{"functional-code":{"insertions":1,"deletions":1},"docs":{"insertions":80,"deletions":71}}},{"hash":"913bca6e09f3b7791d5cd942bf7a8762adf56266","messageTitle":"Fix table","messageBody":"","fileTypesAndContributionMap":{"docs":{"insertions":1,"deletions":0}}},{"hash":"895245ea879f0e8ad6ed79d23ac42e1936b91b37","messageTitle":"Fix UG table of contents","messageBody":"","fileTypesAndContributionMap":{"docs":{"insertions":1,"deletions":1}}},{"hash":"5b3845bb3b23d24df890a4ede6cbeccff6989a19","messageTitle":"Fix Line break","messageBody":"","fileTypesAndContributionMap":{"docs":{"insertions":1,"deletions":1}}},{"hash":"bf41237ab86168a6128d2c3d6f7bbbe9acd9b727","messageTitle":"Debug edit command","messageBody":"","fileTypesAndContributionMap":{"functional-code":{"insertions":6,"deletions":7}}},{"hash":"6dc502be889c24909bc2367e4697dc284ba9d165","messageTitle":"Update UG","messageBody":"","fileTypesAndContributionMap":{"docs":{"insertions":61,"deletions":28}}},{"hash":"af6b42bfd8ec50b1ac057033ba3364b292fde085","messageTitle":"Fix pagebreak","messageBody":"","fileTypesAndContributionMap":{"docs":{"insertions":17,"deletions":13}}},{"hash":"2214ff5a2f462b510a59c87b55ff139b778dd7b9","messageTitle":"Update UG","messageBody":"","fileTypesAndContributionMap":{"docs":{"insertions":6,"deletions":2}}},{"hash":"c808b4ccb0f092d3a24195ec7dd1f31407d08069","messageTitle":"Fix Checkstyle","messageBody":"","fileTypesAndContributionMap":{"functional-code":{"insertions":2,"deletions":1},"docs":{"insertions":1,"deletions":1}}},{"hash":"43b30386744f3f1af9bbd7c91c31026ddbf2a92d","messageTitle":"Debug import command","messageBody":"","fileTypesAndContributionMap":{"functional-code":{"insertions":2,"deletions":2}}}]},{"date":"2022-10-28","commitResults":[{"hash":"73fe15f41703bb0c4f90091d6ba69d7bb90cc384","messageTitle":"Add JsonAdapted test cases","messageBody":"","fileTypesAndContributionMap":{"functional-code":{"insertions":2,"deletions":2},"other":{"insertions":21,"deletions":21},"test-code":{"insertions":393,"deletions":8}}}]},{"date":"2022-10-29","commitResults":[{"hash":"1c09198b2b845516c3c0e6e123a4803e7c29d893","messageTitle":"Add Command test cases and solved some bugs","messageBody":"","fileTypesAndContributionMap":{"functional-code":{"insertions":13,"deletions":9},"other":{"insertions":1,"deletions":26},"docs":{"insertions":54,"deletions":50},"test-code":{"insertions":920,"deletions":43}}},{"hash":"4dcd84bbd734963e3aafd85e0468fe7a3d55839d","messageTitle":"Update Github Message Constraint","messageBody":"","fileTypesAndContributionMap":{"functional-code":{"insertions":1,"deletions":1}}},{"hash":"76a92d8415790063d15754a43b484702620c4e0e","messageTitle":"Update UG","messageBody":"","fileTypesAndContributionMap":{"docs":{"insertions":3,"deletions":3}}},{"hash":"4398abf51e221d0f4dd40775d6b803251a2f1d3d","messageTitle":"Update UG","messageBody":"","fileTypesAndContributionMap":{"docs":{"insertions":1,"deletions":1}}},{"hash":"958217fd7c7f143870078a7cba50704831feb565","messageTitle":"Update UG and optional fields message","messageBody":"","fileTypesAndContributionMap":{"functional-code":{"insertions":12,"deletions":6},"docs":{"insertions":2,"deletions":2}}},{"hash":"c286648df7803facf933a567a96bde26b3e7ebcb","messageTitle":"Update UG","messageBody":"","fileTypesAndContributionMap":{"docs":{"insertions":5,"deletions":5}}},{"hash":"13a01db525e9b570c38ffdee540be63225e4e341","messageTitle":"Fix CheckStyle","messageBody":"","fileTypesAndContributionMap":{"functional-code":{"insertions":4,"deletions":4}}}]}],"JJoeYi":[{"date":"2022-09-19","commitResults":[{"hash":"5c3854bcdfb1e4bb56db229460a56248cf54573f","messageTitle":"Update UserGuide.md \u0027delete\u0027","messageBody":"","fileTypesAndContributionMap":{"docs":{"insertions":10,"deletions":13}}}]},{"date":"2022-09-20","commitResults":[{"hash":"070743487d7fc574c361c7398560592cbe459d27","messageTitle":"Add jjoeyi.md PPP","messageBody":"","fileTypesAndContributionMap":{"docs":{"insertions":82,"deletions":0}}}]},{"date":"2022-10-04","commitResults":[{"hash":"d79aa988de745bbad8e835a93833512b7684dcc6","messageTitle":"Add location field","messageBody":"Locations are useful for students to find out where classes are\nheld or where one\u0027s friend stays on campus.\n\nLocation must be added when calling the \"ta\" or \"prof\" or \"student\"\ncommand by using \"l/ LOCATION\"\n","fileTypesAndContributionMap":{"functional-code":{"insertions":234,"deletions":96}}},{"hash":"e02c0c7b1c7feaaa2b69a6e972529f6b06a3d36f","messageTitle":"Fix star imports and linelength too long","messageBody":"","fileTypesAndContributionMap":{"functional-code":{"insertions":104,"deletions":59}}},{"hash":"cc773ca7a55f743ab8bc74a67fcee9e7026114b8","messageTitle":"add JavaDoc for ParserUtil","messageBody":"","fileTypesAndContributionMap":{"functional-code":{"insertions":6,"deletions":0}}},{"hash":"a67b20dd2bce2e7f63fd0f547e7a8e1ce41108ae","messageTitle":"Fix JsonAdaptedPersonTest","messageBody":"","fileTypesAndContributionMap":{"test-code":{"insertions":30,"deletions":12}}},{"hash":"832648010ebb97e56028d6940da4b48a16377c2c","messageTitle":"Fix linelength of TeachingAssistantBuilder","messageBody":"","fileTypesAndContributionMap":{"test-code":{"insertions":2,"deletions":1}}},{"hash":"1a3168153dc6d0a2bcfc9b40051f80d50b747177","messageTitle":"Fix checkstyle","messageBody":"","fileTypesAndContributionMap":{"test-code":{"insertions":3,"deletions":0}}},{"hash":"c903d4d8cbf7a6d781c12806a168c6d089ef1bec","messageTitle":"Fix gradle checks","messageBody":"","fileTypesAndContributionMap":{"functional-code":{"insertions":7,"deletions":7},"test-code":{"insertions":503,"deletions":506}}}]},{"date":"2022-10-10","commitResults":[{"hash":"6373a21d7686e9d17dd7252e7bbf05c86d4eff80","messageTitle":"Make location \u0027l/\u0027 field optional for Professor, Student, and TA.","messageBody":"Also update the example commands for Prof / Student / TA to\nthe current parsing of the gender field.\n","fileTypesAndContributionMap":{"functional-code":{"insertions":16,"deletions":11}}},{"hash":"6a6f01b8fd503c721be5f8d0516a98557a3f137a","messageTitle":"Fix Checkstyle","messageBody":"","fileTypesAndContributionMap":{"functional-code":{"insertions":4,"deletions":4}}}]},{"date":"2022-10-18","commitResults":[{"hash":"76708989c95702320d3e4fd894ec49b867e836f3","messageTitle":"Add template command","messageBody":"","fileTypesAndContributionMap":{"functional-code":{"insertions":264,"deletions":50}}},{"hash":"9a4cdd9deee9b6a5ec4c27c7f18dbb85a7c9c4db","messageTitle":"update prof template","messageBody":"","fileTypesAndContributionMap":{"functional-code":{"insertions":1,"deletions":0}}},{"hash":"df27f9fb53f8f40229e643cc38090b5a35749a9f","messageTitle":"Add ttCommandSequenceDiagram png and puml","messageBody":"","fileTypesAndContributionMap":{"docs":{"insertions":135,"deletions":0}}}]},{"date":"2022-10-19","commitResults":[{"hash":"799476aadbe393999b3c58a4d4fb3be349dff560","messageTitle":"Finish update DG for Fast Template Feature","messageBody":"","fileTypesAndContributionMap":{"docs":{"insertions":9,"deletions":9}}},{"hash":"361b669bf73015e4307ef8f88e6c70369593c472","messageTitle":"Make TemplateCommand more defensive","messageBody":"","fileTypesAndContributionMap":{"functional-code":{"insertions":1,"deletions":0}}},{"hash":"6125ae7cef949929a0d1cf8518bcc438b99cb6aa","messageTitle":"Update ParserUtil.java","messageBody":"","fileTypesAndContributionMap":{"functional-code":{"insertions":1,"deletions":2}}},{"hash":"3e315fbc5bd27e100527a91be53aaa66e0f6bca5","messageTitle":"Update ParserUtil.java","messageBody":"","fileTypesAndContributionMap":{"functional-code":{"insertions":2,"deletions":2}}},{"hash":"9ddb5b97212e3d604f128a1835e9119b840be42d","messageTitle":"Update ParserUtil.java","messageBody":"","fileTypesAndContributionMap":{"functional-code":{"insertions":1,"deletions":1}}},{"hash":"1f6f2524b416645e3addfb86f74f9cb7256f0b36","messageTitle":"Update UG","messageBody":"","fileTypesAndContributionMap":{"docs":{"insertions":0,"deletions":5}}}]},{"date":"2022-10-24","commitResults":[{"hash":"f2222546436d7c616e90d3442b5ed171fdfaadb9","messageTitle":"Add test cases for template command","messageBody":"","fileTypesAndContributionMap":{"test-code":{"insertions":65,"deletions":0}}}]},{"date":"2022-10-25","commitResults":[{"hash":"69045a0a82a6f2a9620124257a78eab185cae2e3","messageTitle":"Update TemplateCommandTest.java","messageBody":"","fileTypesAndContributionMap":{"test-code":{"insertions":2,"deletions":1}}},{"hash":"52b321cd7c72e5905a76181c7c4548f4e686eab6","messageTitle":"Update TemplateCommandTest.java","messageBody":"","fileTypesAndContributionMap":{"test-code":{"insertions":0,"deletions":1}}},{"hash":"fc8d415ba495208ca8aed8a20b66bf0a6acb6b08","messageTitle":"Update UG and template for Professor and Student","messageBody":"","fileTypesAndContributionMap":{"functional-code":{"insertions":2,"deletions":0},"docs":{"insertions":35,"deletions":0}}},{"hash":"ee24c4348b115db5e7f3b85172cf3fe5cc5c7509","messageTitle":"Update UG","messageBody":"","fileTypesAndContributionMap":{"docs":{"insertions":1,"deletions":1}}},{"hash":"ff015c35606396deae0c0781b397712833e1ca7c","messageTitle":"Update UserGuide.md","messageBody":"","fileTypesAndContributionMap":{"docs":{"insertions":1,"deletions":1}}}]},{"date":"2022-10-26","commitResults":[{"hash":"51483bba588944c5cf48bd42bf26a72decd0fb92","messageTitle":"Update UG and DG","messageBody":"","fileTypesAndContributionMap":{"docs":{"insertions":49,"deletions":22}}}]},{"date":"2022-10-31","commitResults":[{"hash":"4f1fd9b6d95f7eff2c5949994ada78060d5f886a","messageTitle":"Add Test cases and Update UG DG PPP","messageBody":"Fixes #152 #163 also\n","fileTypesAndContributionMap":{"docs":{"insertions":44,"deletions":52},"test-code":{"insertions":147,"deletions":1}}}]},{"date":"2022-11-01","commitResults":[{"hash":"0ebf9491d16472a273ac633077145bb3b9ec8281","messageTitle":"update format","messageBody":"","fileTypesAndContributionMap":{"docs":{"insertions":56,"deletions":29}}},{"hash":"782b2df806bf917453003d53ca8f8f53c6f64eca","messageTitle":"udpate for tests","messageBody":"","fileTypesAndContributionMap":{"docs":{"insertions":1,"deletions":4},"test-code":{"insertions":2,"deletions":0}}},{"hash":"798184f0b9aae684d68a9f7daaa819709e2322c7","messageTitle":"update","messageBody":"","fileTypesAndContributionMap":{"docs":{"insertions":1,"deletions":1},"test-code":{"insertions":2,"deletions":4}}},{"hash":"17089c6ec9921687e7c45fe2bce7501ba78fcaa5","messageTitle":"update","messageBody":"","fileTypesAndContributionMap":{"test-code":{"insertions":1,"deletions":1}}}]},{"date":"2022-11-02","commitResults":[{"hash":"1548d8f8d1ee5d728ef4e05708726e316b06ad34","messageTitle":"update","messageBody":"","fileTypesAndContributionMap":{"docs":{"insertions":1,"deletions":1}}}]}],"nitant-p":[{"date":"2022-09-19","commitResults":[{"hash":"4a744a3e023d6ffd72a1846ab50ce8fde6842726","messageTitle":"Add edit command to user guide","messageBody":"","fileTypesAndContributionMap":{"docs":{"insertions":5,"deletions":7}}}]},{"date":"2022-09-26","commitResults":[{"hash":"5a7e6e57e94e854fd542fd33ab08f00da6b20d9f","messageTitle":"Add nitant-p PPP and update AboutUs.md","messageBody":"","fileTypesAndContributionMap":{"docs":{"insertions":100,"deletions":20}}}]},{"date":"2022-09-27","commitResults":[{"hash":"bd4004e515797743f72d3b2769104e5e509ee953","messageTitle":"Change naming convention of member images","messageBody":"","fileTypesAndContributionMap":{"docs":{"insertions":2,"deletions":2}}},{"hash":"fa5dc21a45003bdea5e3a9b796e45b59345055f9","messageTitle":"Rename teammate image name","messageBody":"","fileTypesAndContributionMap":{"docs":{"insertions":1,"deletions":1}}},{"hash":"f2b396a6739256bd338c74f5276a2cf014287976","messageTitle":"Rename team member PPP file","messageBody":"","fileTypesAndContributionMap":{"docs":{"insertions":1,"deletions":1}}}]},{"date":"2022-10-04","commitResults":[{"hash":"5aaf58c9940409a7e5850c8455666fbe75477b84","messageTitle":"Update edit command test cases","messageBody":"","fileTypesAndContributionMap":{"test-code":{"insertions":206,"deletions":167}}},{"hash":"29f5ba760bda6cddcbe34702b1cb36effba9baf4","messageTitle":"Add new line EOF for EditCommandTest","messageBody":"","fileTypesAndContributionMap":{"test-code":{"insertions":1,"deletions":1}}},{"hash":"9fb7db82feecf2eb7a0f87a902b91f81a9e81431","messageTitle":"Fix check style violations","messageBody":"","fileTypesAndContributionMap":{"test-code":{"insertions":10,"deletions":5}}}]},{"date":"2022-10-10","commitResults":[{"hash":"30a601cc3ce988d32eb147ec37ca1c724a1a8186","messageTitle":"Find: Support searching by name and/or module","messageBody":"Find command can only search by name.\n\nBy allowing module searching, users can save time and find contacts\neasier depending on their motive. Users can also chain module codes\nand names to be more specific in their search.\n\nLet\u0027s,\n* update the search algorithm to tokenize the argument to search for\n  specific fields\n* update the name predicate class to accommodate for more fields\n* update the test methods to verify the correctness of the changes\n","fileTypesAndContributionMap":{"functional-code":{"insertions":158,"deletions":46},"other":{"insertions":29,"deletions":17},"test-code":{"insertions":57,"deletions":33}}},{"hash":"5a4c38c1279e282b52ef271ce5d8c00dfdcca0c6","messageTitle":"Fix check style violations","messageBody":"","fileTypesAndContributionMap":{"functional-code":{"insertions":36,"deletions":30},"test-code":{"insertions":6,"deletions":3}}},{"hash":"c53aab95c164ee1ba3c3b05df7f819ecc8ee86dc","messageTitle":"Fix test method logic","messageBody":"","fileTypesAndContributionMap":{"test-code":{"insertions":3,"deletions":4}}}]},{"date":"2022-10-11","commitResults":[{"hash":"20545dab19db69c671131c6b3105ec03d3d6dfd0","messageTitle":"Fix edit command where user input with only location field provided does not edit successfully","messageBody":"","fileTypesAndContributionMap":{"functional-code":{"insertions":1,"deletions":1}}}]},{"date":"2022-10-16","commitResults":[{"hash":"1cd4fb03affb3f64b3fcfcd9d3c230e9dee730c0","messageTitle":"Find: Support searching by all fields","messageBody":"Find command can only search by name and module code.\n\nBy allowing all fields to be specified, users can narrow down their\nsearch as much as they want. Additionally, searching by tags can be\nchained to find only persons who match all the given tags.\n\nLet\u0027s,\n* update the search algorithm to tokenize the argument to search for all\n  fields\n* update the name predicate class to accommodate for all fields\n","fileTypesAndContributionMap":{"functional-code":{"insertions":222,"deletions":40},"test-code":{"insertions":22,"deletions":11}}},{"hash":"85b8239a34773fee3b16b4547ef3da1e933b8fd8","messageTitle":"Add Find by contact type and modify find by all tags","messageBody":"","fileTypesAndContributionMap":{"functional-code":{"insertions":80,"deletions":11}}},{"hash":"c02fce1a98116bf2e97ad4584f7c4030d4b132c6","messageTitle":"Rename all tags variable","messageBody":"","fileTypesAndContributionMap":{"functional-code":{"insertions":5,"deletions":4}}}]},{"date":"2022-10-17","commitResults":[{"hash":"7afd2ad3fd31d0c1c49b9cae87a549e9de6b6737","messageTitle":"Modify find by module code to allow to search in module Set in Student Support all modules matched and some modules matched","messageBody":"","fileTypesAndContributionMap":{"functional-code":{"insertions":79,"deletions":29},"test-code":{"insertions":15,"deletions":13}}},{"hash":"d3d6c0b8fcabca748d553f4684165b6948373370","messageTitle":"Add Java Docs for some methods","messageBody":"","fileTypesAndContributionMap":{"functional-code":{"insertions":69,"deletions":29},"test-code":{"insertions":1,"deletions":1}}},{"hash":"827d770d35e35ffb70dbb198159a49f2cfa91742","messageTitle":"Add new predicate builder class to make testing easier in the future","messageBody":"","fileTypesAndContributionMap":{"test-code":{"insertions":36,"deletions":11}}},{"hash":"39736f13300a6feb8d7d61ddbf02a35715dfe0fd","messageTitle":"Add support for Find by github username","messageBody":"","fileTypesAndContributionMap":{"functional-code":{"insertions":43,"deletions":5}}},{"hash":"9ef836ca94ff0771e9d42d3ca5f1097d75236074","messageTitle":"Fix check style violations","messageBody":"","fileTypesAndContributionMap":{"functional-code":{"insertions":67,"deletions":7},"test-code":{"insertions":6,"deletions":4}}}]},{"date":"2022-10-18","commitResults":[{"hash":"335a2aa5c45434bcc81efc2bd458cd563c475d46","messageTitle":"Create find command sequence diagram and add implementation in developer guide","messageBody":"","fileTypesAndContributionMap":{"docs":{"insertions":126,"deletions":0}}},{"hash":"86a3bd0764513fc2d03d63a58e9d8520cc1fd31d","messageTitle":"Render find command sequence diagram and update DG","messageBody":"","fileTypesAndContributionMap":{"docs":{"insertions":6,"deletions":7}}}]},{"date":"2022-10-20","commitResults":[{"hash":"00a78200490639a29dec2d28bfe602a3c55709a1","messageTitle":"Support find by rating, specialisation and year","messageBody":"","fileTypesAndContributionMap":{"functional-code":{"insertions":174,"deletions":55}}}]},{"date":"2022-10-24","commitResults":[{"hash":"967730f3b360e44d7b28286b44c506d24f45db80","messageTitle":"Add list of office hours for predicate and find command parser","messageBody":"","fileTypesAndContributionMap":{"functional-code":{"insertions":54,"deletions":22}}},{"hash":"cf9c9bcd061a6cc0fc2fb96e75af7cdf841cf80d","messageTitle":"Update reverse parse from storage of office hour value to user input","messageBody":"","fileTypesAndContributionMap":{"functional-code":{"insertions":28,"deletions":1}}},{"hash":"e0163800a7c20a4a78743b87553618bd191380a9","messageTitle":"Fix bug for prof with no office time","messageBody":"","fileTypesAndContributionMap":{"functional-code":{"insertions":17,"deletions":10}}}]},{"date":"2022-10-25","commitResults":[{"hash":"fd4540dfe799f6f968c810bd26d770cc74b5fc27","messageTitle":"Update predicate equals method","messageBody":"","fileTypesAndContributionMap":{"functional-code":{"insertions":1,"deletions":4},"other":{"insertions":1,"deletions":1}}},{"hash":"5ff661f99f5c7acf49fd55192ce8e31b0f2c0975","messageTitle":"Fix checkstyle violations","messageBody":"","fileTypesAndContributionMap":{"functional-code":{"insertions":12,"deletions":2}}},{"hash":"6c13cd0cc195a73a4aecdf25e365ec066694f7ba","messageTitle":"Fix checkstyle violations","messageBody":"","fileTypesAndContributionMap":{"functional-code":{"insertions":5,"deletions":3}}},{"hash":"43af9ace32f932f60e538dc15c1716208221e4e0","messageTitle":"Add new line EOF for build gradle file","messageBody":"","fileTypesAndContributionMap":{"other":{"insertions":1,"deletions":1}}},{"hash":"6510dd8d0262fb3894e57cc84140e00253dd5d39","messageTitle":"Add comment for getUserInput() method in office hour","messageBody":"","fileTypesAndContributionMap":{"functional-code":{"insertions":6,"deletions":0}}},{"hash":"a1e794147e9594f06ce4768e7c448438d4a17b36","messageTitle":"Add basic find feature details to UG","messageBody":"","fileTypesAndContributionMap":{"docs":{"insertions":23,"deletions":4}}}]},{"date":"2022-10-26","commitResults":[{"hash":"da62e1f668de6020998f507b80025cdb93538179","messageTitle":"Update UG for Find Command","messageBody":"","fileTypesAndContributionMap":{"docs":{"insertions":57,"deletions":9}}},{"hash":"cb1ce0b1f1292575c1c2b67fd59c399edd738c4f","messageTitle":"Update UG for find","messageBody":"","fileTypesAndContributionMap":{"docs":{"insertions":1,"deletions":1}}},{"hash":"ff68349b064f1ac48fbb940026930dc54b63adf4","messageTitle":"Add Use Case for find in DG","messageBody":"","fileTypesAndContributionMap":{"docs":{"insertions":24,"deletions":0}}},{"hash":"73373d89bf0e47f0f33ce2e4e21f5ca81a2559fe","messageTitle":"Update Find Command message details","messageBody":"","fileTypesAndContributionMap":{"functional-code":{"insertions":2,"deletions":2}}}]},{"date":"2022-10-28","commitResults":[{"hash":"66bee5daa1eab958c6eee1df597770ce7b32b210","messageTitle":"Fix incorrect UG details about find command","messageBody":"","fileTypesAndContributionMap":{"docs":{"insertions":8,"deletions":9}}},{"hash":"7f7205547d11ff4f554d72761d9dcec53840a839","messageTitle":"Update EditCommandParserTest test cases","messageBody":"","fileTypesAndContributionMap":{"functional-code":{"insertions":1,"deletions":0},"test-code":{"insertions":199,"deletions":205}}}]},{"date":"2022-10-29","commitResults":[{"hash":"ccadcb684499a8aa0678e19cad5bbacda5c53405","messageTitle":"Update PersonMatchesPredicateBuilder and add test predicate lists","messageBody":"","fileTypesAndContributionMap":{"test-code":{"insertions":145,"deletions":9}}},{"hash":"94cd3823964cdffc724a96b02654ed41f3164011","messageTitle":"Add tests for FindCommand, FindCommandParser and PredicateMatchesPredicate","messageBody":"Specify error message when empty fields are provided\n","fileTypesAndContributionMap":{"functional-code":{"insertions":78,"deletions":8},"test-code":{"insertions":154,"deletions":38}}},{"hash":"39ef1ab4a55855a08100fd2d30ae8a70c297727d","messageTitle":"Fix ALL search bug:","messageBody":"The search now returns true when the user inputs a set of modules that\nare a subset of the contact\u0027s modules.\n","fileTypesAndContributionMap":{"functional-code":{"insertions":1,"deletions":1}}},{"hash":"0d514f3713bfaeb34bd85000ca28f530cb12c32c","messageTitle":"Add test cases for FindCommandParser","messageBody":"Add error message for incorrect input of tags and modules set\n\nRemove \"@\" for username from PersonCard\n","fileTypesAndContributionMap":{"functional-code":{"insertions":16,"deletions":4},"test-code":{"insertions":137,"deletions":10}}}]},{"date":"2022-10-30","commitResults":[{"hash":"b48505ea0364281b43630aaf3cd8904a3b6c364b","messageTitle":"Add test cases for PredicateMatchesPersonTest","messageBody":"Create methods in Builder classes to simplify testing\n","fileTypesAndContributionMap":{"functional-code":{"insertions":3,"deletions":1},"test-code":{"insertions":596,"deletions":9}}},{"hash":"080fc0887054398864a19ea65d1f88325c15c78b","messageTitle":"Add PersonMatchesPredicate test cases","messageBody":"","fileTypesAndContributionMap":{"functional-code":{"insertions":2,"deletions":1},"test-code":{"insertions":111,"deletions":1}}},{"hash":"49f0ed05fcc77fa78cf53290e751b3d629d8cfe7","messageTitle":"Add find command tests","messageBody":"","fileTypesAndContributionMap":{"functional-code":{"insertions":6,"deletions":4},"test-code":{"insertions":329,"deletions":108}}},{"hash":"eeb7aa109256cbdbaab6764f94951c3b4c372889","messageTitle":"Fix check style violations","messageBody":"","fileTypesAndContributionMap":{"functional-code":{"insertions":6,"deletions":7},"test-code":{"insertions":312,"deletions":172}}},{"hash":"3a455d1fec8e4039c7abdf4861b2da41d90821f1","messageTitle":"Update github username field message constraints","messageBody":"","fileTypesAndContributionMap":{"functional-code":{"insertions":2,"deletions":1}}},{"hash":"bf69c4804645acc6d0661cde81e5433a238a1ec6","messageTitle":"Update github username field message constraints","messageBody":"","fileTypesAndContributionMap":{"functional-code":{"insertions":2,"deletions":1}}},{"hash":"fbeef71a7c422348a969c55d7db5ba3c1f233e80","messageTitle":"Remove untested isSamePerson() method change","messageBody":"","fileTypesAndContributionMap":{"functional-code":{"insertions":1,"deletions":2}}},{"hash":"169c76ab5a2fb9bbec712357abce982165cfcc66","messageTitle":"Revert \"Fix check style violations\"","messageBody":"This reverts commit eeb7aa109256cbdbaab6764f94951c3b4c372889.\n","fileTypesAndContributionMap":{"functional-code":{"insertions":7,"deletions":6},"test-code":{"insertions":172,"deletions":312}}},{"hash":"34eb813cc28c50452e653b4641428b8961971e7f","messageTitle":"Revert \"Revert \"Fix check style violations\"\"","messageBody":"This reverts commit 169c76ab5a2fb9bbec712357abce982165cfcc66.\n","fileTypesAndContributionMap":{"functional-code":{"insertions":6,"deletions":7},"test-code":{"insertions":312,"deletions":172}}},{"hash":"4f4653d2c2edab3987735105b2e3fc0e051d982a","messageTitle":"Update Find Command message constraints","messageBody":"Rename FindCommandParser methods to reflect implementation\n","fileTypesAndContributionMap":{"functional-code":{"insertions":15,"deletions":13}}},{"hash":"6a6ea4762d6c6c542974775cdd501701bf8eaba2","messageTitle":"Add test cases for EditPersonDescriptor","messageBody":"","fileTypesAndContributionMap":{"test-code":{"insertions":134,"deletions":35}}}]},{"date":"2022-10-31","commitResults":[{"hash":"db9f7f722c8c4f8901e7b62b28e2fb4247edad32","messageTitle":"Add tests for EditCommandParser","messageBody":"","fileTypesAndContributionMap":{"functional-code":{"insertions":1,"deletions":1},"test-code":{"insertions":241,"deletions":37}}},{"hash":"6c4ff0603220964ce0d73d3e19308d061c3c6daf","messageTitle":"Add test cases for edit command","messageBody":"","fileTypesAndContributionMap":{"test-code":{"insertions":282,"deletions":68}}},{"hash":"46f6f041487559503db73aaa68d27d5b5e3e6b08","messageTitle":"Allow people with same name to be added as long as they are different types.","messageBody":"Add test cases to test this.\n","fileTypesAndContributionMap":{"functional-code":{"insertions":2,"deletions":1},"test-code":{"insertions":169,"deletions":27}}},{"hash":"eca7a881fdd15489f427c345c23d3a9f77940e9c","messageTitle":"Fix check style violations","messageBody":"","fileTypesAndContributionMap":{"functional-code":{"insertions":0,"deletions":2},"test-code":{"insertions":231,"deletions":69}}},{"hash":"f85bcbbbc2b9e960d25a7114da4f79d42cc2f712","messageTitle":"Dummy commit","messageBody":"","fileTypesAndContributionMap":{"test-code":{"insertions":1,"deletions":0}}},{"hash":"7377edc95dd13cbe19eb8e10f12db8099c97a2dc","messageTitle":"Reduced method length of JsonAdapted classes by splitting methods","messageBody":"","fileTypesAndContributionMap":{"functional-code":{"insertions":191,"deletions":250}}},{"hash":"8df903ede333706f040c869e79540673a1a356d7","messageTitle":"Add assertions to PersonMatchesPredicate class","messageBody":"","fileTypesAndContributionMap":{"functional-code":{"insertions":13,"deletions":0}}}]},{"date":"2022-11-01","commitResults":[{"hash":"c3edc887bd47d75e9a1334e200cad1fc6fa32c0d","messageTitle":"Fix check style violations","messageBody":"","fileTypesAndContributionMap":{"functional-code":{"insertions":29,"deletions":33}}},{"hash":"21f34114c4c516be5a15cf70d4b78d11fd5bb574","messageTitle":"Update PPP","messageBody":"","fileTypesAndContributionMap":{"docs":{"insertions":17,"deletions":55}}}]},{"date":"2022-11-03","commitResults":[{"hash":"eef4a25ed22ad7c63b0fd8cfee885114af75424f","messageTitle":"Add default module code initialisation in student builder","messageBody":"","fileTypesAndContributionMap":{"test-code":{"insertions":2,"deletions":1}}},{"hash":"a545dd6bdfd9ae8de03d3727770b4ac06778aff7","messageTitle":"Make office hour all upper case","messageBody":"","fileTypesAndContributionMap":{"functional-code":{"insertions":1,"deletions":1}}},{"hash":"2e7c6bb7fca2664a1df39c9bd5dba40dad4eb43a","messageTitle":"Update user guide to reflect same person rule","messageBody":"","fileTypesAndContributionMap":{"docs":{"insertions":4,"deletions":2}}},{"hash":"efcc249a52ea67f7b2a0fc40aeefc8fb4a4cb40f","messageTitle":"Update nitant-p PPP","messageBody":"","fileTypesAndContributionMap":{"docs":{"insertions":1,"deletions":1}}}]}]},"authorFileTypeContributionMap":{"GarethOng":{"docs":432,"functional-code":1228,"test-code":824,"other":1},"normkoh":{"docs":185,"functional-code":718,"test-code":591},"Jonaspng":{"docs":521,"functional-code":1770,"test-code":1884,"other":6},"JJoeYi":{"docs":273,"functional-code":391,"test-code":290},"nitant-p":{"docs":252,"functional-code":1063,"test-code":2590}},"authorContributionVariance":{"GarethOng":19490.238,"normkoh":14348.408,"Jonaspng":241340.05,"JJoeYi":53203.953,"nitant-p":219427.16},"authorDisplayNameMap":{"GarethOng":"CS2103T-W08-3 GARE..G YI","normkoh":"CS2103T-W08-3 KOH ..RMAN","Jonaspng":"CS2103T-W08-3 PNG ..ONAS","JJoeYi":"CS2103T-W08-3 LOW ..E YI","nitant-p":"CS2103T-W08-3 PANI..TANT"}}
