{"authorDailyContributionsMap":{"wrewsama":[{"date":"2022-09-24","commitResults":[{"hash":"6c38b1a15a72424a6cdeb0ee21bfc22b06be5e87","messageTitle":"AboutUs.md: Add andrew\u0027s info","messageBody":"","fileTypesAndContributionMap":{"docs":{"insertions":4,"deletions":4}}},{"hash":"6f28c521c26d59e063a30e607176121310b6a692","messageTitle":"andrew.md: Add skeletal PPP","messageBody":"","fileTypesAndContributionMap":{"docs":{"insertions":26,"deletions":0}}},{"hash":"80ebc41cef9a1c34afa13659b3bbc16d720e4329","messageTitle":"andrew.md: Add newline to EOF","messageBody":"","fileTypesAndContributionMap":{"docs":{"insertions":1,"deletions":1}}}]},{"date":"2022-09-26","commitResults":[{"hash":"03fa33e4ae37715e73a913a1202df07aca2c31ec","messageTitle":"wrewsama.png: rename file","messageBody":"","fileTypesAndContributionMap":{"docs":{"insertions":0,"deletions":26}}},{"hash":"95a0b786f75fd952ceea876eb97e67e9d28a74f5","messageTitle":"wrewsama.md: rename file and reflect name change in AboutUs.md","messageBody":"","fileTypesAndContributionMap":{"docs":{"insertions":28,"deletions":2}}}]},{"date":"2022-09-29","commitResults":[{"hash":"ad1181d683a06291de5f79d80f5d02eb3337a4be","messageTitle":"Add NFRs to the DG","messageBody":"","fileTypesAndContributionMap":{"docs":{"insertions":5,"deletions":3}}},{"hash":"48e5b838c074462ce0f8bffe960508c161242655","messageTitle":"Transfer UG content from google docs to markdown","messageBody":"","fileTypesAndContributionMap":{"docs":{"insertions":50,"deletions":70}}},{"hash":"91e9cc9ab54c52751388f01154ef5f6d418be224","messageTitle":"Add newline to EOF","messageBody":"","fileTypesAndContributionMap":{"docs":{"insertions":1,"deletions":1}}},{"hash":"4b2228d5911b51786fcf30a1da81b4de47909389","messageTitle":"Link vaishnav\u0027s photo to new file name","messageBody":"","fileTypesAndContributionMap":{"docs":{"insertions":1,"deletions":1}}},{"hash":"1753db0bb8edff8a9ea66cc12b51302556a50f02","messageTitle":"Edit NFR no. 4","messageBody":"","fileTypesAndContributionMap":{"docs":{"insertions":1,"deletions":1}}},{"hash":"0f92524631bca9c460ff4ea62ecf5a40f2edd5d8","messageTitle":"Clean up traces of AB3 from UG","messageBody":"","fileTypesAndContributionMap":{"docs":{"insertions":2,"deletions":40}}}]},{"date":"2022-10-01","commitResults":[{"hash":"33419fa59bfe4dc248a4784666bc2735d6c22598","messageTitle":"Remove traces of AB3 in User Guide","messageBody":"","fileTypesAndContributionMap":{"docs":{"insertions":1,"deletions":45}}}]},{"date":"2022-10-02","commitResults":[{"hash":"8a041595d7dfeaab0e0c7e08a13e02042f93d74f","messageTitle":"Add page meta","messageBody":"","fileTypesAndContributionMap":{"docs":{"insertions":5,"deletions":0}}}]},{"date":"2022-10-08","commitResults":[{"hash":"56c9a0c714a043f4db47fee2cff27c8a770ea028","messageTitle":"Ui: Add containers for profile and list of contact addresses","messageBody":"","fileTypesAndContributionMap":{"functional-code":{"insertions":83,"deletions":3}}},{"hash":"92234f32658830468db41729b9396fce3d256c48","messageTitle":"Ui: Add dp and profile info container to ProfileBox","messageBody":"","fileTypesAndContributionMap":{"functional-code":{"insertions":19,"deletions":3}}},{"hash":"8db7ec407360bad55da4d07bdbf129e6287b0569","messageTitle":"Ui: Add ProfileInfoBox","messageBody":"","fileTypesAndContributionMap":{"functional-code":{"insertions":27,"deletions":1}}},{"hash":"8e9daad37dde2fa0ec23a0759595c52023a4636c","messageTitle":"Ui: Add placeholders for ProfileInfoBox","messageBody":"","fileTypesAndContributionMap":{"functional-code":{"insertions":21,"deletions":1}}}]},{"date":"2022-10-09","commitResults":[{"hash":"148e2df4739b42f406089aafbb1ec599b72cd995","messageTitle":"Ui: Add Contact Address Cards","messageBody":"","fileTypesAndContributionMap":{"functional-code":{"insertions":49,"deletions":2}}},{"hash":"eba8b20fdf5fff8cd053ef9a054ece1662cfc631","messageTitle":"Ui: Add icons to contact address cards","messageBody":"","fileTypesAndContributionMap":{"functional-code":{"insertions":13,"deletions":4}}},{"hash":"dd164a628c7d2e80de671d185986b406605f2280","messageTitle":"Ui: Add parameters to ProfileInfoBox and ProfileBox","messageBody":"","fileTypesAndContributionMap":{"functional-code":{"insertions":14,"deletions":9}}},{"hash":"f1bde836496b00e526ce9a3a856727205b38e99c","messageTitle":"Ui: Add parameters to Contact Address Cards","messageBody":"","fileTypesAndContributionMap":{"functional-code":{"insertions":15,"deletions":8}}},{"hash":"36c76eff059a47396fa2b90f6753c9047ac581cf","messageTitle":"Ui: Write javadocs for classes and constructors","messageBody":"","fileTypesAndContributionMap":{"functional-code":{"insertions":47,"deletions":6}}},{"hash":"fb3952e481307056346f7cab213f8a4268ae4871","messageTitle":"Ui: Fix import order","messageBody":"","fileTypesAndContributionMap":{"functional-code":{"insertions":1,"deletions":1}}}]},{"date":"2022-10-13","commitResults":[{"hash":"3004b056e1df71cc5d7c3942c77710df275bda70","messageTitle":"docs: Add ContactDetailPage-related use cases to DG","messageBody":"","fileTypesAndContributionMap":{"docs":{"insertions":76,"deletions":18}}},{"hash":"b52e34ae5d334703ead9306b72f495dce0504c9d","messageTitle":"docs: Change wording in DG","messageBody":"","fileTypesAndContributionMap":{"docs":{"insertions":3,"deletions":3}}}]}],"Vshnv2001":[{"date":"2022-09-25","commitResults":[{"hash":"f9b3f98a1c42f6712c695f81129f5177223114e4","messageTitle":"Add Vaishnav\u0027s Information to AboutUs.md","messageBody":"","fileTypesAndContributionMap":{"docs":{"insertions":3,"deletions":4}}},{"hash":"bcdde751466678a65d387c041032852391d9b08a","messageTitle":"Update AboutUs.md","messageBody":"","fileTypesAndContributionMap":{"docs":{"insertions":1,"deletions":1}}}]},{"date":"2022-09-27","commitResults":[{"hash":"a6f7e4f4938bf81178a3fed167edd60ae47ace26","messageTitle":"Add Vaishnav\u0027s Skeletal PPP","messageBody":"","fileTypesAndContributionMap":{"docs":{"insertions":26,"deletions":0}}}]},{"date":"2022-10-05","commitResults":[{"hash":"7f74b35bb0689aeb36f95b691640550e9c994449","messageTitle":"Add NFR","messageBody":"","fileTypesAndContributionMap":{"docs":{"insertions":1,"deletions":0}}}]}],"arnav-ag":[{"date":"2022-09-28","commitResults":[{"hash":"b8dccb808b1620bf1c04c3ec1cd1cbdfb458803d","messageTitle":"Add info to aboutus","messageBody":"","fileTypesAndContributionMap":{"docs":{"insertions":6,"deletions":6}}}]},{"date":"2022-10-12","commitResults":[{"hash":"ea0006700043a2fbd3219c00412f96e1ffafe1fe","messageTitle":"Model: Add Contact attributes to Person Model","messageBody":"","fileTypesAndContributionMap":{"functional-code":{"insertions":263,"deletions":2}}},{"hash":"d3fb5bbc5825a47418f9450d8d2a0bcd3a395b3e","messageTitle":"Model: Fix code style","messageBody":"","fileTypesAndContributionMap":{"functional-code":{"insertions":5,"deletions":4}}}]},{"date":"2022-10-13","commitResults":[{"hash":"af213420748eda32e8469f7fe4bf8077a688ba73","messageTitle":"Model: Add contact attribute","messageBody":"","fileTypesAndContributionMap":{"functional-code":{"insertions":247,"deletions":0}}},{"hash":"184d5c4174685ede73c16401affd6c6c14aa17aa","messageTitle":"Model: Add contact to Person","messageBody":"","fileTypesAndContributionMap":{"functional-code":{"insertions":25,"deletions":2}}},{"hash":"4ce700d06e6ce94409303ab4ca163237b05482fe","messageTitle":"Parser: More readable cli syntax","messageBody":"","fileTypesAndContributionMap":{"functional-code":{"insertions":5,"deletions":5}}},{"hash":"7d9a39b3a1d8f857bd7e6fb3ceceeccb21966f0d","messageTitle":"Parser: Update more readable cli syntax","messageBody":"","fileTypesAndContributionMap":{"functional-code":{"insertions":5,"deletions":5}}},{"hash":"04f6adb5cfe678fba89d222ed705b88ac2096cdb","messageTitle":"Model: Add contact generator","messageBody":"","fileTypesAndContributionMap":{"functional-code":{"insertions":1,"deletions":1}}},{"hash":"4632ec2adf637d4a8fe351fbf0ba6b43328abce2","messageTitle":"Tests: Add contacts tests","messageBody":"","fileTypesAndContributionMap":{"test-code":{"insertions":183,"deletions":0}}}]}],"sh4nH":[{"date":"2022-09-25","commitResults":[{"hash":"e46b3ee021d06d69927a35aa0faf12e08beb0a94","messageTitle":"AboutUs.md: Add Shan\u0027s info","messageBody":"","fileTypesAndContributionMap":{"docs":{"insertions":4,"deletions":4}}},{"hash":"d94c77f54ef9943208ff8511fa3884705e6c1645","messageTitle":"Add shan.png","messageBody":"","fileTypesAndContributionMap":{"docs":{"insertions":1,"deletions":1}}},{"hash":"b3210278cdfc1856446e443bcb8f9bb59ef85d6d","messageTitle":"sh4nh.md:  Add skeletal PPP","messageBody":"","fileTypesAndContributionMap":{"docs":{"insertions":27,"deletions":1}}},{"hash":"350c78b27500226e2eb8e79e6f0ab92d40685226","messageTitle":"sh4nh.md: Add newline at EOF","messageBody":"","fileTypesAndContributionMap":{"docs":{"insertions":1,"deletions":1}}},{"hash":"ea3b3a774039397d10ccdd369bcbb498aed657c7","messageTitle":"AboutUs.md: Remove trailing whitespace","messageBody":"","fileTypesAndContributionMap":{"docs":{"insertions":1,"deletions":1}}}]},{"date":"2022-09-26","commitResults":[{"hash":"41c75bb7158c64780ae21080cc0c7b1e30f9385b","messageTitle":"AboutUs.md: Fix portfolio filename","messageBody":"","fileTypesAndContributionMap":{"docs":{"insertions":1,"deletions":1}}}]},{"date":"2022-10-11","commitResults":[{"hash":"f946573cfb6e1b0742d11527a1cedff52e79b0bf","messageTitle":"Ui: Add help panel for homepage","messageBody":"","fileTypesAndContributionMap":{"functional-code":{"insertions":8,"deletions":5}}},{"hash":"112a579f0b01e3984efe90fcdbbdab692f1d817b","messageTitle":"Ui: Add help panel for contact detail page","messageBody":"","fileTypesAndContributionMap":{"functional-code":{"insertions":6,"deletions":4}}}]}],"Tex-Tang":[{"date":"2022-09-22","commitResults":[{"hash":"a0afb27ade3f7b64201a5f222bb7ed2cb4c7ddad","messageTitle":"tex-tang.md: Add introduction","messageBody":"","fileTypesAndContributionMap":{"docs":{"insertions":26,"deletions":0}}},{"hash":"77d1e140179c42ae9af17192cbb7429025d33f3b","messageTitle":"AboutUs.md: Add tex-tang\u0027s info","messageBody":"","fileTypesAndContributionMap":{"docs":{"insertions":5,"deletions":5}}}]},{"date":"2022-09-25","commitResults":[{"hash":"9b7319f14cd802aeaffe0d8760cce4431bc29d4c","messageTitle":"README.md: Update project relevant information","messageBody":"","fileTypesAndContributionMap":{"docs":{"insertions":6,"deletions":5}}},{"hash":"a7ce050cc1fbd4adc59102ced1ff2aeef53aa72b","messageTitle":"README.md: Add newline at EOF","messageBody":"","fileTypesAndContributionMap":{"docs":{"insertions":1,"deletions":1}}},{"hash":"631620acb98a5305e626f0633889077e95b7e9b6","messageTitle":"DG: Update Developer Guide","messageBody":"","fileTypesAndContributionMap":{"docs":{"insertions":50,"deletions":27}}}]},{"date":"2022-09-26","commitResults":[{"hash":"91a0e7ad3653a457c52703b81a52b33e8b1d8465","messageTitle":"AboutUs.md: Fix Tex\u0027s name","messageBody":"","fileTypesAndContributionMap":{"docs":{"insertions":1,"deletions":1}}}]},{"date":"2022-10-05","commitResults":[{"hash":"18b4966b1260ac85ceca14c20cfac2641e0836d7","messageTitle":"Command: Add isBack to CommandResult","messageBody":"isBack() can be used for supporting BackCommand\n","fileTypesAndContributionMap":{"functional-code":{"insertions":12,"deletions":4}}},{"hash":"f8e1db255ca7d21e5057be1379a2a56bc169ef81","messageTitle":"Command: Add BackCommand","messageBody":"","fileTypesAndContributionMap":{"functional-code":{"insertions":23,"deletions":9}}},{"hash":"c2ff40654576d1d5603c957a00fb5299f426e5ce","messageTitle":"Ui: Add MainPanelName enum","messageBody":"MainPanelName enum can help us to identify the name of the main panel\n","fileTypesAndContributionMap":{"functional-code":{"insertions":18,"deletions":0}}},{"hash":"ef4563be7e09e268dcbb80518f77552193d43414","messageTitle":"Ui: Add MainPanel class","messageBody":"MainPanel class is used to define a main panel by inheriting it.\n","fileTypesAndContributionMap":{"functional-code":{"insertions":19,"deletions":0}}},{"hash":"35f3c0f8694614b4c9d7622944e3a803aae13340","messageTitle":"Ui: Add DetailPanel skeleton","messageBody":"","fileTypesAndContributionMap":{"functional-code":{"insertions":36,"deletions":0}}},{"hash":"8b6af55fbd3b9ad4a49eddca5aee592d975a7393","messageTitle":"Ui: Add navigation between main panels","messageBody":"","fileTypesAndContributionMap":{"functional-code":{"insertions":80,"deletions":6}}},{"hash":"33a4aceceb53e8754d7f326b03f5059f17f5d862","messageTitle":"Ui: Add newline at end of file","messageBody":"","fileTypesAndContributionMap":{"functional-code":{"insertions":1,"deletions":1}}},{"hash":"a123851e0b6bebdc42314c5b2c3fb534dfc427ec","messageTitle":"Test: Fix arguments errors","messageBody":"","fileTypesAndContributionMap":{"test-code":{"insertions":7,"deletions":7}}},{"hash":"5b3f5ab066d9d91239849be15550a6a0f88d0980","messageTitle":"Logic: Fix import style errors","messageBody":"","fileTypesAndContributionMap":{"functional-code":{"insertions":10,"deletions":1}}},{"hash":"9349fdd9a97a02521301a2eaa11e67aca5ea7fd3","messageTitle":"Ui: Fix checkStyle errors","messageBody":"","fileTypesAndContributionMap":{"functional-code":{"insertions":5,"deletions":10}}},{"hash":"0b0a3c26467f1de32446b38817b69e3bac655dd3","messageTitle":"Tests: Add BackCommand test","messageBody":"","fileTypesAndContributionMap":{"test-code":{"insertions":26,"deletions":8}}},{"hash":"d4639f52e7853eca0830e89e6f93803e41648899","messageTitle":"Tests: Fix checkStyle errors","messageBody":"","fileTypesAndContributionMap":{"test-code":{"insertions":13,"deletions":4}}},{"hash":"f0480babccb274a6fd6ee0a6c748a6a25a731423","messageTitle":"Tests: Add test for CommandResult","messageBody":"","fileTypesAndContributionMap":{"test-code":{"insertions":6,"deletions":0}}},{"hash":"49f81a38109f177ce4e55582e78ee6ab0c4d5987","messageTitle":"Tests: Fix equals and hashCode in CommandResult","messageBody":"","fileTypesAndContributionMap":{"functional-code":{"insertions":3,"deletions":2}}}]},{"date":"2022-10-06","commitResults":[{"hash":"d45106aaa14d7846cdcc296ded461b1c12012509","messageTitle":"Ui: Add HelpPanel skeleton","messageBody":"","fileTypesAndContributionMap":{"functional-code":{"insertions":37,"deletions":5}}},{"hash":"c043990e4b119f65bc6e369bd64d0d6b8779a7de","messageTitle":"Ui: Add DetailHelpPanel skeleton","messageBody":"","fileTypesAndContributionMap":{"functional-code":{"insertions":39,"deletions":3}}},{"hash":"f584e29e5fac5f0d428b46f63545b2800ac29a43","messageTitle":"Ui: Improve abstraction in PersonListPanel","messageBody":"We separate out the keyboard event handler and click event handler to PersonListPanel.\n","fileTypesAndContributionMap":{"functional-code":{"insertions":49,"deletions":31}}}]},{"date":"2022-10-09","commitResults":[{"hash":"83234c03ed6d23fc7674fd894cb5fa299f6d83a9","messageTitle":"Ui: Change dark theme to light theme","messageBody":"","fileTypesAndContributionMap":{"functional-code":{"insertions":6,"deletions":6},"other":{"insertions":25,"deletions":30}}}]},{"date":"2022-10-12","commitResults":[{"hash":"7bf0b611249e239e5ba485d5c09364a8f95961d5","messageTitle":"Ui: Refactor DetailPanel and ContactBox","messageBody":"","fileTypesAndContributionMap":{"functional-code":{"insertions":127,"deletions":31}}},{"hash":"5dce92227cb20f35de18253a6b26b843c79e4f41","messageTitle":"Ui: Remove unused files","messageBody":"","fileTypesAndContributionMap":{"functional-code":{"insertions":0,"deletions":208}}},{"hash":"ff0f56494dc0b9c2d3838f096ef85686cf23ff35","messageTitle":"Ui: Add EOF","messageBody":"","fileTypesAndContributionMap":{"functional-code":{"insertions":1,"deletions":1}}},{"hash":"2f51864af4b6e76029826ecd0c5df9930c1cbf08","messageTitle":"Model: Add contacts to toString","messageBody":"","fileTypesAndContributionMap":{"functional-code":{"insertions":8,"deletions":0}}},{"hash":"ae1792698c17e648848eb72fa62aac6b6cb4678b","messageTitle":"Tests: Add tests for Email and Phone","messageBody":"","fileTypesAndContributionMap":{"test-code":{"insertions":108,"deletions":0}}},{"hash":"ad54f7b6faad508eaf0b09b7e82429b626d918e4","messageTitle":"Tests: Fix codestyle","messageBody":"","fileTypesAndContributionMap":{"test-code":{"insertions":5,"deletions":5}}},{"hash":"18554577705ff910538e6570ce986cad10ff1c87","messageTitle":"Revert \"Model: Add contact attribute\"","messageBody":"","fileTypesAndContributionMap":{"functional-code":{"insertions":2,"deletions":272},"test-code":{"insertions":0,"deletions":108}}}]},{"date":"2022-10-13","commitResults":[{"hash":"f94d06575bf39a3741b76a5c7a50f00eee55d709","messageTitle":"Model: Add contact generator method","messageBody":"","fileTypesAndContributionMap":{"functional-code":{"insertions":19,"deletions":0}}},{"hash":"bdbed59b8532af2431d08e582a8ae302cc8becfc","messageTitle":"Model: Add contacts into Person constructor","messageBody":"","fileTypesAndContributionMap":{"functional-code":{"insertions":60,"deletions":11},"test-code":{"insertions":7,"deletions":1}}},{"hash":"888d74cdee756526b0d38111fc3b48d5d4c2e4f6","messageTitle":"Model: Fix comment convention","messageBody":"","fileTypesAndContributionMap":{"functional-code":{"insertions":2,"deletions":2}}},{"hash":"b11d1eeeb6aa3df8f317a016f23143f3f1cc50fd","messageTitle":"Ui: Fix raw types definition","messageBody":"","fileTypesAndContributionMap":{"functional-code":{"insertions":2,"deletions":2}}}]}]},"authorFileTypeContributionMap":{"wrewsama":{"docs":148,"functional-code":18,"test-code":0},"Vshnv2001":{"docs":29,"functional-code":0,"test-code":0},"arnav-ag":{"docs":6,"functional-code":277,"test-code":183},"sh4nH":{"docs":31,"functional-code":14,"test-code":0,"other":1},"Tex-Tang":{"docs":63,"functional-code":495,"test-code":47}},"authorContributionVariance":{"wrewsama":2899.9446,"Vshnv2001":25.418371,"arnav-ag":10134.289,"sh4nH":76.30993,"Tex-Tang":29237.5},"authorDisplayNameMap":{"wrewsama":"CS2103T-W08-2 ANDR..HENG","Vshnv2001":"CS2103T-W08-2 VAIS..ARAN","arnav-ag":"CS2103T-W08-2 ARNA..RWAL","sh4nH":"CS2103T-W08-2 SHAN..SHIR","Tex-Tang":"CS2103T-W08-2 TANG.. LIN"}}
