{"authorDailyContributionsMap":{"wrewsama":[{"date":"2022-09-24","commitResults":[{"hash":"6c38b1a15a72424a6cdeb0ee21bfc22b06be5e87","messageTitle":"AboutUs.md: Add andrew\u0027s info","messageBody":"","fileTypesAndContributionMap":{"docs":{"insertions":4,"deletions":4}}},{"hash":"6f28c521c26d59e063a30e607176121310b6a692","messageTitle":"andrew.md: Add skeletal PPP","messageBody":"","fileTypesAndContributionMap":{"docs":{"insertions":26,"deletions":0}}},{"hash":"80ebc41cef9a1c34afa13659b3bbc16d720e4329","messageTitle":"andrew.md: Add newline to EOF","messageBody":"","fileTypesAndContributionMap":{"docs":{"insertions":1,"deletions":1}}}]},{"date":"2022-09-26","commitResults":[{"hash":"03fa33e4ae37715e73a913a1202df07aca2c31ec","messageTitle":"wrewsama.png: rename file","messageBody":"","fileTypesAndContributionMap":{"docs":{"insertions":0,"deletions":26}}},{"hash":"95a0b786f75fd952ceea876eb97e67e9d28a74f5","messageTitle":"wrewsama.md: rename file and reflect name change in AboutUs.md","messageBody":"","fileTypesAndContributionMap":{"docs":{"insertions":28,"deletions":2}}}]},{"date":"2022-09-29","commitResults":[{"hash":"ad1181d683a06291de5f79d80f5d02eb3337a4be","messageTitle":"Add NFRs to the DG","messageBody":"","fileTypesAndContributionMap":{"docs":{"insertions":5,"deletions":3}}},{"hash":"48e5b838c074462ce0f8bffe960508c161242655","messageTitle":"Transfer UG content from google docs to markdown","messageBody":"","fileTypesAndContributionMap":{"docs":{"insertions":50,"deletions":70}}},{"hash":"91e9cc9ab54c52751388f01154ef5f6d418be224","messageTitle":"Add newline to EOF","messageBody":"","fileTypesAndContributionMap":{"docs":{"insertions":1,"deletions":1}}},{"hash":"4b2228d5911b51786fcf30a1da81b4de47909389","messageTitle":"Link vaishnav\u0027s photo to new file name","messageBody":"","fileTypesAndContributionMap":{"docs":{"insertions":1,"deletions":1}}},{"hash":"1753db0bb8edff8a9ea66cc12b51302556a50f02","messageTitle":"Edit NFR no. 4","messageBody":"","fileTypesAndContributionMap":{"docs":{"insertions":1,"deletions":1}}},{"hash":"0f92524631bca9c460ff4ea62ecf5a40f2edd5d8","messageTitle":"Clean up traces of AB3 from UG","messageBody":"","fileTypesAndContributionMap":{"docs":{"insertions":2,"deletions":40}}}]},{"date":"2022-10-01","commitResults":[{"hash":"33419fa59bfe4dc248a4784666bc2735d6c22598","messageTitle":"Remove traces of AB3 in User Guide","messageBody":"","fileTypesAndContributionMap":{"docs":{"insertions":1,"deletions":45}}}]},{"date":"2022-10-02","commitResults":[{"hash":"8a041595d7dfeaab0e0c7e08a13e02042f93d74f","messageTitle":"Add page meta","messageBody":"","fileTypesAndContributionMap":{"docs":{"insertions":5,"deletions":0}}}]},{"date":"2022-10-08","commitResults":[{"hash":"56c9a0c714a043f4db47fee2cff27c8a770ea028","messageTitle":"Ui: Add containers for profile and list of contact addresses","messageBody":"","fileTypesAndContributionMap":{"functional-code":{"insertions":83,"deletions":3}}},{"hash":"92234f32658830468db41729b9396fce3d256c48","messageTitle":"Ui: Add dp and profile info container to ProfileBox","messageBody":"","fileTypesAndContributionMap":{"functional-code":{"insertions":19,"deletions":3}}},{"hash":"8db7ec407360bad55da4d07bdbf129e6287b0569","messageTitle":"Ui: Add ProfileInfoBox","messageBody":"","fileTypesAndContributionMap":{"functional-code":{"insertions":27,"deletions":1}}},{"hash":"8e9daad37dde2fa0ec23a0759595c52023a4636c","messageTitle":"Ui: Add placeholders for ProfileInfoBox","messageBody":"","fileTypesAndContributionMap":{"functional-code":{"insertions":21,"deletions":1}}}]},{"date":"2022-10-09","commitResults":[{"hash":"148e2df4739b42f406089aafbb1ec599b72cd995","messageTitle":"Ui: Add Contact Address Cards","messageBody":"","fileTypesAndContributionMap":{"functional-code":{"insertions":49,"deletions":2}}},{"hash":"eba8b20fdf5fff8cd053ef9a054ece1662cfc631","messageTitle":"Ui: Add icons to contact address cards","messageBody":"","fileTypesAndContributionMap":{"functional-code":{"insertions":13,"deletions":4}}},{"hash":"dd164a628c7d2e80de671d185986b406605f2280","messageTitle":"Ui: Add parameters to ProfileInfoBox and ProfileBox","messageBody":"","fileTypesAndContributionMap":{"functional-code":{"insertions":14,"deletions":9}}},{"hash":"f1bde836496b00e526ce9a3a856727205b38e99c","messageTitle":"Ui: Add parameters to Contact Address Cards","messageBody":"","fileTypesAndContributionMap":{"functional-code":{"insertions":15,"deletions":8}}},{"hash":"36c76eff059a47396fa2b90f6753c9047ac581cf","messageTitle":"Ui: Write javadocs for classes and constructors","messageBody":"","fileTypesAndContributionMap":{"functional-code":{"insertions":47,"deletions":6}}},{"hash":"fb3952e481307056346f7cab213f8a4268ae4871","messageTitle":"Ui: Fix import order","messageBody":"","fileTypesAndContributionMap":{"functional-code":{"insertions":1,"deletions":1}}}]},{"date":"2022-10-13","commitResults":[{"hash":"3004b056e1df71cc5d7c3942c77710df275bda70","messageTitle":"docs: Add ContactDetailPage-related use cases to DG","messageBody":"","fileTypesAndContributionMap":{"docs":{"insertions":76,"deletions":18}}},{"hash":"b52e34ae5d334703ead9306b72f495dce0504c9d","messageTitle":"docs: Change wording in DG","messageBody":"","fileTypesAndContributionMap":{"docs":{"insertions":3,"deletions":3}}}]},{"date":"2022-10-15","commitResults":[{"hash":"c263a67f5efe6b2787a4cd450b429c890dcff433","messageTitle":"Logic: Add SetCommand","messageBody":"","fileTypesAndContributionMap":{"functional-code":{"insertions":67,"deletions":10}}},{"hash":"9dd99d15b03757fb01d5d91d0c17f8a353419612","messageTitle":"logic: Add arguments to SetCommand","messageBody":"","fileTypesAndContributionMap":{"functional-code":{"insertions":52,"deletions":6}}},{"hash":"9dc1e0f4e665dbca46d121efedea34b5c76e9b88","messageTitle":"Logic: Add Contact prefixes in CliSyntax","messageBody":"","fileTypesAndContributionMap":{"functional-code":{"insertions":4,"deletions":0}}},{"hash":"3588ec32efae50a99235424f463d18588af6dc59","messageTitle":"logic: refactor SetCommand to use a SetContactDescriptor","messageBody":"","fileTypesAndContributionMap":{"functional-code":{"insertions":44,"deletions":26}}},{"hash":"433b3477cf568d5a1470623f15d1f585735e3c6a","messageTitle":"logic: Add parseSlack and parseTelegram and change imports of the Phone and Email objects to the class inside the contact package.","messageBody":"","fileTypesAndContributionMap":{"functional-code":{"insertions":36,"deletions":2},"test-code":{"insertions":2,"deletions":2}}},{"hash":"a6d6f3bae6b91ead645dea995ab788531f162fec","messageTitle":"Ui: Clear Contacts before updating","messageBody":"","fileTypesAndContributionMap":{"functional-code":{"insertions":1,"deletions":0}}},{"hash":"07c74e53c16bc57b5693bf5e078c74bd8f68f30f","messageTitle":"logic: add trailing whitespace to CliSyntax prefixes to fix MESSAGE_USAGE formatting","messageBody":"","fileTypesAndContributionMap":{"functional-code":{"insertions":7,"deletions":7}}},{"hash":"93b08c2d1c276bb777c31cf62171da0e06273d77","messageTitle":"logic: write correct usage message","messageBody":"","fileTypesAndContributionMap":{"functional-code":{"insertions":10,"deletions":13}}},{"hash":"a590bce7a0ecff2d29dd830479e5bfddabeb4520","messageTitle":"logic: add set command parser","messageBody":"","fileTypesAndContributionMap":{"functional-code":{"insertions":61,"deletions":3}}},{"hash":"960cd952011302b35f42c71225a262d6d3266847","messageTitle":"logic: Fix style","messageBody":"","fileTypesAndContributionMap":{"functional-code":{"insertions":79,"deletions":35},"test-code":{"insertions":1,"deletions":1}}},{"hash":"09b4632c3ead117345570e711e6ec141d016d986","messageTitle":"logic: add equals method implementation in SetCommand and SetContactDescriptor","messageBody":"","fileTypesAndContributionMap":{"functional-code":{"insertions":20,"deletions":7}}},{"hash":"adb79aa2dad79f5c03edb9590403116ede501d07","messageTitle":"logic: rename variable telegram","messageBody":"","fileTypesAndContributionMap":{"functional-code":{"insertions":5,"deletions":5}}},{"hash":"a627032b286a9af56b4788d5517945a9c75712a0","messageTitle":"logic: trim slack and telegram inputs","messageBody":"","fileTypesAndContributionMap":{"functional-code":{"insertions":4,"deletions":4}}},{"hash":"f7dafb690cf327026b96e5ea7036bc2c4ba402cc","messageTitle":"logic: include tags in SetCommand","messageBody":"","fileTypesAndContributionMap":{"functional-code":{"insertions":4,"deletions":1}}},{"hash":"ed9404b628640df2d4833035225c13079e1185f6","messageTitle":"logic: remove unused import","messageBody":"","fileTypesAndContributionMap":{"functional-code":{"insertions":0,"deletions":1}}}]},{"date":"2022-10-19","commitResults":[{"hash":"b3f05423eba064848d221a2b0f790caf44e6ed07","messageTitle":"logic: rename SetContactDescriptor to SetPersonDescriptor","messageBody":"","fileTypesAndContributionMap":{"functional-code":{"insertions":20,"deletions":20}}},{"hash":"f5e34c69add0493fdaa23452307d1aa40c23f319","messageTitle":"logic: add new attributes to SetPersonDescriptor","messageBody":"","fileTypesAndContributionMap":{"functional-code":{"insertions":64,"deletions":4}}},{"hash":"4e5874f50ca68cd28eb01b372b772819d37a0c52","messageTitle":"logic: add new attributes to createUpdatedPerson","messageBody":"","fileTypesAndContributionMap":{"functional-code":{"insertions":7,"deletions":5}}},{"hash":"fe212627b2b75ab169abc5ead767ef17826ca7f3","messageTitle":"logic: fix Timezone sending wrong error message","messageBody":"","fileTypesAndContributionMap":{"functional-code":{"insertions":1,"deletions":1}}},{"hash":"e81521b0dad7a44d7618d6ed1ce829dc272fdfda","messageTitle":"logic: Add new attributes to SetCommandParser","messageBody":"","fileTypesAndContributionMap":{"functional-code":{"insertions":50,"deletions":2}}},{"hash":"44b9e49d3c4aee68b6cdd46bb4678be4982653f6","messageTitle":"logic: change star import","messageBody":"","fileTypesAndContributionMap":{"functional-code":{"insertions":6,"deletions":1}}},{"hash":"3da8ff1ba315b577479dfc15cb4b68fefcb5d1a0","messageTitle":"logic: add javadocs","messageBody":"","fileTypesAndContributionMap":{"functional-code":{"insertions":5,"deletions":0}}},{"hash":"de80c879546f2d36fdfd4f167762261155df94cb","messageTitle":"logic: rename arePrefixesPresent to anyPrefixesPresent","messageBody":"","fileTypesAndContributionMap":{"functional-code":{"insertions":2,"deletions":2}}},{"hash":"607d0068a04d40134c1f645cd2ab4ff9a359c053","messageTitle":"logic: rename setters","messageBody":"","fileTypesAndContributionMap":{"functional-code":{"insertions":15,"deletions":15}}}]},{"date":"2022-10-20","commitResults":[{"hash":"cca9874528a139870051fde67559ee3427439255","messageTitle":"logic: edit usage message in SetCommand","messageBody":"","fileTypesAndContributionMap":{"functional-code":{"insertions":15,"deletions":1}}},{"hash":"2cc700849704b9abb8aeefcb5ad4999199c46f3a","messageTitle":"logic: remove unnecessary comment","messageBody":"","fileTypesAndContributionMap":{"functional-code":{"insertions":0,"deletions":1}}},{"hash":"9ad41f674ea6a3609ad2962fff125079029cccd4","messageTitle":"Docs: Add sequence diagram for set command","messageBody":"","fileTypesAndContributionMap":{"docs":{"insertions":101,"deletions":0}}},{"hash":"b959b0c892b1d039ad0fee8b5b1bc49e0a027a95","messageTitle":"DG: Add implementation of Set Command","messageBody":"","fileTypesAndContributionMap":{"docs":{"insertions":32,"deletions":0}}},{"hash":"ac6a46619679870f1fe65ec63545e4b4390c21ad","messageTitle":"logic: Add spaces to Set Command\u0027s usage message","messageBody":"","fileTypesAndContributionMap":{"functional-code":{"insertions":2,"deletions":2}}},{"hash":"eead642c335343e35bd16b8d124a736f74acba21","messageTitle":"logic: Add spacing","messageBody":"","fileTypesAndContributionMap":{"functional-code":{"insertions":1,"deletions":1}}},{"hash":"e8d321194d29fcfc043494d180013479231fcbe3","messageTitle":"testutil: Add SetPersonDescriptorBuilder","messageBody":"","fileTypesAndContributionMap":{"test-code":{"insertions":98,"deletions":0}}},{"hash":"519c7c2d865d1d9de90b6592210c74c688e664e0","messageTitle":"testutil: Add setters for each contact type","messageBody":"","fileTypesAndContributionMap":{"test-code":{"insertions":35,"deletions":7}}},{"hash":"e249280d746cd22fb09531a5a929a5e7804ac4fa","messageTitle":"CommandTestUtil: add SetPersonDescriptor tests","messageBody":"","fileTypesAndContributionMap":{"test-code":{"insertions":17,"deletions":0}}}]},{"date":"2022-10-21","commitResults":[{"hash":"b9a01d7e3fc21d7ad36862e3391f337331045cc4","messageTitle":"CommandTestUtil: Add Contacts to test cases DESC_AMY and DESC_BOB","messageBody":"","fileTypesAndContributionMap":{"test-code":{"insertions":29,"deletions":8}}},{"hash":"bb809bb0116b494f073010bf09853d1cae255c84","messageTitle":"SetPersonDescriptorBuilder: Add new overloaded constructor that takes in existing descriptor","messageBody":"","fileTypesAndContributionMap":{"test-code":{"insertions":4,"deletions":0}}},{"hash":"49f07277cfd360ff599f4a3d6593db41497739c8","messageTitle":"SetCommand: add copy constructor to SetPersonDescriptor","messageBody":"","fileTypesAndContributionMap":{"functional-code":{"insertions":15,"deletions":0}}},{"hash":"3cd846c07c4f0e5cdb29e067c1560817324f4350","messageTitle":"test: Add tests for SetPersonDescriptor","messageBody":"","fileTypesAndContributionMap":{"functional-code":{"insertions":1,"deletions":2},"test-code":{"insertions":88,"deletions":1}}},{"hash":"8ce5bd2b26926d06359b5c8b464c5c119d78af6f","messageTitle":"CommandTestUtil: Add DESCs for timezone and contacts","messageBody":"","fileTypesAndContributionMap":{"test-code":{"insertions":21,"deletions":0}}},{"hash":"43cc3d56ef49dbff550107660ab1d5f3c41488a2","messageTitle":"AddressBookParserTest: Add test case for the Set Command","messageBody":"","fileTypesAndContributionMap":{"test-code":{"insertions":12,"deletions":0}}},{"hash":"ea19b9832f03c31b32dcb3999ec4fd053fd30049","messageTitle":"PersonUtil: add method to translate a given SetPersonDescriptor to its equivalent CLI command","messageBody":"","fileTypesAndContributionMap":{"test-code":{"insertions":53,"deletions":0}}},{"hash":"94c6b5fbe46284b55e1f9b38faf968c67633fecd","messageTitle":"SetCommand: Rename setContacts to setContact","messageBody":"","fileTypesAndContributionMap":{"functional-code":{"insertions":6,"deletions":16},"test-code":{"insertions":5,"deletions":5}}},{"hash":"5ee991fe2bd855c6bfc66ddfabafa2fd44ed7e08","messageTitle":"SetCommand: Add check for duplicate person","messageBody":"","fileTypesAndContributionMap":{"functional-code":{"insertions":4,"deletions":0}}}]},{"date":"2022-10-22","commitResults":[{"hash":"8403b9f546d86d904f54b13afd44eb3d98be1c7f","messageTitle":"SetPersonDescriptorBuilder: refactor withContact","messageBody":"","fileTypesAndContributionMap":{"test-code":{"insertions":29,"deletions":48}}},{"hash":"4954186cc59a2a3723cea7b66ce10dd127aa9e52","messageTitle":"SetPersonDescriptor: debug equals method null pointer exception","messageBody":"","fileTypesAndContributionMap":{"functional-code":{"insertions":3,"deletions":3}}},{"hash":"df007eb3668cf627409a200b53ec6f29a7babad9","messageTitle":"test: Add SetCommandParserTest","messageBody":"","fileTypesAndContributionMap":{"test-code":{"insertions":232,"deletions":3}}},{"hash":"f4c23c08e969add2b466f16567c7e87f93499c4e","messageTitle":"PersonBuilder: add default values for all Contacts","messageBody":"","fileTypesAndContributionMap":{"test-code":{"insertions":11,"deletions":2}}},{"hash":"0161881440929a484cf64525ff5445ecee29c401","messageTitle":"PersonBuilder: revert previous commit","messageBody":"","fileTypesAndContributionMap":{"test-code":{"insertions":2,"deletions":11}}},{"hash":"49a265584f999a4cf7f7819332da51bcf37cc181","messageTitle":"SetCommandTest: write positive test cases","messageBody":"","fileTypesAndContributionMap":{"test-code":{"insertions":155,"deletions":0}}},{"hash":"b9d9c4484f6b93497769ad3a23654bd5e7906d88","messageTitle":"SetCommandTest: write negative test cases","messageBody":"","fileTypesAndContributionMap":{"test-code":{"insertions":36,"deletions":34}}}]},{"date":"2022-10-23","commitResults":[{"hash":"d658c23c4952e90d03994292b632b3d516c605f1","messageTitle":"SetCommandParserTest: Split parse_oneFIeldSpecified_success","messageBody":"","fileTypesAndContributionMap":{"test-code":{"insertions":83,"deletions":36}}},{"hash":"b1061bf087c22773a0c4151ae2b18d2ff9a7d8f9","messageTitle":"SetCommandParserTest: remove unnecessary comments","messageBody":"","fileTypesAndContributionMap":{"test-code":{"insertions":0,"deletions":8}}}]},{"date":"2022-10-27","commitResults":[{"hash":"e3db7730896010896dd851f8e95db2bb42fde35a","messageTitle":"docs: Add folder for UG images","messageBody":"","fileTypesAndContributionMap":{"docs":{"insertions":3,"deletions":3}}},{"hash":"361bcf35c55d664067f9f194221a146687a27ff5","messageTitle":"UG: Add table of contents","messageBody":"","fileTypesAndContributionMap":{"docs":{"insertions":41,"deletions":27}}},{"hash":"5089f47f4f475b0e4d5aa39a49f59c95a9136e90","messageTitle":"UG: Standardise headers","messageBody":"","fileTypesAndContributionMap":{"docs":{"insertions":16,"deletions":16}}},{"hash":"2506af169afda409518739f9cba192866845856f","messageTitle":"UG: Add purpose of the guide","messageBody":"","fileTypesAndContributionMap":{"docs":{"insertions":4,"deletions":2}}},{"hash":"d3d7a339b94029e7f221c55f59aee8ef7b254a93","messageTitle":"UG: decrease subheading size","messageBody":"","fileTypesAndContributionMap":{"docs":{"insertions":9,"deletions":9}}},{"hash":"0f11d16a9fffe71b5e9e8b4c6c1f02f251ca602f","messageTitle":"UG: Add images to feature descriptions","messageBody":"","fileTypesAndContributionMap":{"docs":{"insertions":101,"deletions":10}}},{"hash":"d88276348ab1f106426c4c8d0d854a0ec505b76b","messageTitle":"UG: Add reset instructions to find command section","messageBody":"","fileTypesAndContributionMap":{"docs":{"insertions":9,"deletions":3}}},{"hash":"8e023244b46c9151cedce40cdc4d9aae2250a9da","messageTitle":"UG: update target audience","messageBody":"","fileTypesAndContributionMap":{"docs":{"insertions":2,"deletions":1}}},{"hash":"fb5da67b518aac58664f12012c361f5353f81ba5","messageTitle":"UG: add reset command to features and add prefix aliases section","messageBody":"","fileTypesAndContributionMap":{"docs":{"insertions":45,"deletions":11}}},{"hash":"fc0b7f843992cd6a8f450d72e5b44fbec8c28d0c","messageTitle":"UG: add explanatory text to keyboard usage example for entering person detail page","messageBody":"","fileTypesAndContributionMap":{"docs":{"insertions":2,"deletions":0}}},{"hash":"7a746e1628468638ae02ae41a43755092b6d3c16","messageTitle":"UG: Amend Command Summary","messageBody":"","fileTypesAndContributionMap":{"docs":{"insertions":24,"deletions":18}}}]},{"date":"2022-10-28","commitResults":[{"hash":"002634364652bca6e3d6a7d69b0341956e866a0f","messageTitle":"UG: add line breaks between sections","messageBody":"","fileTypesAndContributionMap":{"docs":{"insertions":29,"deletions":3}}}]}],"Vshnv2001":[{"date":"2022-09-25","commitResults":[{"hash":"f9b3f98a1c42f6712c695f81129f5177223114e4","messageTitle":"Add Vaishnav\u0027s Information to AboutUs.md","messageBody":"","fileTypesAndContributionMap":{"docs":{"insertions":3,"deletions":4}}},{"hash":"bcdde751466678a65d387c041032852391d9b08a","messageTitle":"Update AboutUs.md","messageBody":"","fileTypesAndContributionMap":{"docs":{"insertions":1,"deletions":1}}}]},{"date":"2022-09-27","commitResults":[{"hash":"a6f7e4f4938bf81178a3fed167edd60ae47ace26","messageTitle":"Add Vaishnav\u0027s Skeletal PPP","messageBody":"","fileTypesAndContributionMap":{"docs":{"insertions":26,"deletions":0}}}]},{"date":"2022-10-05","commitResults":[{"hash":"7f74b35bb0689aeb36f95b691640550e9c994449","messageTitle":"Add NFR","messageBody":"","fileTypesAndContributionMap":{"docs":{"insertions":1,"deletions":0}}}]},{"date":"2022-10-15","commitResults":[{"hash":"c60368b486371d1c64aba143b1ccbeb96a143b2f","messageTitle":"Model: Add GitHub user","messageBody":"","fileTypesAndContributionMap":{"functional-code":{"insertions":70,"deletions":2}}},{"hash":"92e718a941616b79fbdf3ff12aa126574baeaf0f","messageTitle":"Model: Fix null bugs","messageBody":"","fileTypesAndContributionMap":{"functional-code":{"insertions":3,"deletions":1}}}]},{"date":"2022-10-17","commitResults":[{"hash":"3c0668c02e56aab4c0d650711d2ead77110bb192","messageTitle":"Update NFR","messageBody":"","fileTypesAndContributionMap":{"docs":{"insertions":3,"deletions":2}}},{"hash":"4c3d890ea118d7a646ae4471362a7a488998f4b0","messageTitle":"Add Role attribute to Person","messageBody":"","fileTypesAndContributionMap":{"functional-code":{"insertions":19,"deletions":0}}}]},{"date":"2022-10-18","commitResults":[{"hash":"d73d7aa4187ef87213f30c7812ff8bd1840d2c63","messageTitle":"Add check for valid Role","messageBody":"","fileTypesAndContributionMap":{"functional-code":{"insertions":18,"deletions":1},"test-code":{"insertions":17,"deletions":9}}},{"hash":"eaf8b7ade3983247f34d2b19ca9ccf6c21fb7e24","messageTitle":"Add toString, equals and hashcode methods to Role","messageBody":"","fileTypesAndContributionMap":{"functional-code":{"insertions":29,"deletions":7}}},{"hash":"e8d3768913763bba8fbd5700cbaa8d8992ba892c","messageTitle":"Make role String in role visible","messageBody":"","fileTypesAndContributionMap":{"functional-code":{"insertions":2,"deletions":1}}},{"hash":"1a5c68d08f450eefe5a3b7ab9151f8f81420fa72","messageTitle":"Fix JavaDoc and Checkstyle issues","messageBody":"","fileTypesAndContributionMap":{"functional-code":{"insertions":7,"deletions":2}}},{"hash":"a20779a710c680d15283de81f4d4f8885ad981e9","messageTitle":"Remove trailing whitespace","messageBody":"","fileTypesAndContributionMap":{"functional-code":{"insertions":1,"deletions":1}}},{"hash":"33d40c3752fc02fbff0d7dc275525c952b9200a0","messageTitle":"Remove trailing whitespace","messageBody":"","fileTypesAndContributionMap":{"functional-code":{"insertions":0,"deletions":1}}},{"hash":"27dc89b1fef3b026a014e787f42e6ae0a900fdba","messageTitle":"Fix Checkstyle issues","messageBody":"","fileTypesAndContributionMap":{"functional-code":{"insertions":1,"deletions":2}}},{"hash":"3c1d37ff423d4b320f5935351d0902c34ad19dd5","messageTitle":"Fix checkstyle issue: Line longer than 120 characters","messageBody":"","fileTypesAndContributionMap":{"test-code":{"insertions":14,"deletions":7}}},{"hash":"c3498bc3dc98604bbd082f1a78b8924ae652742b","messageTitle":"Remove trailing whitespace","messageBody":"","fileTypesAndContributionMap":{"test-code":{"insertions":7,"deletions":7}}},{"hash":"52a099506b6e670347049d2d977a475641dc8446","messageTitle":"Add Role to Benson","messageBody":"","fileTypesAndContributionMap":{"test-code":{"insertions":14,"deletions":0}}},{"hash":"868ce7c7639fed3a6aaec33dff5509a795b048d5","messageTitle":"Fix Checkstyle","messageBody":"","fileTypesAndContributionMap":{"test-code":{"insertions":1,"deletions":1}}},{"hash":"6e08d019121c01afac6a83ad6db4d9822cd70885","messageTitle":"Fix Checkstyle","messageBody":"","fileTypesAndContributionMap":{"test-code":{"insertions":1,"deletions":1}}}]},{"date":"2022-10-19","commitResults":[{"hash":"93143e463e5f4fd3ac3431f611622dc062cb39cf","messageTitle":"Add Role to Person Constructor","messageBody":"","fileTypesAndContributionMap":{"functional-code":{"insertions":101,"deletions":12},"test-code":{"insertions":3,"deletions":1}}},{"hash":"dc139eb54e4c0c12506c8cd203b164236837cb95","messageTitle":"Remove Repo, RepoList class","messageBody":"","fileTypesAndContributionMap":{"functional-code":{"insertions":0,"deletions":45}}},{"hash":"c111036124f09f5060d221496284b5b7fdbffef8","messageTitle":"Remove redundant import","messageBody":"","fileTypesAndContributionMap":{"functional-code":{"insertions":0,"deletions":1}}}]},{"date":"2022-10-22","commitResults":[{"hash":"2a6b09dd9cfa13d0eabfacc66db38b287d45d015","messageTitle":"Add Delete User Attribute Feature to DG","messageBody":"","fileTypesAndContributionMap":{"docs":{"insertions":16,"deletions":0}}}]},{"date":"2022-10-25","commitResults":[{"hash":"e4ae48fafeb03c45ed9fb7e4da005d225e79ef8c","messageTitle":"Add Delete Command","messageBody":"","fileTypesAndContributionMap":{"functional-code":{"insertions":173,"deletions":3},"test-code":{"insertions":31,"deletions":16}}},{"hash":"375b58c91d4be3e6c90ff0c9f7337b89b893cf80","messageTitle":"Allow user to Delete Attribute without \u0027/\u0027 in command","messageBody":"","fileTypesAndContributionMap":{"functional-code":{"insertions":28,"deletions":15}}},{"hash":"21085a054e749c46a87bfb3f12e0cf3a8bbb83b9","messageTitle":"Make function name more concise","messageBody":"","fileTypesAndContributionMap":{"functional-code":{"insertions":2,"deletions":3}}},{"hash":"192bc2b9ae10641685d5d4c5ab3944c55df4d2bf","messageTitle":"Fix Message Usage","messageBody":"","fileTypesAndContributionMap":{"functional-code":{"insertions":1,"deletions":1}}},{"hash":"f912594bd623e8a5b89dafc85bf7c10cf5137335","messageTitle":"Fix Checkstyle issue","messageBody":"","fileTypesAndContributionMap":{"functional-code":{"insertions":6,"deletions":6},"docs":{"insertions":10,"deletions":10}}},{"hash":"65e7ce87a40410c2197e0fb241965bf3f00d7967","messageTitle":"Fix Checkstyle","messageBody":"","fileTypesAndContributionMap":{"functional-code":{"insertions":30,"deletions":28}}},{"hash":"e0e340ae3accbdc1cf136634c7a6cb65b8b9c530","messageTitle":"Fix Checkstyle","messageBody":"","fileTypesAndContributionMap":{"functional-code":{"insertions":9,"deletions":6}}},{"hash":"c0fd9892bc9d0217ae0c655c950546508aa9fbc4","messageTitle":"Fix Checkstyle Issues in DeleteAttributeParser","messageBody":"","fileTypesAndContributionMap":{"functional-code":{"insertions":10,"deletions":4}}},{"hash":"3d01d255334236703f53eca9c51ca0a48c1c5694","messageTitle":"Fix Checkstyle","messageBody":"","fileTypesAndContributionMap":{"functional-code":{"insertions":1,"deletions":1}}},{"hash":"ec59524c1f679148a84e11624c019297f7dd9b0d","messageTitle":"Fix Checkstyle","messageBody":"","fileTypesAndContributionMap":{"functional-code":{"insertions":1,"deletions":1}}},{"hash":"d01b142b1668a7c9bd4ee5956ab2997a57cb7c0d","messageTitle":"Edit DeleteAttributeCommand message usage","messageBody":"","fileTypesAndContributionMap":{"functional-code":{"insertions":1,"deletions":1}}},{"hash":"e01c6faba2e35726b045ff3edb4188b8ca70414d","messageTitle":"Edit DeleteAttributeCommand message usage","messageBody":"","fileTypesAndContributionMap":{"functional-code":{"insertions":1,"deletions":1}}},{"hash":"a7d7bda1789ed2f2cac1d89670fab5846c3b7747","messageTitle":"Edit DeleteAttributeCommand message usage","messageBody":"","fileTypesAndContributionMap":{"functional-code":{"insertions":7,"deletions":7}}},{"hash":"55437872815a865358ad9514a9fc61bafa402785","messageTitle":"Edit DeleteAttributeCommand message usage","messageBody":"","fileTypesAndContributionMap":{"functional-code":{"insertions":8,"deletions":8}}},{"hash":"eb840115017ef3cb9aea5d8ea26f3a8c3981cfde","messageTitle":"Edit DeleteAttributeCommand message usage","messageBody":"","fileTypesAndContributionMap":{"functional-code":{"insertions":3,"deletions":0}}},{"hash":"67e6ad48c5aaa2f3e375bcff77848664f51a7d85","messageTitle":"Edit DeleteAttributeCommand message usage","messageBody":"","fileTypesAndContributionMap":{"functional-code":{"insertions":1,"deletions":4}}},{"hash":"27aeae150c9a948ee2edd37c2e73a3489ac5f9e6","messageTitle":"Update src/main/java/seedu/address/logic/commands/DeleteAttributeCommand.java","messageBody":"Co-authored-by: Tex \u003ctex.tang102@gmail.com\u003e","fileTypesAndContributionMap":{"functional-code":{"insertions":3,"deletions":11}}}]},{"date":"2022-10-26","commitResults":[{"hash":"840cc56f7caa78300b41e19f9303aa430396546d","messageTitle":"Initialize Repo Package","messageBody":"","fileTypesAndContributionMap":{"functional-code":{"insertions":8,"deletions":0}}},{"hash":"546723e8e9bf8e2531c0861e1cf71b95f60416b4","messageTitle":"Add Repo and RepoList to Github User","messageBody":"","fileTypesAndContributionMap":{"functional-code":{"insertions":57,"deletions":0}}},{"hash":"26bd84357cc64399c6f2461eeffd3c1709306731","messageTitle":"Make fields in Repo Class immutable","messageBody":"","fileTypesAndContributionMap":{"functional-code":{"insertions":44,"deletions":7}}}]},{"date":"2022-10-28","commitResults":[{"hash":"3cdbef0d77c0733947cf0f02b3b9a35978856fc2","messageTitle":"Add Assert Statements to DeleteAttributeCommand and DeleteAttributeCommandParser","messageBody":"","fileTypesAndContributionMap":{"functional-code":{"insertions":4,"deletions":1}}}]}],"arnav-ag":[{"date":"2022-09-28","commitResults":[{"hash":"b8dccb808b1620bf1c04c3ec1cd1cbdfb458803d","messageTitle":"Add info to aboutus","messageBody":"","fileTypesAndContributionMap":{"docs":{"insertions":6,"deletions":6}}}]},{"date":"2022-10-12","commitResults":[{"hash":"ea0006700043a2fbd3219c00412f96e1ffafe1fe","messageTitle":"Model: Add Contact attributes to Person Model","messageBody":"","fileTypesAndContributionMap":{"functional-code":{"insertions":263,"deletions":2}}},{"hash":"d3fb5bbc5825a47418f9450d8d2a0bcd3a395b3e","messageTitle":"Model: Fix code style","messageBody":"","fileTypesAndContributionMap":{"functional-code":{"insertions":5,"deletions":4}}}]},{"date":"2022-10-13","commitResults":[{"hash":"af213420748eda32e8469f7fe4bf8077a688ba73","messageTitle":"Model: Add contact attribute","messageBody":"","fileTypesAndContributionMap":{"functional-code":{"insertions":247,"deletions":0}}},{"hash":"184d5c4174685ede73c16401affd6c6c14aa17aa","messageTitle":"Model: Add contact to Person","messageBody":"","fileTypesAndContributionMap":{"functional-code":{"insertions":25,"deletions":2}}},{"hash":"4ce700d06e6ce94409303ab4ca163237b05482fe","messageTitle":"Parser: More readable cli syntax","messageBody":"","fileTypesAndContributionMap":{"functional-code":{"insertions":5,"deletions":5}}},{"hash":"7d9a39b3a1d8f857bd7e6fb3ceceeccb21966f0d","messageTitle":"Parser: Update more readable cli syntax","messageBody":"","fileTypesAndContributionMap":{"functional-code":{"insertions":5,"deletions":5}}},{"hash":"04f6adb5cfe678fba89d222ed705b88ac2096cdb","messageTitle":"Model: Add contact generator","messageBody":"","fileTypesAndContributionMap":{"functional-code":{"insertions":1,"deletions":1}}},{"hash":"4632ec2adf637d4a8fe351fbf0ba6b43328abce2","messageTitle":"Tests: Add contacts tests","messageBody":"","fileTypesAndContributionMap":{"test-code":{"insertions":183,"deletions":0}}},{"hash":"a1665fce29eb5ea4a60d6fea62f7fe0c4afb26d8","messageTitle":"Remove Phone and Email attributes from Person class","messageBody":"","fileTypesAndContributionMap":{"functional-code":{"insertions":97,"deletions":189},"test-code":{"insertions":125,"deletions":319}}},{"hash":"21a3d64fff36aeed0ee8cb94a8e4cb352fb4ac05","messageTitle":"Remove phone and email prefixes from config","messageBody":"","fileTypesAndContributionMap":{"functional-code":{"insertions":11,"deletions":22}}},{"hash":"5a6f9fd3f73622e09ddf7ca750dd9b6ea1fc2874","messageTitle":"Fix checkstyle fail","messageBody":"","fileTypesAndContributionMap":{"functional-code":{"insertions":10,"deletions":10},"test-code":{"insertions":11,"deletions":26}}}]},{"date":"2022-10-14","commitResults":[{"hash":"df8030b8e79d2a9fde7bb5c7f81c61c89041cc8c","messageTitle":"Resolve master merge conflict","messageBody":"","fileTypesAndContributionMap":{"functional-code":{"insertions":0,"deletions":17}}}]},{"date":"2022-10-15","commitResults":[{"hash":"5c02db05b822ae64c63b61327dc23679c38f9e95","messageTitle":"Remove all email and phone from UI","messageBody":"","fileTypesAndContributionMap":{"functional-code":{"insertions":3,"deletions":134},"test-code":{"insertions":6,"deletions":114}}}]},{"date":"2022-10-22","commitResults":[{"hash":"18ea115224f3313ce10ab025947c732eea0f9238","messageTitle":"Add AddCommand GitHub user to DG","messageBody":"","fileTypesAndContributionMap":{"docs":{"insertions":18,"deletions":0}}}]},{"date":"2022-10-25","commitResults":[{"hash":"0b15858e5795e232bb9279c9ec0864ce4bd71a66","messageTitle":"Add GitHub API Wrapper Skeleton","messageBody":"","fileTypesAndContributionMap":{"functional-code":{"insertions":345,"deletions":0},"other":{"insertions":4,"deletions":0}}},{"hash":"c12c2d94523d7dab79af77bf31a9ae03c5347a76","messageTitle":"Modify get user info","messageBody":"","fileTypesAndContributionMap":{"functional-code":{"insertions":37,"deletions":40},"other":{"insertions":18,"deletions":18}}}]},{"date":"2022-10-26","commitResults":[{"hash":"c8bfc4fba16cc0a6356ebf5e79f27eb6065644b9","messageTitle":"Make modifications to githubwrapper","messageBody":"","fileTypesAndContributionMap":{"functional-code":{"insertions":102,"deletions":86}}},{"hash":"79d636157eb47d9352be99304271a4f4e8fd6b97","messageTitle":"Make modifications to githubwrapper","messageBody":"","fileTypesAndContributionMap":{"functional-code":{"insertions":123,"deletions":39}}},{"hash":"bf368407ad0c1ed7efc27facc353b46ab46202a9","messageTitle":"Make modifications to githubwrapper","messageBody":"","fileTypesAndContributionMap":{"functional-code":{"insertions":193,"deletions":108}}},{"hash":"e261b81995d8f6910edda8578ba00091efda5de1","messageTitle":"Make modifications to githubwrapper","messageBody":"","fileTypesAndContributionMap":{"functional-code":{"insertions":7,"deletions":4},"other":{"insertions":2,"deletions":2}}},{"hash":"1a33ed2c91247dbe209ce2fb8b43a5b7a92b18f8","messageTitle":"Make modifications to github user","messageBody":"","fileTypesAndContributionMap":{"functional-code":{"insertions":28,"deletions":28}}},{"hash":"4afdb157973771759cccff2e0feb51c837e09454","messageTitle":"Fix checkstyle issues","messageBody":"","fileTypesAndContributionMap":{"functional-code":{"insertions":92,"deletions":52}}},{"hash":"9aaccf70757443d4bd4ac34f9d2d5ca30ce0df48","messageTitle":"Refactor storage of avatar image","messageBody":"","fileTypesAndContributionMap":{"functional-code":{"insertions":167,"deletions":141}}},{"hash":"7e819e7e9764e054de713e5a34f8f8ec3170e80d","messageTitle":"Refactor storage of avatar image","messageBody":"","fileTypesAndContributionMap":{"functional-code":{"insertions":8,"deletions":0}}},{"hash":"567d8df078b9ab973bb4453f96cefe65565b1126","messageTitle":"Integrate API into User and RepoList class","messageBody":"","fileTypesAndContributionMap":{"functional-code":{"insertions":145,"deletions":91}}},{"hash":"4f190c37b438ea289647fb76d40dcdb106ba6f23","messageTitle":"Rename API wrapper package","messageBody":"","fileTypesAndContributionMap":{"functional-code":{"insertions":2,"deletions":2},"other":{"insertions":18,"deletions":18}}},{"hash":"401bb417ada4b799088724d69875b015e03abe07","messageTitle":"Fix checkstyle issues","messageBody":"","fileTypesAndContributionMap":{"functional-code":{"insertions":8,"deletions":6}}},{"hash":"d70006c6c675ab5160a9436914fc1d3e8b28b5f8","messageTitle":"Resolve review and rename methods","messageBody":"","fileTypesAndContributionMap":{"functional-code":{"insertions":3,"deletions":8}}}]},{"date":"2022-10-27","commitResults":[{"hash":"5c44357e28e5d502922847c18e22f9209a05bf4e","messageTitle":"Change variable name","messageBody":"","fileTypesAndContributionMap":{"functional-code":{"insertions":2,"deletions":2}}},{"hash":"82feade0ec55dc0b9252dbc7c46640c632909b82","messageTitle":"Add GithubUser to Add command","messageBody":"","fileTypesAndContributionMap":{"functional-code":{"insertions":219,"deletions":125},"test-code":{"insertions":37,"deletions":19}}}]},{"date":"2022-10-28","commitResults":[{"hash":"77849ad0c75834ea88b1cb2f307ffba02781a5a2","messageTitle":"Edit connection timeout to 2 seconds","messageBody":"","fileTypesAndContributionMap":{"functional-code":{"insertions":1,"deletions":1}}},{"hash":"d306eda8e9b1fe0d6b51b78e0481c1b1f2d4a199","messageTitle":"Resolve review and rename methods","messageBody":"","fileTypesAndContributionMap":{"functional-code":{"insertions":30,"deletions":18}}},{"hash":"2ce4dfdb52dd586b79e364b3546a5220e868d107","messageTitle":"Resolve review and rename methods","messageBody":"","fileTypesAndContributionMap":{"functional-code":{"insertions":44,"deletions":38}}},{"hash":"f5d393df57e125ad485382f8adf99cd8e5b16d34","messageTitle":"Add caching for GitHub user and repos","messageBody":"","fileTypesAndContributionMap":{"functional-code":{"insertions":176,"deletions":43}}},{"hash":"14cbc7c2051be871c5f3952eb41fa8b0c78ce346","messageTitle":"Fix checkstyle issues","messageBody":"","fileTypesAndContributionMap":{"functional-code":{"insertions":19,"deletions":10}}},{"hash":"ae87c7983d7da3675c921c1f398ca5cba0eb5305","messageTitle":"Fix find command","messageBody":"","fileTypesAndContributionMap":{"functional-code":{"insertions":2,"deletions":2}}},{"hash":"4d4dade39743f97fcc3b5fe048e15b00d6cc1bbd","messageTitle":"Handle exceptions","messageBody":"","fileTypesAndContributionMap":{"functional-code":{"insertions":13,"deletions":2}}}]},{"date":"2022-10-29","commitResults":[{"hash":"49cbdda85ec8b5ae991c2238372b00b63d59f1d3","messageTitle":"Add github command to UG","messageBody":"","fileTypesAndContributionMap":{"docs":{"insertions":16,"deletions":14}}},{"hash":"389f258676116b085d7ebc177dd7e5eab9eb93c8","messageTitle":"Remove RepoList and Repo Forks","messageBody":"","fileTypesAndContributionMap":{"functional-code":{"insertions":23,"deletions":77},"other":{"insertions":8,"deletions":8}}},{"hash":"850fc6fc7866259137fb8e5da5c361ab4d98da5d","messageTitle":"Make getRepoList return unmodifiable list:","messageBody":"","fileTypesAndContributionMap":{"functional-code":{"insertions":2,"deletions":1}}},{"hash":"9515a4b344532fcca4bfde5a57b005d715b2e114","messageTitle":"Make description optional","messageBody":"","fileTypesAndContributionMap":{"functional-code":{"insertions":8,"deletions":6}}},{"hash":"d32559587368fabbbb4e6030578f6e621ef16e1a","messageTitle":"Make slight refactor","messageBody":"","fileTypesAndContributionMap":{"functional-code":{"insertions":11,"deletions":11}}}]}],"sh4nH":[{"date":"2022-09-25","commitResults":[{"hash":"e46b3ee021d06d69927a35aa0faf12e08beb0a94","messageTitle":"AboutUs.md: Add Shan\u0027s info","messageBody":"","fileTypesAndContributionMap":{"docs":{"insertions":4,"deletions":4}}},{"hash":"d94c77f54ef9943208ff8511fa3884705e6c1645","messageTitle":"Add shan.png","messageBody":"","fileTypesAndContributionMap":{"docs":{"insertions":1,"deletions":1}}},{"hash":"b3210278cdfc1856446e443bcb8f9bb59ef85d6d","messageTitle":"sh4nh.md:  Add skeletal PPP","messageBody":"","fileTypesAndContributionMap":{"docs":{"insertions":27,"deletions":1}}},{"hash":"350c78b27500226e2eb8e79e6f0ab92d40685226","messageTitle":"sh4nh.md: Add newline at EOF","messageBody":"","fileTypesAndContributionMap":{"docs":{"insertions":1,"deletions":1}}},{"hash":"ea3b3a774039397d10ccdd369bcbb498aed657c7","messageTitle":"AboutUs.md: Remove trailing whitespace","messageBody":"","fileTypesAndContributionMap":{"docs":{"insertions":1,"deletions":1}}}]},{"date":"2022-09-26","commitResults":[{"hash":"41c75bb7158c64780ae21080cc0c7b1e30f9385b","messageTitle":"AboutUs.md: Fix portfolio filename","messageBody":"","fileTypesAndContributionMap":{"docs":{"insertions":1,"deletions":1}}}]},{"date":"2022-10-11","commitResults":[{"hash":"f946573cfb6e1b0742d11527a1cedff52e79b0bf","messageTitle":"Ui: Add help panel for homepage","messageBody":"","fileTypesAndContributionMap":{"functional-code":{"insertions":8,"deletions":5}}},{"hash":"112a579f0b01e3984efe90fcdbbdab692f1d817b","messageTitle":"Ui: Add help panel for contact detail page","messageBody":"","fileTypesAndContributionMap":{"functional-code":{"insertions":6,"deletions":4}}}]},{"date":"2022-10-14","commitResults":[{"hash":"6aaf9d960867f732de16d6a52bc82420725f5df7","messageTitle":"Ui: Adjust spacing for homepage help panel","messageBody":"","fileTypesAndContributionMap":{"functional-code":{"insertions":1,"deletions":1}}},{"hash":"e79b62427ff22dcbf4ac9d36e8f80bc7bafd9c91","messageTitle":"Ui: Adjust spacing for contact detail page help panel","messageBody":"","fileTypesAndContributionMap":{"functional-code":{"insertions":1,"deletions":1}}}]},{"date":"2022-10-15","commitResults":[{"hash":"cce891a4c952c201b5fc0b1da39f554c8af79dc2","messageTitle":"Ui: Adjust spacing for main help panel","messageBody":"","fileTypesAndContributionMap":{"functional-code":{"insertions":45,"deletions":6}}},{"hash":"3f1afdcfba2279a7db15faeb395e2541cc561850","messageTitle":"Ui: adjust spacing for contact detail help page","messageBody":"","fileTypesAndContributionMap":{"functional-code":{"insertions":36,"deletions":5}}}]},{"date":"2022-10-21","commitResults":[{"hash":"5b885e2a7f9156f17ef0400386dbfd06be36211c","messageTitle":"DG: add find command use case and NFR","messageBody":"","fileTypesAndContributionMap":{"docs":{"insertions":9,"deletions":8}}}]},{"date":"2022-10-25","commitResults":[{"hash":"66e1629401e6304bfd030728ce72b245006690f4","messageTitle":"logic : edit find command","messageBody":"","fileTypesAndContributionMap":{"functional-code":{"insertions":6,"deletions":2}}},{"hash":"7e9f3c3da12d3d60093e7c4509ee26a5fa2c93d9","messageTitle":"model : add new predicate class","messageBody":"","fileTypesAndContributionMap":{"functional-code":{"insertions":101,"deletions":1}}},{"hash":"fabec828b19b46d0992e2bf9937d6073d4a8c42b","messageTitle":"logic : edit find command parser","messageBody":"","fileTypesAndContributionMap":{"functional-code":{"insertions":2,"deletions":3}}},{"hash":"7a6fa1044f2fea24ab8629444ae97a3cd8f16630","messageTitle":"model : edit matchesAddress method","messageBody":"","fileTypesAndContributionMap":{"functional-code":{"insertions":2,"deletions":2}}}]},{"date":"2022-10-27","commitResults":[{"hash":"62d24ff8f3a0a0b85695527856300acc4a057988","messageTitle":"model : edit matchesAddress matchesRole methods and add comments","messageBody":"","fileTypesAndContributionMap":{"functional-code":{"insertions":63,"deletions":17}}},{"hash":"d989b11bdae4d20e183fe23ca36c90dfd019e47a","messageTitle":"fix checkstyle","messageBody":"","fileTypesAndContributionMap":{"functional-code":{"insertions":12,"deletions":21}}},{"hash":"8bdf3a34dba87f38cf95128a6063100c9b17278b","messageTitle":"fix checkstyle","messageBody":"","fileTypesAndContributionMap":{"functional-code":{"insertions":3,"deletions":4}}},{"hash":"5325ed9aedb96d26af953b49d0005feb4c5f0cd0","messageTitle":"fix checkstyle","messageBody":"","fileTypesAndContributionMap":{"functional-code":{"insertions":12,"deletions":10}}},{"hash":"2c2c00b60c0b7c1ed0a5cdc267abef7b7f45aaa0","messageTitle":"fix checkstyle","messageBody":"","fileTypesAndContributionMap":{"functional-code":{"insertions":5,"deletions":1}}},{"hash":"0a85561137ff8da526cbd53ad694f290e9baea0f","messageTitle":"fix checkstyle","messageBody":"","fileTypesAndContributionMap":{"functional-code":{"insertions":0,"deletions":1}}},{"hash":"50caa208df7810df9cb9639dfabb1f885a3da05a","messageTitle":"changes to comments and access modifier","messageBody":"","fileTypesAndContributionMap":{"functional-code":{"insertions":58,"deletions":28}}},{"hash":"ec0abea5057d9b5aca9a3f0f1f2bfccdb0a3d92e","messageTitle":"checkstyle fix","messageBody":"","fileTypesAndContributionMap":{"functional-code":{"insertions":11,"deletions":13}}},{"hash":"d7385496d607951c94649b093cfc465ef357a333","messageTitle":"checkstyle fix","messageBody":"","fileTypesAndContributionMap":{"functional-code":{"insertions":7,"deletions":7}}},{"hash":"63524f3bf60918d3c06a905bdce06219c3ff62b4","messageTitle":"access modifier change","messageBody":"","fileTypesAndContributionMap":{"functional-code":{"insertions":1,"deletions":1}}}]},{"date":"2022-10-28","commitResults":[{"hash":"7ced70bd4785cb20afaae37bf5a5b5d16b3eb405","messageTitle":"Delete NameContainsKeywordPredicate class","messageBody":"","fileTypesAndContributionMap":{"functional-code":{"insertions":10,"deletions":46},"test-code":{"insertions":9,"deletions":13}}},{"hash":"595003c8ecb307de5238a1d7e51854b8e03aff57","messageTitle":"Docs: Update find command description","messageBody":"","fileTypesAndContributionMap":{"docs":{"insertions":12,"deletions":1}}},{"hash":"7118827af47280a1fe9ab5a1472e022ff8fcd972","messageTitle":"fix merge conflict","messageBody":"","fileTypesAndContributionMap":{"test-code":{"insertions":2,"deletions":1}}},{"hash":"5c547b5e711b8249e407abf4b46ffea6d192016f","messageTitle":"fix style issues","messageBody":"","fileTypesAndContributionMap":{"functional-code":{"insertions":5,"deletions":17}}},{"hash":"98aeb2c391fb27c77808f4c266bd7d78ec903fe3","messageTitle":"merge conflict fix","messageBody":"","fileTypesAndContributionMap":{"test-code":{"insertions":0,"deletions":1}}},{"hash":"e5931528a8e93e82d584ea3984fc45421683f081","messageTitle":"style fix","messageBody":"","fileTypesAndContributionMap":{"functional-code":{"insertions":1,"deletions":1}}},{"hash":"db75d0f81b9129d6b876d6a9ac94b78f7ce5e556","messageTitle":"fix merge conflict","messageBody":"","fileTypesAndContributionMap":{"test-code":{"insertions":7,"deletions":2}}},{"hash":"dd63008135ddd46b160b9526b1bd82a38aff2fd7","messageTitle":"no message","messageBody":"","fileTypesAndContributionMap":{"test-code":{"insertions":293,"deletions":293}}},{"hash":"e92a993d1c13d70b5bdd03c58712361373868192","messageTitle":"fix style","messageBody":"","fileTypesAndContributionMap":{"docs":{"insertions":4,"deletions":4},"test-code":{"insertions":1,"deletions":1}}},{"hash":"62738ca7aaaf91e2d7a7961bf0762ab9ec1b4e98","messageTitle":"fix build issues","messageBody":"","fileTypesAndContributionMap":{"test-code":{"insertions":323,"deletions":323}}},{"hash":"27b6786f6429ff011d4e1426e22e16c7c6520de7","messageTitle":"fix build issues","messageBody":"","fileTypesAndContributionMap":{"test-code":{"insertions":616,"deletions":616}}},{"hash":"0a6c9de7a4654f11ed41ff8cf6310089dd5c8972","messageTitle":"fix","messageBody":"","fileTypesAndContributionMap":{"test-code":{"insertions":25,"deletions":0}}},{"hash":"79f94b7fbb0824279f9802cbd0c17a5588557bba","messageTitle":"fix","messageBody":"","fileTypesAndContributionMap":{"docs":{"insertions":1,"deletions":1},"test-code":{"insertions":2,"deletions":2}}},{"hash":"215f0977b1fd3914b9e3e0c44063b3e0be03bf88","messageTitle":"fix build issues","messageBody":"","fileTypesAndContributionMap":{"test-code":{"insertions":21,"deletions":21}}},{"hash":"b6613468c32317bc7577ea6dc0917b2201a7540a","messageTitle":"fix checkstyle","messageBody":"","fileTypesAndContributionMap":{"test-code":{"insertions":4,"deletions":12}}},{"hash":"44bf5b7f092968ad41e52db90943a40fc2faa53c","messageTitle":"fix build issues","messageBody":"","fileTypesAndContributionMap":{"test-code":{"insertions":77,"deletions":77}}},{"hash":"32b68d1c72cc304a0b8da8d847d6a7dfbbc10e2b","messageTitle":"fix issue","messageBody":"","fileTypesAndContributionMap":{"test-code":{"insertions":0,"deletions":3}}},{"hash":"20162d9a8a4a7a839653037fc3cf4aee5d3972b1","messageTitle":"unused imports","messageBody":"","fileTypesAndContributionMap":{"test-code":{"insertions":0,"deletions":1}}},{"hash":"14586255fa6f7859b440093383b79052e8d5648b","messageTitle":"Add assertions to find command","messageBody":"","fileTypesAndContributionMap":{"functional-code":{"insertions":11,"deletions":2}}},{"hash":"01e28d2f9a08274fe53d245cbf905a896aaab2fc","messageTitle":"fix errors","messageBody":"","fileTypesAndContributionMap":{"functional-code":{"insertions":2,"deletions":4}}}]}],"Tex-Tang":[{"date":"2022-09-22","commitResults":[{"hash":"a0afb27ade3f7b64201a5f222bb7ed2cb4c7ddad","messageTitle":"tex-tang.md: Add introduction","messageBody":"","fileTypesAndContributionMap":{"docs":{"insertions":26,"deletions":0}}},{"hash":"77d1e140179c42ae9af17192cbb7429025d33f3b","messageTitle":"AboutUs.md: Add tex-tang\u0027s info","messageBody":"","fileTypesAndContributionMap":{"docs":{"insertions":5,"deletions":5}}}]},{"date":"2022-09-25","commitResults":[{"hash":"9b7319f14cd802aeaffe0d8760cce4431bc29d4c","messageTitle":"README.md: Update project relevant information","messageBody":"","fileTypesAndContributionMap":{"docs":{"insertions":6,"deletions":5}}},{"hash":"a7ce050cc1fbd4adc59102ced1ff2aeef53aa72b","messageTitle":"README.md: Add newline at EOF","messageBody":"","fileTypesAndContributionMap":{"docs":{"insertions":1,"deletions":1}}},{"hash":"631620acb98a5305e626f0633889077e95b7e9b6","messageTitle":"DG: Update Developer Guide","messageBody":"","fileTypesAndContributionMap":{"docs":{"insertions":50,"deletions":27}}}]},{"date":"2022-09-26","commitResults":[{"hash":"91a0e7ad3653a457c52703b81a52b33e8b1d8465","messageTitle":"AboutUs.md: Fix Tex\u0027s name","messageBody":"","fileTypesAndContributionMap":{"docs":{"insertions":1,"deletions":1}}}]},{"date":"2022-10-05","commitResults":[{"hash":"18b4966b1260ac85ceca14c20cfac2641e0836d7","messageTitle":"Command: Add isBack to CommandResult","messageBody":"isBack() can be used for supporting BackCommand\n","fileTypesAndContributionMap":{"functional-code":{"insertions":12,"deletions":4}}},{"hash":"f8e1db255ca7d21e5057be1379a2a56bc169ef81","messageTitle":"Command: Add BackCommand","messageBody":"","fileTypesAndContributionMap":{"functional-code":{"insertions":23,"deletions":9}}},{"hash":"c2ff40654576d1d5603c957a00fb5299f426e5ce","messageTitle":"Ui: Add MainPanelName enum","messageBody":"MainPanelName enum can help us to identify the name of the main panel\n","fileTypesAndContributionMap":{"functional-code":{"insertions":18,"deletions":0}}},{"hash":"ef4563be7e09e268dcbb80518f77552193d43414","messageTitle":"Ui: Add MainPanel class","messageBody":"MainPanel class is used to define a main panel by inheriting it.\n","fileTypesAndContributionMap":{"functional-code":{"insertions":19,"deletions":0}}},{"hash":"35f3c0f8694614b4c9d7622944e3a803aae13340","messageTitle":"Ui: Add DetailPanel skeleton","messageBody":"","fileTypesAndContributionMap":{"functional-code":{"insertions":36,"deletions":0}}},{"hash":"8b6af55fbd3b9ad4a49eddca5aee592d975a7393","messageTitle":"Ui: Add navigation between main panels","messageBody":"","fileTypesAndContributionMap":{"functional-code":{"insertions":80,"deletions":6}}},{"hash":"33a4aceceb53e8754d7f326b03f5059f17f5d862","messageTitle":"Ui: Add newline at end of file","messageBody":"","fileTypesAndContributionMap":{"functional-code":{"insertions":1,"deletions":1}}},{"hash":"a123851e0b6bebdc42314c5b2c3fb534dfc427ec","messageTitle":"Test: Fix arguments errors","messageBody":"","fileTypesAndContributionMap":{"test-code":{"insertions":7,"deletions":7}}},{"hash":"5b3f5ab066d9d91239849be15550a6a0f88d0980","messageTitle":"Logic: Fix import style errors","messageBody":"","fileTypesAndContributionMap":{"functional-code":{"insertions":10,"deletions":1}}},{"hash":"9349fdd9a97a02521301a2eaa11e67aca5ea7fd3","messageTitle":"Ui: Fix checkStyle errors","messageBody":"","fileTypesAndContributionMap":{"functional-code":{"insertions":5,"deletions":10}}},{"hash":"0b0a3c26467f1de32446b38817b69e3bac655dd3","messageTitle":"Tests: Add BackCommand test","messageBody":"","fileTypesAndContributionMap":{"test-code":{"insertions":26,"deletions":8}}},{"hash":"d4639f52e7853eca0830e89e6f93803e41648899","messageTitle":"Tests: Fix checkStyle errors","messageBody":"","fileTypesAndContributionMap":{"test-code":{"insertions":13,"deletions":4}}},{"hash":"f0480babccb274a6fd6ee0a6c748a6a25a731423","messageTitle":"Tests: Add test for CommandResult","messageBody":"","fileTypesAndContributionMap":{"test-code":{"insertions":6,"deletions":0}}},{"hash":"49f81a38109f177ce4e55582e78ee6ab0c4d5987","messageTitle":"Tests: Fix equals and hashCode in CommandResult","messageBody":"","fileTypesAndContributionMap":{"functional-code":{"insertions":3,"deletions":2}}}]},{"date":"2022-10-06","commitResults":[{"hash":"d45106aaa14d7846cdcc296ded461b1c12012509","messageTitle":"Ui: Add HelpPanel skeleton","messageBody":"","fileTypesAndContributionMap":{"functional-code":{"insertions":37,"deletions":5}}},{"hash":"c043990e4b119f65bc6e369bd64d0d6b8779a7de","messageTitle":"Ui: Add DetailHelpPanel skeleton","messageBody":"","fileTypesAndContributionMap":{"functional-code":{"insertions":39,"deletions":3}}},{"hash":"f584e29e5fac5f0d428b46f63545b2800ac29a43","messageTitle":"Ui: Improve abstraction in PersonListPanel","messageBody":"We separate out the keyboard event handler and click event handler to PersonListPanel.\n","fileTypesAndContributionMap":{"functional-code":{"insertions":49,"deletions":31}}}]},{"date":"2022-10-09","commitResults":[{"hash":"83234c03ed6d23fc7674fd894cb5fa299f6d83a9","messageTitle":"Ui: Change dark theme to light theme","messageBody":"","fileTypesAndContributionMap":{"functional-code":{"insertions":6,"deletions":6},"other":{"insertions":25,"deletions":30}}}]},{"date":"2022-10-12","commitResults":[{"hash":"7bf0b611249e239e5ba485d5c09364a8f95961d5","messageTitle":"Ui: Refactor DetailPanel and ContactBox","messageBody":"","fileTypesAndContributionMap":{"functional-code":{"insertions":127,"deletions":31}}},{"hash":"5dce92227cb20f35de18253a6b26b843c79e4f41","messageTitle":"Ui: Remove unused files","messageBody":"","fileTypesAndContributionMap":{"functional-code":{"insertions":0,"deletions":208}}},{"hash":"ff0f56494dc0b9c2d3838f096ef85686cf23ff35","messageTitle":"Ui: Add EOF","messageBody":"","fileTypesAndContributionMap":{"functional-code":{"insertions":1,"deletions":1}}},{"hash":"2f51864af4b6e76029826ecd0c5df9930c1cbf08","messageTitle":"Model: Add contacts to toString","messageBody":"","fileTypesAndContributionMap":{"functional-code":{"insertions":8,"deletions":0}}},{"hash":"ae1792698c17e648848eb72fa62aac6b6cb4678b","messageTitle":"Tests: Add tests for Email and Phone","messageBody":"","fileTypesAndContributionMap":{"test-code":{"insertions":108,"deletions":0}}},{"hash":"d6a29ffc7b56f9e8eeb28dce0a871a3528c7a789","messageTitle":"Ui: Integrate contact into ContactDetailPanel","messageBody":"","fileTypesAndContributionMap":{"functional-code":{"insertions":18,"deletions":11}}},{"hash":"ad54f7b6faad508eaf0b09b7e82429b626d918e4","messageTitle":"Tests: Fix codestyle","messageBody":"","fileTypesAndContributionMap":{"test-code":{"insertions":5,"deletions":5}}},{"hash":"198b96e006911c9ce8d162aacb2c41fc656f6bcf","messageTitle":"Model: Remove unused imports","messageBody":"","fileTypesAndContributionMap":{"functional-code":{"insertions":0,"deletions":4}}},{"hash":"7ec2a313b46ee99dc085fe3d3f685f080a20450c","messageTitle":"Ui: Add HyperLink","messageBody":"","fileTypesAndContributionMap":{"functional-code":{"insertions":25,"deletions":4}}},{"hash":"5a9d41ab5aed55c8a0f226b544921bebd59067a4","messageTitle":"Ui: Fix codeStyle","messageBody":"","fileTypesAndContributionMap":{"functional-code":{"insertions":4,"deletions":5}}},{"hash":"18554577705ff910538e6570ce986cad10ff1c87","messageTitle":"Revert \"Model: Add contact attribute\"","messageBody":"","fileTypesAndContributionMap":{"functional-code":{"insertions":2,"deletions":272},"test-code":{"insertions":0,"deletions":108}}}]},{"date":"2022-10-13","commitResults":[{"hash":"f94d06575bf39a3741b76a5c7a50f00eee55d709","messageTitle":"Model: Add contact generator method","messageBody":"","fileTypesAndContributionMap":{"functional-code":{"insertions":19,"deletions":0}}},{"hash":"bdbed59b8532af2431d08e582a8ae302cc8becfc","messageTitle":"Model: Add contacts into Person constructor","messageBody":"","fileTypesAndContributionMap":{"functional-code":{"insertions":60,"deletions":11},"test-code":{"insertions":7,"deletions":1}}},{"hash":"888d74cdee756526b0d38111fc3b48d5d4c2e4f6","messageTitle":"Model: Fix comment convention","messageBody":"","fileTypesAndContributionMap":{"functional-code":{"insertions":2,"deletions":2}}},{"hash":"b11d1eeeb6aa3df8f317a016f23143f3f1cc50fd","messageTitle":"Ui: Fix raw types definition","messageBody":"","fileTypesAndContributionMap":{"functional-code":{"insertions":2,"deletions":2}}},{"hash":"537d7b0048173741e7b8ebf8da2212ea23d321f6","messageTitle":"Command: Categorize commands into different main panel","messageBody":"","fileTypesAndContributionMap":{"functional-code":{"insertions":80,"deletions":4}}},{"hash":"77bc5cc6618e9c1dfa7f8335aead664de103a28d","messageTitle":"Command: Fix checkStyle","messageBody":"","fileTypesAndContributionMap":{"functional-code":{"insertions":2,"deletions":1}}},{"hash":"46ff26055356abca743cb9e3a76b8bafecd474d6","messageTitle":"Logic: Fix tests","messageBody":"","fileTypesAndContributionMap":{"test-code":{"insertions":3,"deletions":2}}},{"hash":"a9bf8b6390a17d97cb6368a4d1936a81eafd6413","messageTitle":"Command: Fix comment convention","messageBody":"","fileTypesAndContributionMap":{"functional-code":{"insertions":1,"deletions":1}}},{"hash":"31610e05ae5dc083c69924b2f2e9d95c7cc3d617","messageTitle":"Ui: Bind data to DetailPanel","messageBody":"","fileTypesAndContributionMap":{"functional-code":{"insertions":107,"deletions":19},"test-code":{"insertions":11,"deletions":0}}},{"hash":"8e6f27244d2c3b8b830824ca30ae4c9daf3a83c4","messageTitle":"Ui: Fix checkStyle","messageBody":"","fileTypesAndContributionMap":{"functional-code":{"insertions":4,"deletions":3},"test-code":{"insertions":1,"deletions":1}}},{"hash":"4956f39b5c4f71b863f5e8262f9172f4e02bb821","messageTitle":"Model: Add useful comment","messageBody":"","fileTypesAndContributionMap":{"functional-code":{"insertions":2,"deletions":0}}}]},{"date":"2022-10-14","commitResults":[{"hash":"c9a6a52de346603d7c60c9d9b2e2986930bb74a0","messageTitle":"Ui: Fix enum comparison operator","messageBody":"","fileTypesAndContributionMap":{"functional-code":{"insertions":3,"deletions":3}}},{"hash":"539e800f04be42374662fd91f9d03b4384189fe2","messageTitle":"Command: Fix enum comparision operator","messageBody":"","fileTypesAndContributionMap":{"functional-code":{"insertions":6,"deletions":6}}},{"hash":"81a1a8cb59a5aba49feff22674535e31cbc1ab78","messageTitle":"Command: Fix enum comparison operator","messageBody":"","fileTypesAndContributionMap":{"functional-code":{"insertions":1,"deletions":1}}},{"hash":"a6ce5dfcab8d9fc1365d347d7c627778214a0882","messageTitle":"Ui: Fix error messages","messageBody":"","fileTypesAndContributionMap":{"functional-code":{"insertions":2,"deletions":2}}},{"hash":"c7de4c88e87603c2e125c701abe77a3793bcc885","messageTitle":"Ui: Fix bug","messageBody":"","fileTypesAndContributionMap":{"functional-code":{"insertions":1,"deletions":1}}}]},{"date":"2022-10-15","commitResults":[{"hash":"fee540b25ef01f5aa42b57bf1014f4a9c3d872c9","messageTitle":"Ui: Change Help panel font","messageBody":"","fileTypesAndContributionMap":{"functional-code":{"insertions":45,"deletions":60}}},{"hash":"26020ae7c5c31c0e6df9507041dfecbc5461db50","messageTitle":"Ui: Add EOF","messageBody":"","fileTypesAndContributionMap":{"functional-code":{"insertions":1,"deletions":1}}},{"hash":"f8f13b856f1835b0044ef3656d2c114ce537c5e6","messageTitle":"Storage: Add contacts to Person","messageBody":"","fileTypesAndContributionMap":{"functional-code":{"insertions":56,"deletions":3},"test-code":{"insertions":26,"deletions":9}}},{"hash":"5c784871324386e2aad5bd21bf8058454635911c","messageTitle":"Tests: Add storage tests","messageBody":"","fileTypesAndContributionMap":{"functional-code":{"insertions":8,"deletions":0},"test-code":{"insertions":36,"deletions":0}}},{"hash":"b35d273178ce48297a4e15639f1e917f290cefa8","messageTitle":"Storage: Fix JSONAdaptedTag","messageBody":"","fileTypesAndContributionMap":{"functional-code":{"insertions":5,"deletions":1}}},{"hash":"0f3702eb877765be68ca274fcdec51dd3827500d","messageTitle":"Storage: Fix code style","messageBody":"","fileTypesAndContributionMap":{"functional-code":{"insertions":1,"deletions":0}}}]},{"date":"2022-10-16","commitResults":[{"hash":"4a80c47c3fa52be4c3abe7829eae6f444a543806","messageTitle":"Command: Update cli syntax","messageBody":"","fileTypesAndContributionMap":{"functional-code":{"insertions":7,"deletions":7}}},{"hash":"cd81c0f188b003e45ea3f0feacfdabda7a3d8543","messageTitle":"Ui: Update Ui styles","messageBody":"","fileTypesAndContributionMap":{"functional-code":{"insertions":198,"deletions":203}}},{"hash":"a10ec7de482efcf6efd59b2d06cbbd3d6682285f","messageTitle":"Ui: Remove Menubar","messageBody":"","fileTypesAndContributionMap":{"functional-code":{"insertions":0,"deletions":36}}},{"hash":"95510a44d1f4ab3b24f3b2c949b62afe7d797b3f","messageTitle":"Ui: Fix code style","messageBody":"","fileTypesAndContributionMap":{"functional-code":{"insertions":38,"deletions":53}}},{"hash":"e6bf1e25f441dc09d5ee539eb4f3e3c0cfdb06da","messageTitle":"Ui: Add EOF","messageBody":"","fileTypesAndContributionMap":{"functional-code":{"insertions":1,"deletions":1}}},{"hash":"a8ddac0458d1de3ec152e5c841ec1e6d7d507252","messageTitle":"Ui: Remove unused code","messageBody":"","fileTypesAndContributionMap":{"functional-code":{"insertions":0,"deletions":6}}}]},{"date":"2022-10-17","commitResults":[{"hash":"77b23e6015cb210dd1487fcadc6b20c7380e316f","messageTitle":"Command: Remove Edit Command","messageBody":"","fileTypesAndContributionMap":{"functional-code":{"insertions":0,"deletions":277},"test-code":{"insertions":0,"deletions":501}}},{"hash":"850dfed2760670272e100810b5f6165d4687b1c4","messageTitle":"Model: Fix telegram link","messageBody":"","fileTypesAndContributionMap":{"functional-code":{"insertions":5,"deletions":2}}},{"hash":"705ce752f7b58c9f0201640ede31424ebb477cc8","messageTitle":"Model: Fix telegram link","messageBody":"","fileTypesAndContributionMap":{"functional-code":{"insertions":7,"deletions":5}}},{"hash":"8d1f212f499d0927744665b6834ef2b6e95958ea","messageTitle":"Command: Change List to Reset command","messageBody":"","fileTypesAndContributionMap":{"functional-code":{"insertions":3,"deletions":3},"other":{"insertions":6,"deletions":6},"test-code":{"insertions":7,"deletions":7}}},{"hash":"2194eaf85b381e4b8ab341712a93f2c60a46d5d8","messageTitle":"Command: Fix reset command word","messageBody":"","fileTypesAndContributionMap":{"functional-code":{"insertions":1,"deletions":1}}},{"hash":"af2c6591de1c6ed0c280e081b24b21ec07ba729c","messageTitle":"Ui: Fix person list panel ui","messageBody":"","fileTypesAndContributionMap":{"functional-code":{"insertions":6,"deletions":1}}},{"hash":"6457ba864b9e8d336d700917ffe0315747bdca25","messageTitle":"Gradle: Enable Assertions","messageBody":"","fileTypesAndContributionMap":{"other":{"insertions":3,"deletions":0}}}]},{"date":"2022-10-18","commitResults":[{"hash":"89be667b1f7d2a7f2bd044fee91d9937d893db5e","messageTitle":"Ui: Add logging to ContactBox","messageBody":"","fileTypesAndContributionMap":{"functional-code":{"insertions":6,"deletions":0}}},{"hash":"205d277222291c972235e45ac128458095f40d8a","messageTitle":"Ui: Remove unused import","messageBody":"","fileTypesAndContributionMap":{"functional-code":{"insertions":0,"deletions":1}}},{"hash":"b5ad58aef6024bf26e5e7d87a5e932172b12a0a3","messageTitle":"DG: Update Ui in DG","messageBody":"","fileTypesAndContributionMap":{"docs":{"insertions":19,"deletions":3}}},{"hash":"6d0a06cdcd468d36e4d6d5fa02abfb47210a6458","messageTitle":"Docs: Update UiClassDiagram.puml","messageBody":"","fileTypesAndContributionMap":{"docs":{"insertions":4,"deletions":4}}}]},{"date":"2022-10-19","commitResults":[{"hash":"341b40e7bfcaa81be7fa4e51d490f435a614f682","messageTitle":"Test: Add role","messageBody":"","fileTypesAndContributionMap":{"functional-code":{"insertions":15,"deletions":11},"test-code":{"insertions":29,"deletions":38}}},{"hash":"46566d9f49e3a535fd63277a96cb8b33e08d3a37","messageTitle":"Parser: Add contacts to AddcommandParser","messageBody":"","fileTypesAndContributionMap":{"functional-code":{"insertions":28,"deletions":7}}},{"hash":"484e2ece2f6d8ca163c58c5fe352cd6777d6531b","messageTitle":"Test: Fix checkStyle issues","messageBody":"","fileTypesAndContributionMap":{"test-code":{"insertions":45,"deletions":13}}},{"hash":"e3dbe28b69f13f07d63ccec91d15c2d09af503e2","messageTitle":"Command: Add contacts to usage","messageBody":"","fileTypesAndContributionMap":{"functional-code":{"insertions":6,"deletions":4}}},{"hash":"84a22b99d00a69737c53b0a98253b947fef0514a","messageTitle":"Logic: Fix checkStyle issues","messageBody":"","fileTypesAndContributionMap":{"functional-code":{"insertions":9,"deletions":3}}},{"hash":"b48cbfbeffe5f503e3dfbb6f28a8f6edd7aed71d","messageTitle":"Parser: Remove unused code","messageBody":"","fileTypesAndContributionMap":{"functional-code":{"insertions":0,"deletions":8}}},{"hash":"6e7e75c7b10244277652d606a52c2c2f4ac1c59a","messageTitle":"Model: Add timezone attribute","messageBody":"","fileTypesAndContributionMap":{"functional-code":{"insertions":85,"deletions":25},"test-code":{"insertions":27,"deletions":12}}},{"hash":"e0d58326996a875fdbc64c20355b0124c77f8d58","messageTitle":"Model: Add Timezone","messageBody":"","fileTypesAndContributionMap":{"functional-code":{"insertions":47,"deletions":0}}},{"hash":"dbca0dff8cab225fb771c2cf9f61890d33eb9308","messageTitle":"Modal: Fix checkStyle issues","messageBody":"","fileTypesAndContributionMap":{"functional-code":{"insertions":10,"deletions":3},"test-code":{"insertions":0,"deletions":1}}}]},{"date":"2022-10-21","commitResults":[{"hash":"f252076fd2dc9d3a21d7dd4d24296d39be71f897","messageTitle":"Model: Fix typo","messageBody":"","fileTypesAndContributionMap":{"functional-code":{"insertions":1,"deletions":1}}},{"hash":"e278656331cbbc2009e15f398b953e371e79cadc","messageTitle":"Storage: Fix optional role","messageBody":"","fileTypesAndContributionMap":{"functional-code":{"insertions":10,"deletions":13}}},{"hash":"5bffa6cc60a41bc09778828f27b2c2d9e13bb70d","messageTitle":"Model: Fix person equals","messageBody":"","fileTypesAndContributionMap":{"functional-code":{"insertions":2,"deletions":0}}},{"hash":"e23c235d382c2f38da451eac91967fae3247ca85","messageTitle":"Storage: Fix checkStyle","messageBody":"","fileTypesAndContributionMap":{"functional-code":{"insertions":2,"deletions":1}}},{"hash":"229b0e51a854e0419c0abfaf450448baf3d3a01b","messageTitle":"Command: Fix AddCommand usage","messageBody":"","fileTypesAndContributionMap":{"functional-code":{"insertions":5,"deletions":5}}},{"hash":"a9142ed05694ef7015ab4644485104d6d97facda","messageTitle":"Model: Make Role and Timezone optional","messageBody":"","fileTypesAndContributionMap":{"functional-code":{"insertions":18,"deletions":19},"test-code":{"insertions":15,"deletions":19}}},{"hash":"66939707b2245b9fd2146442ac8a98297216131c","messageTitle":"Test: Fix checkStyle","messageBody":"","fileTypesAndContributionMap":{"test-code":{"insertions":15,"deletions":4}}},{"hash":"09b9d39b63cf461276c8cdd5b2fd90b11d0e95fa","messageTitle":"Test: Fix test","messageBody":"","fileTypesAndContributionMap":{"test-code":{"insertions":22,"deletions":0}}},{"hash":"5c76335d43c3d88cd860c8907d3a6bde40797dab","messageTitle":"Ui: Integrate Role and Timezone attributes into Ui","messageBody":"","fileTypesAndContributionMap":{"functional-code":{"insertions":40,"deletions":8}}}]},{"date":"2022-10-22","commitResults":[{"hash":"00c19cf0f605f322e5a4049bd4e16efa8f82300f","messageTitle":"docs: update user guide","messageBody":"","fileTypesAndContributionMap":{"functional-code":{"insertions":4,"deletions":0},"docs":{"insertions":52,"deletions":51}}},{"hash":"f30c872fb67c41ffcc76dc70ceb226c38fd154ce","messageTitle":"docs: Update UserGuide","messageBody":"","fileTypesAndContributionMap":{"docs":{"insertions":10,"deletions":9}}},{"hash":"090734812f36094fc421d1e7119345263cc3d3ee","messageTitle":"Model: update slack constraints","messageBody":"","fileTypesAndContributionMap":{"functional-code":{"insertions":4,"deletions":2}}},{"hash":"3dcf1aaf6604e486e3c651902cfe730d6964b25c","messageTitle":"Ui: Fix ui integration","messageBody":"","fileTypesAndContributionMap":{"functional-code":{"insertions":2,"deletions":7}}},{"hash":"74049ad0b97b499357ede73e7d2f9de2da21da07","messageTitle":"Ui: Fix checkStyle","messageBody":"","fileTypesAndContributionMap":{"functional-code":{"insertions":3,"deletions":3}}},{"hash":"d0893846fcae2be938b6ab5e5beb03eef2bbd315","messageTitle":"Readme: Add icons license","messageBody":"","fileTypesAndContributionMap":{"docs":{"insertions":2,"deletions":1}}}]},{"date":"2022-10-24","commitResults":[{"hash":"3cd43321fe09cea07dd2099656da6dba555b0965","messageTitle":"Ui: Add ESC key binding with back","messageBody":"","fileTypesAndContributionMap":{"functional-code":{"insertions":13,"deletions":0}}},{"hash":"a073cd01b40929239b1f641f2b81c194ca13ccc3","messageTitle":"Ui: Remove unused method","messageBody":"","fileTypesAndContributionMap":{"functional-code":{"insertions":0,"deletions":4}}},{"hash":"a7800a05d92374e03eeda97a1d26d5f019f7ecde","messageTitle":"Ui: Remove unused import","messageBody":"","fileTypesAndContributionMap":{"functional-code":{"insertions":0,"deletions":1}}},{"hash":"e49e335facadb94cb05050c79cad16a298a7a574","messageTitle":"UserGuide: Update UserGuide","messageBody":"","fileTypesAndContributionMap":{"docs":{"insertions":78,"deletions":10}}}]},{"date":"2022-10-25","commitResults":[{"hash":"bc3a63c4f4cf11ef5152c120cf41ed77bf420d41","messageTitle":"Logic: Add alias to prefix","messageBody":"","fileTypesAndContributionMap":{"functional-code":{"insertions":53,"deletions":25},"test-code":{"insertions":20,"deletions":0}}},{"hash":"871a13804ac64acbccf7a4f5365d1e4feeabd485","messageTitle":"Model: sort person list","messageBody":"","fileTypesAndContributionMap":{"functional-code":{"insertions":19,"deletions":7},"test-code":{"insertions":39,"deletions":5}}},{"hash":"52230fc7ebbec106c16ab171a09f037996f8bff6","messageTitle":"Model: Fix checkStyle issue","messageBody":"","fileTypesAndContributionMap":{"functional-code":{"insertions":0,"deletions":7},"test-code":{"insertions":0,"deletions":1}}},{"hash":"df040c300c93ebc5a88c146a881718b0af245fc2","messageTitle":"Model: Make address field optional","messageBody":"","fileTypesAndContributionMap":{"functional-code":{"insertions":29,"deletions":24},"test-code":{"insertions":40,"deletions":19}}},{"hash":"20dd610852b6d766168252804a96700a9200bf1f","messageTitle":"Test: Fix checkStyle","messageBody":"","fileTypesAndContributionMap":{"test-code":{"insertions":2,"deletions":3}}},{"hash":"e1c9851dae03da9f7fb3a9ed78ea7ed68f2b7641","messageTitle":"Model: Fix toString","messageBody":"","fileTypesAndContributionMap":{"functional-code":{"insertions":2,"deletions":3}}},{"hash":"c5112f68799ade655fa2be7ca196e3c4b2bd4fe6","messageTitle":"Logic: Fix SetCommand","messageBody":"","fileTypesAndContributionMap":{"functional-code":{"insertions":5,"deletions":5}}},{"hash":"acd630bafacd87572d8984eb5747f9ae3798c13c","messageTitle":"Ui: Fix DetailPanel","messageBody":"","fileTypesAndContributionMap":{"functional-code":{"insertions":2,"deletions":2}}},{"hash":"78e275c5407575595cb03cad0a4f2683a9d16af1","messageTitle":"Logic: Fix equals in SetCommand","messageBody":"","fileTypesAndContributionMap":{"functional-code":{"insertions":1,"deletions":1}}},{"hash":"773005573028f6b21f5225bb6daf7617a58c7e57","messageTitle":"Test: Add tests for role and timezone","messageBody":"","fileTypesAndContributionMap":{"functional-code":{"insertions":15,"deletions":2},"test-code":{"insertions":37,"deletions":0}}},{"hash":"0cbbb44dec7459b9a470742f8578c99baf618610","messageTitle":"Test: Add test for Role","messageBody":"","fileTypesAndContributionMap":{"test-code":{"insertions":39,"deletions":0}}},{"hash":"7d2d9dc87969c8689af14ee8ed76a3f11012c81d","messageTitle":"Test: Add test for equals method","messageBody":"","fileTypesAndContributionMap":{"test-code":{"insertions":106,"deletions":0}}},{"hash":"70e3c67bbf5e84284c24f97dec3ccbedcb40ca14","messageTitle":"Test: Fix checkStyle issues","messageBody":"","fileTypesAndContributionMap":{"test-code":{"insertions":17,"deletions":1}}},{"hash":"b2d1782db7a6f6fb0a74f2b11f8a8edb48241051","messageTitle":"Model: Fix compareTo","messageBody":"","fileTypesAndContributionMap":{"functional-code":{"insertions":8,"deletions":3}}},{"hash":"73648a97837420eb772a1c82e60fc06d526eb2b1","messageTitle":"Test: Fix SetCommandTest","messageBody":"","fileTypesAndContributionMap":{"test-code":{"insertions":2,"deletions":2}}},{"hash":"d516ea2d5c884b4d34edfb072135de15aae56305","messageTitle":"Logic: Improve HelpCommand","messageBody":"","fileTypesAndContributionMap":{"functional-code":{"insertions":106,"deletions":7}}},{"hash":"23cff49a55a5ae510318fe0811e237369d8d1637","messageTitle":"Test: Fix HelpCommand test","messageBody":"","fileTypesAndContributionMap":{"test-code":{"insertions":1,"deletions":1}}},{"hash":"63c08d61e4412679d264e38fb401c019686aed5c","messageTitle":"Logic: Fix sorted person list logic","messageBody":"","fileTypesAndContributionMap":{"functional-code":{"insertions":15,"deletions":15},"test-code":{"insertions":56,"deletions":64}}},{"hash":"21f0b265948964e18f954abaefa88b44997c2625","messageTitle":"Test: Fix checkStyle","messageBody":"","fileTypesAndContributionMap":{"test-code":{"insertions":3,"deletions":1}}},{"hash":"8a88a7a076f0d833c1f4d756e144a8f5c17f57da","messageTitle":"Logic: Refactor abstraction","messageBody":"","fileTypesAndContributionMap":{"functional-code":{"insertions":35,"deletions":6},"test-code":{"insertions":65,"deletions":46}}},{"hash":"3a5eaf1681aeadd17722d6b1e5f1e5e6e6132d7a","messageTitle":"Logic: Fix checkStyle","messageBody":"","fileTypesAndContributionMap":{"functional-code":{"insertions":0,"deletions":1},"test-code":{"insertions":1,"deletions":4}}},{"hash":"24fa8ae7383f941764b8d62e2448b1f3ea6a80ec","messageTitle":"Command: Add SortCommand","messageBody":"","fileTypesAndContributionMap":{"functional-code":{"insertions":186,"deletions":4}}}]},{"date":"2022-10-26","commitResults":[{"hash":"5150c01f4057481ab701588ea255dc16bc77a472","messageTitle":"Command: Improve abstraction","messageBody":"","fileTypesAndContributionMap":{"functional-code":{"insertions":45,"deletions":39}}},{"hash":"f9af3a2eecf6eb1d0d01131281afe443c44390ff","messageTitle":"Logic: Add descending sort","messageBody":"","fileTypesAndContributionMap":{"functional-code":{"insertions":23,"deletions":6}}},{"hash":"c52e2b544f03dab7237b7b8b6b3aa52ca66b1b2b","messageTitle":"Logic: Fix checkStyle","messageBody":"","fileTypesAndContributionMap":{"functional-code":{"insertions":10,"deletions":15}}},{"hash":"d2ad109bc4bdd006b3bf81250388977c40caa741","messageTitle":"Logic: Remove unused prefix","messageBody":"","fileTypesAndContributionMap":{"functional-code":{"insertions":0,"deletions":1}}},{"hash":"3bafd0425e434d755cd5abfe20863795af6d903b","messageTitle":"Ui: Update help panels","messageBody":"","fileTypesAndContributionMap":{"functional-code":{"insertions":65,"deletions":57}}},{"hash":"fed8d4e98a93a83ed654bcf96f40d7968e24b672","messageTitle":"Ui: Update help panels","messageBody":"","fileTypesAndContributionMap":{"functional-code":{"insertions":8,"deletions":4}}},{"hash":"e55f1f660b2e46d5815723c2e66a4061d60dc374","messageTitle":"Logic: Fix SortCommand","messageBody":"","fileTypesAndContributionMap":{"functional-code":{"insertions":2,"deletions":2}}},{"hash":"8b9663ab468921cc5b55a9f20079dce3b8be6793","messageTitle":"Logic: Fix contacts in DeleteAttributeCommand","messageBody":"","fileTypesAndContributionMap":{"functional-code":{"insertions":11,"deletions":15}}},{"hash":"dc59de799e24cbf038c19ddaf3f430112bd21cc3","messageTitle":"Logic: Remove unused import","messageBody":"","fileTypesAndContributionMap":{"functional-code":{"insertions":0,"deletions":1}}},{"hash":"5ea696c1b6a7d0f8fbe21b79f8fdc46ccf7968f3","messageTitle":"Logic: Fix DeleteCommand","messageBody":"DeleteCommand using the list before sorted, so it delete the wrong\nelement.\n\nUsing `sortedFilteredList` instead of `filteredList` solve the issue.\n","fileTypesAndContributionMap":{"functional-code":{"insertions":1,"deletions":1}}},{"hash":"919d83eb11ead3407b334bf2b1844b08f9c3363e","messageTitle":"Comamnd: Add sort usage to HelpCommand","messageBody":"","fileTypesAndContributionMap":{"functional-code":{"insertions":4,"deletions":0}}},{"hash":"35e88e2abc61a27c4e66d5f0b7c83deb51ed9e13","messageTitle":"Docs: Update UserGuide","messageBody":"","fileTypesAndContributionMap":{"docs":{"insertions":24,"deletions":12}}}]},{"date":"2022-10-27","commitResults":[{"hash":"da4644409eb21d8189dfecd2d9c9bc807c399ce1","messageTitle":"Docs: Update UiClassDiagram in DeveloperGuide","messageBody":"","fileTypesAndContributionMap":{"docs":{"insertions":3,"deletions":0}}},{"hash":"e47c831887953ade841fa27ba4e76d2cba431a5c","messageTitle":"Command: Update ResetCommand","messageBody":"Reset command now can reset sorting comparator to `DEFAULT_COMPARATOR`\n","fileTypesAndContributionMap":{"functional-code":{"insertions":7,"deletions":1}}}]},{"date":"2022-10-28","commitResults":[{"hash":"dd0d62ea9bf223ea9ec2f4dc9d50643e2d71dbc5","messageTitle":"Ui: Fix address label viisbility","messageBody":"","fileTypesAndContributionMap":{"functional-code":{"insertions":3,"deletions":0}}},{"hash":"c6f34e906243721174a1d71bf7e13c2e62a6600d","messageTitle":"Ui: Fix checkStyle","messageBody":"","fileTypesAndContributionMap":{"functional-code":{"insertions":0,"deletions":2}}}]},{"date":"2022-10-29","commitResults":[{"hash":"a7e9c80f8639601c20a51b7a6091d8ef6b0e9140","messageTitle":"Command: Fix SortCommand usage","messageBody":"","fileTypesAndContributionMap":{"functional-code":{"insertions":5,"deletions":0}}},{"hash":"43809fa026da7af2c8216666cd997c9d6642c1db","messageTitle":"Command: Fix SortCommand usage","messageBody":"","fileTypesAndContributionMap":{"functional-code":{"insertions":1,"deletions":1}}},{"hash":"e6bfd7b3f4e7ca997711386699f8440cfac1dcbc","messageTitle":"Ui: Fix help page usage","messageBody":"","fileTypesAndContributionMap":{"functional-code":{"insertions":2,"deletions":2}}}]}]},"authorFileTypeContributionMap":{"wrewsama":{"docs":436,"functional-code":392,"test-code":647},"Vshnv2001":{"docs":47,"functional-code":311,"test-code":18},"arnav-ag":{"docs":31,"functional-code":1248,"test-code":156,"other":4},"sh4nH":{"docs":49,"functional-code":176,"test-code":230,"other":1},"Tex-Tang":{"docs":124,"functional-code":1568,"test-code":432,"other":3}},"authorContributionVariance":{"wrewsama":18919.36,"Vshnv2001":5687.3223,"arnav-ag":92564.49,"sh4nH":183114.03,"Tex-Tang":70815.42},"authorDisplayNameMap":{"wrewsama":"CS2103T-W08-2 ANDR..HENG","Vshnv2001":"CS2103T-W08-2 VAIS..ARAN","arnav-ag":"CS2103T-W08-2 ARNA..RWAL","sh4nH":"CS2103T-W08-2 SHAN..SHIR","Tex-Tang":"CS2103T-W08-2 TANG.. LIN"}}
