{"authorDailyContributionsMap":{"BlopApple":[{"date":"2022-09-27","commitResults":[{"hash":"6a1b9a6be926bb14c14cf993ce803ceaae704f9d","messageTitle":"Update list tasks and view tasks features in User Guide","messageBody":"","fileTypesAndContributionMap":{"docs":{"insertions":35,"deletions":0}}},{"hash":"b74502596e32e04423ff5b6f0423526fdc70cd59","messageTitle":"Update user profile and value proposition in Developer Guide for v1.2","messageBody":"","fileTypesAndContributionMap":{"docs":{"insertions":6,"deletions":3}}},{"hash":"18fcdd342ebf52655b3ef7d6bd3467063539f976","messageTitle":"Update user stories in Developer Guide for v1.2","messageBody":"","fileTypesAndContributionMap":{"docs":{"insertions":42,"deletions":9}}}]},{"date":"2022-09-28","commitResults":[{"hash":"e3c9d228a89f53e01c7b1fd7b0e10111d364aa5a","messageTitle":"Update glossary and reorder user stories in Developer Guide","messageBody":"","fileTypesAndContributionMap":{"docs":{"insertions":18,"deletions":16}}},{"hash":"6072962571d5ba2f9674f036d4c41781be4a8d0e","messageTitle":"Add Jun Jie\u0027s Project Portfolio Page","messageBody":"","fileTypesAndContributionMap":{"docs":{"insertions":38,"deletions":0}}},{"hash":"f1547243c35dec089cac359948f891095d246315","messageTitle":"Update use cases for list task and view task feature in the Developer Guide for v1.2","messageBody":"","fileTypesAndContributionMap":{"docs":{"insertions":45,"deletions":1}}}]},{"date":"2022-09-30","commitResults":[{"hash":"675ff20906cfd7d3495dacec7f5c9971f6b4e7af","messageTitle":"Update Jun Jie\u0027s photo in About Us","messageBody":"","fileTypesAndContributionMap":{"docs":{"insertions":6,"deletions":14}}}]},{"date":"2022-10-08","commitResults":[{"hash":"3eb5aa11758ba90024a7515111df4e509c51a14a","messageTitle":"Add ListTaskCommand and update AddressBookParser","messageBody":"","fileTypesAndContributionMap":{"functional-code":{"insertions":28,"deletions":0}}},{"hash":"f07212591212e282d0420b79b432fe6dd1617df7","messageTitle":"Add basic GUI update after ListTaskCommand","messageBody":"","fileTypesAndContributionMap":{"functional-code":{"insertions":60,"deletions":4},"test-code":{"insertions":11,"deletions":0}}},{"hash":"3ac26599a547ebc4c16f0c0c40d70c327480357e","messageTitle":"Add better GUI update after ListTaskCommand","messageBody":"","fileTypesAndContributionMap":{"functional-code":{"insertions":78,"deletions":3}}},{"hash":"20ae64ffcf8d24cba3e213b3ab4a8930b577557e","messageTitle":"Add ViewTaskCommand and update AddressBookParser","messageBody":"","fileTypesAndContributionMap":{"functional-code":{"insertions":81,"deletions":0}}},{"hash":"7c703875e911791c06f61ff45d3a77411847aea6","messageTitle":"Fix ListTaskCommand to only display patients with tasks","messageBody":"","fileTypesAndContributionMap":{"functional-code":{"insertions":1,"deletions":2}}},{"hash":"ef20bd1a974fffede5f35d52c50819976ae1ba25","messageTitle":"Remove unused variable in ViewTaskCommandParser","messageBody":"","fileTypesAndContributionMap":{"functional-code":{"insertions":0,"deletions":3}}},{"hash":"7c688bd0f92343e4491bf5e51aa658021aa18c9a","messageTitle":"Fix merge conflicts","messageBody":"","fileTypesAndContributionMap":{"functional-code":{"insertions":2,"deletions":2}}},{"hash":"dbf27b16907cc040a3c960199a9c3ab418ee07c0","messageTitle":"Add gui changes to viewTask and list commands","messageBody":"","fileTypesAndContributionMap":{"functional-code":{"insertions":2,"deletions":0}}},{"hash":"b1d8e1a3a5f194d49264ff8e27d6610d16655a4a","messageTitle":"Move logic of task list flag","messageBody":"Remove explicitly setting the task list flag and move the logic into\nupdateFilteredPersonList instead.\n","fileTypesAndContributionMap":{"functional-code":{"insertions":15,"deletions":13},"test-code":{"insertions":1,"deletions":1}}}]},{"date":"2022-10-16","commitResults":[{"hash":"f3eea67cfb23869591e532d32c88260ee9b56a45","messageTitle":"Update file names from AddressBook to UninurseBook","messageBody":"Update all occurences of AddressBook to UninurseBook\nUpdate package name from seedu.address to seedu.uninurse\n","fileTypesAndContributionMap":{"functional-code":{"insertions":235,"deletions":235},"other":{"insertions":561,"deletions":561},"test-code":{"insertions":767,"deletions":767}}},{"hash":"df910ab0a8a852b35bc75eeacaa0d86a737e10a9","messageTitle":"Fix custom import errors and other filenames","messageBody":"","fileTypesAndContributionMap":{"functional-code":{"insertions":6,"deletions":6},"other":{"insertions":3,"deletions":3},"test-code":{"insertions":9,"deletions":9}}}]},{"date":"2022-10-17","commitResults":[{"hash":"ee06f0c5a0f4763533f6f75fd7b9009b26a90ee9","messageTitle":"Fix test cases to accept command types","messageBody":"","fileTypesAndContributionMap":{"functional-code":{"insertions":4,"deletions":2},"other":{"insertions":55,"deletions":43}}},{"hash":"cb3d8cae973b3d86ce87aa53bbef4e71049dce79","messageTitle":"Update package name in test to uninurse","messageBody":"","fileTypesAndContributionMap":{"other":{"insertions":0,"deletions":0}}}]},{"date":"2022-10-19","commitResults":[{"hash":"2ccab1a7675cbc2737a390f79890b8557c810309","messageTitle":"Add base Medication class","messageBody":"","fileTypesAndContributionMap":{"functional-code":{"insertions":63,"deletions":0}}},{"hash":"dcad4d9f56bd307c5e3982f96a6ce58c095bd6bc","messageTitle":"Add base MedicationList class","messageBody":"","fileTypesAndContributionMap":{"functional-code":{"insertions":127,"deletions":0}}},{"hash":"786ec798667edc00842fcec4967e03ba4f83cd96","messageTitle":"Fix minor checkstyle issues","messageBody":"","fileTypesAndContributionMap":{"functional-code":{"insertions":2,"deletions":2}}},{"hash":"ce182508e68cffaf7494ec884ecf076b7326f596","messageTitle":"Add test cases for Medication class","messageBody":"","fileTypesAndContributionMap":{"functional-code":{"insertions":4,"deletions":3},"test-code":{"insertions":136,"deletions":5}}},{"hash":"22c9205c7ffae0d90464751e7ee7c5843346c9b2","messageTitle":"Add test cases for MedicationList class","messageBody":"","fileTypesAndContributionMap":{"functional-code":{"insertions":32,"deletions":2},"test-code":{"insertions":133,"deletions":0}}},{"hash":"4e4bbaad7bfb12e57ae4388692241e80b1f03de5","messageTitle":"Fix minor bugs in javadocs","messageBody":"","fileTypesAndContributionMap":{"functional-code":{"insertions":4,"deletions":4}}},{"hash":"e5f0eef0b23f91a9cda8933f74552aafff696891","messageTitle":"Add base Remark class","messageBody":"","fileTypesAndContributionMap":{"functional-code":{"insertions":55,"deletions":0}}},{"hash":"f149cbe285f5feeff5add9773a991c346f95276b","messageTitle":"Fix minor bugs in javadocs","messageBody":"","fileTypesAndContributionMap":{"functional-code":{"insertions":1,"deletions":1}}},{"hash":"95bba7ebac25f3a4479aad20c356ae662ab4d875","messageTitle":"Add base RemarkList class","messageBody":"","fileTypesAndContributionMap":{"functional-code":{"insertions":157,"deletions":0}}},{"hash":"f279aab496232eb37321552856e74eafda2f24e1","messageTitle":"Add test cases for Remark class","messageBody":"","fileTypesAndContributionMap":{"test-code":{"insertions":88,"deletions":0}}},{"hash":"adcf6a365a4b822d8b181c672bd0ee8752b9f559","messageTitle":"Add test cases for RemarkList class","messageBody":"","fileTypesAndContributionMap":{"test-code":{"insertions":133,"deletions":0}}}]},{"date":"2022-10-20","commitResults":[{"hash":"7b1a7a144966237f9dda1b81bddfb3e85636ba2c","messageTitle":"Fix minor bugs","messageBody":"","fileTypesAndContributionMap":{"functional-code":{"insertions":2,"deletions":1}}},{"hash":"d6f67a95c68cf9ba85c79476ae3d3b40d1aca77d","messageTitle":"Fix minor bugs","messageBody":"","fileTypesAndContributionMap":{"functional-code":{"insertions":1,"deletions":0}}}]},{"date":"2022-10-21","commitResults":[{"hash":"0962e157a13b122fec75ef0e9b4f789351d0fa21","messageTitle":"Fix paddings and resizability of main window","messageBody":"","fileTypesAndContributionMap":{"functional-code":{"insertions":90,"deletions":101},"other":{"insertions":2,"deletions":3}}},{"hash":"a12e5146bae6dd8028eaa0af86a1f280b9ff69f6","messageTitle":"Fix paddings and resizability of updated person card","messageBody":"","fileTypesAndContributionMap":{"functional-code":{"insertions":102,"deletions":101}}},{"hash":"23cdc66068671c6e5e3c954e8715915d85744af0","messageTitle":"Fix paddings and resizability of tasklist card","messageBody":"","fileTypesAndContributionMap":{"functional-code":{"insertions":57,"deletions":49}}},{"hash":"58502558e19f860a5fb3b25cd7b1947d0c7ce419","messageTitle":"Fix merge conflicts","messageBody":"","fileTypesAndContributionMap":{"functional-code":{"insertions":7,"deletions":6},"test-code":{"insertions":4,"deletions":2}}}]},{"date":"2022-10-22","commitResults":[{"hash":"7b06c5c5130685e3bb61a299b8e5540ef8d8d88d","messageTitle":"Add implementation of listTask and viewTask commands","messageBody":"","fileTypesAndContributionMap":{"docs":{"insertions":219,"deletions":0}}},{"hash":"90becc16ef07c338a6cad7b45d9d3d8d89c1ba4d","messageTitle":"Fix minor issues","messageBody":"","fileTypesAndContributionMap":{"docs":{"insertions":2,"deletions":2}}}]},{"date":"2022-10-23","commitResults":[{"hash":"af30e594ac2bdabf1d075407f45bea410949fb84","messageTitle":"Add class level variable CommandType to existing commands","messageBody":"","fileTypesAndContributionMap":{"functional-code":{"insertions":66,"deletions":45},"test-code":{"insertions":0,"deletions":1}}},{"hash":"1e2c63a3064449a81a59bf0a8b740c6691595409","messageTitle":"Fix relevant test cases","messageBody":"","fileTypesAndContributionMap":{"test-code":{"insertions":43,"deletions":30}}},{"hash":"1aa4c4c4069add2ff70eeec5a03c8e2e3baa9d06","messageTitle":"Update Patient with new constructors","messageBody":"","fileTypesAndContributionMap":{"functional-code":{"insertions":41,"deletions":44}}},{"hash":"b8cdc8a98db513dc204580ac45f07303efb61810","messageTitle":"Fix minor inconsistencies in task related commands","messageBody":"","fileTypesAndContributionMap":{"functional-code":{"insertions":9,"deletions":5},"test-code":{"insertions":5,"deletions":3}}},{"hash":"b2b6dc5be5cd98b4de2fe95d67c1e8e057b78fc5","messageTitle":"Update message response for editTask and deleteTask commands","messageBody":"","fileTypesAndContributionMap":{"functional-code":{"insertions":8,"deletions":6},"test-code":{"insertions":4,"deletions":3}}},{"hash":"263b1ebed7405d4c7d63a10a486a705c865ab8fd","messageTitle":"Fix minor issue in javadocs of Patient","messageBody":"","fileTypesAndContributionMap":{"functional-code":{"insertions":1,"deletions":1}}},{"hash":"7ca40d1c64d5014964409c648412a044320a2382","messageTitle":"Update all patient attributes to private","messageBody":"","fileTypesAndContributionMap":{"functional-code":{"insertions":73,"deletions":50},"test-code":{"insertions":12,"deletions":12}}},{"hash":"86a48f0f4da9855f4f159ffb07a597babec8ac52","messageTitle":"Integrate medical condition into updatedPatientCard","messageBody":"","fileTypesAndContributionMap":{"functional-code":{"insertions":1,"deletions":1},"other":{"insertions":16,"deletions":16}}},{"hash":"812f8c319be7ccd7d1574a8824b43b77bee5c559","messageTitle":"Add MedicationList to Patient","messageBody":"","fileTypesAndContributionMap":{"functional-code":{"insertions":144,"deletions":23},"test-code":{"insertions":55,"deletions":25}}},{"hash":"9a67c6fe1b6097e1fb6f6777c7a1af68a6266e87","messageTitle":"Fix AddPatientCommandParser to include Medications","messageBody":"","fileTypesAndContributionMap":{"functional-code":{"insertions":46,"deletions":3}}}]},{"date":"2022-10-24","commitResults":[{"hash":"626cc53eb066d6239b22d286285d6213142fb017","messageTitle":"Fix EditPatientCommand to include Medications","messageBody":"","fileTypesAndContributionMap":{"functional-code":{"insertions":35,"deletions":31},"test-code":{"insertions":62,"deletions":13}}},{"hash":"d2a91b670f5dab5a6320f4c690dd0098d6110ff3","messageTitle":"Add parser and command for addMedication command","messageBody":"","fileTypesAndContributionMap":{"functional-code":{"insertions":137,"deletions":0}}},{"hash":"4140524563118d08065d4fb37ddeec661db47573","messageTitle":"Add test cases for AddMedicationCommand","messageBody":"","fileTypesAndContributionMap":{"test-code":{"insertions":143,"deletions":0}}},{"hash":"71e21477dbc8fb93f1873adcc1873d23f908e612","messageTitle":"Add test cases for AddMedicationCommandParser","messageBody":"","fileTypesAndContributionMap":{"functional-code":{"insertions":1,"deletions":0},"test-code":{"insertions":147,"deletions":0}}},{"hash":"600495ac730841de6031556e1e23718006245a39","messageTitle":"Fix gui update for addCondition command","messageBody":"","fileTypesAndContributionMap":{"functional-code":{"insertions":11,"deletions":1}}},{"hash":"0c01f749b0718bb7317647050fc01db9df0265cd","messageTitle":"Fix minor bugs","messageBody":"","fileTypesAndContributionMap":{"functional-code":{"insertions":1,"deletions":2}}},{"hash":"ffa6afe3d27a8499ffc3be8bfd632e5899b48d16","messageTitle":"Add parser and command for viewPatient command","messageBody":"","fileTypesAndContributionMap":{"functional-code":{"insertions":77,"deletions":0}}},{"hash":"69a9106bfd7c773fd02867969e0b272d2d2779df","messageTitle":"Integrate viewPatient command into GUI","messageBody":"","fileTypesAndContributionMap":{"functional-code":{"insertions":23,"deletions":3}}},{"hash":"fa0329cb643a9dbeafdc1891bcbe785b5f2228e5","messageTitle":"Add test cases for ViewPatientCommand","messageBody":"","fileTypesAndContributionMap":{"functional-code":{"insertions":25,"deletions":8},"test-code":{"insertions":102,"deletions":0}}},{"hash":"3de66cc443435e583a57db3c7b3f4f6dc2d47e84","messageTitle":"Add test cases for ViewPatientCommandParser","messageBody":"","fileTypesAndContributionMap":{"test-code":{"insertions":32,"deletions":0}}},{"hash":"9306ff55b672b5b9c2907b4bd581b4408177d5f9","messageTitle":"Fix minor bugs","messageBody":"","fileTypesAndContributionMap":{"functional-code":{"insertions":13,"deletions":3}}},{"hash":"b3f228a93269f87fa3f9226e25d79a3afd516172","messageTitle":"Fix previous inconsistencies","messageBody":"","fileTypesAndContributionMap":{"functional-code":{"insertions":8,"deletions":6}}},{"hash":"6bdd7a0dbf8030a9e1746c69d66ec56da843c4a0","messageTitle":"Add parser and command for deleteMedication command","messageBody":"","fileTypesAndContributionMap":{"functional-code":{"insertions":146,"deletions":4},"test-code":{"insertions":2,"deletions":1}}},{"hash":"599d8b5df6a08aa1ba769f3a2eecabab6bebd24a","messageTitle":"Integrate Medication into GUI","messageBody":"","fileTypesAndContributionMap":{"functional-code":{"insertions":1,"deletions":1}}},{"hash":"038fee6004de117ef2559a1ac7dff737de49df0a","messageTitle":"Add test cases for DeleteMedicationCommand","messageBody":"","fileTypesAndContributionMap":{"test-code":{"insertions":167,"deletions":0}}},{"hash":"6f5b0d86f2ff4f57f5bb5fd23b081167875b14b7","messageTitle":"Add test cases for DeleteMedicationCommandParser","messageBody":"","fileTypesAndContributionMap":{"test-code":{"insertions":51,"deletions":2}}}]},{"date":"2022-10-25","commitResults":[{"hash":"8580bdfe61f48818ba7ccfce66a76cd01decf1bf","messageTitle":"Fix bug when merging pull request","messageBody":"","fileTypesAndContributionMap":{"test-code":{"insertions":3,"deletions":2}}},{"hash":"c9737eadad3c01e5629879f4890422f5b4caf340","messageTitle":"Add command and parser for EditMedicationCommand","messageBody":"","fileTypesAndContributionMap":{"functional-code":{"insertions":265,"deletions":19},"test-code":{"insertions":5,"deletions":1}}},{"hash":"15a8d7ec02bb8d3a59b4301bcf018559b270626e","messageTitle":"Update MedicationTest to include overloaded isValidMedication","messageBody":"","fileTypesAndContributionMap":{"test-code":{"insertions":81,"deletions":32}}},{"hash":"c654b30c2ef209a3452532642ec339904b22ac97","messageTitle":"Add test cases for EditMedicationCommand","messageBody":"","fileTypesAndContributionMap":{"functional-code":{"insertions":23,"deletions":5},"test-code":{"insertions":292,"deletions":6}}},{"hash":"6c6e3aac0f05afa7391363bb4d9dc8b6a6bf56f4","messageTitle":"Add test cases for EditMedicationCommandParser","messageBody":"","fileTypesAndContributionMap":{"test-code":{"insertions":178,"deletions":2}}},{"hash":"23978da815de83dc7ccd8ea35ceab3adb67dcd8d","messageTitle":"Handle duplicate medication in EditMedicationCommand","messageBody":"","fileTypesAndContributionMap":{"functional-code":{"insertions":6,"deletions":0},"test-code":{"insertions":4,"deletions":3}}},{"hash":"f1652d7c12dc8a319b4fe82526f3a14e3c713250","messageTitle":"Improve duplicates handling in EditMedicationCommand","messageBody":"","fileTypesAndContributionMap":{"functional-code":{"insertions":9,"deletions":23},"test-code":{"insertions":2,"deletions":3}}}]},{"date":"2022-10-26","commitResults":[{"hash":"f1ae269523fda97736536b9f1036c95f8471d2c9","messageTitle":"Add RemarkList to Patient","messageBody":"","fileTypesAndContributionMap":{"functional-code":{"insertions":170,"deletions":12},"test-code":{"insertions":83,"deletions":18}}},{"hash":"64ae4d43f5fb1f187c1c14935a2846d0b1d15230","messageTitle":"Add command and parser for AddRemarkCommand","messageBody":"","fileTypesAndContributionMap":{"functional-code":{"insertions":141,"deletions":0}}},{"hash":"dadae6b5ef031647557f6a1c98cdcac44e3f296f","messageTitle":"Add test cases for AddRemarkCommand","messageBody":"","fileTypesAndContributionMap":{"test-code":{"insertions":157,"deletions":0}}},{"hash":"d0a0127f561c3c3674c69c169308deb767d2e3f4","messageTitle":"Add test cases for AddRemarkCommandParser","messageBody":"","fileTypesAndContributionMap":{"test-code":{"insertions":61,"deletions":0}}},{"hash":"46db75d9bdce1b20c62b3cc975f59a6d0d8f88c8","messageTitle":"Add command and parser for DeleteRemarkCommand","messageBody":"","fileTypesAndContributionMap":{"functional-code":{"insertions":136,"deletions":1}}},{"hash":"071dbf4d7e0acfb58f8afc9015d66b1748d6affd","messageTitle":"Add test cases for DeleteRemarkCommand","messageBody":"","fileTypesAndContributionMap":{"test-code":{"insertions":165,"deletions":0}}},{"hash":"e0e136ac51fdb310df0eba0a235542cde52eb764","messageTitle":"Add test cases for DeleteRemarkCommandParser","messageBody":"","fileTypesAndContributionMap":{"test-code":{"insertions":47,"deletions":0}}},{"hash":"2ff27bca97b0cc07cfdbf921ac4122f50a08dd69","messageTitle":"Add command and parser for EditRemarkCommand","messageBody":"","fileTypesAndContributionMap":{"functional-code":{"insertions":160,"deletions":15},"test-code":{"insertions":2,"deletions":3}}},{"hash":"2160210f8020a21f7896dc502fb89ee2354736d6","messageTitle":"Add test cases for EditRemarkCommand","messageBody":"","fileTypesAndContributionMap":{"functional-code":{"insertions":7,"deletions":0},"test-code":{"insertions":191,"deletions":0}}},{"hash":"8970b016c8cceb0a88187a929564895ceb954b35","messageTitle":"Add test cases for EditRemarkCommandParser","messageBody":"","fileTypesAndContributionMap":{"test-code":{"insertions":72,"deletions":0}}},{"hash":"dfd6a41207494e17bd380f459414530a77866833","messageTitle":"Integrate remarks into GUI","messageBody":"","fileTypesAndContributionMap":{"functional-code":{"insertions":49,"deletions":14}}},{"hash":"de1bc536192c81268ec2d1bbec544470fd2dcb85","messageTitle":"Add icons to represent date and time in TaskListCard","messageBody":"","fileTypesAndContributionMap":{"functional-code":{"insertions":27,"deletions":9},"test-code":{"insertions":1,"deletions":1}}},{"hash":"3cfd4f15b33431751f7dabb357f5f9ea24a7e1c0","messageTitle":"Integrate patientsToday and tasksOn command into GUI","messageBody":"","fileTypesAndContributionMap":{"functional-code":{"insertions":427,"deletions":90},"test-code":{"insertions":13,"deletions":1}}},{"hash":"c5990bb80bc4a0cd4618a69eb1fdeeaa1c7cb300","messageTitle":"Update PersonListCard to TruncatedPersonListCard","messageBody":"","fileTypesAndContributionMap":{"functional-code":{"insertions":133,"deletions":100},"other":{"insertions":4,"deletions":4}}}]},{"date":"2022-10-27","commitResults":[{"hash":"d1db2968960531632d6f37f0c85bbf7200c3a29b","messageTitle":"Update UpdatedPatientCard","messageBody":"","fileTypesAndContributionMap":{"functional-code":{"insertions":156,"deletions":19}}},{"hash":"a4d0a73acd55cc5ee5d279cd9ab5275ca83011e7","messageTitle":"Update GUI response for listTask command","messageBody":"","fileTypesAndContributionMap":{"functional-code":{"insertions":207,"deletions":8}}},{"hash":"9f6bb1e32dd182dc4877d3beff505469c2a66228","messageTitle":"Add index boxes to UpdatedPatientCard","messageBody":"","fileTypesAndContributionMap":{"functional-code":{"insertions":174,"deletions":42}}},{"hash":"1680c74afd05ae92952920b46abc22980524841c","messageTitle":"Add better borders in UpdatedPatientCard","messageBody":"","fileTypesAndContributionMap":{"functional-code":{"insertions":23,"deletions":5}}},{"hash":"3e7e13997546db5d88a79ba51ef0d2e4e2fcfef7","messageTitle":"Fix minor bug","messageBody":"","fileTypesAndContributionMap":{"functional-code":{"insertions":1,"deletions":1}}},{"hash":"058f4cc4c9b4b859c5ce79f055c9f170466179c6","messageTitle":"Update GUI to show visual indication of past task in viewTask","messageBody":"","fileTypesAndContributionMap":{"functional-code":{"insertions":14,"deletions":5}}},{"hash":"7d18f0051f7512a661dda5192e3010d7e18d6636","messageTitle":"Update GUI to show visual indication of past task in patientsToday and tasksOn","messageBody":"","fileTypesAndContributionMap":{"functional-code":{"insertions":25,"deletions":67}}},{"hash":"a6aede7cd4d7f51815e7ae0ec10e352b02121a52","messageTitle":"Add method to get difference between GenericLists","messageBody":"","fileTypesAndContributionMap":{"functional-code":{"insertions":229,"deletions":0}}}]},{"date":"2022-10-28","commitResults":[{"hash":"4b95e51156bf550105f03fd74949356b586b123f","messageTitle":"Add ModifiedPatientCard to reflect undo/redo commands","messageBody":"","fileTypesAndContributionMap":{"functional-code":{"insertions":694,"deletions":9}}},{"hash":"ffcd66c11bae39e29cf7d79bb324ca8a8e45394d","messageTitle":"Add new label for recurring tasks","messageBody":"","fileTypesAndContributionMap":{"functional-code":{"insertions":56,"deletions":0}}},{"hash":"e1d623bff70b55307f485da51b91dbb099bffaab","messageTitle":"Fix minor bugs","messageBody":"","fileTypesAndContributionMap":{"functional-code":{"insertions":17,"deletions":12}}},{"hash":"12706d9c74a415c9d553e9d79ad6703a3f2a6241","messageTitle":"Update GUI to fit generic syntax","messageBody":"","fileTypesAndContributionMap":{"docs":{"insertions":186,"deletions":74}}}]},{"date":"2022-11-01","commitResults":[{"hash":"0963038a1b1609cb704e5137eba2c893ccf2105b","messageTitle":"Fix index clipping when index hits double digits","messageBody":"","fileTypesAndContributionMap":{"functional-code":{"insertions":18,"deletions":16}}},{"hash":"ea4e5a1f880fded776390e78ef04aa8f1e8c58b1","messageTitle":"Fix overflow of tags for single long tags","messageBody":"","fileTypesAndContributionMap":{"functional-code":{"insertions":67,"deletions":47}}},{"hash":"e1b935c221261ae2b6febacbe0e02f733a15f2a0","messageTitle":"Fix text wrapping in ScheduleListPanel","messageBody":"","fileTypesAndContributionMap":{"functional-code":{"insertions":21,"deletions":14}}},{"hash":"9a48ad9e10116c1c2d1678db6b4428ae92066af9","messageTitle":"Fix text overflow in undo/redo and listTask commands","messageBody":"","fileTypesAndContributionMap":{"functional-code":{"insertions":76,"deletions":34}}},{"hash":"eac96f4b17ffeae9cd10de9d76a84e1a92876b74","messageTitle":"Fix minor bug","messageBody":"","fileTypesAndContributionMap":{"functional-code":{"insertions":1,"deletions":1}}},{"hash":"8a33a7db5413652498f7b26793fdf7b8b50672ee","messageTitle":"Fix minor bug in ModifiedPatientCard","messageBody":"","fileTypesAndContributionMap":{"functional-code":{"insertions":2,"deletions":2}}}]},{"date":"2022-11-02","commitResults":[{"hash":"38c57eaae1f18e1acec8a265ae1d13a632707a11","messageTitle":"Fix edit task to work with custom formats","messageBody":"","fileTypesAndContributionMap":{"functional-code":{"insertions":157,"deletions":24},"test-code":{"insertions":166,"deletions":168}}}]}],"rama-pang":[{"date":"2022-09-28","commitResults":[{"hash":"6d413e52ea5a0b0a18b915f018987261206fad16","messageTitle":"Add rama-pang\u0027s project portfolio page","messageBody":"","fileTypesAndContributionMap":{"docs":{"insertions":32,"deletions":0}}},{"hash":"9e4a363589ae6fc679f159c748b9799ffaedee21","messageTitle":"Update rama-pang\u0027s part in AboutUs page","messageBody":"","fileTypesAndContributionMap":{"docs":{"insertions":10,"deletions":0}}},{"hash":"82d278611292f6c16b97ce6bf763bf7f30883ac2","messageTitle":"Fix rama-pang\u0027s image file extension name in AboutUs page","messageBody":"","fileTypesAndContributionMap":{"docs":{"insertions":1,"deletions":1}}},{"hash":"769a9af57904312525b27565cdd67b22e5dfee4f","messageTitle":"Change image extension to .png","messageBody":"","fileTypesAndContributionMap":{"docs":{"insertions":1,"deletions":1}}},{"hash":"ce60aa3e647bbf33898b9369c2de590920b88ff3","messageTitle":"Update addTask and editTask features in User Guide for v1.2","messageBody":"","fileTypesAndContributionMap":{"docs":{"insertions":32,"deletions":2}}}]},{"date":"2022-09-29","commitResults":[{"hash":"1ffb1f5c83046465d0bb0dc1d5202c67c9f8d2f9","messageTitle":"Change project site header from AB-3 to UniNurse","messageBody":"","fileTypesAndContributionMap":{"docs":{"insertions":1,"deletions":1}}},{"hash":"588f2e54706d288c02d39f768354c7dd0cf81621","messageTitle":"Update description to match project direction and build status badge in README for v1.2","messageBody":"","fileTypesAndContributionMap":{"docs":{"insertions":15,"deletions":9}}},{"hash":"4c96e91368e30e835784267ef57950284bcbc577","messageTitle":"Update DG with add task and edit task use cases","messageBody":"","fileTypesAndContributionMap":{"docs":{"insertions":68,"deletions":0}}}]},{"date":"2022-10-10","commitResults":[{"hash":"b617bd8bd2bfbf3202cc38e03e7e1002e0d636a4","messageTitle":"Add options-based command syntax support for AddGenericCommand","messageBody":"","fileTypesAndContributionMap":{"functional-code":{"insertions":146,"deletions":8}}},{"hash":"45ec6c44ee622e486b2a9263b58687c70205e12f","messageTitle":"Delete `COMMAND_WORD` from `AddCommand` and `AddTaskCommand` as they are no longer used.","messageBody":"","fileTypesAndContributionMap":{"functional-code":{"insertions":0,"deletions":5}}},{"hash":"1ea03623d7e11f138112b022a01b2e26a3095897","messageTitle":"Reformat code related to `AddGenericCommand`","messageBody":"","fileTypesAndContributionMap":{"functional-code":{"insertions":18,"deletions":38}}},{"hash":"4994241b4975f256dc73f40023085f81ad65d14e","messageTitle":"Fix line endings from \\r\\n to \\n","messageBody":"","fileTypesAndContributionMap":{"functional-code":{"insertions":8,"deletions":8}}},{"hash":"76652fa5d2a512d70456ce0bab16ac11a3a3f25e","messageTitle":"Add Javadoc comments","messageBody":"","fileTypesAndContributionMap":{"functional-code":{"insertions":24,"deletions":3}}},{"hash":"3ad220984022b4364701d3a7d432459812724a34","messageTitle":"Add options-based command syntax support for `DeleteGenericCommand`","messageBody":"","fileTypesAndContributionMap":{"functional-code":{"insertions":58,"deletions":17}}},{"hash":"856285d45dd4bb0208b36dfde47228bbe5b06f96","messageTitle":"Reformat code related to `DeleteGenericCommand`","messageBody":"","fileTypesAndContributionMap":{"functional-code":{"insertions":12,"deletions":12}}},{"hash":"70076f57c8f70153a9d0e7c579ebe830e8cfc0f8","messageTitle":"Fix line separators from \\r\\n to \\n","messageBody":"","fileTypesAndContributionMap":{"functional-code":{"insertions":50,"deletions":50}}},{"hash":"77584c987bb9b231f995a8597b779b1abd95f896","messageTitle":"Modify parser-related delete command tests to new syntax.","messageBody":"","fileTypesAndContributionMap":{"test-code":{"insertions":2,"deletions":2}}},{"hash":"7175183fd73aaadd7a7688b99cac3ee43e2f0018","messageTitle":"Rename `AddCommand` to `AddPatientCommand`","messageBody":"","fileTypesAndContributionMap":{"functional-code":{"insertions":1,"deletions":1},"other":{"insertions":128,"deletions":128},"test-code":{"insertions":30,"deletions":30}}},{"hash":"70bcdb6a74004feda93d2d238f12c9cee68c7955","messageTitle":"Rename `DeleteCommand` to `DeletePatientCommand`","messageBody":"","fileTypesAndContributionMap":{"functional-code":{"insertions":83,"deletions":165},"test-code":{"insertions":20,"deletions":20}}},{"hash":"7c9f06faf2d8882e7829318d8aa5862171ce3b00","messageTitle":"Fix line separators from \\r\\n to \\n","messageBody":"","fileTypesAndContributionMap":{"functional-code":{"insertions":210,"deletions":210}}},{"hash":"fdd32e6cc08441edd2e647197fbbcd23f0a986ba","messageTitle":"Reorganize import order","messageBody":"","fileTypesAndContributionMap":{"functional-code":{"insertions":1,"deletions":1}}},{"hash":"6eb04f15e2a396d2e56062a1e9b068cbcd39f8c1","messageTitle":"Refactor add and delete patient command related tests","messageBody":"","fileTypesAndContributionMap":{"other":{"insertions":31,"deletions":31}}},{"hash":"db8400d8bc339505252371182299fd2e28060840","messageTitle":"Add options-based command syntax support for `EditGenericCommand`","messageBody":"","fileTypesAndContributionMap":{"functional-code":{"insertions":55,"deletions":15},"test-code":{"insertions":1,"deletions":1}}},{"hash":"02a0bdb8747d2e9bae690783d0397afb384ca290","messageTitle":"Refactor `DeleteTaskCommandParser` to use `ParserUtil.parseTwoIndex`","messageBody":"","fileTypesAndContributionMap":{"functional-code":{"insertions":14,"deletions":9}}}]},{"date":"2022-10-11","commitResults":[{"hash":"27620d41d6822d9bb686e8cf589189cb656f1967","messageTitle":"Rename `Person` to `Patient`","messageBody":"","fileTypesAndContributionMap":{"functional-code":{"insertions":227,"deletions":139},"test-code":{"insertions":101,"deletions":101}}},{"hash":"33a4c74753e31c7d73a553cd7937bbae84ffd01f","messageTitle":"Refactor code to conform to checkstyle","messageBody":"","fileTypesAndContributionMap":{"functional-code":{"insertions":5,"deletions":8}}},{"hash":"c9b743be9b7ef3d4c3aad1bfeea57d5e00e773d4","messageTitle":"Add intermediate values when checking command options","messageBody":"","fileTypesAndContributionMap":{"functional-code":{"insertions":25,"deletions":22}}}]},{"date":"2022-10-13","commitResults":[{"hash":"f173c97a362f7f65832602d861ac340de503f5e5","messageTitle":"Update UG to use new command syntax","messageBody":"","fileTypesAndContributionMap":{"docs":{"insertions":62,"deletions":43}}}]},{"date":"2022-10-18","commitResults":[{"hash":"6d091e8819caeb013b19b1c26cc74b88f4da4231","messageTitle":"Add selective clear feature","messageBody":"","fileTypesAndContributionMap":{"functional-code":{"insertions":8,"deletions":2}}}]},{"date":"2022-10-19","commitResults":[{"hash":"6184c39313c963edcab9c4e8bb992331af0bab45","messageTitle":"Add navigate command history feature","messageBody":"","fileTypesAndContributionMap":{"functional-code":{"insertions":93,"deletions":2}}},{"hash":"9c32cfe7337fb45667e5dcd5e5fb1a9d129b9ff5","messageTitle":"Change success message for clear command","messageBody":"","fileTypesAndContributionMap":{"functional-code":{"insertions":1,"deletions":1}}},{"hash":"f8691383ea727bdb04b8a9531182e275b3ed62f2","messageTitle":"Applied suggestions: * Remove debug message * Add `this` keyword when initializing variables in constructor * Add history size limit in `Config` * Update implementation of `CommandHistoryList`","messageBody":"","fileTypesAndContributionMap":{"functional-code":{"insertions":24,"deletions":20}}},{"hash":"f900edbb387f0dd6ff2ffaeec037418593214e9c","messageTitle":"Add assertions for `CommandHistoryList`","messageBody":"","fileTypesAndContributionMap":{"functional-code":{"insertions":4,"deletions":0}}}]},{"date":"2022-10-20","commitResults":[{"hash":"672d3b2d195aebcc5c80c32534b382402d9cef48","messageTitle":"Add undo and redo command","messageBody":"","fileTypesAndContributionMap":{"functional-code":{"insertions":319,"deletions":33},"test-code":{"insertions":25,"deletions":0}}},{"hash":"7807e3aa88fba363c45557f30851e7860f447da3","messageTitle":"Move `updateFilterPersonList` logic to `undo` and `redo` commands","messageBody":"","fileTypesAndContributionMap":{"functional-code":{"insertions":5,"deletions":3}}},{"hash":"8f27771d66de030c3bfb41432a299ec8e3007668","messageTitle":"Fix task list indexing issue","messageBody":"","fileTypesAndContributionMap":{"functional-code":{"insertions":3,"deletions":3}}},{"hash":"d77f88743bc244534b7a7a8b4c7c5f13b6e8d8e5","messageTitle":"Change `UninurseBookSnapshot` and `PersistentUninurseBook` to a wrapper class of `UninurseBook`","messageBody":"","fileTypesAndContributionMap":{"functional-code":{"insertions":40,"deletions":20}}},{"hash":"266924880f0bc284d1178ebb5d9d4473b58b725b","messageTitle":"Remove `canUndo` and `canRedo` assertions","messageBody":"","fileTypesAndContributionMap":{"functional-code":{"insertions":0,"deletions":2}}},{"hash":"fe829c8912734bc6890e0880c4b4d89452c0cb82","messageTitle":"Add `undo`, `redo`, and update `clear` command in User Guide","messageBody":"","fileTypesAndContributionMap":{"docs":{"insertions":15,"deletions":1}}},{"hash":"86c81258ed97367e5919741f5a42a1f40641e250","messageTitle":"Add use cases for `undo` and `redo` to Developer Guide","messageBody":"","fileTypesAndContributionMap":{"docs":{"insertions":44,"deletions":0}}}]},{"date":"2022-10-22","commitResults":[{"hash":"0ca729fbdb66490ab36494450ea4507d28d8d927","messageTitle":"Update DG with implementation of undo/redo feature","messageBody":"","fileTypesAndContributionMap":{"docs":{"insertions":74,"deletions":40}}}]},{"date":"2022-10-24","commitResults":[{"hash":"e52e60b851a71a52a3ce505d5b27e1000e6230d9","messageTitle":"Extend `find` command keyword-matching to match with a `Person`.","messageBody":"","fileTypesAndContributionMap":{"functional-code":{"insertions":210,"deletions":8},"test-code":{"insertions":39,"deletions":38}}},{"hash":"bcf7551ae339c854aaf2b3c3a06e5568b10139fd","messageTitle":"Extend `find` command keyword-matching to match with `Patient`\u0027s `Task` and `Condition` list","messageBody":"","fileTypesAndContributionMap":{"functional-code":{"insertions":75,"deletions":1}}},{"hash":"9a3f70f099304be9a448ff4f76e8dff24b99e1f9","messageTitle":"Extend `find` command with parameter-specific keyword-matching","messageBody":"","fileTypesAndContributionMap":{"functional-code":{"insertions":164,"deletions":23},"test-code":{"insertions":13,"deletions":13}}},{"hash":"e53974a73117c8cad5e770df642bee972ba4c4f2","messageTitle":"Refactor `PatientMatchPredicate` to reduce coupling based on comments","messageBody":"","fileTypesAndContributionMap":{"functional-code":{"insertions":44,"deletions":84},"test-code":{"insertions":3,"deletions":3}}},{"hash":"897594a75675e411e2112baab62808f297199b13","messageTitle":"Refactor `PersonContainsKeywordsPredicate` to use `List\u003cPredicate\u003e`","messageBody":"","fileTypesAndContributionMap":{"functional-code":{"insertions":15,"deletions":21}}},{"hash":"b8ced3b048af04ce0ca207a77dedfe1d23a5c0a0","messageTitle":"Add support for `Medication` in `find` command","messageBody":"","fileTypesAndContributionMap":{"functional-code":{"insertions":45,"deletions":10}}}]},{"date":"2022-10-25","commitResults":[{"hash":"6c0c49c87d2cfd705ff0808411f24c056e549ca0","messageTitle":"Fix critical bug in `MedicationContainsKeywordsPredicate`","messageBody":"","fileTypesAndContributionMap":{"functional-code":{"insertions":4,"deletions":4}}},{"hash":"881cac6ec93c2b393ea32804456928ebc5efecd1","messageTitle":"Update `FindCommandTest` to use `#size()` instead of hardcoding size","messageBody":"","fileTypesAndContributionMap":{"test-code":{"insertions":1,"deletions":1}}},{"hash":"429fd19ec7a36a4f327316ece31e4363d767ec52","messageTitle":"Update `find` command to 1.3 version","messageBody":"","fileTypesAndContributionMap":{"docs":{"insertions":39,"deletions":27}}},{"hash":"779bdd1a28fb73c2235a9313bd70e199056246f0","messageTitle":"Add examples for `clear`, `undo`, and `redo` command","messageBody":"","fileTypesAndContributionMap":{"docs":{"insertions":11,"deletions":0}}},{"hash":"c9fc36d8efabb536d6822f969ee7ac4e627dcc44","messageTitle":"Update `TagContainsKeywordsPredicate` after merging branch `master`","messageBody":"","fileTypesAndContributionMap":{"functional-code":{"insertions":1,"deletions":1}}}]},{"date":"2022-10-27","commitResults":[{"hash":"b7e5d661ff374a08cbcf68cf9002a154c7a73094","messageTitle":"Refactor options-parsing in `EditGenericCommandParser`","messageBody":"","fileTypesAndContributionMap":{"functional-code":{"insertions":41,"deletions":15}}},{"hash":"c3dc2b2a7f73742c75f85d1b448ec59684626e03","messageTitle":"Integrate parsers of `edit` commands for `Tag`, `Condition`, `Medication`, and `Remark` with `EditGenericCommandParser`","messageBody":"","fileTypesAndContributionMap":{"functional-code":{"insertions":34,"deletions":18}}},{"hash":"6c5636a7c4351e5277b8318163ec649421f0d689","messageTitle":"Integrate parsers of `delete` commands for `Tag`, `Condition`, `Medication`, and `Remark` with `DeleteGenericCommandParser`","messageBody":"","fileTypesAndContributionMap":{"functional-code":{"insertions":43,"deletions":26}}},{"hash":"0cc3b04f909ea6a9081cbc8462cd5fe4e1604fff","messageTitle":"Integrate parsers of `add` commands for `Tag`, `Condition`, `Medication`, and `Remark` with `AddGenericCommandParser`","messageBody":"","fileTypesAndContributionMap":{"functional-code":{"insertions":49,"deletions":23}}},{"hash":"49b6d2929913a1a183939e2ddd608a7c9dc9ea58","messageTitle":"Rename `ViewPatientCommand` command word to `focus`","messageBody":"","fileTypesAndContributionMap":{"functional-code":{"insertions":21,"deletions":13}}}]},{"date":"2022-10-28","commitResults":[{"hash":"42402715e841ed4f15efa411b3aa3ef0490ed4c9","messageTitle":"Add `DisplayTaskGenericCommand` and its parser","messageBody":"","fileTypesAndContributionMap":{"functional-code":{"insertions":75,"deletions":21},"test-code":{"insertions":2,"deletions":1}}},{"hash":"710c2e5d43e1168eb43f4dbd2fe35bdf776d4774","messageTitle":"Add navigate command history feature to UG","messageBody":"","fileTypesAndContributionMap":{"docs":{"insertions":52,"deletions":43}}},{"hash":"80b10b826fd2ecb62efef451bb19fac7a1159f6a","messageTitle":"Add `Remark` keyword-matching to `find` command","messageBody":"","fileTypesAndContributionMap":{"functional-code":{"insertions":37,"deletions":0}}},{"hash":"21af0fedd05334214a771b53ab5c6f44b9273037","messageTitle":"Fix options-based command syntax limit","messageBody":"","fileTypesAndContributionMap":{"functional-code":{"insertions":1,"deletions":1}}},{"hash":"b931e6bdc2ee06cab643901258044f365ad9d6e6","messageTitle":"Add `focus` command to UG","messageBody":"","fileTypesAndContributionMap":{"docs":{"insertions":15,"deletions":0}}},{"hash":"2929721153446a544e70d2951b14ea2a92fa1889","messageTitle":"Add more details of navigate command history to UG","messageBody":"","fileTypesAndContributionMap":{"docs":{"insertions":6,"deletions":2}}},{"hash":"7463832d1a17e89feccc94963d6e62ed2fe6c95d","messageTitle":"Delete index constraints description on `focus` command","messageBody":"","fileTypesAndContributionMap":{"docs":{"insertions":0,"deletions":2}}},{"hash":"e9d90ea075169c8d5b207913c77bc87092032726","messageTitle":"Add comments for details in `isOptionLimit`","messageBody":"","fileTypesAndContributionMap":{"functional-code":{"insertions":2,"deletions":0}}}]},{"date":"2022-11-01","commitResults":[{"hash":"274f9be67a3b78b94242e1e51bce290dcb203a5e","messageTitle":"Fix recurrence time equality check for singular-plural form","messageBody":"","fileTypesAndContributionMap":{"functional-code":{"insertions":15,"deletions":2}}},{"hash":"04c2c4d669397d7cbb8bab84e5eb27df785694cd","messageTitle":"Add auto-conversion between singular/plural form when adding recurrence","messageBody":"","fileTypesAndContributionMap":{"functional-code":{"insertions":33,"deletions":0}}}]},{"date":"2022-11-02","commitResults":[{"hash":"555f41a09fcc64a1244c2f66c9ae63c4680ce16e","messageTitle":"Refactor code based on suggestions","messageBody":"","fileTypesAndContributionMap":{"functional-code":{"insertions":4,"deletions":20}}}]}],"Ramanathan0908":[{"date":"2022-09-24","commitResults":[{"hash":"6ebb105cfeaa39187709a7c7d439f40ac924cd05","messageTitle":"Update UserGuide with addPatient and deletePatient features","messageBody":"","fileTypesAndContributionMap":{"docs":{"insertions":11,"deletions":15}}},{"hash":"d293366305dbfa076ce51037bd33b821212f4a65","messageTitle":"Add Ramanathan\u0027s PPP","messageBody":"","fileTypesAndContributionMap":{"docs":{"insertions":34,"deletions":0}}},{"hash":"37c09237b4f30ce4aaafefd633a9881eb7652b38","messageTitle":"Update Ramanathan\u0027s section in AboutUs.md","messageBody":"","fileTypesAndContributionMap":{"docs":{"insertions":5,"deletions":5}}},{"hash":"beebc8c39ecb448830bf5e419e0430368cc99312","messageTitle":"Resolve no newline at EOF CI failure","messageBody":"","fileTypesAndContributionMap":{"docs":{"insertions":1,"deletions":1}}}]},{"date":"2022-09-28","commitResults":[{"hash":"46bf01b0f64c258c465d18907f8e9ca3c1efbf56","messageTitle":"Update DG with add patient and delete patient use cases","messageBody":"","fileTypesAndContributionMap":{"docs":{"insertions":53,"deletions":0}}}]},{"date":"2022-10-04","commitResults":[{"hash":"d9bffbf5b3f31f0166bcb4792ea276c9e21a9b25","messageTitle":"Add AddPatientCommand class for adding patients","messageBody":"","fileTypesAndContributionMap":{"functional-code":{"insertions":65,"deletions":0}}}]},{"date":"2022-10-05","commitResults":[{"hash":"e1c7e5177228836440bf24a72e0ec697a3e9159b","messageTitle":"Add AddPatient command to UniNurse","messageBody":"","fileTypesAndContributionMap":{"functional-code":{"insertions":65,"deletions":1}}},{"hash":"fe8329e1cef07f6d608275bfce84846a551170d5","messageTitle":"Add TaskDescription class for addPatient command","messageBody":"","fileTypesAndContributionMap":{"functional-code":{"insertions":76,"deletions":2}}},{"hash":"32d7ac96f490017c2dcbb78de9630379a53b1d8a","messageTitle":"Add TODO comment for things to be changed once Patient model is available","messageBody":"","fileTypesAndContributionMap":{"functional-code":{"insertions":2,"deletions":0}}},{"hash":"489c761f60d864bcda694858c342cb80945c8151","messageTitle":"Add deletePatient command and its parser along with the command class itself","messageBody":"","fileTypesAndContributionMap":{"functional-code":{"insertions":88,"deletions":0}}},{"hash":"2d913889c6f9ced48c38b591ddd49e161eeef697","messageTitle":"Add TODO for updating model and patient","messageBody":"","fileTypesAndContributionMap":{"functional-code":{"insertions":1,"deletions":0}}},{"hash":"9866c17f10520e1e430ea91ec35873a3d23edba7","messageTitle":"Add Task package and class to represent Tasks for Patients","messageBody":"","fileTypesAndContributionMap":{"functional-code":{"insertions":54,"deletions":0}}}]},{"date":"2022-10-06","commitResults":[{"hash":"ff9b3192e562051eb4368ddeb1e6e63c7bde97ab","messageTitle":"Fix tags in user guide for addPatient","messageBody":"","fileTypesAndContributionMap":{"docs":{"insertions":3,"deletions":3}}}]},{"date":"2022-10-09","commitResults":[{"hash":"8de470f2933377d1f1865fbb1029e5358c4dfb27","messageTitle":"Fix format in addPatient UG","messageBody":"","fileTypesAndContributionMap":{"docs":{"insertions":1,"deletions":1}}},{"hash":"e10431dc6086948285086e2404264bfa4f3b6fc9","messageTitle":"Add ability to parse two indices","messageBody":"","fileTypesAndContributionMap":{"functional-code":{"insertions":24,"deletions":0}}},{"hash":"4d3d8e908e875014ca304476ec0275335983f82e","messageTitle":"Add editTask command","messageBody":"","fileTypesAndContributionMap":{"functional-code":{"insertions":181,"deletions":128}}},{"hash":"26448470fd7ca4fb2f6fd213613039bb5bda0395","messageTitle":"Fixed checkstyle error in javadoc for parseTwoIndex method","messageBody":"","fileTypesAndContributionMap":{"functional-code":{"insertions":5,"deletions":4}}}]},{"date":"2022-10-10","commitResults":[{"hash":"3209964c3f9f6be2d2a73d41a29378afb34de5ec","messageTitle":"Fixed ellipses in addPatient UG","messageBody":"","fileTypesAndContributionMap":{"docs":{"insertions":1,"deletions":1}}},{"hash":"6041afbaea94323344b7173ce735972d3130be84","messageTitle":"Moved creating a new TaskList logic to TaskList class for editTask","messageBody":"","fileTypesAndContributionMap":{"functional-code":{"insertions":13,"deletions":14}}},{"hash":"e7f48910522d0d6e9cfa1fc60256f9a17a9c73aa","messageTitle":"Delete unnecessary TaskDescription class","messageBody":"","fileTypesAndContributionMap":{"functional-code":{"insertions":0,"deletions":54}}},{"hash":"bbc74100ea017dec1dcd5235cc789d78fa989705","messageTitle":"Update src/main/java/seedu/address/logic/parser/ParserUtil.java","messageBody":"Co-authored-by: Rama Aryasuta Pangestu \u003c55415829+rama-pang@users.noreply.github.com\u003e","fileTypesAndContributionMap":{"functional-code":{"insertions":3,"deletions":2}}},{"hash":"df308e8dbb34989abfcaf5009c46f8bf24e2aaf2","messageTitle":"Fix unsignedInteger check in parseTwoIndex method","messageBody":"","fileTypesAndContributionMap":{"functional-code":{"insertions":1,"deletions":1}}}]},{"date":"2022-10-11","commitResults":[{"hash":"cc11d442c35f92458d6b1102f8ee5710f3facf14","messageTitle":"Add tests skeleton for newly added commands and parsers","messageBody":"","fileTypesAndContributionMap":{"functional-code":{"insertions":2,"deletions":6},"test-code":{"insertions":99,"deletions":0}}},{"hash":"b515534ce3d7b83d1e7821c01a51f9e7fcf147a9","messageTitle":"Fix checkstyle fails","messageBody":"","fileTypesAndContributionMap":{"test-code":{"insertions":36,"deletions":18}}},{"hash":"fc0caa744e1776e11b76f6ad61bad0343eeff4df","messageTitle":"Add GenericCommandParser tests","messageBody":"","fileTypesAndContributionMap":{"test-code":{"insertions":39,"deletions":0}}}]},{"date":"2022-10-12","commitResults":[{"hash":"a36fde4176e24dd6ca301167976655fc1e6b8fb4","messageTitle":"Resolve test failures","messageBody":"","fileTypesAndContributionMap":{"functional-code":{"insertions":5,"deletions":0},"test-code":{"insertions":161,"deletions":6}}}]},{"date":"2022-10-16","commitResults":[{"hash":"35b4613b950b5950e912c718f8c2e1709a22b908","messageTitle":"Add date and time for tasks","messageBody":"","fileTypesAndContributionMap":{"functional-code":{"insertions":107,"deletions":3}}},{"hash":"62b9b942f8a8fa2ef5b00953977a53585e3a655a","messageTitle":"Update model to save the date and time associated with a Task","messageBody":"","fileTypesAndContributionMap":{"functional-code":{"insertions":129,"deletions":31}}},{"hash":"51a5dac13e6bcca96a5edc0e23aab4a0f454d551","messageTitle":"Update tests with the new tasks that have date and time associated with them","messageBody":"","fileTypesAndContributionMap":{"functional-code":{"insertions":6,"deletions":5},"other":{"insertions":15,"deletions":7}}},{"hash":"cc870e64a3c874900aaa872a9765d26d32dae731","messageTitle":"Update UG with the new add patient command and patientsToday command","messageBody":"","fileTypesAndContributionMap":{"docs":{"insertions":12,"deletions":2}}}]},{"date":"2022-10-17","commitResults":[{"hash":"f255dde8e797e34d49752f9d65417f52605e651f","messageTitle":"Update date time input format from yyyy-dd-MMTHH:mm to dd-MM-yyyy HH:mm","messageBody":"","fileTypesAndContributionMap":{"functional-code":{"insertions":14,"deletions":11},"other":{"insertions":1,"deletions":1},"docs":{"insertions":2,"deletions":2},"test-code":{"insertions":4,"deletions":4}}},{"hash":"cfa09daaf13293ea336e59e69efca95f7b3c70e9","messageTitle":"Add tests for DateTime and patientsTodayCommand","messageBody":"","fileTypesAndContributionMap":{"functional-code":{"insertions":5,"deletions":1},"docs":{"insertions":2,"deletions":2},"test-code":{"insertions":97,"deletions":0}}}]},{"date":"2022-10-19","commitResults":[{"hash":"4e77b5831da02a9f23ac3eb7fdd96dc55b0b3002","messageTitle":"Modify time format to be 24h instead of semicolon separated","messageBody":"","fileTypesAndContributionMap":{"functional-code":{"insertions":5,"deletions":5},"test-code":{"insertions":7,"deletions":7}}},{"hash":"b59a93ea6ec8885321ee92bfbb7b804f042782cc","messageTitle":"Update UG to reflect the 24h time format change","messageBody":"","fileTypesAndContributionMap":{"docs":{"insertions":1,"deletions":1}}},{"hash":"a2a5fe4457953dab23229de6e542cf19fc6d422b","messageTitle":"Removed accidental debug print statement and renamed taskStrings","messageBody":"","fileTypesAndContributionMap":{"functional-code":{"insertions":8,"deletions":5}}},{"hash":"2cf0be041d23b8ccf3ee2a3cc2e64deb62780abb","messageTitle":"Fixed the bug where date time is not created for added tasks and also a minor bug where patientsToday command does not show the tasks (it only showed the patients with tasks today)","messageBody":"","fileTypesAndContributionMap":{"functional-code":{"insertions":3,"deletions":3}}},{"hash":"92ca6ef4e810d90a398461a03e50eb6cd1a80298","messageTitle":"Fixed taskStrings name to tasks to better reflect the type of argument","messageBody":"","fileTypesAndContributionMap":{"functional-code":{"insertions":3,"deletions":3}}},{"hash":"a794587da7cc9a4c9234c6eb7f39e1f6b2278484","messageTitle":"Add tasksOn feature","messageBody":"","fileTypesAndContributionMap":{"functional-code":{"insertions":152,"deletions":9},"test-code":{"insertions":22,"deletions":4}}},{"hash":"fc5aa72e8d68c560ae5a856a57c88d56fc123834","messageTitle":"Add use cases for patients today and tasks on a day to the DG","messageBody":"","fileTypesAndContributionMap":{"docs":{"insertions":40,"deletions":0}}}]},{"date":"2022-10-20","commitResults":[{"hash":"127666c6183a526bac9561b71085ba4eb97a0f9c","messageTitle":"Modify the return type of getList() in Tasks to be List\u003c\u003e instead of ArrayList","messageBody":"","fileTypesAndContributionMap":{"functional-code":{"insertions":3,"deletions":2},"test-code":{"insertions":25,"deletions":1}}}]},{"date":"2022-10-21","commitResults":[{"hash":"692db76ee16a9f526f159309cb2a006de9143e62","messageTitle":"Add tests for TaskList, TasksOnCommand and TasksOnCommandParser","messageBody":"","fileTypesAndContributionMap":{"functional-code":{"insertions":17,"deletions":0},"test-code":{"insertions":66,"deletions":6}}},{"hash":"e8ce0190a874a23f84d7f91b7a7dde63d67b600a","messageTitle":"Update UG with tasksOn command","messageBody":"","fileTypesAndContributionMap":{"docs":{"insertions":11,"deletions":0}}},{"hash":"9212981f84e0e217176d09cd7340ab5c4e586325","messageTitle":"Update DG with TasksOn implementation","messageBody":"","fileTypesAndContributionMap":{"docs":{"insertions":100,"deletions":0}}}]},{"date":"2022-10-22","commitResults":[{"hash":"8bdd95d9d18711ee316fa08a10f5158b31191ae9","messageTitle":"Update TasksOn sequence diagram with UninurseBookParser instead of AddressBookParse and other minor changes","messageBody":"","fileTypesAndContributionMap":{"docs":{"insertions":10,"deletions":7}}},{"hash":"b41d04ae838741bff20b6e3555a940fac84ab916","messageTitle":"Fix no newline at EOF for TasksOnSequenceDiagram.puml","messageBody":"","fileTypesAndContributionMap":{"docs":{"insertions":1,"deletions":1}}}]},{"date":"2022-10-23","commitResults":[{"hash":"f53cc1b99e653805ad5bfa0c59ca0a054f6e356a","messageTitle":"Add recurring tasks","messageBody":"","fileTypesAndContributionMap":{"functional-code":{"insertions":189,"deletions":2}}}]},{"date":"2022-10-24","commitResults":[{"hash":"d3035bbd91cb54bf3368e392badc68c63469bcec","messageTitle":"Fixed punctuation in UG","messageBody":"","fileTypesAndContributionMap":{"docs":{"insertions":2,"deletions":2}}},{"hash":"5a49fede6abb76f351bc63021eb08f41cb98049d","messageTitle":"Update Tasks to check equality with dateTime as well to avoid duplicate tasks","messageBody":"","fileTypesAndContributionMap":{"functional-code":{"insertions":29,"deletions":1},"test-code":{"insertions":21,"deletions":4}}}]},{"date":"2022-10-25","commitResults":[{"hash":"693292075f0d4d6d1a4febcea396693e27baacb5","messageTitle":"Update UG with recurring tasks","messageBody":"","fileTypesAndContributionMap":{"docs":{"insertions":71,"deletions":55},"test-code":{"insertions":3,"deletions":2}}}]},{"date":"2022-10-26","commitResults":[{"hash":"9d9c760a9fb0472d1ad21ae32cd7519426839f24","messageTitle":"Update TaskList to always sort the tasks chronologically","messageBody":"","fileTypesAndContributionMap":{"functional-code":{"insertions":23,"deletions":1}}},{"hash":"30d097c911877137888099cf1805f28498e28edc","messageTitle":"Update Adding of tasks with just a date and no time (default time 0000 hours)","messageBody":"","fileTypesAndContributionMap":{"functional-code":{"insertions":10,"deletions":4}}},{"hash":"969d9f84cf7a80d97666338d550cbfb4dc98c5e3","messageTitle":"Update format of date to accept single digit numbers","messageBody":"","fileTypesAndContributionMap":{"functional-code":{"insertions":2,"deletions":2}}},{"hash":"0b7b0be424081e929170fd3ddd50cf64c1269b50","messageTitle":"Clean up Task description in UG","messageBody":"","fileTypesAndContributionMap":{"docs":{"insertions":33,"deletions":36}}},{"hash":"ab91a1bd799d191e408aa1cb6907417d1396c2be","messageTitle":"Clean up Task description in UG v2","messageBody":"","fileTypesAndContributionMap":{"docs":{"insertions":11,"deletions":21}}}]},{"date":"2022-10-27","commitResults":[{"hash":"c69a80a8ddb718d06d9b1523fd2b5b3eefb0d2be","messageTitle":"Clean up Task description in UG v3","messageBody":"","fileTypesAndContributionMap":{"docs":{"insertions":1,"deletions":5}}},{"hash":"54229e995e4626a915bac4ba48665f39760c3bed","messageTitle":"Fix TaskTests failing due to DateTime creation","messageBody":"","fileTypesAndContributionMap":{"test-code":{"insertions":3,"deletions":1}}},{"hash":"a81483c6adbc575af9c9be6b4093abddaf6da8b6","messageTitle":"Fix TaskTests failing due to DateTime creation","messageBody":"","fileTypesAndContributionMap":{"test-code":{"insertions":2,"deletions":1}}},{"hash":"e1cd501b88c489d366871639f5b05dd4f3d5a269","messageTitle":"Updated recurrence to have singular version of the TIME_PERIOD e.g day, month etc","messageBody":"","fileTypesAndContributionMap":{"functional-code":{"insertions":8,"deletions":0},"docs":{"insertions":1,"deletions":1}}},{"hash":"40321ed64ac076d9135b661d21a6e643daf9278e","messageTitle":"Update year format to be yy","messageBody":"","fileTypesAndContributionMap":{"functional-code":{"insertions":7,"deletions":7},"docs":{"insertions":9,"deletions":9},"test-code":{"insertions":11,"deletions":11}}}]}],"shogun187":[{"date":"2022-09-27","commitResults":[{"hash":"78f4bbec40de90852ca6f2c9ca2f1c9869e96355","messageTitle":"Update user guide with edit and find features","messageBody":"","fileTypesAndContributionMap":{"docs":{"insertions":15,"deletions":19}}},{"hash":"27949e35760995f185782d0a121c7f01c41bf9af","messageTitle":"Add Shaugn\u0027s Project Portfolio Page","messageBody":"","fileTypesAndContributionMap":{"docs":{"insertions":34,"deletions":0}}},{"hash":"f1797865bce862cc04470afb81319d53824db2a8","messageTitle":"Update Shaugn\u0027s section in AboutUs.md","messageBody":"","fileTypesAndContributionMap":{"docs":{"insertions":5,"deletions":5}}}]},{"date":"2022-09-28","commitResults":[{"hash":"cf479681870d2a44f53f003bfa718837111fd0fd","messageTitle":"Fix formatting in UserGuide","messageBody":"","fileTypesAndContributionMap":{"docs":{"insertions":23,"deletions":18}}},{"hash":"f8eb31524d11c273ae71ed9f009941bbeebd7792","messageTitle":"Fix image name and update filepath in AboutUs.md","messageBody":"","fileTypesAndContributionMap":{"docs":{"insertions":1,"deletions":1}}}]},{"date":"2022-09-30","commitResults":[{"hash":"941e3370f08fd44e4ea123052065139adf93d532","messageTitle":"Update DeveloperGuide with delete patient and find use cases","messageBody":"","fileTypesAndContributionMap":{"docs":{"insertions":22,"deletions":6}}},{"hash":"b6859a4dd0c680b9ab444b7aa4c5414302ae01fe","messageTitle":"Replace edit with editPatient in UserGuide","messageBody":"","fileTypesAndContributionMap":{"docs":{"insertions":3,"deletions":3}}}]},{"date":"2022-10-05","commitResults":[{"hash":"59dbae59f606e68f28e504e705e5097d7ffe7a21","messageTitle":"Add editPatient feature and rename all instances of EditPerson to EditPatient","messageBody":"","fileTypesAndContributionMap":{"other":{"insertions":54,"deletions":54},"test-code":{"insertions":87,"deletions":87}}},{"hash":"06a638c8454708bee833171a8f987266bb3bdfff","messageTitle":"Add editPatient feature and rename all instances of EditPerson to EditPatient","messageBody":"","fileTypesAndContributionMap":{"functional-code":{"insertions":10,"deletions":10},"test-code":{"insertions":89,"deletions":89}}},{"hash":"ce2777db65f09d74c835d9dfdf0cf9e7afdfb42f","messageTitle":"Fix checkstyle violation","messageBody":"","fileTypesAndContributionMap":{"functional-code":{"insertions":2,"deletions":1}}},{"hash":"12e6686dcbaa482cb94e06d4a3ea252ececb7bdf","messageTitle":"Rename instances of Person to Patient in EditPatientCommandTest","messageBody":"","fileTypesAndContributionMap":{"test-code":{"insertions":6,"deletions":6}}},{"hash":"6e730918f0c78098d58818f738fa53e5ace6f1a0","messageTitle":"Rename EditPersonDescriptorTest to EditPatientDescriptorTest","messageBody":"","fileTypesAndContributionMap":{"other":{"insertions":0,"deletions":0}}},{"hash":"ab8978d5117e6eecd1a498d8febad41d57200b80","messageTitle":"Rename editedPerson to editedPatient and createdEditedPerson to createEditedPatient","messageBody":"","fileTypesAndContributionMap":{"functional-code":{"insertions":5,"deletions":5}}},{"hash":"ca25844976ac86582904255acbb94b77a6e7b997","messageTitle":"Rename createEditedPerson on line 78 to createdEditedPatient","messageBody":"","fileTypesAndContributionMap":{"functional-code":{"insertions":1,"deletions":1}}},{"hash":"b86a373766e432d17b1f874c82d2557c5142fcc4","messageTitle":"Change persons to patients in line 17","messageBody":"","fileTypesAndContributionMap":{"functional-code":{"insertions":1,"deletions":1}}}]},{"date":"2022-10-07","commitResults":[{"hash":"47cb91b1b9f903d0486820f8b62a320d8aee0ea0","messageTitle":"Implement partial word match for find feature","messageBody":"","fileTypesAndContributionMap":{"functional-code":{"insertions":8,"deletions":5},"test-code":{"insertions":1,"deletions":1}}},{"hash":"a617b820d83c7a01afdfdb6679089b85a793bdcf","messageTitle":"Edit javadoc comments for containsWordIgnoreCase","messageBody":"","fileTypesAndContributionMap":{"functional-code":{"insertions":2,"deletions":2}}},{"hash":"14f4972acbca15d5b7704a8f4003ce9541a32ba7","messageTitle":"Change full word match to partial match","messageBody":"","fileTypesAndContributionMap":{"docs":{"insertions":1,"deletions":1}}}]},{"date":"2022-10-11","commitResults":[{"hash":"20ae568c4c6fb0560de745d32fa22b083eeb6ce8","messageTitle":"First UI","messageBody":"","fileTypesAndContributionMap":{"functional-code":{"insertions":367,"deletions":110}}}]},{"date":"2022-10-12","commitResults":[{"hash":"a20aec99a3488b88315b5fec12b2bc7fdc0d63e1","messageTitle":"Add border for PersonCard","messageBody":"","fileTypesAndContributionMap":{"functional-code":{"insertions":75,"deletions":48}}},{"hash":"5840b43f158430e892963a11a13898c9851c5f64","messageTitle":"Dummy commit","messageBody":"","fileTypesAndContributionMap":{"functional-code":{"insertions":88,"deletions":86}}},{"hash":"083984cf56775c9b2e8a0c5445a7c6d774d68c1f","messageTitle":"Dummy commit","messageBody":"","fileTypesAndContributionMap":{"functional-code":{"insertions":215,"deletions":51}}},{"hash":"5c6d497bf5a259224308ccff32d8be092057d1ad","messageTitle":"Add task output to outputPanel for viewTask","messageBody":"","fileTypesAndContributionMap":{"functional-code":{"insertions":9,"deletions":11}}},{"hash":"5d4c9f4eb8d59fdd19ebe0a033f466317f48d466","messageTitle":"Add comments","messageBody":"","fileTypesAndContributionMap":{"functional-code":{"insertions":2,"deletions":3}}},{"hash":"ff6d45cda58d1448c453d27087822395f295f53c","messageTitle":"Remove MainWindow copy","messageBody":"","fileTypesAndContributionMap":{"functional-code":{"insertions":0,"deletions":115}}},{"hash":"7812de5cb17938fe35c54a9dd6afe5ef7eee4782","messageTitle":"Swap commandBox and resultDisplayBox","messageBody":"","fileTypesAndContributionMap":{"functional-code":{"insertions":7,"deletions":7}}},{"hash":"0ef0f3d7cc3db6dbdc802077f6331ab048b210dc","messageTitle":"Remove unused import","messageBody":"","fileTypesAndContributionMap":{"functional-code":{"insertions":0,"deletions":1}}}]},{"date":"2022-10-13","commitResults":[{"hash":"f4e1414f7808912c2bb4e6e2321f524647dd7dd1","messageTitle":"Fix whitespace","messageBody":"","fileTypesAndContributionMap":{"functional-code":{"insertions":0,"deletions":1}}},{"hash":"5687e92ffa8a2952862dee6bb9ec48aeb244f914","messageTitle":"Add newline EOF for DarkTheme.css","messageBody":"","fileTypesAndContributionMap":{"functional-code":{"insertions":1,"deletions":1}}},{"hash":"ac50957fbe32bec9efa9d73009d05f81d2ef990f","messageTitle":"Add functionality","messageBody":"","fileTypesAndContributionMap":{"functional-code":{"insertions":95,"deletions":34}}},{"hash":"867ac19dcfd9d65a8dd5549b32422712d9f19bc6","messageTitle":"Fix checkstyle errors","messageBody":"","fileTypesAndContributionMap":{"functional-code":{"insertions":23,"deletions":25}}}]},{"date":"2022-10-15","commitResults":[{"hash":"cc748d5df342635e551c83221a0cb2d381bf0020","messageTitle":"Make CommandType an enum class","messageBody":"","fileTypesAndContributionMap":{"functional-code":{"insertions":251,"deletions":62}}},{"hash":"1fccf87ef2e4c2a074e2c19ce98969f45eb48966","messageTitle":"Fix comma error in CommandType","messageBody":"","fileTypesAndContributionMap":{"functional-code":{"insertions":1,"deletions":1}}}]},{"date":"2022-10-16","commitResults":[{"hash":"b39a07a1f4b251dda03a2ece8805f5f9ac23153f","messageTitle":"Remove reliance on taskListFlag","messageBody":"","fileTypesAndContributionMap":{"functional-code":{"insertions":132,"deletions":66}}},{"hash":"fdffe40cb542eab6a24344f42f705c76561b9caf","messageTitle":"Fix checkstyle","messageBody":"","fileTypesAndContributionMap":{"functional-code":{"insertions":34,"deletions":10}}}]},{"date":"2022-10-17","commitResults":[{"hash":"db11a79e0f67d48d36d38fdb8d18b2df4993be42","messageTitle":"Update naming in UserGuide and make task description compulsory for adding and editing tasks","messageBody":"","fileTypesAndContributionMap":{"docs":{"insertions":14,"deletions":14}}},{"hash":"3ce0e623f6d0bb6575fbe47d7d689d96128968fc","messageTitle":"Add space in line 214","messageBody":"","fileTypesAndContributionMap":{"docs":{"insertions":1,"deletions":1}}},{"hash":"afcb7949b4bdd38fc9c58a405114184723e2033e","messageTitle":"Add task description in line 230","messageBody":"","fileTypesAndContributionMap":{"docs":{"insertions":1,"deletions":1}}}]},{"date":"2022-10-20","commitResults":[{"hash":"243227b5584bf6fd5df0ffc6accff705a414bd01","messageTitle":"dummy commit","messageBody":"","fileTypesAndContributionMap":{"functional-code":{"insertions":60,"deletions":1}}}]},{"date":"2022-10-21","commitResults":[{"hash":"0cf4181f1365eb1ef7a1ad70d052767c5c33df2b","messageTitle":"Add schedule panel, update tasklist panel and change UpdatedPersonCard","messageBody":"","fileTypesAndContributionMap":{"functional-code":{"insertions":393,"deletions":111}}},{"hash":"0b0ddd27cfa7123a8fbeb2b99e0ee652bf641727","messageTitle":"Fix checkstyle","messageBody":"","fileTypesAndContributionMap":{"functional-code":{"insertions":0,"deletions":1}}},{"hash":"bfba6f24984daf837ce2007db8221b018b2fec8a","messageTitle":"Update DG and UML diagrams","messageBody":"","fileTypesAndContributionMap":{"docs":{"insertions":53,"deletions":39}}},{"hash":"0fa68ae3a09531b6053b8b593c602a96058be78f","messageTitle":"Refactor hyperlinks","messageBody":"","fileTypesAndContributionMap":{"docs":{"insertions":2,"deletions":2}}},{"hash":"bc0997d6d23abc23163c8a61c998123de1f57828","messageTitle":"Add implementation for add/edit/delete patient in UI","messageBody":"","fileTypesAndContributionMap":{"docs":{"insertions":53,"deletions":0}}}]},{"date":"2022-10-22","commitResults":[{"hash":"a90721d071305fc8e2013ecc64da5ba48ccbbe72","messageTitle":"Update docs/DeveloperGuide.md","messageBody":"Co-authored-by: \u0027Izzah Abdul Jalil \u003c88933129+izzahaj@users.noreply.github.com\u003e","fileTypesAndContributionMap":{"docs":{"insertions":1,"deletions":1}}},{"hash":"e6a947da159069116cfbaca475e5393282a329b6","messageTitle":"Update docs/diagrams/DeleteSequenceDiagram.puml","messageBody":"Co-authored-by: \u0027Izzah Abdul Jalil \u003c88933129+izzahaj@users.noreply.github.com\u003e","fileTypesAndContributionMap":{"docs":{"insertions":1,"deletions":1}}},{"hash":"38ae20699c4eede32ac59ff8c33e6efe622bcb64","messageTitle":"Update docs/diagrams/DeleteSequenceDiagram.puml","messageBody":"Co-authored-by: \u0027Izzah Abdul Jalil \u003c88933129+izzahaj@users.noreply.github.com\u003e","fileTypesAndContributionMap":{"docs":{"insertions":1,"deletions":1}}},{"hash":"5674b9cb894c7dae6f050ca7f26a0729a00c3553","messageTitle":"Update UniNurseParser to UninurseBookParser and DeleteCommand to DeletePatientCommand","messageBody":"","fileTypesAndContributionMap":{"docs":{"insertions":39,"deletions":39}}},{"hash":"6d8c77bdde848427076c80041ee4ec8401a06bdb","messageTitle":"Update ModelClassDiagram","messageBody":"","fileTypesAndContributionMap":{"docs":{"insertions":13,"deletions":5}}},{"hash":"4d4711a79bba70537fa288c8224ec93cee7b1814","messageTitle":"Update DG with UpdatePersonCard implementation","messageBody":"","fileTypesAndContributionMap":{"docs":{"insertions":199,"deletions":51}}},{"hash":"edfcaa8667d14470313b1111bb664a28ed46e20b","messageTitle":"Fix checkstyle","messageBody":"","fileTypesAndContributionMap":{"docs":{"insertions":1,"deletions":1}}}]},{"date":"2022-10-23","commitResults":[{"hash":"0de851936461f03675b9b705f954e869fcbcd012","messageTitle":"Fix naming issues in diagrams and DG","messageBody":"","fileTypesAndContributionMap":{"docs":{"insertions":52,"deletions":52}}}]},{"date":"2022-10-24","commitResults":[{"hash":"25b26d7f13aeda2d35a5c3f11e12d72d97adf36a","messageTitle":"Implement undo/redo command for UI","messageBody":"","fileTypesAndContributionMap":{"functional-code":{"insertions":352,"deletions":45},"test-code":{"insertions":12,"deletions":1}}}]},{"date":"2022-10-25","commitResults":[{"hash":"4ce68ab2c48e4e9d6ff7383d7516781c0fd98720","messageTitle":"Update PatientListTracker","messageBody":"","fileTypesAndContributionMap":{"functional-code":{"insertions":262,"deletions":136},"test-code":{"insertions":10,"deletions":4}}},{"hash":"55e510ac7d582ff5987d082b59bdcd33fbe76cac","messageTitle":"Remove comments in ClearCommand","messageBody":"","fileTypesAndContributionMap":{"functional-code":{"insertions":21,"deletions":9}}},{"hash":"4e1554996531e652a85e35f0f2f676e160fce476","messageTitle":"Fix checkstyle","messageBody":"","fileTypesAndContributionMap":{"functional-code":{"insertions":0,"deletions":1}}},{"hash":"9615bf923aa480f14574dbcc8fd74521ef904f70","messageTitle":"Dummy commit","messageBody":"","fileTypesAndContributionMap":{"functional-code":{"insertions":3,"deletions":3},"test-code":{"insertions":1,"deletions":0}}},{"hash":"254315d390bbbe50401d10352d0be7e600575b8f","messageTitle":"Change equals method in PersistentUninurseBook","messageBody":"","fileTypesAndContributionMap":{"functional-code":{"insertions":0,"deletions":2},"test-code":{"insertions":0,"deletions":1}}},{"hash":"a5bfbd8ae48e24222f2f9c529ab6e08614c49652","messageTitle":"Update JavaDoc comments for UndoCard and RedoCard","messageBody":"","fileTypesAndContributionMap":{"functional-code":{"insertions":2,"deletions":2}}},{"hash":"7f6752fcfb71ec4528b90e6e2086cfccbeca5495","messageTitle":"Integrate viewing for time-based tasks on UI","messageBody":"","fileTypesAndContributionMap":{"functional-code":{"insertions":34,"deletions":3}}},{"hash":"2dc688282ebffe7305561f3edfe81b7971eec41e","messageTitle":"Add getDateString method for better readability","messageBody":"","fileTypesAndContributionMap":{"functional-code":{"insertions":23,"deletions":13}}},{"hash":"ef852300056ecc9276a652eb16d90aa0b051174b","messageTitle":"Add AM/PM to time string","messageBody":"","fileTypesAndContributionMap":{"functional-code":{"insertions":1,"deletions":1}}}]},{"date":"2022-10-26","commitResults":[{"hash":"f0da4f0775f78dd588331c560b91e169ea8d3452","messageTitle":"Fix window size of RedoCard","messageBody":"","fileTypesAndContributionMap":{"functional-code":{"insertions":4,"deletions":4}}},{"hash":"28fc887477c0de966ea48632f008308893073fad","messageTitle":"Update UI image","messageBody":"","fileTypesAndContributionMap":{"docs":{"insertions":1,"deletions":1}}},{"hash":"5b2a1ecd4d84567bbead410c719623e24fdcfa2a","messageTitle":"Improve heading for DG implementation","messageBody":"","fileTypesAndContributionMap":{"docs":{"insertions":2,"deletions":1}}}]},{"date":"2022-10-27","commitResults":[{"hash":"b501bbd72112d303a1fc9746b9870013a6fe489f","messageTitle":"Implement recurring tasks into UI","messageBody":"","fileTypesAndContributionMap":{"functional-code":{"insertions":23,"deletions":1}}},{"hash":"7e2b2a1494d99c10b557becb18429237c29ddc85","messageTitle":"Fix window size of Undo/Redo card","messageBody":"","fileTypesAndContributionMap":{"functional-code":{"insertions":10,"deletions":12}}},{"hash":"ff13e6179b8dc8901711e897dd90aff0612480e2","messageTitle":"Revert \"Fix window size of Undo/Redo card\"","messageBody":"This reverts commit 7e2b2a1494d99c10b557becb18429237c29ddc85.\n","fileTypesAndContributionMap":{"functional-code":{"insertions":12,"deletions":10}}},{"hash":"ab21eb3e96d544ecb810aec6e1451189d2c141ec","messageTitle":"Remove instances of updating the FilteredPersonList except for ListTask, TasksOn, and PatientsToday","messageBody":"","fileTypesAndContributionMap":{"functional-code":{"insertions":0,"deletions":11}}},{"hash":"d621f1b56e19661b81f331b5829e7ef422b3fc06","messageTitle":"Remove updateFilteredPersonList for TasksOn","messageBody":"","fileTypesAndContributionMap":{"functional-code":{"insertions":0,"deletions":1}}},{"hash":"8f6a87607cdd7093104dcb4fd5bbfc4e2f25255a","messageTitle":"Invert signs in compareTo method","messageBody":"","fileTypesAndContributionMap":{"functional-code":{"insertions":1,"deletions":1}}},{"hash":"4852ed7794221daa4bbef61683398d68ace85df1","messageTitle":"Remove unused imports","messageBody":"","fileTypesAndContributionMap":{"functional-code":{"insertions":0,"deletions":3}}},{"hash":"c2f5e2f72d0d6a33211b3134ecf30a88a07f5056","messageTitle":"Fix test cases","messageBody":"","fileTypesAndContributionMap":{"test-code":{"insertions":6,"deletions":13}}},{"hash":"dd4df33f35aa0f33aa90b94dc34da3047a856651","messageTitle":"Remove instance of updateFilteredPersonList in DeleteTask and wrap name text in ScheduleListCard","messageBody":"","fileTypesAndContributionMap":{"functional-code":{"insertions":1,"deletions":2},"test-code":{"insertions":0,"deletions":1}}},{"hash":"2565b418d1aae4a256870c8385bbc526d8a3c2e9","messageTitle":"Update UG and screenshots, and find command","messageBody":"","fileTypesAndContributionMap":{"functional-code":{"insertions":19,"deletions":2},"docs":{"insertions":17,"deletions":6}}},{"hash":"477f48e06123885f80bc9f8b25ca362525e840b1","messageTitle":"Update find command","messageBody":"","fileTypesAndContributionMap":{"docs":{"insertions":32,"deletions":30}}}]},{"date":"2022-11-01","commitResults":[{"hash":"a0181a0d45217f18a0374e0722ca210b62aa8e84","messageTitle":"Update TruncatedTaskListCard and UpdatedPatientCar","messageBody":"","fileTypesAndContributionMap":{"functional-code":{"insertions":38,"deletions":21}}}]}],"izzahaj":[{"date":"2022-09-21","commitResults":[{"hash":"02f3d2316cf961731c1ebe01efdff6e39f158b81","messageTitle":"Update delete task feature, help feature and command summary in User Guide","messageBody":"","fileTypesAndContributionMap":{"functional-code":{"insertions":1,"deletions":1},"docs":{"insertions":51,"deletions":18}}}]},{"date":"2022-09-22","commitResults":[{"hash":"dc7803d1c19deb8b676f2a5f70d08d0f6cb8b86f","messageTitle":"Add project portfolio page","messageBody":"","fileTypesAndContributionMap":{"docs":{"insertions":34,"deletions":0}}}]},{"date":"2022-09-28","commitResults":[{"hash":"57494266468058b899d1b09ee373d56c0b423985","messageTitle":"Update \u0027Izzah\u0027s part in AboutUs page","messageBody":"","fileTypesAndContributionMap":{"docs":{"insertions":6,"deletions":7}}},{"hash":"9f9c07bc534fb4e8b59275a0f68212478cc8de88","messageTitle":"Remove ZWSP characters in User Guide","messageBody":"","fileTypesAndContributionMap":{"docs":{"insertions":5,"deletions":5}}},{"hash":"4d0de0198cfe600dafeccb4189550ebb9872b6c5","messageTitle":"Remove existing content from Quick Start in User Guide","messageBody":"","fileTypesAndContributionMap":{"docs":{"insertions":0,"deletions":24}}}]},{"date":"2022-09-29","commitResults":[{"hash":"a9647923895e90e74f15329a5074067771390be5","messageTitle":"Remove remaining ZWSP character from User Guide","messageBody":"","fileTypesAndContributionMap":{"docs":{"insertions":1,"deletions":1}}},{"hash":"7a6149c44a0ecade4a48fe29d31caed9a5783562","messageTitle":"Remove ZWSP characters from Developer Guide","messageBody":"","fileTypesAndContributionMap":{"docs":{"insertions":6,"deletions":6}}},{"hash":"4d969612d4013b579fdc677bce07e7b73100c5d6","messageTitle":"Add non-functional requirements to Developer Guide","messageBody":"","fileTypesAndContributionMap":{"docs":{"insertions":7,"deletions":3}}}]},{"date":"2022-09-30","commitResults":[{"hash":"8a42343ee931e26f44cb1e53cc4c27230cd85f01","messageTitle":"Update DG with delete task and list patients use cases","messageBody":"","fileTypesAndContributionMap":{"docs":{"insertions":47,"deletions":0}}},{"hash":"cfc59aca89fbf8c92f1ccb5faaf7dc78969c54ab","messageTitle":"Reorder feature sections in User Guide","messageBody":"","fileTypesAndContributionMap":{"docs":{"insertions":45,"deletions":53}}}]},{"date":"2022-10-01","commitResults":[{"hash":"1dce0a91910fceac2c24e1f609cc899920000f45","messageTitle":"Add full stops to use cases in developer guide","messageBody":"","fileTypesAndContributionMap":{"docs":{"insertions":36,"deletions":36}}},{"hash":"2d5cf9d8c7b0dd55c46ebe3060cc68a6362cfe47","messageTitle":"Change delete to deleteTask in UG","messageBody":"","fileTypesAndContributionMap":{"docs":{"insertions":3,"deletions":3}}},{"hash":"83bb0f40adb124d85ea93992148d9362d9dc2d3b","messageTitle":"Fix ordering of list and find commands","messageBody":"","fileTypesAndContributionMap":{"docs":{"insertions":14,"deletions":14}}}]},{"date":"2022-10-06","commitResults":[{"hash":"34d21934b913ceb54b2859bfaeca580613cfbf76","messageTitle":"Update help page screenshot in User Guide","messageBody":"","fileTypesAndContributionMap":{"functional-code":{"insertions":1,"deletions":1}}}]},{"date":"2022-10-07","commitResults":[{"hash":"04174176db04061bbdedfde2c40f3cef21ca4765","messageTitle":"Add TaskList class for task-related commands","messageBody":"","fileTypesAndContributionMap":{"functional-code":{"insertions":60,"deletions":0}}},{"hash":"a46f2ecd243c57cf1a04b5fe03aeaa70c1a216ff","messageTitle":"Change task to accept any non-blank value for the description","messageBody":"","fileTypesAndContributionMap":{"functional-code":{"insertions":12,"deletions":8}}},{"hash":"deaae9a078c05eb8eca50b3408d6ac8d0d9296c1","messageTitle":"Update EditPatientCommand to prevent editing of tasks","messageBody":"","fileTypesAndContributionMap":{"functional-code":{"insertions":4,"deletions":1}}},{"hash":"040bd916bcbe265044b55d2d7b8fd1e7c93f334a","messageTitle":"Add AddTaskCommand class for adding tasks","messageBody":"","fileTypesAndContributionMap":{"functional-code":{"insertions":84,"deletions":0}}},{"hash":"13037e7980f5b47c74ec1d9e4130a9c8af789540","messageTitle":"Add AddTaskCommandParser for adding tasks","messageBody":"","fileTypesAndContributionMap":{"functional-code":{"insertions":39,"deletions":0}}},{"hash":"331c533384668f14439896d615a5b4df482e6be1","messageTitle":"Add support for addition of tasks in parser classes","messageBody":"","fileTypesAndContributionMap":{"functional-code":{"insertions":42,"deletions":3}}},{"hash":"0feb0e86e4d5d3e033262358e623f9a1a74dcd65","messageTitle":"Fix typo in JavaDoc of method in Address class","messageBody":"","fileTypesAndContributionMap":{"functional-code":{"insertions":1,"deletions":1}}},{"hash":"78850e9d34d6919cc400040a4c07c166edc7a262","messageTitle":"Add support for tasks in storage","messageBody":"","fileTypesAndContributionMap":{"functional-code":{"insertions":67,"deletions":1}}},{"hash":"8c90369dae6e2b89ee7532c23c32f052171861ba","messageTitle":"Add addTask feature","messageBody":"","fileTypesAndContributionMap":{"functional-code":{"insertions":40,"deletions":7},"test-code":{"insertions":33,"deletions":10}}},{"hash":"1664d84dcdd0e4eb888fa7bc776472b301dd4ecb","messageTitle":"Add deleteTask feature","messageBody":"","fileTypesAndContributionMap":{"functional-code":{"insertions":148,"deletions":2}}}]},{"date":"2022-10-08","commitResults":[{"hash":"e9f5b2f35cf459293bdb621a765092eaf02b1655","messageTitle":"Update introduction and quick start sections of user guide","messageBody":"","fileTypesAndContributionMap":{"docs":{"insertions":93,"deletions":29}}},{"hash":"be8271d17c2c8b02e0f8d7712975314aae9d1cea","messageTitle":"Add numbering to use cases in developer guide","messageBody":"","fileTypesAndContributionMap":{"docs":{"insertions":66,"deletions":84}}},{"hash":"15badbc6d0f895ce8bfbb69679de6afefd5ad49f","messageTitle":"Update addressbook.jar to uninurse.jar in build.gradle file","messageBody":"","fileTypesAndContributionMap":{"other":{"insertions":1,"deletions":1}}},{"hash":"9c5aff5f1297c4510009830b797aac4b794d1239","messageTitle":"Remove placeholder text in editing data file section","messageBody":"","fileTypesAndContributionMap":{"docs":{"insertions":2,"deletions":3}}},{"hash":"e9b097467a017e64a2292c8666f9dc5d2509d4e2","messageTitle":"Change string format of Person and TaskList classes","messageBody":"","fileTypesAndContributionMap":{"functional-code":{"insertions":15,"deletions":11}}},{"hash":"a8bdf91a17d8cad1b89955395337dcc2f036ab6a","messageTitle":"Remove newline character after tasks in Person string","messageBody":"","fileTypesAndContributionMap":{"functional-code":{"insertions":5,"deletions":5}}},{"hash":"a403efa5aaa9ebc064fb31ae2fb3652754366e1a","messageTitle":"Fix newline issues","messageBody":"","fileTypesAndContributionMap":{"functional-code":{"insertions":14,"deletions":5}}},{"hash":"f288e301e7ffb8997630ccf5e79837d3a2721dc8","messageTitle":"Fix indentation in toString method of TaskList","messageBody":"","fileTypesAndContributionMap":{"functional-code":{"insertions":10,"deletions":10}}},{"hash":"91dff9109a46f7d8bb8cf1ab8c9787516aa9e755","messageTitle":"Update logo and name in main window","messageBody":"","fileTypesAndContributionMap":{"functional-code":{"insertions":3,"deletions":3}}}]},{"date":"2022-10-10","commitResults":[{"hash":"b5ce0c975281e7ddb01d359edc021115b175cba8","messageTitle":"Update add method in TaskList to return a new TaskList","messageBody":"","fileTypesAndContributionMap":{"functional-code":{"insertions":30,"deletions":12},"test-code":{"insertions":1,"deletions":2}}}]},{"date":"2022-10-11","commitResults":[{"hash":"3b59be8a3c4899713b117b0f36f6e2f071db6658","messageTitle":"Add valid and invalid task descriptions","messageBody":"","fileTypesAndContributionMap":{"test-code":{"insertions":12,"deletions":0}}},{"hash":"a021b48455f8e38520233cd1bbcf058476a0b5b7","messageTitle":"Add utility class for Task objects to be used in tests","messageBody":"","fileTypesAndContributionMap":{"test-code":{"insertions":5,"deletions":0}}},{"hash":"eac7761a06914c8f92b2cfeddfd9c171cce18ada","messageTitle":"Update tasks field of typicalPersons","messageBody":"","fileTypesAndContributionMap":{"test-code":{"insertions":2,"deletions":1}}},{"hash":"54fd24e5060e60d6f499091f0227ba401c651877","messageTitle":"Add sample tasks for testing","messageBody":"","fileTypesAndContributionMap":{"test-code":{"insertions":8,"deletions":1}}},{"hash":"45825dadfc4e58d81524653a6740910082866eca","messageTitle":"Add sample valid and invalid tasks","messageBody":"","fileTypesAndContributionMap":{"test-code":{"insertions":2,"deletions":2}}},{"hash":"fc8ad8ca28fb50efd48db9051ba2cf4f40d09515","messageTitle":"Add tests for constructor","messageBody":"","fileTypesAndContributionMap":{"test-code":{"insertions":20,"deletions":1}}}]},{"date":"2022-10-12","commitResults":[{"hash":"f43fde637e4359eb8fa24ef237d9b16608a7071c","messageTitle":"Update tests for AddTaskCommandTest","messageBody":"","fileTypesAndContributionMap":{"functional-code":{"insertions":5,"deletions":1},"test-code":{"insertions":109,"deletions":5}}},{"hash":"d8c47d4a027b8ef51be5bcc6d42e062a88cf7443","messageTitle":"Add null model check for execute method","messageBody":"","fileTypesAndContributionMap":{"test-code":{"insertions":6,"deletions":0}}},{"hash":"caf3ff8aa06953cf5f415bc09f6fec365e918446","messageTitle":"Update typical persons for testing","messageBody":"","fileTypesAndContributionMap":{"test-code":{"insertions":14,"deletions":7}}},{"hash":"4927774208eb5dbdd53a57c864e47b318c5ea42b","messageTitle":"Add static keyword to task stub","messageBody":"","fileTypesAndContributionMap":{"test-code":{"insertions":1,"deletions":1}}},{"hash":"1a51ae3a771dbf86132ac7dbd350c899748a97db","messageTitle":"Fix failing tests in EditPatientCommandTest","messageBody":"","fileTypesAndContributionMap":{"test-code":{"insertions":3,"deletions":4}}},{"hash":"b83328e924af01cf27c827f0528d81c3cc0ba011","messageTitle":"Fix typo in JavaDoc comment of createEditedPatient method","messageBody":"","fileTypesAndContributionMap":{"functional-code":{"insertions":1,"deletions":1}}},{"hash":"97c29d668c1c7a3a17677aa0b0443a92ca8debec","messageTitle":"Update delete method in TaskList to return a new TaskList","messageBody":"","fileTypesAndContributionMap":{"functional-code":{"insertions":16,"deletions":12}}}]},{"date":"2022-10-13","commitResults":[{"hash":"17080a4a76bb5dbb2829f373198dfc1b591d798e","messageTitle":"Add GenericList interface","messageBody":"","fileTypesAndContributionMap":{"functional-code":{"insertions":2,"deletions":0}}},{"hash":"3eb58103b0ab4cc9327d72ab17e6ed7f39855a61","messageTitle":"Fix typo in TaskList","messageBody":"","fileTypesAndContributionMap":{"functional-code":{"insertions":50,"deletions":2}}},{"hash":"c33533d6d1be4a202bad35fca243795c1af8db81","messageTitle":"Add null tests to edit task command and parser tests","messageBody":"","fileTypesAndContributionMap":{"test-code":{"insertions":34,"deletions":2}}},{"hash":"3f7f91fe1b71dbfff864b3edaefef37aa2b349d1","messageTitle":"Add tests for DeleteTaskCommand","messageBody":"","fileTypesAndContributionMap":{"test-code":{"insertions":135,"deletions":3}}}]},{"date":"2022-10-14","commitResults":[{"hash":"75cf300816591953ce7935247955af52f421c1c7","messageTitle":"Add tests for delete task command and parser classes","messageBody":"","fileTypesAndContributionMap":{"functional-code":{"insertions":0,"deletions":2},"test-code":{"insertions":38,"deletions":4}}},{"hash":"b69ab9f8d5f0d1595c0cf7075dab9c4a971c8283","messageTitle":"Add TaskTest","messageBody":"","fileTypesAndContributionMap":{"test-code":{"insertions":71,"deletions":0}}},{"hash":"af06e2b5a456b3b3277e0cf29d0ae3124517f583","messageTitle":"Update TagTest with more unit tests","messageBody":"","fileTypesAndContributionMap":{"test-code":{"insertions":24,"deletions":2}}}]},{"date":"2022-10-17","commitResults":[{"hash":"d2b7504c387f3bb18c2f1a36feecc6b7d02e48f6","messageTitle":"Update JavaDocs for Task","messageBody":"","fileTypesAndContributionMap":{"functional-code":{"insertions":7,"deletions":1}}},{"hash":"a18186acfa9366e56656017fec8105524fb6a0da","messageTitle":"Add Condition class","messageBody":"","fileTypesAndContributionMap":{"functional-code":{"insertions":55,"deletions":1}}},{"hash":"fcfc424ac72d61d6aa61faeb23930a9f8502968e","messageTitle":"Add ConditionList class","messageBody":"","fileTypesAndContributionMap":{"functional-code":{"insertions":84,"deletions":1}}},{"hash":"cb08fc9f31b2b9fd08b2b8f23bb187e973bfba49","messageTitle":"Add custom condition exceptions","messageBody":"","fileTypesAndContributionMap":{"functional-code":{"insertions":17,"deletions":1}}},{"hash":"5c6134e91212d2e2cd3f0923fb13a61975907e28","messageTitle":"Add custome exception handling in delete and get methods","messageBody":"","fileTypesAndContributionMap":{"functional-code":{"insertions":13,"deletions":5}}},{"hash":"e4693fbe5690786e1f5aaeabbdac462b9728a550","messageTitle":"Add unit tests for condition class","messageBody":"","fileTypesAndContributionMap":{"test-code":{"insertions":78,"deletions":0}}},{"hash":"451d2a8a1714f78cf1a152d60431cf7712d70d5d","messageTitle":"Add condition prefixes and index options","messageBody":"","fileTypesAndContributionMap":{"functional-code":{"insertions":2,"deletions":0}}},{"hash":"e48c1addb5b398a79eb985544bdbe74723a26263","messageTitle":"Add JavaDoc comment to ConditionList#contains method","messageBody":"","fileTypesAndContributionMap":{"functional-code":{"insertions":7,"deletions":1}}},{"hash":"86bb6028812ceb4f6ab9a6ed1a5afa74d3b449e8","messageTitle":"Enable assertions","messageBody":"","fileTypesAndContributionMap":{"other":{"insertions":4,"deletions":0}}}]},{"date":"2022-10-18","commitResults":[{"hash":"2f43ecf9c0da0c9d27bd423526abfa834f27e7af","messageTitle":"Add command and parser classes for add condition feature","messageBody":"","fileTypesAndContributionMap":{"functional-code":{"insertions":126,"deletions":1}}}]},{"date":"2022-10-19","commitResults":[{"hash":"d81c510cc9693db0706bd56928c8a5a8c5e335f1","messageTitle":"Update ConditionList methods","messageBody":"","fileTypesAndContributionMap":{"functional-code":{"insertions":51,"deletions":8}}},{"hash":"33bc11459258a2368e1aefdf117e6f56fe2124f9","messageTitle":"Replace ArrayList with List in ConditionList","messageBody":"","fileTypesAndContributionMap":{"functional-code":{"insertions":8,"deletions":6}}},{"hash":"e8b6badd3dbf94547799a37a931ee3f175ffeed1","messageTitle":"Fix capitalisation in TaskList JavaDoc comments","messageBody":"","fileTypesAndContributionMap":{"functional-code":{"insertions":2,"deletions":2}}},{"hash":"589a0a4285c6e4fbe9a3a04958fe0d57e3ebe9ac","messageTitle":"Add toString(), equals() and hashCode() methods","messageBody":"","fileTypesAndContributionMap":{"functional-code":{"insertions":30,"deletions":0}}},{"hash":"dd097ad6009d9026dc2e94a9e2eb41bae5dab588","messageTitle":"Swap position of tasks and conditions in Person","messageBody":"","fileTypesAndContributionMap":{"functional-code":{"insertions":18,"deletions":11}}},{"hash":"70915f702a5e87c36efec2da4064c19b9c4e7877","messageTitle":"Update ordering of tasks and conditions in arguments","messageBody":"","fileTypesAndContributionMap":{"functional-code":{"insertions":20,"deletions":10}}},{"hash":"2b0089f520deea4474c8e2486a8378e95b9a8ac7","messageTitle":"Fix capitalisation","messageBody":"","fileTypesAndContributionMap":{"functional-code":{"insertions":1,"deletions":1}}},{"hash":"074fa66e0134478dd0e100c3df7c155721c15bba","messageTitle":"Update sample data to support condition list","messageBody":"","fileTypesAndContributionMap":{"functional-code":{"insertions":18,"deletions":9}}},{"hash":"aec543982ef5b8fba753624fb738890af3779ee6","messageTitle":"Add support for addition of medical conditions","messageBody":"","fileTypesAndContributionMap":{"functional-code":{"insertions":116,"deletions":8},"test-code":{"insertions":42,"deletions":12}}}]},{"date":"2022-10-20","commitResults":[{"hash":"40e79d83ad361ad2295c3921315941e7e0e22ad7","messageTitle":"Fix numbering bug in toString method of ConditionList","messageBody":"","fileTypesAndContributionMap":{"functional-code":{"insertions":2,"deletions":1}}}]},{"date":"2022-10-21","commitResults":[{"hash":"ee7ddf07897948550c07528f5d082b1d8e5936e4","messageTitle":"Update version number to v1.3","messageBody":"","fileTypesAndContributionMap":{"functional-code":{"insertions":1,"deletions":1}}},{"hash":"21c06e7e349540e27aaef0e4a8e6394e7e5b4dd8","messageTitle":"Add tests for Condition and ConditionList","messageBody":"","fileTypesAndContributionMap":{"functional-code":{"insertions":1,"deletions":11},"test-code":{"insertions":170,"deletions":13}}},{"hash":"a76d6c463ecf8511e875ff937246805a7aa7c4f6","messageTitle":"Add tests for parseCondition and parseConditions","messageBody":"","fileTypesAndContributionMap":{"test-code":{"insertions":66,"deletions":9}}},{"hash":"77edf2740d93a2c841a0d6f9ff65f8fdcd06c132","messageTitle":"Update tests for conditions in JsonAdaptedPersonTest","messageBody":"","fileTypesAndContributionMap":{"test-code":{"insertions":10,"deletions":4}}},{"hash":"c9c03644b3c125218da3bd2e1f3e954c0977d6ec","messageTitle":"Add tests for JsonAdaptedCondition","messageBody":"","fileTypesAndContributionMap":{"functional-code":{"insertions":4,"deletions":1},"test-code":{"insertions":41,"deletions":0}}},{"hash":"cd5dcd47033e45e58361e6e2d1c737db60aa40b0","messageTitle":"Add tests for AddConditionCommand and AddConditionCommandParser","messageBody":"","fileTypesAndContributionMap":{"functional-code":{"insertions":18,"deletions":8},"test-code":{"insertions":190,"deletions":5}}},{"hash":"f3d6d5f3f54737adaeabcf1d5c94c4f632eac9f3","messageTitle":"Update PersonTest with conditions","messageBody":"","fileTypesAndContributionMap":{"test-code":{"insertions":22,"deletions":13}}}]},{"date":"2022-10-22","commitResults":[{"hash":"9ee424748f0070216839eb6fb5ccdbea55164fc6","messageTitle":"Add basic skeleton for implementation of add condition feature","messageBody":"","fileTypesAndContributionMap":{"docs":{"insertions":46,"deletions":1}}},{"hash":"3307bdfa5ec6b27eb7c2d649ef6bc854edf21f55","messageTitle":"Add sequence diagram for add condition implementation","messageBody":"","fileTypesAndContributionMap":{"docs":{"insertions":82,"deletions":0}}},{"hash":"ff530755ca58ada70fbe0f9324e84ba1dbf335bf","messageTitle":"Add activity diagram for add condition implementation","messageBody":"","fileTypesAndContributionMap":{"docs":{"insertions":31,"deletions":3}}},{"hash":"a007dc8014367d92580e8fb591eb776cd5e9799b","messageTitle":"Fix capitalization in activity diagram","messageBody":"","fileTypesAndContributionMap":{"docs":{"insertions":17,"deletions":15}}},{"hash":"7ca8673396cd6093dff4ef2da21acd721353d0e0","messageTitle":"Fix comments and naming issues in AddTaskCommandTest","messageBody":"","fileTypesAndContributionMap":{"test-code":{"insertions":12,"deletions":12}}}]},{"date":"2022-10-23","commitResults":[{"hash":"0b8db5222723b5bdf3e9c7af756cb52ac366d1b3","messageTitle":"Update user guide with conditon and tag features","messageBody":"","fileTypesAndContributionMap":{"docs":{"insertions":56,"deletions":1}}},{"hash":"63ec850bd1051526fb6765231fe843007d98b0e2","messageTitle":"Add command and parser support for delete condition feature","messageBody":"","fileTypesAndContributionMap":{"functional-code":{"insertions":137,"deletions":0}}},{"hash":"b10143232b81d3ac758a611db372e9e6bfcbcbd7","messageTitle":"Add tests for DeleteConditionCommand","messageBody":"","fileTypesAndContributionMap":{"functional-code":{"insertions":5,"deletions":3},"test-code":{"insertions":196,"deletions":47}}},{"hash":"dd068f2a1b71f3a658c523eeaba72fd51fbc9057","messageTitle":"Add tests for delete condition feature","messageBody":"","fileTypesAndContributionMap":{"test-code":{"insertions":90,"deletions":27}}},{"hash":"cfc22142ac1993c781c9d1a4cd04d1365067dfb3","messageTitle":"Add TagList","messageBody":"","fileTypesAndContributionMap":{"functional-code":{"insertions":135,"deletions":2},"test-code":{"insertions":213,"deletions":8}}},{"hash":"eb2c22e97f7740137b972386cd3e143b6ac062b8","messageTitle":"Add JsonAdaptedTag","messageBody":"","fileTypesAndContributionMap":{"functional-code":{"insertions":27,"deletions":31},"test-code":{"insertions":46,"deletions":5}}},{"hash":"2e817d1c41066492b64faa5afa317e40e339d747","messageTitle":"Update delete condition tests","messageBody":"","fileTypesAndContributionMap":{"functional-code":{"insertions":4,"deletions":6},"test-code":{"insertions":7,"deletions":6}}}]},{"date":"2022-10-24","commitResults":[{"hash":"c0c8ae31bdf01ea22a06476b6fcd256f6bcbd5d3","messageTitle":"Add more tests for conditions and tags","messageBody":"","fileTypesAndContributionMap":{"functional-code":{"insertions":193,"deletions":88},"test-code":{"insertions":302,"deletions":156}}},{"hash":"ac31c48eb365dcc58fb31c74438ec7cc5a6c102d","messageTitle":"Catch duplicate condition exceptions","messageBody":"","fileTypesAndContributionMap":{"functional-code":{"insertions":7,"deletions":5},"test-code":{"insertions":11,"deletions":0}}},{"hash":"8131e657f9164578c6a3d5cb1487931296176395","messageTitle":"Add tests for duplicate conditions","messageBody":"","fileTypesAndContributionMap":{"functional-code":{"insertions":2,"deletions":2},"test-code":{"insertions":13,"deletions":1}}},{"hash":"62bead217817f9bd12d233886fb0d91e4fa63527","messageTitle":"Fix minor issue with initialConditionList in DeleteConditionCommand","messageBody":"","fileTypesAndContributionMap":{"functional-code":{"insertions":1,"deletions":1}}},{"hash":"287fb11fc656de794bec835cde5b45824d2f7fdf","messageTitle":"Fix naming of invalid condition index test case","messageBody":"","fileTypesAndContributionMap":{"test-code":{"insertions":1,"deletions":1}}},{"hash":"bc161fb24707e3f83d4fb21f6a23abdcfc4ae296","messageTitle":"Add sorted list test case for add method","messageBody":"","fileTypesAndContributionMap":{"test-code":{"insertions":17,"deletions":10}}}]},{"date":"2022-10-26","commitResults":[{"hash":"4ac96f1811b3969aa31e926af2820a1bdd6fc0e0","messageTitle":"Add command and parser classes for delete tag feature","messageBody":"","fileTypesAndContributionMap":{"functional-code":{"insertions":135,"deletions":1}}},{"hash":"7bb574650233b569c881c99a596d7f68dab125b4","messageTitle":"Add tests for delete tag feature","messageBody":"","fileTypesAndContributionMap":{"functional-code":{"insertions":1,"deletions":1},"test-code":{"insertions":209,"deletions":0}}},{"hash":"ec12213ad29005cd5b2c39ee1e0f3c8f7f8f4ffd","messageTitle":"Add command and parser support for editing of conditions","messageBody":"","fileTypesAndContributionMap":{"functional-code":{"insertions":187,"deletions":15},"test-code":{"insertions":27,"deletions":5}}},{"hash":"00439bd13ab14ddfe75ca2d917d097004d565f8c","messageTitle":"Add support for edit condition in UninurseBookParser","messageBody":"","fileTypesAndContributionMap":{"functional-code":{"insertions":4,"deletions":0}}},{"hash":"3ee58b20565b1c684e2048f46d81eb003d305d11","messageTitle":"Fix missing DeleteTagCommandParser case","messageBody":"","fileTypesAndContributionMap":{"functional-code":{"insertions":4,"deletions":0}}},{"hash":"bd8af7a64e9893a7195a23f0809b804e1c2b0d67","messageTitle":"Add skeleton test cases in EditConditionCommandTest","messageBody":"","fileTypesAndContributionMap":{"test-code":{"insertions":203,"deletions":4}}},{"hash":"57751826122c295279e3a3b8411d678493af34b2","messageTitle":"Add tests for edit condition feature","messageBody":"","fileTypesAndContributionMap":{"test-code":{"insertions":137,"deletions":56}}},{"hash":"0b4ebb49e16bdfbbeb171ac2d6fa80fb4543877f","messageTitle":"Update user guide with edit condition and edit tag features","messageBody":"","fileTypesAndContributionMap":{"docs":{"insertions":46,"deletions":22}}},{"hash":"786f67e89afd93071d44726901d752eeab744211","messageTitle":"Remove tags from edit patient feature in UG","messageBody":"","fileTypesAndContributionMap":{"docs":{"insertions":1,"deletions":3}}},{"hash":"113b77982d448d6630c5891c46b284b4f63abed7","messageTitle":"Add condition parameter to add patient section of user guide` ds","messageBody":"","fileTypesAndContributionMap":{"docs":{"insertions":3,"deletions":3}}},{"hash":"8cc8a6804666c68b2028663e495e81ed62d65cef","messageTitle":"Add condition parameter to add patient section of UG","messageBody":"","fileTypesAndContributionMap":{"docs":{"insertions":1,"deletions":1}}},{"hash":"b76bbc434fc28c8b73d204152ce0426787b6efa5","messageTitle":"Add command and parser support for editing of tags","messageBody":"","fileTypesAndContributionMap":{"functional-code":{"insertions":178,"deletions":3}}},{"hash":"d33e0b54e376f1a0d824911e9e92dc20998ff983","messageTitle":"Update tests for TagList","messageBody":"","fileTypesAndContributionMap":{"test-code":{"insertions":60,"deletions":21}}},{"hash":"aa38c0e0929550e8645f12e5646683d32117fcf7","messageTitle":"Remove brackets from toString() of Tag","messageBody":"","fileTypesAndContributionMap":{"functional-code":{"insertions":2,"deletions":2},"test-code":{"insertions":1,"deletions":1}}},{"hash":"94b04f45ca82e6069e23bbe1eefea7144bfd4b26","messageTitle":"Add tests for EditTagCommand","messageBody":"","fileTypesAndContributionMap":{"test-code":{"insertions":79,"deletions":0}}},{"hash":"ffa51e0682cb37f6c681decc3b6cf51b8c9b57f7","messageTitle":"Add tests for EditTagCommandParser","messageBody":"","fileTypesAndContributionMap":{"functional-code":{"insertions":1,"deletions":1},"test-code":{"insertions":186,"deletions":1}}},{"hash":"800f6607a664fde1df9529611f2e13ef30f26a50","messageTitle":"Update message usage","messageBody":"","fileTypesAndContributionMap":{"functional-code":{"insertions":10,"deletions":9}}}]},{"date":"2022-10-27","commitResults":[{"hash":"361659b701e51bb9b65a90c2b5c6b0a239547001","messageTitle":"Update use cases in developer guide for condition and tag","messageBody":"","fileTypesAndContributionMap":{"docs":{"insertions":173,"deletions":5}}}]},{"date":"2022-10-28","commitResults":[{"hash":"ba9cddfceab637ca7c4df6467b6a27b94ac6b048","messageTitle":"Update MESSAGE_USAGE for conditions and tags","messageBody":"","fileTypesAndContributionMap":{"functional-code":{"insertions":54,"deletions":73}}},{"hash":"412c12d7a5e643dc58835ae695dcb11c22e95f5e","messageTitle":"Update edit task feature in UG","messageBody":"","fileTypesAndContributionMap":{"docs":{"insertions":1,"deletions":2}}},{"hash":"1abb503bc14b62bb8d56e212f4349d9dea51ac64","messageTitle":"Add dcoumentation for angle brackets`","messageBody":"","fileTypesAndContributionMap":{"docs":{"insertions":2,"deletions":1}}}]},{"date":"2022-10-31","commitResults":[{"hash":"26e22a9b778013e7da6c90d7e41a623d20de91fc","messageTitle":"Reorganise sections","messageBody":"","fileTypesAndContributionMap":{"docs":{"insertions":411,"deletions":201}}},{"hash":"ae2454b429d3669d47abd5711ab57fe4ef6304df","messageTitle":"Fix minor errors","messageBody":"","fileTypesAndContributionMap":{"docs":{"insertions":11,"deletions":4}}},{"hash":"7121255415413446f3996b056cc8d3875a135aa4","messageTitle":"Fix ordering in command summary table","messageBody":"","fileTypesAndContributionMap":{"docs":{"insertions":2,"deletions":2}}},{"hash":"0e5ecc9ae559fd9ac64f276dcb3344ebdf0b92a0","messageTitle":"Remove a space in introduction","messageBody":"","fileTypesAndContributionMap":{"docs":{"insertions":1,"deletions":1}}}]}]},"authorFileTypeContributionMap":{"BlopApple":{"docs":445,"functional-code":5436,"test-code":3496,"other":1},"rama-pang":{"docs":252,"functional-code":1524,"test-code":193,"other":1},"Ramanathan0908":{"docs":247,"functional-code":917,"test-code":400},"shogun187":{"docs":349,"functional-code":1370,"test-code":153},"izzahaj":{"docs":988,"functional-code":1897,"test-code":2584,"other":5}},"authorContributionVariance":{"BlopApple":382552.22,"rama-pang":78132.65,"Ramanathan0908":9219.724,"shogun187":36244.04,"izzahaj":98654.914},"authorDisplayNameMap":{"BlopApple":"CS2103T-T12-4 LAU .. JIE","rama-pang":"CS2103T-T12-4 RAMA..ESTU","Ramanathan0908":"CS2103T-T12-4 RAMA..PPAN","shogun187":"CS2103T-T12-4 SHAU.. HON","izzahaj":"CS2103T-T12-4 \u0027IZZ..ALIL"}}
