[{"path":"docs/AboutUs.md","fileType":"docs","lines":[{"lineNumber":1,"author":{"gitId":"-"},"content":"---","lastModifiedDate":"2020-05-23"},{"lineNumber":2,"author":{"gitId":"-"},"content":"layout: page","lastModifiedDate":"2020-05-23"},{"lineNumber":3,"author":{"gitId":"-"},"content":"title: About Us","lastModifiedDate":"2020-05-23"},{"lineNumber":4,"author":{"gitId":"-"},"content":"---","lastModifiedDate":"2020-05-23"},{"lineNumber":5,"author":{"gitId":"-"},"content":"","lastModifiedDate":"2020-05-23"},{"lineNumber":6,"author":{"gitId":"-"},"content":"We are a team based in the [School of Computing, National University of Singapore](http://www.comp.nus.edu.sg).","lastModifiedDate":"2020-05-23"},{"lineNumber":7,"author":{"gitId":"-"},"content":"","lastModifiedDate":"2020-05-23"},{"lineNumber":8,"author":{"gitId":"-"},"content":"You can reach us at the email `seer[at]comp.nus.edu.sg`","lastModifiedDate":"2020-06-17"},{"lineNumber":9,"author":{"gitId":"-"},"content":"","lastModifiedDate":"2020-06-17"},{"lineNumber":10,"author":{"gitId":"-"},"content":"## Project team","lastModifiedDate":"2020-06-07"},{"lineNumber":11,"author":{"gitId":"-"},"content":"","lastModifiedDate":"2020-05-23"},{"lineNumber":12,"author":{"gitId":"-"},"content":"### John Doe","lastModifiedDate":"2020-05-23"},{"lineNumber":13,"author":{"gitId":"-"},"content":"","lastModifiedDate":"2020-05-23"},{"lineNumber":14,"author":{"gitId":"-"},"content":"\u003cimg src\u003d\"images/johndoe.png\" width\u003d\"200px\"\u003e","lastModifiedDate":"2020-06-17"},{"lineNumber":15,"author":{"gitId":"-"},"content":"","lastModifiedDate":"2020-05-23"},{"lineNumber":16,"author":{"gitId":"-"},"content":"[[homepage](http://www.comp.nus.edu.sg/~damithch)]","lastModifiedDate":"2020-05-23"},{"lineNumber":17,"author":{"gitId":"-"},"content":"[[github](https://github.com/johndoe)]","lastModifiedDate":"2020-06-17"},{"lineNumber":18,"author":{"gitId":"-"},"content":"[[portfolio](team/johndoe.md)]","lastModifiedDate":"2020-05-23"},{"lineNumber":19,"author":{"gitId":"-"},"content":"","lastModifiedDate":"2020-05-23"},{"lineNumber":20,"author":{"gitId":"-"},"content":"* Role: Project Advisor","lastModifiedDate":"2020-05-23"},{"lineNumber":21,"author":{"gitId":"-"},"content":"","lastModifiedDate":"2020-05-23"},{"lineNumber":22,"author":{"gitId":"cfyjoanna"},"content":"### Joanna","lastModifiedDate":"2022-09-27"},{"lineNumber":23,"author":{"gitId":"-"},"content":"","lastModifiedDate":"2020-05-23"},{"lineNumber":24,"author":{"gitId":"cfyjoanna"},"content":"\u003cimg src\u003d\"images/cfyjoanna.png\" width\u003d\"200px\"\u003e","lastModifiedDate":"2022-09-27"},{"lineNumber":25,"author":{"gitId":"-"},"content":"","lastModifiedDate":"2020-05-23"},{"lineNumber":26,"author":{"gitId":"cfyjoanna"},"content":"[[github](http://github.com/cfyjoanna)]","lastModifiedDate":"2022-09-27"},{"lineNumber":27,"author":{"gitId":"cfyjoanna"},"content":"[[portfolio](team/cfyjoanna.md)]","lastModifiedDate":"2022-09-27"},{"lineNumber":28,"author":{"gitId":"-"},"content":"","lastModifiedDate":"2020-05-23"},{"lineNumber":29,"author":{"gitId":"-"},"content":"* Role: Team Lead","lastModifiedDate":"2020-05-23"},{"lineNumber":30,"author":{"gitId":"cfyjoanna"},"content":"* Responsibilities: Integration","lastModifiedDate":"2022-09-27"},{"lineNumber":31,"author":{"gitId":"-"},"content":"","lastModifiedDate":"2020-05-23"},{"lineNumber":32,"author":{"gitId":"-"},"content":"### Johnny Doe","lastModifiedDate":"2020-05-23"},{"lineNumber":33,"author":{"gitId":"-"},"content":"","lastModifiedDate":"2020-05-23"},{"lineNumber":34,"author":{"gitId":"-"},"content":"\u003cimg src\u003d\"images/johndoe.png\" width\u003d\"200px\"\u003e","lastModifiedDate":"2020-06-17"},{"lineNumber":35,"author":{"gitId":"-"},"content":"","lastModifiedDate":"2020-05-23"},{"lineNumber":36,"author":{"gitId":"-"},"content":"[[github](http://github.com/johndoe)] [[portfolio](team/johndoe.md)]","lastModifiedDate":"2022-09-27"},{"lineNumber":37,"author":{"gitId":"-"},"content":"","lastModifiedDate":"2020-05-23"},{"lineNumber":38,"author":{"gitId":"-"},"content":"* Role: Developer","lastModifiedDate":"2020-05-23"},{"lineNumber":39,"author":{"gitId":"-"},"content":"* Responsibilities: Data","lastModifiedDate":"2020-05-23"},{"lineNumber":40,"author":{"gitId":"-"},"content":"","lastModifiedDate":"2020-05-23"},{"lineNumber":41,"author":{"gitId":"-"},"content":"### Jean Doe","lastModifiedDate":"2020-06-17"},{"lineNumber":42,"author":{"gitId":"-"},"content":"","lastModifiedDate":"2020-05-23"},{"lineNumber":43,"author":{"gitId":"-"},"content":"\u003cimg src\u003d\"images/johndoe.png\" width\u003d\"200px\"\u003e","lastModifiedDate":"2020-06-17"},{"lineNumber":44,"author":{"gitId":"-"},"content":"","lastModifiedDate":"2020-05-23"},{"lineNumber":45,"author":{"gitId":"-"},"content":"[[github](http://github.com/johndoe)]","lastModifiedDate":"2020-06-17"},{"lineNumber":46,"author":{"gitId":"-"},"content":"[[portfolio](team/johndoe.md)]","lastModifiedDate":"2022-09-27"},{"lineNumber":47,"author":{"gitId":"-"},"content":"","lastModifiedDate":"2020-05-23"},{"lineNumber":48,"author":{"gitId":"-"},"content":"* Role: Developer","lastModifiedDate":"2020-05-23"},{"lineNumber":49,"author":{"gitId":"-"},"content":"* Responsibilities: Dev Ops + Threading","lastModifiedDate":"2020-05-23"},{"lineNumber":50,"author":{"gitId":"-"},"content":"","lastModifiedDate":"2020-05-23"},{"lineNumber":51,"author":{"gitId":"-"},"content":"### James Doe","lastModifiedDate":"2020-06-17"},{"lineNumber":52,"author":{"gitId":"-"},"content":"","lastModifiedDate":"2020-05-23"},{"lineNumber":53,"author":{"gitId":"-"},"content":"\u003cimg src\u003d\"images/johndoe.png\" width\u003d\"200px\"\u003e","lastModifiedDate":"2020-06-17"},{"lineNumber":54,"author":{"gitId":"-"},"content":"","lastModifiedDate":"2020-05-23"},{"lineNumber":55,"author":{"gitId":"-"},"content":"[[github](http://github.com/johndoe)]","lastModifiedDate":"2020-06-17"},{"lineNumber":56,"author":{"gitId":"-"},"content":"[[portfolio](team/johndoe.md)]","lastModifiedDate":"2022-09-27"},{"lineNumber":57,"author":{"gitId":"-"},"content":"","lastModifiedDate":"2020-05-23"},{"lineNumber":58,"author":{"gitId":"-"},"content":"* Role: Developer","lastModifiedDate":"2020-05-23"},{"lineNumber":59,"author":{"gitId":"-"},"content":"* Responsibilities: UI","lastModifiedDate":"2020-05-23"}],"authorContributionMap":{"cfyjoanna":5,"-":54}},{"path":"docs/team/cfyjoanna.md","fileType":"docs","lines":[{"lineNumber":1,"author":{"gitId":"cfyjoanna"},"content":"---","lastModifiedDate":"2022-09-27"},{"lineNumber":2,"author":{"gitId":"cfyjoanna"},"content":"layout: page","lastModifiedDate":"2022-09-27"},{"lineNumber":3,"author":{"gitId":"cfyjoanna"},"content":"title: Joanna\u0027s Project Portfolio Page","lastModifiedDate":"2022-09-27"},{"lineNumber":4,"author":{"gitId":"cfyjoanna"},"content":"---","lastModifiedDate":"2022-09-27"},{"lineNumber":5,"author":{"gitId":"cfyjoanna"},"content":"","lastModifiedDate":"2022-09-27"},{"lineNumber":6,"author":{"gitId":"cfyjoanna"},"content":"### Project: Pupilist","lastModifiedDate":"2022-09-27"},{"lineNumber":7,"author":{"gitId":"cfyjoanna"},"content":"","lastModifiedDate":"2022-09-27"},{"lineNumber":8,"author":{"gitId":"cfyjoanna"},"content":"#### Overview","lastModifiedDate":"2022-09-27"},{"lineNumber":9,"author":{"gitId":"cfyjoanna"},"content":"","lastModifiedDate":"2022-09-27"},{"lineNumber":10,"author":{"gitId":"cfyjoanna"},"content":"Pupilist is an all-in-one app that allows teachers to plan and organize their student’s workflow, helping them ease their workload. The user interacts with it using a CLI, and it has a GUI created with JavaFX. It is written in Java.","lastModifiedDate":"2022-09-27"},{"lineNumber":11,"author":{"gitId":"cfyjoanna"},"content":"","lastModifiedDate":"2022-09-27"},{"lineNumber":12,"author":{"gitId":"cfyjoanna"},"content":"#### Summary of Contributions","lastModifiedDate":"2022-09-27"},{"lineNumber":13,"author":{"gitId":"cfyjoanna"},"content":"","lastModifiedDate":"2022-09-27"},{"lineNumber":14,"author":{"gitId":"cfyjoanna"},"content":"* **Code contributed**: [tP Code Dashboard](https://nus-cs2103-ay2223s1.github.io/tp-dashboard/?search\u003dcfyjoanna\u0026breakdown\u003dtrue)","lastModifiedDate":"2022-09-27"},{"lineNumber":15,"author":{"gitId":"cfyjoanna"},"content":"* **Enhancements implemented**: *to be added soon*","lastModifiedDate":"2022-09-27"},{"lineNumber":16,"author":{"gitId":"cfyjoanna"},"content":"* **Contributions to UG**: *to be added soon*","lastModifiedDate":"2022-09-27"},{"lineNumber":17,"author":{"gitId":"cfyjoanna"},"content":"* **Contributions to DG**: *to be added soon*","lastModifiedDate":"2022-09-27"},{"lineNumber":18,"author":{"gitId":"cfyjoanna"},"content":"* **Contributions to team-based tasks**: *to be added soon*","lastModifiedDate":"2022-09-27"},{"lineNumber":19,"author":{"gitId":"cfyjoanna"},"content":"* **Review/mentoring contributions**: *to be added soon*","lastModifiedDate":"2022-09-27"},{"lineNumber":20,"author":{"gitId":"cfyjoanna"},"content":"* **Contributions beyond the project team**: *to be added soon*","lastModifiedDate":"2022-09-27"}],"authorContributionMap":{"cfyjoanna":20}}]
