{"authorDailyContributionsMap":{"jwdavis0200":[{"date":"2022-09-28","commitResults":[{"hash":"7cdb52dbfeda2fa637f8e1d3bdb31dc1acc65aed","messageTitle":"Update Developer Guide","messageBody":"","fileTypesAndContributionMap":{"docs":{"insertions":51,"deletions":9}}}]},{"date":"2022-09-29","commitResults":[{"hash":"4e1302131369d04f91a6951d8518e099a6c48173","messageTitle":"Upload PPP","messageBody":"","fileTypesAndContributionMap":{"docs":{"insertions":26,"deletions":0}}}]},{"date":"2022-10-08","commitResults":[{"hash":"d7e9c9d4be82dc19e7b90e08ae6bdb999338967c","messageTitle":"Add Attendance Functionality","messageBody":"","fileTypesAndContributionMap":{"functional-code":{"insertions":260,"deletions":23}}},{"hash":"08cbd0d29332c1ea12c5c636142768dd0c0b397b","messageTitle":"Fix Bug involving Attendance label in Application UI","messageBody":"","fileTypesAndContributionMap":{"functional-code":{"insertions":18,"deletions":16}}},{"hash":"a8eb0cf594ddc505d17a365ebf81de6e886153cb","messageTitle":"Fix syntactical issues in JsonAdaptedPersonTest and PersonBuilder","messageBody":"Introduction of the Attendance functionality introduced issues due to association between classes.\n\nNeed to fix these issues to allow for proper testing of Application.\n\nFix syntactical issues that resulted in application testing and test \"Person\" building issues.\n","fileTypesAndContributionMap":{"test-code":{"insertions":19,"deletions":12}}}]},{"date":"2022-10-09","commitResults":[{"hash":"57f396577538e050c7efe995636e1ee184371459","messageTitle":"Fix bug with Attendance Class","messageBody":"Attendance class was using LocalDateTimeFormatter.\n\nInput from user does not have date fields and is hence not accepted by the Java class.\n\nUse LocalDate instead.\n","fileTypesAndContributionMap":{"functional-code":{"insertions":3,"deletions":3},"test-code":{"insertions":40,"deletions":0}}},{"hash":"efb7596af21310ca9e3bb76508f9414a3cf6aba2","messageTitle":"Edit Typical Persons and update Person equals method","messageBody":"","fileTypesAndContributionMap":{"functional-code":{"insertions":1,"deletions":2},"test-code":{"insertions":8,"deletions":3}}},{"hash":"87d3a74746e1d9d40b71034266185d62f96ccd38","messageTitle":"Add Documentation for Attendance associated classes.","messageBody":"","fileTypesAndContributionMap":{"functional-code":{"insertions":39,"deletions":2}}},{"hash":"9ee46de64af391aab20664fe4a226a088937cf44","messageTitle":"Fix for checkstyle","messageBody":"","fileTypesAndContributionMap":{"functional-code":{"insertions":55,"deletions":20}}},{"hash":"cfa39c1235be74876db9210b319117a4365ed009","messageTitle":"Fix checkstyle issues","messageBody":"","fileTypesAndContributionMap":{"functional-code":{"insertions":11,"deletions":3}}},{"hash":"173441e9c65aa02489647b568e0703b8b6519115","messageTitle":"Fix Checkstyle issue","messageBody":"","fileTypesAndContributionMap":{"test-code":{"insertions":16,"deletions":5}}},{"hash":"c8a25816e8752e94248fa438e207f85c370280b3","messageTitle":"Fix checkstyle issues","messageBody":"","fileTypesAndContributionMap":{"test-code":{"insertions":2,"deletions":2}}},{"hash":"b52df2d850074bbfe41f905280ba2f09950a894e","messageTitle":"Fix checkstyle issue","messageBody":"","fileTypesAndContributionMap":{"test-code":{"insertions":1,"deletions":1}}},{"hash":"830411af00356e8193166525287b7d12da058e5d","messageTitle":"Remove unncessary this and semantic issue in JsonAdaptedAttendance class","messageBody":"","fileTypesAndContributionMap":{"functional-code":{"insertions":5,"deletions":4}}},{"hash":"ab5ecaf5b7e34074dd12b24aba46f2b35a9a83cb","messageTitle":"Add isInvalidAttendance and jUnit test for Attendance","messageBody":"","fileTypesAndContributionMap":{"test-code":{"insertions":2,"deletions":0}}},{"hash":"099a42039f49e4595e18ffda1eaaf953087d0b78","messageTitle":"Add isvalidAttendance into Attendance and AttendanceTest class.","messageBody":"","fileTypesAndContributionMap":{"functional-code":{"insertions":18,"deletions":0},"test-code":{"insertions":37,"deletions":1}}},{"hash":"1c4f866d9ea4b807b0fcf37c6e29dde02c4d7fb1","messageTitle":"Add view functionality","messageBody":"AddressBook currently has at a glimpse with view of all the students.\n\nAddressBook may become cluttered.\n\nUse view to view Person in full view.\n","fileTypesAndContributionMap":{"functional-code":{"insertions":6,"deletions":0}}},{"hash":"8f9dc1db259ce445977b8b140ddd736bd53893db","messageTitle":"Add full view functionality.","messageBody":"AddressBook currently has at a glimpse with view of all the students.\n\nAddressBook may become cluttered.\n\nUse view to view Person in full view.\n","fileTypesAndContributionMap":{"functional-code":{"insertions":105,"deletions":7}}}]},{"date":"2022-10-10","commitResults":[{"hash":"76e3d9787dc6989c562f8bb69eeb83ecce6be530","messageTitle":"Add short description feature for at a glimpse attendance view","messageBody":"","fileTypesAndContributionMap":{"functional-code":{"insertions":18,"deletions":2},"test-code":{"insertions":6,"deletions":4}}},{"hash":"8e33de9d3a61e33183a1f43c5bcfbe29c1a22890","messageTitle":"Fix difference between TypicalPersons and typicalPersonsAddressBook.json.","messageBody":"","fileTypesAndContributionMap":{"functional-code":{"insertions":1,"deletions":1},"test-code":{"insertions":13,"deletions":4}}},{"hash":"4a2549c5dd30b8aac52f49c2eec8377b092b7d02","messageTitle":"Remove debugging statements","messageBody":"","fileTypesAndContributionMap":{"test-code":{"insertions":0,"deletions":8}}},{"hash":"a254684e14a3c6c67840e249c66a226be21d8cd4","messageTitle":"Fix differences between TypicalPersons.java and typicalPersonsAddressBook.json, remove bug in Person.java","messageBody":"","fileTypesAndContributionMap":{"functional-code":{"insertions":1,"deletions":1},"test-code":{"insertions":1,"deletions":1}}},{"hash":"81833d6208d4a56ee422f5712efaf4adfbcdb2d6","messageTitle":"Remove debug statement","messageBody":"","fileTypesAndContributionMap":{"test-code":{"insertions":0,"deletions":3}}},{"hash":"eaf6f54acebb9f9a4be9c2d4e268e40b1bcacc69","messageTitle":"Fix syntactical issue in Person.java","messageBody":"","fileTypesAndContributionMap":{"functional-code":{"insertions":1,"deletions":1}}},{"hash":"4be34ea0450891fe880e6bddea3d39013e57975e","messageTitle":"Add FullView functionality","messageBody":"","fileTypesAndContributionMap":{"functional-code":{"insertions":36,"deletions":5}}},{"hash":"f29fc1b58d4fea3314c81bb9b2ca2a9283e48961","messageTitle":"Changed fullView toggle to boolean","messageBody":"","fileTypesAndContributionMap":{"functional-code":{"insertions":11,"deletions":9}}},{"hash":"a0202505e5ceaa2bd6afacd82ec02f3cf349772e","messageTitle":"Fix Bugs after Merge Conflict Resolution.","messageBody":"","fileTypesAndContributionMap":{"functional-code":{"insertions":9,"deletions":7},"test-code":{"insertions":2,"deletions":0}}},{"hash":"0322c3573d04d9cad60cd0f2367676b41a4e4b14","messageTitle":"Fix Checkstyle issues","messageBody":"","fileTypesAndContributionMap":{"functional-code":{"insertions":20,"deletions":11},"test-code":{"insertions":7,"deletions":6}}},{"hash":"8b7a86b154c8339b554c4d7a4dd56cf5e93e4c8d","messageTitle":"Add clearList functionality for Attendance","messageBody":"","fileTypesAndContributionMap":{"functional-code":{"insertions":13,"deletions":0}}},{"hash":"326b9f6cb7c36bbe1a3f406397bd321aa9329b1e","messageTitle":"Modify MESSAGE_USAGE of AttendanceCommand for consistency.","messageBody":"","fileTypesAndContributionMap":{"functional-code":{"insertions":2,"deletions":1}}}]},{"date":"2022-10-11","commitResults":[{"hash":"d31f80194ba43a943aa469417a3600d1259d8dd3","messageTitle":"Add Test classes for associated classes.","messageBody":"","fileTypesAndContributionMap":{"test-code":{"insertions":311,"deletions":6}}},{"hash":"25f4631b300f52241e157642ea7832f8a8a24b51","messageTitle":"Fix Checkstyle Issues.","messageBody":"","fileTypesAndContributionMap":{"test-code":{"insertions":42,"deletions":40}}}]},{"date":"2022-10-14","commitResults":[{"hash":"e3647cc217d20990cb24cc89e2bea2d4ed4a3b09","messageTitle":"Add duration(Session timings) functionality","messageBody":"","fileTypesAndContributionMap":{"functional-code":{"insertions":363,"deletions":14},"test-code":{"insertions":9,"deletions":2}}}]},{"date":"2022-10-15","commitResults":[{"hash":"9f96fea5a9434584e9a1e6991f554126c90aba21","messageTitle":"Add Test classes for Tuition timing functionality","messageBody":"","fileTypesAndContributionMap":{"functional-code":{"insertions":35,"deletions":23},"test-code":{"insertions":191,"deletions":10}}},{"hash":"fda597927c31f1efcbfb9251c3dabb8ce523b8b0","messageTitle":"Change session timings string instances to durations","messageBody":"","fileTypesAndContributionMap":{"functional-code":{"insertions":3,"deletions":3}}},{"hash":"c2b420b891fb1b8a63b767d3944f58ca03a0570f","messageTitle":"Fix JUnit Test","messageBody":"","fileTypesAndContributionMap":{"test-code":{"insertions":24,"deletions":28}}},{"hash":"22b09da08443a5e501565bf3103a6739b879808d","messageTitle":"Fix checkstyle issues.","messageBody":"","fileTypesAndContributionMap":{"functional-code":{"insertions":64,"deletions":14},"test-code":{"insertions":23,"deletions":25}}},{"hash":"7b6a5ffcc020ae788ed3ceb0a83a088cecec1ffe","messageTitle":"Implement edit functionality for Duration","messageBody":"","fileTypesAndContributionMap":{"functional-code":{"insertions":101,"deletions":12},"test-code":{"insertions":18,"deletions":1}}},{"hash":"46dc515251a3cb021a4c85ae2e4c47333dd0d5f2","messageTitle":"Bug fix and remove unncessary test files.","messageBody":"","fileTypesAndContributionMap":{"functional-code":{"insertions":4,"deletions":5},"test-code":{"insertions":5,"deletions":91}}},{"hash":"049aae5a720c59077dbbba61403ef7e64fb9b9bc","messageTitle":"Edit Basic Commands message.","messageBody":"","fileTypesAndContributionMap":{"functional-code":{"insertions":1,"deletions":0}}},{"hash":"3104f347dfb8ca823f5f4731af3a4ce6295b9239","messageTitle":"Replace Duration with Session and fix checkstyle issues.","messageBody":"","fileTypesAndContributionMap":{"functional-code":{"insertions":248,"deletions":240},"other":{"insertions":54,"deletions":54},"test-code":{"insertions":111,"deletions":110}}},{"hash":"b3eac2aff12fa153a90d1b5b24495d4014948d12","messageTitle":"Remove unnecessary whitespace.","messageBody":"","fileTypesAndContributionMap":{"functional-code":{"insertions":1,"deletions":1}}},{"hash":"a3e12bc4dc0c30550c7abc8a9d5de501c104a0cf","messageTitle":"Fix Indentations.","messageBody":"","fileTypesAndContributionMap":{"functional-code":{"insertions":4,"deletions":4}}},{"hash":"d313ac40db8f1feda018fa54d1d7bae8664957d5","messageTitle":"Fix cosmetic issues and bug. Modify help message to accurately represent current features.","messageBody":"","fileTypesAndContributionMap":{"functional-code":{"insertions":7,"deletions":13}}}]},{"date":"2022-10-16","commitResults":[{"hash":"c51581a0c5c0b51ece1dbc4cf7f4b91b287c9781","messageTitle":"Change Session input format, modify UI to support Session.","messageBody":"","fileTypesAndContributionMap":{"functional-code":{"insertions":37,"deletions":19},"test-code":{"insertions":10,"deletions":10}}}]},{"date":"2022-10-17","commitResults":[{"hash":"ad9bf77ef4217aa0e95fb7ce350d4d7b98bd1658","messageTitle":"Fix File Name Issue","messageBody":"","fileTypesAndContributionMap":{"other":{"insertions":0,"deletions":0}}},{"hash":"7d65facb28b4b78003bff9a07bb793cd29b634c8","messageTitle":"Change at a glimpse format for session.","messageBody":"","fileTypesAndContributionMap":{"functional-code":{"insertions":9,"deletions":4}}},{"hash":"194c14b0eb568f4c3a9f5d5602e5058d1f8bd3d9","messageTitle":"Fix sorting of SessionList.","messageBody":"","fileTypesAndContributionMap":{"functional-code":{"insertions":3,"deletions":0}}},{"hash":"0d34e09e5fc66cc09c215636fd7acd9b744660ea","messageTitle":"Change method description for SessionList shortDesc","messageBody":"","fileTypesAndContributionMap":{"functional-code":{"insertions":2,"deletions":1}}},{"hash":"28386e92e574faa59e83114195cc5e14b2b8940a","messageTitle":"Modify addressbook test data to test for cap-sensitivity of inputs for session.","messageBody":"","fileTypesAndContributionMap":{"test-code":{"insertions":1,"deletions":1}}}]},{"date":"2022-10-18","commitResults":[{"hash":"449e7dd8d782e643635cc780858a837bf1f9600b","messageTitle":"Reformat Table and update _config.yml","messageBody":"","fileTypesAndContributionMap":{"docs":{"insertions":12,"deletions":12}}},{"hash":"fd283428e9cf0e4413e585dc46e5bf9ebe49ec58","messageTitle":"Fix Developer Guide","messageBody":"","fileTypesAndContributionMap":{"docs":{"insertions":13,"deletions":12}}},{"hash":"0c55ef651a1920ed17a4e82a068927ac02af95d5","messageTitle":"Update version number in MainApp","messageBody":"","fileTypesAndContributionMap":{"functional-code":{"insertions":1,"deletions":1}}},{"hash":"5ed1073f6b469a3a6f9662e124f32da56ccd57a9","messageTitle":"Update shadowjar archive name to pupilist","messageBody":"","fileTypesAndContributionMap":{"other":{"insertions":1,"deletions":1}}}]},{"date":"2022-10-19","commitResults":[{"hash":"c720cecf66028eaa70d0ad325026a719441e18bd","messageTitle":"Refactor Attendance to use strict style DateTimeFormatter","messageBody":"","fileTypesAndContributionMap":{"functional-code":{"insertions":12,"deletions":3}}},{"hash":"712afb3a5ec252cfea8d259b29f5f7de08cedb3e","messageTitle":"Add JUnit test for refactored Attendance","messageBody":"","fileTypesAndContributionMap":{"test-code":{"insertions":10,"deletions":0}}},{"hash":"992a1077b07f4a9baff3fc86b0b7af1d3f57797c","messageTitle":"Edit Attendance JavaDoc comments","messageBody":"","fileTypesAndContributionMap":{"functional-code":{"insertions":5,"deletions":2}}},{"hash":"c8ea243eda2f99949a85534e79dbbcb4ddcfac0a","messageTitle":"Handle Exception thrown by constructor of Attendance","messageBody":"","fileTypesAndContributionMap":{"functional-code":{"insertions":5,"deletions":1}}},{"hash":"cd15726e6a1b52b04934ec5bb11a4ec625a9bb6a","messageTitle":"Add ParserUtilTest JUnit test","messageBody":"","fileTypesAndContributionMap":{"test-code":{"insertions":7,"deletions":0}}},{"hash":"005e9196cbc14d9a076d94fca94f5ce18550aad9","messageTitle":"Fix Checkstyle","messageBody":"","fileTypesAndContributionMap":{"test-code":{"insertions":1,"deletions":2}}},{"hash":"1318cce9b264371d14064cdc774fe73c70247951","messageTitle":"Update DG","messageBody":"","fileTypesAndContributionMap":{}},{"hash":"8566a8bdb33d221527ea328fb73afeb39462eec2","messageTitle":"Update DG","messageBody":"","fileTypesAndContributionMap":{}},{"hash":"6935599946ef17f61c44b0050c97eafebde93cf0","messageTitle":"Revert \"Update DG\"","messageBody":"This reverts commit 8566a8bdb33d221527ea328fb73afeb39462eec2.\n","fileTypesAndContributionMap":{}},{"hash":"d2c36db3bb99f604aa3fbae08b3bcd0c8db02e88","messageTitle":"Revert \"Update DG\"","messageBody":"This reverts commit 1318cce9b264371d14064cdc774fe73c70247951.\n","fileTypesAndContributionMap":{}},{"hash":"9195317f5a9952a3b80dbc15c6372c3a7adf7304","messageTitle":"Update DG","messageBody":"","fileTypesAndContributionMap":{"docs":{"insertions":115,"deletions":0}}}]},{"date":"2022-10-20","commitResults":[{"hash":"e6a5a6eb6f0b19bcdaad2c02dfc147ec5c3fd679","messageTitle":"Fix DG layout","messageBody":"","fileTypesAndContributionMap":{"docs":{"insertions":1,"deletions":0}}},{"hash":"7f8ff6cc9cf37d6aaba0bee3cb3155d7be50263e","messageTitle":"Add ViewCommand throw exception for person not found","messageBody":"","fileTypesAndContributionMap":{"functional-code":{"insertions":7,"deletions":2}}},{"hash":"a852f1725141f1e2f7281b0186f2a295813f7b54","messageTitle":"Add JUnit tests for ViewCommand","messageBody":"","fileTypesAndContributionMap":{"test-code":{"insertions":97,"deletions":0}}},{"hash":"bc9e1ca006ae884f453d39af96a66bf54d7ed8d6","messageTitle":"Fix Checkstyle Issue","messageBody":"","fileTypesAndContributionMap":{"test-code":{"insertions":11,"deletions":17}}},{"hash":"fe6530f77e4fa3299e7b240b8390dbb9873c1c1a","messageTitle":"Change message for ViewCommand exception","messageBody":"","fileTypesAndContributionMap":{"functional-code":{"insertions":2,"deletions":2},"test-code":{"insertions":3,"deletions":3}}}]},{"date":"2022-10-21","commitResults":[{"hash":"5e2d0e750cdf47719a04b30eea5ec2c020554b8d","messageTitle":"Add SessionCommand test for ignore case inputs","messageBody":"","fileTypesAndContributionMap":{"test-code":{"insertions":25,"deletions":0}}},{"hash":"f89947462c82eedd166cc982b18e9aa628a4d10b","messageTitle":"Create variable for SESSION_IGNORE_CASE","messageBody":"","fileTypesAndContributionMap":{"test-code":{"insertions":2,"deletions":1}}},{"hash":"4164698bec9380333cade1925042ebef2a7b6079","messageTitle":"Change message feedback to user for invalid view name","messageBody":"","fileTypesAndContributionMap":{"functional-code":{"insertions":2,"deletions":3},"test-code":{"insertions":7,"deletions":5}}},{"hash":"fae45e5bd1584773cef45bf82858a83ab3c508d8","messageTitle":"Fix Checkstyle","messageBody":"","fileTypesAndContributionMap":{"functional-code":{"insertions":0,"deletions":1}}}]}],"cfyjoanna":[{"date":"2022-09-26","commitResults":[{"hash":"0b5f04b30228ec88cbe0e129958a68ce83bab9ff","messageTitle":"Updated PPP name","messageBody":"","fileTypesAndContributionMap":{"docs":{"insertions":5,"deletions":5}}},{"hash":"604b653604e75ecdc1fa43ad5400161fd78ca012","messageTitle":"Add skeletal PPP","messageBody":"","fileTypesAndContributionMap":{"docs":{"insertions":11,"deletions":37}}}]},{"date":"2022-09-27","commitResults":[{"hash":"c8de00e9aa317dbaf01d304f4d64eba725a4b99e","messageTitle":"Revert \"Add skeletal PPP\"","messageBody":"This reverts commit 604b653604e75ecdc1fa43ad5400161fd78ca012.\n","fileTypesAndContributionMap":{"docs":{"insertions":37,"deletions":11}}},{"hash":"344ced8f318dd919ee5db0c5684e8c5120cf3517","messageTitle":"Revert \"Updated PPP name\"","messageBody":"This reverts commit 0b5f04b30228ec88cbe0e129958a68ce83bab9ff.\n","fileTypesAndContributionMap":{"docs":{"insertions":5,"deletions":5}}},{"hash":"60e6488d8a9c19e841150b462ae7ddf80445d944","messageTitle":"Add PPP","messageBody":"","fileTypesAndContributionMap":{"docs":{"insertions":20,"deletions":0}}},{"hash":"c7dbbf3332d6a18196c7e45d1d70fe20ed11e866","messageTitle":"Add AboutUs description","messageBody":"","fileTypesAndContributionMap":{"docs":{"insertions":5,"deletions":5}}},{"hash":"20c00a9fe34d8d4931d4f8bed72e771b0191a97c","messageTitle":"Fix grammar","messageBody":"","fileTypesAndContributionMap":{"docs":{"insertions":1,"deletions":1}}}]},{"date":"2022-09-28","commitResults":[{"hash":"e1ad9bac83dca270026b93040510b87ec6534893","messageTitle":"Update DeveloperGuide","messageBody":"","fileTypesAndContributionMap":{"docs":{"insertions":34,"deletions":5}}}]},{"date":"2022-10-04","commitResults":[{"hash":"f75a69183a1d072a4db8f63fc0dcf565121a113f","messageTitle":"Add homework classes","messageBody":"","fileTypesAndContributionMap":{"functional-code":{"insertions":70,"deletions":0}}},{"hash":"8ec884e5360abcc6d9a8f3406741ac0f3a4c5797","messageTitle":"Add homework functionality","messageBody":"","fileTypesAndContributionMap":{"functional-code":{"insertions":197,"deletions":16},"test-code":{"insertions":1,"deletions":1}}}]},{"date":"2022-10-05","commitResults":[{"hash":"109b190ac3ef4c325a6edbd45280c22e7aa8f038","messageTitle":"Add homework to JSON files","messageBody":"","fileTypesAndContributionMap":{"functional-code":{"insertions":70,"deletions":1},"test-code":{"insertions":36,"deletions":12}}},{"hash":"dff9008aff59425b15c9845d87c4c9db7e40192c","messageTitle":"Fix bug","messageBody":"","fileTypesAndContributionMap":{"functional-code":{"insertions":1,"deletions":1},"test-code":{"insertions":1,"deletions":1}}},{"hash":"1b9392ea5b266e2fca77dff457d7e52c574e9a64","messageTitle":"Add JUnit tests","messageBody":"","fileTypesAndContributionMap":{"test-code":{"insertions":58,"deletions":1}}},{"hash":"6c31a9073a28f1cacccf6515434cf6005d1b475c","messageTitle":"Fix JUnit tests","messageBody":"","fileTypesAndContributionMap":{"test-code":{"insertions":4,"deletions":3}}}]},{"date":"2022-10-06","commitResults":[{"hash":"ad50925c8cfafbc88ac40b1c44066163c9de89d5","messageTitle":"Add short description function","messageBody":"","fileTypesAndContributionMap":{"functional-code":{"insertions":32,"deletions":2}}},{"hash":"8d50e953ecbf115b20f05cfd3ee1b102ea4dfc19","messageTitle":"Update message usage","messageBody":"","fileTypesAndContributionMap":{"functional-code":{"insertions":1,"deletions":1}}}]},{"date":"2022-10-07","commitResults":[{"hash":"bb2eeba558e360eb174943256cc93ac90b357b36","messageTitle":"Fix test","messageBody":"","fileTypesAndContributionMap":{"test-code":{"insertions":1,"deletions":1}}},{"hash":"30ce42f17d53b15db825fdc50e9f782c8fcf3829","messageTitle":"Add own test data for homework","messageBody":"","fileTypesAndContributionMap":{"test-code":{"insertions":76,"deletions":2}}}]},{"date":"2022-10-09","commitResults":[{"hash":"0281a8624b708d69afbb7373b528679870ab0c39","messageTitle":"Add more JUnit tests","messageBody":"","fileTypesAndContributionMap":{"test-code":{"insertions":76,"deletions":0}}},{"hash":"38fee780e089e205b5dfa4ad312358619c570ecb","messageTitle":"Remove unnecessary import","messageBody":"","fileTypesAndContributionMap":{"test-code":{"insertions":0,"deletions":1}}},{"hash":"5232cf6c5b35469a6355917c94e4e9052852e2d1","messageTitle":"Change functionality of PersonBuilder::withHomework","messageBody":"","fileTypesAndContributionMap":{"functional-code":{"insertions":14,"deletions":0},"test-code":{"insertions":6,"deletions":2}}},{"hash":"dd2675673f2ad89db71e28df17c4b63b43e5c4f9","messageTitle":"Add homework to sample data AMY and BOB","messageBody":"","fileTypesAndContributionMap":{"test-code":{"insertions":10,"deletions":4}}},{"hash":"ada303312b61831135bfcefb0bfae2f3409e6113","messageTitle":"Correct method name","messageBody":"","fileTypesAndContributionMap":{"functional-code":{"insertions":1,"deletions":1}}},{"hash":"1510781d9bdfd8757b9ee7f7529eb49212e57170","messageTitle":"Add homeworkList to Person::hashCode","messageBody":"","fileTypesAndContributionMap":{"functional-code":{"insertions":1,"deletions":1}}},{"hash":"a811d1e4532603d00af0284dfecfa40369caf4d4","messageTitle":"Update MESSAGE_USAGE to standard","messageBody":"","fileTypesAndContributionMap":{"functional-code":{"insertions":6,"deletions":4}}}]},{"date":"2022-10-12","commitResults":[{"hash":"b436d3429f46547ecd2c1728bbe7e3066c1a9e30","messageTitle":"Allow EditCommand to edit homework","messageBody":"The format of EditCommand does not currently match what is planned.\nThe index of the contact has not yet been removed. It will be\nremoved in future iterations.\n\nJUnit tests have not been checked yet. Abstraction could possibly\nbe done better.\n\nEdit functionality for grade progress and attendance will be\nimplemented similarly.\n","fileTypesAndContributionMap":{"functional-code":{"insertions":92,"deletions":10}}},{"hash":"cb4d00d826bf3425772a54fa994ec30ba19d198e","messageTitle":"Allow EditCommand to edit GradeProgress","messageBody":"The format of EditCommand does not currently match what is planned.\nThe index of the contact has not yet been removed. It will be\nremoved in future iterations.\n\nJUnit tests pass, but need to be modified to include the testing\nof editing homework, grade progress and later attendance.\n","fileTypesAndContributionMap":{"functional-code":{"insertions":82,"deletions":5}}},{"hash":"7091de0fa776c652aa4e84a6d8d301df29684f57","messageTitle":"Correct JavaDocs","messageBody":"","fileTypesAndContributionMap":{"functional-code":{"insertions":3,"deletions":3}}}]},{"date":"2022-10-13","commitResults":[{"hash":"8822a93c8f58990d106d07874ce5e5a88c5771fb","messageTitle":"Allow EditCommand to edit Attendance","messageBody":"","fileTypesAndContributionMap":{"functional-code":{"insertions":82,"deletions":4}}},{"hash":"dbd0bdbcd0c306e606616bf9cc422bbfe9270aa9","messageTitle":"Correct JavaDocs","messageBody":"","fileTypesAndContributionMap":{"functional-code":{"insertions":1,"deletions":1}}},{"hash":"369d8a1a2b6367ba6138604e214618b2b598ebdc","messageTitle":"Improve abstraction and minimize dependencies","messageBody":"","fileTypesAndContributionMap":{"functional-code":{"insertions":40,"deletions":14}}}]},{"date":"2022-10-14","commitResults":[{"hash":"736d8436b82f01cdb437a1399342c41938571181","messageTitle":"Improve abstraction and minimize dependencies","messageBody":"","fileTypesAndContributionMap":{"functional-code":{"insertions":60,"deletions":21}}},{"hash":"82a6eaec412c453d7f01008bc43f50b4e8dc4027","messageTitle":"Add exception handling when parsing attendance","messageBody":"","fileTypesAndContributionMap":{"functional-code":{"insertions":4,"deletions":1}}},{"hash":"ec8ecde89cd54d75d7019d896b430230ea4963e2","messageTitle":"Fix import order","messageBody":"","fileTypesAndContributionMap":{"functional-code":{"insertions":1,"deletions":1}}},{"hash":"dce3d6a594b5455f839e24ea9f755dd14e13315f","messageTitle":"Update JUnit tests for EditCommand","messageBody":"Previously, there was an issue where the effects from one test case\nwould bleed over to the next as the Persons in TypicalPersons\nwere modified, causing the next tests to fail (particularly\ntoModelType_typicalPersonsFile_success). This is now fixed by\nmaking TypicalPersons make copies of the original Persons every time\ngetTypicalAddressBook is called.\n","fileTypesAndContributionMap":{"functional-code":{"insertions":3,"deletions":0},"test-code":{"insertions":78,"deletions":4}}}]},{"date":"2022-10-15","commitResults":[{"hash":"f91e10dbe6446b1aa1aae8ed0c74c9a21cbe0f68","messageTitle":"Update exception checking","messageBody":"","fileTypesAndContributionMap":{"functional-code":{"insertions":3,"deletions":3}}},{"hash":"7ae63f6b9e76b104722a55e7d4057d4eae0561aa","messageTitle":"Update message usage","messageBody":"","fileTypesAndContributionMap":{"functional-code":{"insertions":4,"deletions":0}}},{"hash":"83ee350114b4466779048091407c6ad3d57a35b1","messageTitle":"Fix indentation","messageBody":"","fileTypesAndContributionMap":{"functional-code":{"insertions":4,"deletions":4}}},{"hash":"52dc9a59adc2beffd9cbba7b59bc05163223e65a","messageTitle":"Remove and replace unnecessary testing files","messageBody":"","fileTypesAndContributionMap":{"test-code":{"insertions":2,"deletions":150}}}]},{"date":"2022-10-17","commitResults":[{"hash":"0114820765f44d35ecbba1e0ffbce61cb6ae62dc","messageTitle":"Add parseHomework tests","messageBody":"","fileTypesAndContributionMap":{"test-code":{"insertions":23,"deletions":0}}}]},{"date":"2022-10-18","commitResults":[{"hash":"70ce6d427b044eeb3137d3cb1e4c4ab952bf3253","messageTitle":"Add JUnit tests for parse Grade Progress and Attendance","messageBody":"","fileTypesAndContributionMap":{"functional-code":{"insertions":1,"deletions":1},"test-code":{"insertions":43,"deletions":0}}},{"hash":"e3ef0734e7b26e78213bc85b7a95a2b50a421275","messageTitle":"Replace identical methods with a single method","messageBody":"The ParserUtil#parseHomeworkInfo method along with the other\nparseInfo methods were identical in function. They were replaced\nwith parseIndexedEdit.\n","fileTypesAndContributionMap":{"functional-code":{"insertions":9,"deletions":51},"test-code":{"insertions":11,"deletions":2}}},{"hash":"5526c5ca299fe0d256cf72233ed9d47f02180141","messageTitle":"Fix wrong usage of variable","messageBody":"","fileTypesAndContributionMap":{"functional-code":{"insertions":1,"deletions":1}}},{"hash":"1bfabc931ce5c0a1586b3f24a8c710fbfbca91fb","messageTitle":"Add JUnit tests for parseSession","messageBody":"","fileTypesAndContributionMap":{"test-code":{"insertions":26,"deletions":0}}},{"hash":"0037eae532bb8098a953fca14af5a9c865fe25ce","messageTitle":"Implement viewing modes","messageBody":"","fileTypesAndContributionMap":{"functional-code":{"insertions":76,"deletions":17},"test-code":{"insertions":27,"deletions":0}}}]},{"date":"2022-10-19","commitResults":[{"hash":"fdd1c3a677631d5f59c2d515b357a8667e683831","messageTitle":"Add resetting back to list view","messageBody":"","fileTypesAndContributionMap":{"functional-code":{"insertions":1,"deletions":0}}},{"hash":"a0ac056e0e7c1a89ddd63183b816c87157a4deec","messageTitle":"Rename variable","messageBody":"","fileTypesAndContributionMap":{"functional-code":{"insertions":2,"deletions":2}}},{"hash":"2560eccc40752ae8902d566e12f3a9f8ead55bab","messageTitle":"Add JUnit tests for full view mode","messageBody":"","fileTypesAndContributionMap":{"test-code":{"insertions":38,"deletions":2}}},{"hash":"1c3c6c444ef4930ccde222957ef57343fa686f54","messageTitle":"Add resetting of list","messageBody":"","fileTypesAndContributionMap":{"functional-code":{"insertions":2,"deletions":0}}},{"hash":"b5a26b469a5b61ddd10ad3e95c8d13657921245a","messageTitle":"Remove reset","messageBody":"","fileTypesAndContributionMap":{"functional-code":{"insertions":0,"deletions":2}}},{"hash":"f207f9b3e3dcf5377b2cfbd876f4a5b51ffe20fd","messageTitle":"Remove unnecessary import","messageBody":"","fileTypesAndContributionMap":{"functional-code":{"insertions":0,"deletions":1}}},{"hash":"393198b61de52329f19589e07b389c301959e3cc","messageTitle":"Remove feature where commands return to full list after execution","messageBody":"","fileTypesAndContributionMap":{"functional-code":{"insertions":5,"deletions":12},"test-code":{"insertions":31,"deletions":0}}}]},{"date":"2022-10-20","commitResults":[{"hash":"76a673ab5bc8e497e889952dab8fd4d795650f46","messageTitle":"Update DG with Homework feature","messageBody":"","fileTypesAndContributionMap":{"docs":{"insertions":139,"deletions":0}}},{"hash":"04bc84fa071fd8ae350bc64b2e821af61faffdc3","messageTitle":"Correct formatting","messageBody":"","fileTypesAndContributionMap":{"docs":{"insertions":1,"deletions":0}}}]}],"AshiqurRah":[{"date":"2022-09-28","commitResults":[{"hash":"64ca4abd5ca2f495e80f9e186cd2c4d0d99eb92d","messageTitle":"Add SkeletalPPP and Image","messageBody":"","fileTypesAndContributionMap":{"docs":{"insertions":26,"deletions":0}}}]},{"date":"2022-09-29","commitResults":[{"hash":"fdbb49e6b31636ff2dc743c4717f6e3f53ea62de","messageTitle":"Update Index.md of README","messageBody":"","fileTypesAndContributionMap":{"docs":{"insertions":5,"deletions":5}}},{"hash":"30e6aa09691c7662c26fe2b22e41220511742536","messageTitle":"Update on the README","messageBody":"","fileTypesAndContributionMap":{"docs":{"insertions":8,"deletions":11}}},{"hash":"0d735083dc7e7754cae3228fc5b4a780c24b88ef","messageTitle":"Add newline at end of README file","messageBody":"","fileTypesAndContributionMap":{"docs":{"insertions":1,"deletions":1}}}]},{"date":"2022-10-09","commitResults":[{"hash":"0a0ed9d566756731a9bfe46f5a2928946ee3e5af","messageTitle":"Add Grade Progress feature","messageBody":"","fileTypesAndContributionMap":{"functional-code":{"insertions":354,"deletions":20},"test-code":{"insertions":92,"deletions":9}}},{"hash":"385c9b5ebb10c1a5e58dd1f8e932770fe0627071","messageTitle":"Fix Checkstyle Errors","messageBody":"","fileTypesAndContributionMap":{"functional-code":{"insertions":20,"deletions":14}}},{"hash":"a69c7a613702673caf5935f73f2748a28f0b5e97","messageTitle":"Fix minor checkstyle issue","messageBody":"","fileTypesAndContributionMap":{"test-code":{"insertions":7,"deletions":7}}},{"hash":"dc6867aa4ab8a66217bf9159e1abeaaa228f3f75","messageTitle":"Fixed bugs","messageBody":"","fileTypesAndContributionMap":{"functional-code":{"insertions":18,"deletions":17},"test-code":{"insertions":1,"deletions":6}}},{"hash":"d89ba0d1f55217929793697bfaadfdd0ffb19759","messageTitle":"Fix bugs","messageBody":"","fileTypesAndContributionMap":{"test-code":{"insertions":0,"deletions":1}}},{"hash":"1f4e4852a049047a9ec3ae0edea46d3bf23046a5","messageTitle":"Fixing the JsonSerializableAddressBookTest bug","messageBody":"","fileTypesAndContributionMap":{"test-code":{"insertions":1,"deletions":0}}},{"hash":"a5b12dc56b7cb54e6c1999ca003f94f0933a295b","messageTitle":"Fixed all bugs","messageBody":"","fileTypesAndContributionMap":{"functional-code":{"insertions":10,"deletions":0},"test-code":{"insertions":96,"deletions":5}}},{"hash":"0da47fc0bc8e251e8b1942fff4d55d966d15fb8c","messageTitle":"Removed unused imports","messageBody":"","fileTypesAndContributionMap":{"test-code":{"insertions":0,"deletions":6}}},{"hash":"fb475094ff6d673cd365d41e3fcd3cf2391a0c3a","messageTitle":"Removed one more unused import","messageBody":"","fileTypesAndContributionMap":{"test-code":{"insertions":0,"deletions":1}}}]},{"date":"2022-10-10","commitResults":[{"hash":"f2b10784c0514910206fd89984779b5da485dfaa","messageTitle":"Standardising the use of Prefixes","messageBody":"","fileTypesAndContributionMap":{"functional-code":{"insertions":3,"deletions":2}}}]},{"date":"2022-10-13","commitResults":[{"hash":"087bb115c5cc55707b2bc9100f05906ea162eeb7","messageTitle":"Update GradeProgress","messageBody":"","fileTypesAndContributionMap":{"functional-code":{"insertions":9,"deletions":11}}},{"hash":"9f40cf2b37db4784f2f216c79ff717635ade3e32","messageTitle":"Checkstyle edits","messageBody":"","fileTypesAndContributionMap":{"functional-code":{"insertions":4,"deletions":3}}}]},{"date":"2022-10-17","commitResults":[{"hash":"ff6274d03af6ea7ac2a00f5dc1df292835d51c8b","messageTitle":"Create Show command","messageBody":"","fileTypesAndContributionMap":{"functional-code":{"insertions":99,"deletions":0},"test-code":{"insertions":122,"deletions":0}}},{"hash":"b1417c7b0cd7fa575bf4cdba628c999f032396d7","messageTitle":"Minor edits to Session","messageBody":"","fileTypesAndContributionMap":{"functional-code":{"insertions":1,"deletions":1}}},{"hash":"4ea38764861a47cbac3dbbd5710782a2573f07b6","messageTitle":"Minor bug fix","messageBody":"","fileTypesAndContributionMap":{"test-code":{"insertions":0,"deletions":2}}},{"hash":"960d3ce2b45b4625b5adb05fd0e6f2ff8a9c12b7","messageTitle":"Minor changes","messageBody":"","fileTypesAndContributionMap":{"functional-code":{"insertions":2,"deletions":2}}},{"hash":"30ba595603270e31184f3bc8a0e622d3ac5f011f","messageTitle":"Minor bug fix","messageBody":"","fileTypesAndContributionMap":{"test-code":{"insertions":1,"deletions":1}}},{"hash":"701444e33eedda8b8fbae454a9a7cc9e63d55405","messageTitle":"Updates to prefix","messageBody":"","fileTypesAndContributionMap":{"functional-code":{"insertions":4,"deletions":8}}}]},{"date":"2022-10-19","commitResults":[{"hash":"4345ece98e9c39a0692b2e97d34160bb576f6a48","messageTitle":"Update DG with GradeProgress","messageBody":"","fileTypesAndContributionMap":{"docs":{"insertions":146,"deletions":1}}},{"hash":"916eac49e9674f8779e117056af66dab41096bc5","messageTitle":"Minor Edits to DG","messageBody":"","fileTypesAndContributionMap":{"docs":{"insertions":10,"deletions":3}}},{"hash":"3aa9c2e8ba013982084aea83d4ffd7d1796b6506","messageTitle":"Update javaDoc","messageBody":"","fileTypesAndContributionMap":{"functional-code":{"insertions":4,"deletions":0}}}]}],"phyliciachristel":[{"date":"2022-09-27","commitResults":[{"hash":"86b2acaea3fb98476d2a99a3d63c0931326fb11e","messageTitle":"Add skeletal PPP","messageBody":"","fileTypesAndContributionMap":{"docs":{"insertions":29,"deletions":0}}},{"hash":"e924225b97d6f1a5a80a98699d0bf0ae21104881","messageTitle":"Revert \"Add skeletal PPP\"","messageBody":"","fileTypesAndContributionMap":{"docs":{"insertions":0,"deletions":29}}},{"hash":"f4a1d9123680dfd92e8534e3340aece40edf2147","messageTitle":"Add Skeleton PPP","messageBody":"","fileTypesAndContributionMap":{"docs":{"insertions":27,"deletions":0}}}]},{"date":"2022-09-28","commitResults":[{"hash":"82a5d6b00481d6543f4cb7914fa2ef580a1804ed","messageTitle":"Update AboutUs and add image","messageBody":"","fileTypesAndContributionMap":{"docs":{"insertions":26,"deletions":27}}},{"hash":"245d35298614baba6d05512ed88ddefe5056d485","messageTitle":"Fix CI checks","messageBody":"","fileTypesAndContributionMap":{"docs":{"insertions":2,"deletions":2}}}]},{"date":"2022-09-29","commitResults":[{"hash":"11dd900ef1a7f8944d65c47a4fab8f0410170b6f","messageTitle":"Update glossary and use cases in DeveloperGuide.md Edit AboutUs","messageBody":"","fileTypesAndContributionMap":{"docs":{"insertions":81,"deletions":19}}}]},{"date":"2022-10-05","commitResults":[{"hash":"53a045c80a2f037f0083db1bff6227eec3f297a0","messageTitle":"Add LessonPlan.java Update model.util and model.person to integrate Lesson plan feature","messageBody":"","fileTypesAndContributionMap":{"functional-code":{"insertions":52,"deletions":9}}},{"hash":"8c9a6338581d552614aa54a591789c5910aa44e2","messageTitle":"Add LessonPlanCommand.java Update existing classes in logic.commands to have lesson plan feature","messageBody":"","fileTypesAndContributionMap":{"functional-code":{"insertions":114,"deletions":2}}},{"hash":"13d4db9a75af6bfeae5c70f2d416b00351cdae43","messageTitle":"Add comments to previously committed classes Update classes in logic folder to include lesson plan feature","messageBody":"","fileTypesAndContributionMap":{"functional-code":{"insertions":79,"deletions":5}}},{"hash":"2472cabf836fc783bc0cc149324ae449662d53ee","messageTitle":"Integrate lesson plan feature into FXML","messageBody":"","fileTypesAndContributionMap":{"functional-code":{"insertions":4,"deletions":0}}},{"hash":"b150059eac10299df62fbbbc5954d8ecf662da28","messageTitle":"Update Storage folder to include lesson plan feature","messageBody":"","fileTypesAndContributionMap":{"functional-code":{"insertions":12,"deletions":1}}}]},{"date":"2022-10-06","commitResults":[{"hash":"c858bb1b325ba9547baca4801f6d5f4d74a6daca","messageTitle":"Update test data folder, test storage and testutil folder to include lesson plan feature","messageBody":"","fileTypesAndContributionMap":{"test-code":{"insertions":64,"deletions":22}}},{"hash":"5ee6d72d34168fcadc9260a95296fd19a5359055","messageTitle":"Resolve conflicts in Command class","messageBody":"","fileTypesAndContributionMap":{"functional-code":{"insertions":5,"deletions":43}}},{"hash":"e864d1dc9fdf65e7f7969c9a570426ca08c480d2","messageTitle":"Fix trailing whitespace error Update removal of email and address in LessonPlanCommand","messageBody":"","fileTypesAndContributionMap":{"functional-code":{"insertions":14,"deletions":14},"test-code":{"insertions":2,"deletions":2}}},{"hash":"68a9cd5ba018a354f9d212064c6559021de5c03b","messageTitle":"Update test commands folder to include lesson plan feature testing","messageBody":"","fileTypesAndContributionMap":{"test-code":{"insertions":138,"deletions":4}}},{"hash":"39b35786e42ea7b8e02c0fb472b8bf4ee99b07e4","messageTitle":"Update tests to include lesson plan feature","messageBody":"","fileTypesAndContributionMap":{"functional-code":{"insertions":1,"deletions":1},"test-code":{"insertions":37,"deletions":23}}},{"hash":"257fa37e3ab991d7e2028fa5a00f94e02cf9d11b","messageTitle":"Add newline to EOF","messageBody":"","fileTypesAndContributionMap":{"test-code":{"insertions":1,"deletions":1}}},{"hash":"c848976f9d29e949eb0c47942d53c8d587c1147a","messageTitle":"Fix checkstyle and ensure all tests pass","messageBody":"","fileTypesAndContributionMap":{"functional-code":{"insertions":1,"deletions":1},"test-code":{"insertions":32,"deletions":9}}}]},{"date":"2022-10-12","commitResults":[{"hash":"3b084f7f377051f1634a0f939631ade33447d29e","messageTitle":"Update such that data is not case sensitive","messageBody":"","fileTypesAndContributionMap":{"functional-code":{"insertions":5,"deletions":5},"test-code":{"insertions":5,"deletions":5}}},{"hash":"b2e188d4542681407ae4b3498d8217f7c23c57bc","messageTitle":"Update tag to be non-case-sensitive","messageBody":"","fileTypesAndContributionMap":{"functional-code":{"insertions":1,"deletions":1}}}]},{"date":"2022-10-16","commitResults":[{"hash":"b2cd945a4cce80a084c8f7a6fb06eeb7f7e715bf","messageTitle":"Add skeleton code to identify Day for View Timetable Feature","messageBody":"","fileTypesAndContributionMap":{"functional-code":{"insertions":2,"deletions":0}}},{"hash":"43afb5e82f332073f36166dd341a367a398cfdf7","messageTitle":"Update class with skeleton code","messageBody":"","fileTypesAndContributionMap":{"functional-code":{"insertions":21,"deletions":1}}}]},{"date":"2022-10-17","commitResults":[{"hash":"cc711ad9c3e9bb00a49b88f4b0442a87f832821e","messageTitle":"Update show command to include DayIsKeywordPredicate","messageBody":"","fileTypesAndContributionMap":{"functional-code":{"insertions":10,"deletions":14},"test-code":{"insertions":9,"deletions":10}}},{"hash":"14a844a7e12f972f19b65f7946e59e8ed2f903a4","messageTitle":"Add fields to access session days, finish implementation of DayIsKeywordPredicate","messageBody":"","fileTypesAndContributionMap":{"functional-code":{"insertions":24,"deletions":1}}},{"hash":"4753e2b48c4ac88376794262fab7b9a446df2518","messageTitle":"Add testing for DayIsKeywordPredicate class","messageBody":"","fileTypesAndContributionMap":{"test-code":{"insertions":68,"deletions":1}}},{"hash":"36e3d08fe8a2b671f9b846070136eaac352d3461","messageTitle":"Fix checkstyle","messageBody":"","fileTypesAndContributionMap":{"functional-code":{"insertions":3,"deletions":3},"test-code":{"insertions":0,"deletions":5}}},{"hash":"8e4a4f028b34cdcd11a7207be075b150f4892fbe","messageTitle":"Fix layout","messageBody":"","fileTypesAndContributionMap":{"test-code":{"insertions":2,"deletions":4}}},{"hash":"f05ee04157b92a45d43d153bcbe2d617bef7da6b","messageTitle":"Remove unnecessary method in ShowCommandTest","messageBody":"","fileTypesAndContributionMap":{"test-code":{"insertions":1,"deletions":9}}},{"hash":"0b3dfa04c6559f924fc2e922032adc7761c9e57b","messageTitle":"Enable assertions","messageBody":"","fileTypesAndContributionMap":{"other":{"insertions":4,"deletions":0}}},{"hash":"83060e760a38684e16726d3599d94ab1e3ae302b","messageTitle":"Skeleton card for session","messageBody":"","fileTypesAndContributionMap":{"functional-code":{"insertions":2,"deletions":0}}},{"hash":"2f61d6b3745cf352ae62125c832e498486749048","messageTitle":"Implement features excluding session for SessionCard","messageBody":"","fileTypesAndContributionMap":{"functional-code":{"insertions":66,"deletions":1}}}]},{"date":"2022-10-19","commitResults":[{"hash":"a02cc77cc4aa2bb83af1e347db69b8669aebf668","messageTitle":"Draft implementation for new classes to handle association between a person and a single session","messageBody":"","fileTypesAndContributionMap":{"functional-code":{"insertions":47,"deletions":0}}},{"hash":"c1590827c17830e4155a4fad5be7c7b5152fabfd","messageTitle":"Add lesson plan feature into DeveloperGuide","messageBody":"","fileTypesAndContributionMap":{"docs":{"insertions":10,"deletions":0}}},{"hash":"ba4382de97817658ff6617b2e3700b9879e2a882","messageTitle":"Update TimeSlot classes for easier retrieval of info","messageBody":"","fileTypesAndContributionMap":{"functional-code":{"insertions":13,"deletions":1}}}]},{"date":"2022-10-20","commitResults":[{"hash":"0fd2ca8bad442f4a48cd38c3b666b7124257cfe1","messageTitle":"Implement backend of identifying the schedule for the day, have yet to implement the GUI aspect","messageBody":"","fileTypesAndContributionMap":{"functional-code":{"insertions":205,"deletions":4},"other":{"insertions":10,"deletions":9},"test-code":{"insertions":30,"deletions":7}}},{"hash":"4bf927c2c396dcdc8aecb0c2c9f1621e75c745eb","messageTitle":"Update lesson plan feature in DG","messageBody":"","fileTypesAndContributionMap":{"docs":{"insertions":15,"deletions":4}}},{"hash":"8896d560b7c57301532c1055466c81d66f1b8e9f","messageTitle":"Implement such that time slots get displayed","messageBody":"","fileTypesAndContributionMap":{"functional-code":{"insertions":17,"deletions":13},"test-code":{"insertions":2,"deletions":3}}},{"hash":"951b0ab5932bd611776c2e212ce5903833c6fef9","messageTitle":"Fix layout in dg","messageBody":"","fileTypesAndContributionMap":{"docs":{"insertions":1,"deletions":0}}},{"hash":"5a235b74e9bca405d8d49f096b22d388b463dd61","messageTitle":"Implement viewing schedule by day","messageBody":"","fileTypesAndContributionMap":{"functional-code":{"insertions":22,"deletions":5}}},{"hash":"739a7f57232434dd885f1a4b53509622f3e0ee75","messageTitle":"Remove TimeSlotList class","messageBody":"","fileTypesAndContributionMap":{"functional-code":{"insertions":0,"deletions":26}}}]},{"date":"2022-10-21","commitResults":[{"hash":"edc8209898fff05cd56547e0025361ba1917661a","messageTitle":"Update javadocs, tests and layout","messageBody":"","fileTypesAndContributionMap":{"functional-code":{"insertions":44,"deletions":13},"test-code":{"insertions":61,"deletions":11}}},{"hash":"18b59716586187a7c296a8d2e10e74991d1b1096","messageTitle":"Update timing display format","messageBody":"","fileTypesAndContributionMap":{"functional-code":{"insertions":5,"deletions":1}}},{"hash":"a89ef2343f36c10a303c30ab7f3db6a82da8d0cd","messageTitle":"Fix error in test method","messageBody":"","fileTypesAndContributionMap":{"test-code":{"insertions":1,"deletions":1}}},{"hash":"ce389bdb588e936201479326e37a10758cb55109","messageTitle":"Add test in EditCommandTest, rename variables and methods","messageBody":"","fileTypesAndContributionMap":{"functional-code":{"insertions":8,"deletions":7},"test-code":{"insertions":20,"deletions":3}}},{"hash":"2bdff4b61929c9f01090d43c2ca1596277607cd1","messageTitle":"Rename boolean to match coding standard","messageBody":"","fileTypesAndContributionMap":{"functional-code":{"insertions":12,"deletions":11}}},{"hash":"c14fe4cb8a889de9d73732d17a7d94e0c217b1c9","messageTitle":"Update javadocs","messageBody":"","fileTypesAndContributionMap":{"functional-code":{"insertions":1,"deletions":1}}}]},{"date":"2022-10-22","commitResults":[{"hash":"a884edd6cb02f47c298f948761b9922031147c6c","messageTitle":"Fix ui","messageBody":"","fileTypesAndContributionMap":{"functional-code":{"insertions":11,"deletions":4}}}]}],"farisanadia":[{"date":"2022-09-28","commitResults":[{"hash":"e9dc416e19ac1240e29677bb323204762998c552","messageTitle":"updated User Guide","messageBody":"","fileTypesAndContributionMap":{"docs":{"insertions":42,"deletions":30}}},{"hash":"6fbb0f77f8e7352e82714436c3d2cab812678ee4","messageTitle":"added ppp and image","messageBody":"","fileTypesAndContributionMap":{"docs":{"insertions":31,"deletions":0}}},{"hash":"cd8098a44de2ebb9525174962ab047c248888c65","messageTitle":"no message","messageBody":"","fileTypesAndContributionMap":{"docs":{"insertions":1,"deletions":1}}},{"hash":"6092349b44849f349d9360a779e3390bf1ac0b43","messageTitle":"no message","messageBody":"","fileTypesAndContributionMap":{"docs":{"insertions":1,"deletions":1}}},{"hash":"703ace244475292f71a3c2f534735bee27e25057","messageTitle":"fixed java CI errors","messageBody":"","fileTypesAndContributionMap":{"docs":{"insertions":1,"deletions":1}}}]},{"date":"2022-10-04","commitResults":[{"hash":"7876357fb2fccd55f021e293b713461fa558f098","messageTitle":"updated user guide","messageBody":"","fileTypesAndContributionMap":{"docs":{"insertions":18,"deletions":17}}},{"hash":"04623f25b079fcd01bda5e9b46a98632bad1e4a1","messageTitle":"no message","messageBody":"","fileTypesAndContributionMap":{"docs":{"insertions":1,"deletions":1}}}]},{"date":"2022-10-05","commitResults":[{"hash":"06b0f08e68be6e9f775659c35ea744ddcc5bb40a","messageTitle":"updates help window","messageBody":"","fileTypesAndContributionMap":{"functional-code":{"insertions":10,"deletions":4}}},{"hash":"b4ead772ae8a95fb636cec0564824672146135ad","messageTitle":"updated help window","messageBody":"","fileTypesAndContributionMap":{"functional-code":{"insertions":6,"deletions":5}}},{"hash":"af590e60d76cc11afee74d2d4909bba4445eccd6","messageTitle":"update help window","messageBody":"","fileTypesAndContributionMap":{"functional-code":{"insertions":2,"deletions":2}}},{"hash":"5914d317d949510f27a89ab13cc52b4cb251b9e7","messageTitle":"remove email and address","messageBody":"","fileTypesAndContributionMap":{"functional-code":{"insertions":18,"deletions":290},"test-code":{"insertions":21,"deletions":273}}},{"hash":"ecbb12dc1a256e178e85fe17716577ea2ebe322a","messageTitle":"fixed tests","messageBody":"","fileTypesAndContributionMap":{"test-code":{"insertions":34,"deletions":138}}},{"hash":"5f0d311edfe43d5be98d2a9571c3fe5772107985","messageTitle":"fixed checkstyle error","messageBody":"","fileTypesAndContributionMap":{"test-code":{"insertions":1,"deletions":1}}},{"hash":"d8201e94b713ddc97e91c0fcf713a361bd026ba9","messageTitle":"fixed invalidpersonaddressbook test case","messageBody":"","fileTypesAndContributionMap":{"test-code":{"insertions":0,"deletions":8}}}]},{"date":"2022-10-12","commitResults":[{"hash":"b36210e517df32fdbf02a3c418501859a6caca82","messageTitle":"update user guide","messageBody":"","fileTypesAndContributionMap":{"docs":{"insertions":85,"deletions":5}}}]},{"date":"2022-10-15","commitResults":[{"hash":"f25b310fab872f611c73670ea54bd4c5663a1bad","messageTitle":"Updated UI, Person Cards not completed","messageBody":"","fileTypesAndContributionMap":{"functional-code":{"insertions":83,"deletions":58}}},{"hash":"20fb07e013e9671097378ac6fe1e6881d62437bc","messageTitle":"fix cli test","messageBody":"","fileTypesAndContributionMap":{"functional-code":{"insertions":3,"deletions":3}}},{"hash":"c5c25bae7e54d40ceb60015e70abb2ae78b870f5","messageTitle":"changed scroll bar color, personcard color","messageBody":"","fileTypesAndContributionMap":{"functional-code":{"insertions":5,"deletions":5}}},{"hash":"316c804878908a4c88acbd38159ff08c0f3af932","messageTitle":"updated help window","messageBody":"","fileTypesAndContributionMap":{"functional-code":{"insertions":4,"deletions":4}}},{"hash":"2064fdd51ee6a7362645769b78964caaf34ad82a","messageTitle":"updated Lists so that labels are included in fxml updated help page ui","messageBody":"","fileTypesAndContributionMap":{"functional-code":{"insertions":14,"deletions":8}}}]},{"date":"2022-10-17","commitResults":[{"hash":"d6c87dcd7e189650e9528c8412d464cf61b0f426","messageTitle":"fixed empty list cell colors","messageBody":"","fileTypesAndContributionMap":{"functional-code":{"insertions":3,"deletions":4}}},{"hash":"ea6bad6399f84cb898602f9729974d87ed79a951","messageTitle":"updated person cards to separate different","messageBody":"","fileTypesAndContributionMap":{"functional-code":{"insertions":55,"deletions":24}}}]},{"date":"2022-10-18","commitResults":[{"hash":"172a9bb553d0a32b0cb76a5b7508ea181bc5e839","messageTitle":"Fixed text truncating issue","messageBody":"","fileTypesAndContributionMap":{"functional-code":{"insertions":20,"deletions":19}}},{"hash":"34da6cbb61b929c19cb001eb8b3f82facac760fb","messageTitle":"standardize command field and result display font","messageBody":"","fileTypesAndContributionMap":{"functional-code":{"insertions":7,"deletions":6}}}]},{"date":"2022-10-20","commitResults":[{"hash":"4100980c6ee47d1ac7e4d5ac7a380492966a8967","messageTitle":"Added remove command draft to DG, updated UI to include icons","messageBody":"","fileTypesAndContributionMap":{"functional-code":{"insertions":57,"deletions":6},"docs":{"insertions":35,"deletions":0}}}]}]},"authorFileTypeContributionMap":{"jwdavis0200":{"docs":185,"functional-code":1033,"test-code":681,"other":1},"cfyjoanna":{"docs":183,"functional-code":688,"test-code":399},"AshiqurRah":{"docs":192,"functional-code":421,"test-code":174,"other":1},"phyliciachristel":{"docs":146,"functional-code":683,"test-code":399,"other":4},"farisanadia":{"docs":192,"functional-code":194,"test-code":17}},"authorContributionVariance":{"jwdavis0200":71069.78,"cfyjoanna":6778.971,"AshiqurRah":14050.396,"phyliciachristel":11253.709,"farisanadia":18335.953},"authorDisplayNameMap":{"jwdavis0200":"CS2103T-W09-4 JOHA..AVIS","cfyjoanna":"CS2103T-W09-4 CHAN..ANNA","AshiqurRah":"CS2103T-W09-4 ASHI..AMED","phyliciachristel":"CS2103T-W09-4 PHYL.. LIM","farisanadia":"CS2103T-W09-4 FARI..ALEK"}}
