{"authorDailyContributionsMap":{"neosunhan":[],"laxus2308":[],"rycs2812":[],"fongyj":[{"date":"2022-09-27","commitResults":[{"hash":"a4d25226695bed90b1f9024e8d5c3a3fb66f7a73","messageTitle":"Update AboutUs.md for fongyj","messageBody":"","fileTypesAndContributionMap":{"docs":{"insertions":6,"deletions":6}}},{"hash":"083411af355c0b899c52472d1029da546f08330d","messageTitle":"Update AboutUs","messageBody":"","fileTypesAndContributionMap":{"docs":{"insertions":4,"deletions":2}}}]}],"rachaelsng":[]},"authorFileTypeContributionMap":{"neosunhan":{"docs":0,"functional-code":0,"test-code":0},"laxus2308":{"docs":0,"functional-code":0,"test-code":0},"rycs2812":{"docs":0,"functional-code":0,"test-code":0},"fongyj":{"docs":7,"functional-code":0,"test-code":0},"rachaelsng":{"docs":0,"functional-code":0,"test-code":0}},"authorContributionVariance":{"neosunhan":0.0,"laxus2308":0.0,"rycs2812":0.0,"fongyj":24.75,"rachaelsng":0.0},"authorDisplayNameMap":{"neosunhan":"CS2103T-T11-3 NEO .. HAN","laxus2308":"CS2103T-T11-3 MOK .. HUI","rycs2812":"CS2103T-T11-3 YONG..HENG","fongyj":"CS2103T-T11-3 FONG.. JIE","rachaelsng":"CS2103T-T11-3 SNG ..HAEL"}}
