{"authorDailyContributionsMap":{"neosunhan":[],"laxus2308":[],"rycs2812":[],"fongyj":[],"rachaelsng":[]},"authorFileTypeContributionMap":{"neosunhan":{"docs":0,"functional-code":0,"test-code":0},"laxus2308":{"docs":0,"functional-code":0,"test-code":0},"rycs2812":{"docs":0,"functional-code":0,"test-code":0},"fongyj":{"docs":0,"functional-code":0,"test-code":0},"rachaelsng":{"docs":0,"functional-code":0,"test-code":0}},"authorContributionVariance":{"neosunhan":0.0,"laxus2308":0.0,"rycs2812":0.0,"fongyj":0.0,"rachaelsng":0.0},"authorDisplayNameMap":{"neosunhan":"CS2103T-T11-3 NEO .. HAN","laxus2308":"CS2103T-T11-3 MOK .. HUI","rycs2812":"CS2103T-T11-3 YONG..HENG","fongyj":"CS2103T-T11-3 FONG.. JIE","rachaelsng":"CS2103T-T11-3 SNG ..HAEL"}}
