{"authorDailyContributionsMap":{"dreammac3816547290":[{"date":"2022-09-26","commitResults":[{"hash":"385b3f458da9cb7eff56adefa2b394a0101b96f0","messageTitle":"Included Nathaniel Lukas identity in the About Us and Project Portofolio Page","messageBody":"","fileTypesAndContributionMap":{"docs":{"insertions":35,"deletions":0}}},{"hash":"ead115bb45cff28b6d074a74660579d68a7bd8ad","messageTitle":"Updated Nathaniel Lukas identity","messageBody":"","fileTypesAndContributionMap":{"docs":{"insertions":11,"deletions":1}}},{"hash":"0cfbed3f8c60b62e2ea0366151b3a07b9396b8d3","messageTitle":"Added space to the end of About Us page","messageBody":"","fileTypesAndContributionMap":{"docs":{"insertions":1,"deletions":1}}},{"hash":"2f8c4c52c3cff3a482f34a959ed415f9175352e0","messageTitle":"Fixed incorrect links and names for profile Nathaniel Lukas","messageBody":"","fileTypesAndContributionMap":{"docs":{"insertions":2,"deletions":2}}}]},{"date":"2022-10-11","commitResults":[{"hash":"838c12754117e5e750b87b06db27f9e23e044a58","messageTitle":"Add deleteTask command","messageBody":"","fileTypesAndContributionMap":{"functional-code":{"insertions":107,"deletions":12}}},{"hash":"90848c1d1ea1e1cdfee7f746d42c88c73f05bbea","messageTitle":"Fix checkstyle issues","messageBody":"","fileTypesAndContributionMap":{"functional-code":{"insertions":6,"deletions":6}}},{"hash":"bde061e8235174796b89d07aa2665518b7782a6b","messageTitle":"Fix checkstyle issues in AddressBookParser","messageBody":"","fileTypesAndContributionMap":{"functional-code":{"insertions":13,"deletions":1}}},{"hash":"a25d59ca0fbab0fbd44aaa56837bab9c0bcaaa7b","messageTitle":"Fix checkstyle issues in AddressBookParser","messageBody":"","fileTypesAndContributionMap":{"functional-code":{"insertions":1,"deletions":1}}},{"hash":"08b867b556b1314c0bc85860336d8b09154492f5","messageTitle":"Updated ModelStub in AddCommandTest to accommodate deleteTask","messageBody":"","fileTypesAndContributionMap":{"test-code":{"insertions":11,"deletions":5}}},{"hash":"8bc71d027f8e4d8ad832ea18eb129c20ea2b0c31","messageTitle":"Add updateTask command","messageBody":"","fileTypesAndContributionMap":{"functional-code":{"insertions":112,"deletions":0}}}]},{"date":"2022-10-12","commitResults":[{"hash":"ba0ac3b5c6ab2c2554ca25959bbcc0376c186591","messageTitle":"Completed updateTask command basics","messageBody":"","fileTypesAndContributionMap":{"functional-code":{"insertions":182,"deletions":50}}},{"hash":"6c169ec90beac0f47793b9a8e3306aa06082e56f","messageTitle":"Fix checkstyle issues","messageBody":"","fileTypesAndContributionMap":{"functional-code":{"insertions":1,"deletions":1}}},{"hash":"a2f439301eef7169d31f2a003bf358c1846e81a7","messageTitle":"Fix checkstyle issues","messageBody":"","fileTypesAndContributionMap":{"functional-code":{"insertions":18,"deletions":3}}}]},{"date":"2022-10-15","commitResults":[{"hash":"b812f75c604df60371dc6e3a9ff0844fb8298fb6","messageTitle":"Added test case for Delete and Update task command","messageBody":"","fileTypesAndContributionMap":{"functional-code":{"insertions":11,"deletions":4},"test-code":{"insertions":701,"deletions":0}}},{"hash":"3019a7bfcae9443deaebfe287e2351ed645f6d7f","messageTitle":"Fixed checkstyle issues","messageBody":"","fileTypesAndContributionMap":{"test-code":{"insertions":24,"deletions":22}}},{"hash":"3a31b53a0335b27d5654bc20d391762862d7a483","messageTitle":"Fixed checkstyle issues","messageBody":"","fileTypesAndContributionMap":{"test-code":{"insertions":9,"deletions":9}}}]},{"date":"2022-10-19","commitResults":[{"hash":"204a63d79245e7104fd8f0516bd48b6a86c97a98","messageTitle":"Fixed issue due to UpdateTaskDescriptor\u0027s status always being initalized to false, removed status from UpdateTaskDescriptor","messageBody":"","fileTypesAndContributionMap":{"functional-code":{"insertions":2,"deletions":13},"test-code":{"insertions":0,"deletions":9}}}]},{"date":"2022-10-22","commitResults":[{"hash":"d87057ae7bad3a7d1594581cde6043a4760d590d","messageTitle":"Added functionality to increase and decrease SupplyItem amount, and to specify the amount to be increased or decreased, with their respective UI; fixed indexing issue with filtered Task and SupplyItem on delete/edit","messageBody":"","fileTypesAndContributionMap":{"functional-code":{"insertions":185,"deletions":16}}},{"hash":"41d9d0ba9942fb1f18cec80460b5c48410dd6a87","messageTitle":"Fixed issue with ModelStub on AddCommandTest.java and removed some incomplete Javadocs","messageBody":"","fileTypesAndContributionMap":{"test-code":{"insertions":17,"deletions":28}}},{"hash":"34d28aa20760408bb9ee108d1a299f0666086c7a","messageTitle":"Fixed checkstyle issues","messageBody":"","fileTypesAndContributionMap":{"test-code":{"insertions":2,"deletions":2}}},{"hash":"40536c552e8e255dc5b3ad861f943bf504a68301","messageTitle":"Fixed issue with ModelStub on AddTaskCommandTest.java","messageBody":"","fileTypesAndContributionMap":{"test-code":{"insertions":19,"deletions":11}}},{"hash":"103717a1408b40cb3ca950ca45cfb63bb5be145d","messageTitle":"Fixed issue where SupplyItem count is not updated in inventory after increase/decrease","messageBody":"","fileTypesAndContributionMap":{"functional-code":{"insertions":16,"deletions":2}}},{"hash":"d0eedd42e47238dd9b602f6793d2d1006915cce8","messageTitle":"Fixed empty catch block issue in LogicManager","messageBody":"","fileTypesAndContributionMap":{"functional-code":{"insertions":2,"deletions":2}}}]},{"date":"2022-10-28","commitResults":[{"hash":"71469421a36492af6d6abac4809ddfdb9b3e4fc3","messageTitle":"Removed unused sort functionality from UG","messageBody":"","fileTypesAndContributionMap":{"docs":{"insertions":0,"deletions":23}}}]}],"hauchongtang":[{"date":"2022-09-19","commitResults":[{"hash":"d62ad610013f12f2554c9af4c2d125892ae7943d","messageTitle":"Add Skeletal PPP","messageBody":"Skeletal PPP required for contribution tracking and documentation.\n\nAs per specification, only markdown format for now.\n","fileTypesAndContributionMap":{"docs":{"insertions":37,"deletions":0}}}]},{"date":"2022-09-20","commitResults":[{"hash":"1fd3ec23cc8b906a4e68e7abc38c854dda644136","messageTitle":"Update User Stories in Developer Guide","messageBody":"Utilises the existing table format as seen in AB3\u0027s Developer Guide\n\nUser Stories added are as per v1.2 increment goal.\n","fileTypesAndContributionMap":{"docs":{"insertions":30,"deletions":11}}},{"hash":"4fa1759125f52094b677060babd882864007416b","messageTitle":"Update Use Cases, NFRs, Glossary","messageBody":"Content in these sections are as updated as they can be, in view of Milestone v1.2\n","fileTypesAndContributionMap":{"docs":{"insertions":155,"deletions":9}}},{"hash":"276ca6ba05fc9dee1ebe2dd06dd790bb1d47d16b","messageTitle":"Hotfix for UserGuide table","messageBody":"Added an extra newline between title and table\n","fileTypesAndContributionMap":{"docs":{"insertions":1,"deletions":0}}}]},{"date":"2022-09-21","commitResults":[{"hash":"063c7e5162bd37fd273d442d48b0a66dbaa49c68","messageTitle":"Update Jekyll site-wide settings","messageBody":"Updated settings to fit Salsey\u0027s repo as much as possible\n","fileTypesAndContributionMap":{"docs":{"insertions":1,"deletions":1}}}]},{"date":"2022-09-23","commitResults":[{"hash":"d92e4e70c3a7bcdd691bdeb658fe5bade7eeccee","messageTitle":"Update AboutUs","messageBody":"Add profile image in .png format\n\nEdit Roles and Responsibilities (tentative)\n","fileTypesAndContributionMap":{"docs":{"insertions":6,"deletions":6}}}]},{"date":"2022-09-26","commitResults":[{"hash":"4ea526078c2336965ef800de17f1424cd6148ac4","messageTitle":"Update README.md and index.md","messageBody":"Ammend files with personalised info for Salsey\n\nChange CI badge for README correctness\n","fileTypesAndContributionMap":{"docs":{"insertions":23,"deletions":12}}},{"hash":"c22592ded3666dd2444c4125f88902a6c0a04e27","messageTitle":"Hotfix for for Product Page","messageBody":"Remove trace of AB3 badges in index.md\n\nEdit team image filename to be lowercase\n\nRemove traces of John Doe\n","fileTypesAndContributionMap":{"docs":{"insertions":1,"deletions":61}}}]},{"date":"2022-09-29","commitResults":[{"hash":"aa36e12e6f31db68cdcd74fb486f1b59a5f5bddc","messageTitle":"Attempt fix for toc","messageBody":"","fileTypesAndContributionMap":{"docs":{"insertions":1,"deletions":1}}},{"hash":"c5d93c40cbcb89c693a4ae49ab5f8b1a233187ba","messageTitle":"Attempt fix for UG TOC","messageBody":"Removed trailing whitespace\n","fileTypesAndContributionMap":{"docs":{"insertions":1,"deletions":1}}}]},{"date":"2022-10-03","commitResults":[{"hash":"9a63daf1649cd38cd8c6e2e8f30feec31172ed8b","messageTitle":"Add SplitView feature for GUI","messageBody":"Changes are currently skeletal\n\nTask class has not been created yet\n\nRequires adaptation to Task class once it is completed\n","fileTypesAndContributionMap":{"functional-code":{"insertions":118,"deletions":7}}}]},{"date":"2022-10-04","commitResults":[{"hash":"8676d5c6bc42a35ee3a4db476d414b7c46f6a92c","messageTitle":"Add TaskStorage feature for storage of Tasks","messageBody":"Storage components extended with TaskStorage\n\nModel components extended with TaskList\n\nExisting tests and methods that requires ModelManager constructor will have a TaskStorage field added to it\n\nNo breaking change for AB3/Salesy core functionality\n","fileTypesAndContributionMap":{"functional-code":{"insertions":157,"deletions":22},"test-code":{"insertions":39,"deletions":37}}},{"hash":"2da80d6ccdf108e120463d2974a4afa70fcacdba","messageTitle":"Fix errors found in checkstyleMain and checkstyleTest","messageBody":"","fileTypesAndContributionMap":{"functional-code":{"insertions":37,"deletions":15},"test-code":{"insertions":23,"deletions":8}}}]},{"date":"2022-10-05","commitResults":[{"hash":"c67fbbc95df4dada031a2ff00aa6c81dbeb2ca40","messageTitle":"Add skeletal functionality to support TaskList view","messageBody":"Skeletal functionality is to support new features regarding Tasks in\nfuture iterations\n\nAdd the ability to parse, read and output tasks from json file to the\nGUI\n\nAdd the functionality that json file for TaskList will be created if not\nfound during startup\n\nAdd sample tasks to SampleDataUtil to support ease of implementing\nfunctions\n","fileTypesAndContributionMap":{"functional-code":{"insertions":457,"deletions":24}}},{"hash":"0e41af429d300e0897eff061d5a77819250a0031","messageTitle":"Fix test case stubs to support TaskList","messageBody":"","fileTypesAndContributionMap":{"functional-code":{"insertions":44,"deletions":30},"test-code":{"insertions":44,"deletions":2}}}]},{"date":"2022-10-06","commitResults":[{"hash":"b49fa59e3777b44b9bcc2ab67ab96e2e6cde1425","messageTitle":"Add headers to both Task and Supplier panes","messageBody":"Adapt status bar to Salesy theme\n","fileTypesAndContributionMap":{"functional-code":{"insertions":21,"deletions":16}}}]},{"date":"2022-10-07","commitResults":[{"hash":"e550804698e6c157d5311d21ae5625c9922bb372","messageTitle":"Add MarkTaskCommand for marking tasks as done","messageBody":"Add MarkTaskCommandTest and its accomoanying test utilities for unit tests\n\nAdd MarkTaskCommandParser to facilitate parsing of mark task command\n\nFix TaskStorage not saving to JSON\n","fileTypesAndContributionMap":{"functional-code":{"insertions":300,"deletions":20},"test-code":{"insertions":165,"deletions":3}}},{"hash":"0cf8d3db30756c248aba401c35c018cb56e296de","messageTitle":"Add unit tests for MarkTaskCommandParser to improve coverage","messageBody":"","fileTypesAndContributionMap":{"test-code":{"insertions":24,"deletions":0}}},{"hash":"49858505de6a7c720d9b206300ee7287d0b9f622","messageTitle":"Add Integration test to test integration of JsonTaskStorage to StorageManager","messageBody":"","fileTypesAndContributionMap":{"functional-code":{"insertions":7,"deletions":0},"test-code":{"insertions":26,"deletions":0}}}]},{"date":"2022-10-08","commitResults":[{"hash":"ca4d0832f1a3d737105061524615085077f7db20","messageTitle":"Add tests for AB3 Parser to support mark command","messageBody":"","fileTypesAndContributionMap":{"test-code":{"insertions":6,"deletions":0}}},{"hash":"51082470ccb0d0f6d74ed760005656b1b0b485f0","messageTitle":"Fix the issue where TaskList\u0027s ObservableList is not updating","messageBody":"Switch from List to ObservableList in TaskList\n","fileTypesAndContributionMap":{"functional-code":{"insertions":3,"deletions":4}}}]},{"date":"2022-10-09","commitResults":[{"hash":"556fd3d6f17b9cbbf38972025d717c66d9afa937","messageTitle":"Add un mark task feature","messageBody":"Add UnMarkTaskCommand and UnMarkTaskCommandParser and their test counterparts\n\nIncludes above average coverage of tests\n","fileTypesAndContributionMap":{"functional-code":{"insertions":218,"deletions":4},"test-code":{"insertions":76,"deletions":0}}},{"hash":"57628b508739a288f4468aba7584f4a9038e9ef9","messageTitle":"Add UnMarkCommand test in AB parser","messageBody":"","fileTypesAndContributionMap":{"test-code":{"insertions":6,"deletions":0}}},{"hash":"68c4bc8f5eda37d5114df1c6476a9c7857d7dcf2","messageTitle":"Refactor markTask and unMarkTask methods in ModelManager to setTasks","messageBody":"Improves readibility and decrease ambigulity\n","fileTypesAndContributionMap":{"functional-code":{"insertions":7,"deletions":17},"test-code":{"insertions":3,"deletions":8}}}]},{"date":"2022-10-10","commitResults":[{"hash":"4845415cdb4a4d548e7eaf1926e1081032dec64d","messageTitle":"Update Developer Guide to reflect Task-related Components","messageBody":"","fileTypesAndContributionMap":{"docs":{"insertions":40,"deletions":7}}},{"hash":"e3abf448e0c8d5420c36a4f57fed82325a04ed22","messageTitle":"Update src/main/java/seedu/address/model/person/Phone.java","messageBody":"Address typo","fileTypesAndContributionMap":{"functional-code":{"insertions":1,"deletions":1}}}]},{"date":"2022-10-12","commitResults":[{"hash":"c2ff211524a6de916b772fcbaf4d2b28329ae32f","messageTitle":"Add unit tests for JsonTaskStorage to improve method coverage","messageBody":"Fixed a severe bug where readTaskList() reads from class variable filePath instead of function variable\n\nNo breaking change\n","fileTypesAndContributionMap":{"functional-code":{"insertions":2,"deletions":2},"test-code":{"insertions":98,"deletions":0}}},{"hash":"a8090da6e716d284ff596b793b6bc72bc44e0180","messageTitle":"Update docs/UserGuide.md","messageBody":"","fileTypesAndContributionMap":{"docs":{"insertions":1,"deletions":1}}}]},{"date":"2022-10-13","commitResults":[{"hash":"538e8f9422505ab714a3b8618f86e7b01bd0ea20","messageTitle":"Add Inventory storage for Salesy","messageBody":"Modify GUI to display Inventory items\n\nMinimal to none unit tests in this commit\n","fileTypesAndContributionMap":{"functional-code":{"insertions":983,"deletions":24},"test-code":{"insertions":199,"deletions":29}}},{"hash":"3e0f72d5ee0249635c60d81fc3901a2057fd6761","messageTitle":"Resolve checkstyle issues","messageBody":"","fileTypesAndContributionMap":{"functional-code":{"insertions":27,"deletions":42}}}]},{"date":"2022-10-14","commitResults":[{"hash":"28403e093ac124a39c5c587faca21c1d87ce45bc","messageTitle":"Update src/test/java/seedu/address/logic/commands/AddTaskCommandTest.java","messageBody":"","fileTypesAndContributionMap":{"test-code":{"insertions":1,"deletions":1}}}]},{"date":"2022-10-15","commitResults":[{"hash":"357df733990d15ed7a0adbc53adc828fb6fdedc0","messageTitle":"Add methods for AddTaskCommandTest\u0027s ModelStub to complement Inventory","messageBody":"","fileTypesAndContributionMap":{"test-code":{"insertions":71,"deletions":5}}},{"hash":"772012c26783ded0fe182878a710617416664bbb","messageTitle":"Fix checkstyle","messageBody":"","fileTypesAndContributionMap":{"test-code":{"insertions":6,"deletions":1}}},{"hash":"1c770b3c3fecd62c83204a4cbfa2d4f4b64fdb95","messageTitle":"Add Unit tests for JsonAdaptedSupplyItem","messageBody":"","fileTypesAndContributionMap":{"functional-code":{"insertions":25,"deletions":8},"test-code":{"insertions":150,"deletions":0}}},{"hash":"06264ce571f92202174cc48b98f88f37cd3f9a49","messageTitle":"Update src/test/java/seedu/address/logic/commands/CommandTestUtil.java","messageBody":"","fileTypesAndContributionMap":{"test-code":{"insertions":1,"deletions":1}}},{"hash":"9ee35b1ec1a0353d1334b72ab8567e7084197de4","messageTitle":"Fix errors for unit tests and variable name warnings","messageBody":"","fileTypesAndContributionMap":{"test-code":{"insertions":28,"deletions":18}}},{"hash":"4d9d1d0729e514589f88dc37d8ecc845f88defc9","messageTitle":"Add unit tests for JsonInventoryStorage","messageBody":"","fileTypesAndContributionMap":{"functional-code":{"insertions":7,"deletions":6},"test-code":{"insertions":178,"deletions":2}}}]},{"date":"2022-10-16","commitResults":[{"hash":"e6880153ca74ed2f79cde03dd66ab1c356b3f850","messageTitle":"Add commands to list all storage types","messageBody":"Adequate unit tests to cover the new commands\n","fileTypesAndContributionMap":{"functional-code":{"insertions":82,"deletions":3},"other":{"insertions":5,"deletions":5},"test-code":{"insertions":104,"deletions":6}}}]},{"date":"2022-10-18","commitResults":[{"hash":"1447de9315fbe3a466f4f26f18e0ed9d7007c542","messageTitle":"Add rough outline of implementaion walkthrough","messageBody":"","fileTypesAndContributionMap":{"docs":{"insertions":20,"deletions":0}}},{"hash":"53a396846c4c23b2ab96c33add5d0c27d1f8461f","messageTitle":"Add mark / unmark task implementation activity diagram","messageBody":"","fileTypesAndContributionMap":{"docs":{"insertions":34,"deletions":1},"test-code":{"insertions":4,"deletions":4}}},{"hash":"5e68226db2a17cf5fb746facccc70f3a1909f0de","messageTitle":"Fix no new line at EOF error","messageBody":"","fileTypesAndContributionMap":{"docs":{"insertions":2,"deletions":2}}},{"hash":"0db18caeb918f706f1e9fae4733714d7ba665b62","messageTitle":"Updates to DG in accordance to new changes to Storage and Model interfaces","messageBody":"Add extra diagrams to demonstrate mark/unmark feature\n","fileTypesAndContributionMap":{"docs":{"insertions":97,"deletions":9}}},{"hash":"628c7bcf9d63b3ba4b1ca0d134874b19fd2b9c1d","messageTitle":"Fix EOF no new line error","messageBody":"","fileTypesAndContributionMap":{"docs":{"insertions":1,"deletions":1}}},{"hash":"3273a3f41ea88fff149e7bc341fd5708261fac3a","messageTitle":"Fix typo","messageBody":"","fileTypesAndContributionMap":{"functional-code":{"insertions":29,"deletions":4},"test-code":{"insertions":2,"deletions":2}}},{"hash":"96e05b03ae86fecf45f3b138a3a1c22f99421fb2","messageTitle":"Fix gradle build","messageBody":"","fileTypesAndContributionMap":{"functional-code":{"insertions":0,"deletions":29}}},{"hash":"7653719eafd6160dfe0bc748e65f0e5917262fa9","messageTitle":"Change deadline datatype to LocalDate","messageBody":"Add checks for addTask, updateTask methods to ensure that date input is handled softly\n","fileTypesAndContributionMap":{"functional-code":{"insertions":125,"deletions":26},"other":{"insertions":4,"deletions":0},"test-code":{"insertions":50,"deletions":37}}}]},{"date":"2022-10-19","commitResults":[{"hash":"e815d1b66f65296a9ab354c97c7db96722d3d0de","messageTitle":"Update User Guide with new style format and details regarding user commands for v1.3","messageBody":"","fileTypesAndContributionMap":{"functional-code":{"insertions":1,"deletions":1},"docs":{"insertions":142,"deletions":74}}},{"hash":"f38863b46bd2da86a24af112856bea78908055d5","messageTitle":"Add unit and integration tests for Inventory and related components","messageBody":"Verify that Inventory\u0027s storage components are working as per specification\n","fileTypesAndContributionMap":{"test-code":{"insertions":62,"deletions":4}}}]},{"date":"2022-10-20","commitResults":[{"hash":"c230eb038196de6d127623761d26e4ff61ae3b16","messageTitle":"Update Ui to include color coding for status of inventory","messageBody":"","fileTypesAndContributionMap":{"functional-code":{"insertions":51,"deletions":3}}},{"hash":"fe375330ce81c61b6ab69d1806a2954a8a4e9d3b","messageTitle":"Remove magic numbers","messageBody":"","fileTypesAndContributionMap":{"functional-code":{"insertions":4,"deletions":2}}},{"hash":"085c736f0cc9c64f99f8f1a2107b1530820c013a","messageTitle":"Alter the behaviour of file creation","messageBody":"Ensure that the sample data is loaded everytime there is no json file detected for that particular storage\n","fileTypesAndContributionMap":{"functional-code":{"insertions":0,"deletions":2}}},{"hash":"0684c75f07ff1ba0e701523e2c53ecff1bb71b0c","messageTitle":"Remove unused import","messageBody":"","fileTypesAndContributionMap":{"functional-code":{"insertions":0,"deletions":1}}},{"hash":"f6c88dd600f1085e5fe9b55628b865786aec0cff","messageTitle":"Remove magic values and abstracted to static variables","messageBody":"","fileTypesAndContributionMap":{"functional-code":{"insertions":11,"deletions":5}}},{"hash":"c33475510b237f59fc77c5880b211fee83562aac","messageTitle":"Fix fatal bug for colors not showing correctly","messageBody":"","fileTypesAndContributionMap":{"functional-code":{"insertions":2,"deletions":2}}},{"hash":"2238cfd9f6480e20103d1e7aafca913d2e61cf30","messageTitle":"Update Stats panel with useful information from TaskList and Inventory","messageBody":"","fileTypesAndContributionMap":{"functional-code":{"insertions":249,"deletions":50}}},{"hash":"816429bc7211fd6ca726b9b9d83cf8dbb28a543a","messageTitle":"Add unit tests for StockHealth utility class","messageBody":"","fileTypesAndContributionMap":{"functional-code":{"insertions":9,"deletions":1},"test-code":{"insertions":32,"deletions":0}}}]},{"date":"2022-10-21","commitResults":[{"hash":"550934308c1195924c9461f6feb80eb197355012","messageTitle":"Refine Ui","messageBody":"","fileTypesAndContributionMap":{"functional-code":{"insertions":26,"deletions":22}}},{"hash":"81e7d8cde65570f7e15c1cde4ed1f92729ae8030","messageTitle":"Add requireNonNull for parameters","messageBody":"","fileTypesAndContributionMap":{"functional-code":{"insertions":3,"deletions":0}}},{"hash":"61a3277177999240ea2ace58c220083442b93f80","messageTitle":"Add date check for addTask and editTask parsers","messageBody":"Prevents users from entering dates that are before current date\n","fileTypesAndContributionMap":{"functional-code":{"insertions":58,"deletions":3}}},{"hash":"b2edb437da197cac25ef3f42b29b7977634b18cb","messageTitle":"Change deadlines to future dates","messageBody":"","fileTypesAndContributionMap":{"test-code":{"insertions":4,"deletions":4}}},{"hash":"df379bf6a407c5aaa785b8748d25bae77c7c81df","messageTitle":"Add test cases for DateUtil as well as for date checks in AddTask and EditTask commands","messageBody":"","fileTypesAndContributionMap":{"functional-code":{"insertions":17,"deletions":13},"test-code":{"insertions":64,"deletions":0}}},{"hash":"509c82e46591b3472ed3f9292c075edf98f9c5db","messageTitle":"Update and tidy up  MSS of DG","messageBody":"","fileTypesAndContributionMap":{"docs":{"insertions":106,"deletions":51}}},{"hash":"b9c44419124b9a31ae3349aa79a9f0ba8a8c5f01","messageTitle":"Add safer handling to method","messageBody":"","fileTypesAndContributionMap":{"functional-code":{"insertions":22,"deletions":7}}},{"hash":"a950f87be1dce637975e06c0a6f34901cc6e145c","messageTitle":"Fix checkstyle violation","messageBody":"","fileTypesAndContributionMap":{"functional-code":{"insertions":4,"deletions":1}}}]},{"date":"2022-10-22","commitResults":[{"hash":"814c15973aa202a3cd1e3b947bdf67847e875a9c","messageTitle":"Change TextField behaviour from onAction to onMouseOut","messageBody":"Refine the UI of buttons\n","fileTypesAndContributionMap":{"functional-code":{"insertions":34,"deletions":13}}},{"hash":"08d5694bbf0991b7168904b23f49a651f3cbdf69","messageTitle":"Add edit supply item current stocks feature","messageBody":"No presence of unit tests in this commit\n","fileTypesAndContributionMap":{"functional-code":{"insertions":263,"deletions":1}}}]},{"date":"2022-10-23","commitResults":[{"hash":"fd10f40dd2c23b3469f75aa4fe6fc252ed63e1cc","messageTitle":"Add unit tests for EditStockCommand and EditStockCommandParser","messageBody":"","fileTypesAndContributionMap":{"functional-code":{"insertions":27,"deletions":11},"test-code":{"insertions":195,"deletions":0}}},{"hash":"9c58553e35e32c50bdc53cd2637a4b971d7f7703","messageTitle":"Add unit tests for other related components","messageBody":"","fileTypesAndContributionMap":{"test-code":{"insertions":59,"deletions":0}}},{"hash":"5dc096fad6221cc18c91e8a74ee7d8f387ba812e","messageTitle":"Add unit tests to cover AddressBookParser","messageBody":"","fileTypesAndContributionMap":{"test-code":{"insertions":26,"deletions":1}}}]},{"date":"2022-10-24","commitResults":[{"hash":"f79cfdec3b2c28eca7255375f47b0a08a5e795ee","messageTitle":"Update src/main/java/seedu/address/logic/parser/AddItemCommandParser.java","messageBody":"","fileTypesAndContributionMap":{"functional-code":{"insertions":1,"deletions":1}}},{"hash":"e6a7aaff2136950e737e7c0f965155dae775e6c6","messageTitle":"Updated README to resemble a product landing page","messageBody":"","fileTypesAndContributionMap":{"docs":{"insertions":49,"deletions":25}}}]},{"date":"2022-10-25","commitResults":[{"hash":"edb1888da0428c90c1a3ba01e91d25dca0d38afb","messageTitle":"Update README.md","messageBody":"Co-authored-by: Mohamed Hamas \u003c88963431+Bahamas20@users.noreply.github.com\u003e","fileTypesAndContributionMap":{"docs":{"insertions":1,"deletions":0}}},{"hash":"76f4def27fcd868c6ad1415aef6b3170898ff653","messageTitle":"Refine DG for Ui","messageBody":"Change URL of help tab to match Salesy\u0027s actual UG page\n","fileTypesAndContributionMap":{"functional-code":{"insertions":1,"deletions":1},"docs":{"insertions":13,"deletions":4}}}]},{"date":"2022-10-26","commitResults":[{"hash":"524651cb8bb415f2682f34122f127e239cd0d91e","messageTitle":"Fix for Ui bug regarding elipsis due to initial onAction","messageBody":"","fileTypesAndContributionMap":{"functional-code":{"insertions":8,"deletions":6}}},{"hash":"2f7d8582ce8a5c5dd2efd1a11d49061ac37cf6a7","messageTitle":"Refine handleAmount method","messageBody":"","fileTypesAndContributionMap":{"functional-code":{"insertions":1,"deletions":3}}},{"hash":"677071b94214c10fe198db0964b3cd86f789c67d","messageTitle":"Add a command to enable refreshing of stats panel on increment and decrement","messageBody":"","fileTypesAndContributionMap":{"functional-code":{"insertions":66,"deletions":7},"test-code":{"insertions":31,"deletions":0}}},{"hash":"d76d11ef623008874333fc7b9a3e3b9d6d057250","messageTitle":"Add test case for refresh stats command","messageBody":"","fileTypesAndContributionMap":{"test-code":{"insertions":6,"deletions":0}}},{"hash":"eeaa299448b019762374545db4f3f2b9192bf901","messageTitle":"Adopt cleaner method to execute the refresh command","messageBody":"Refresh command now only refreshes at the point of inc dec button press\n","fileTypesAndContributionMap":{"functional-code":{"insertions":17,"deletions":19}}},{"hash":"42e78c38b36498c9eed0641e9d61fe3cb3087cc1","messageTitle":"Remove redundant if clause","messageBody":"","fileTypesAndContributionMap":{"functional-code":{"insertions":0,"deletions":4}}},{"hash":"02b60aff4a88f59d0d5b29ff4f8b19416b3b6c51","messageTitle":"Update javadocs to match new changes","messageBody":"","fileTypesAndContributionMap":{"functional-code":{"insertions":1,"deletions":1}}},{"hash":"f8651bb68ccccda0ef36434de846198383f3a2a2","messageTitle":"Remove redundant import","messageBody":"","fileTypesAndContributionMap":{"functional-code":{"insertions":0,"deletions":1}}},{"hash":"a7cdc1d5e3f67a8017fd10d1ec19cc8813386502","messageTitle":"Change default action of TextField to resemble form submission","messageBody":"Add a listener to prevent user from inputting more than 5 digits to textfield\n","fileTypesAndContributionMap":{"functional-code":{"insertions":59,"deletions":6}}},{"hash":"1ccfaca3a1ebdf0ceb3fd3dc06aea641835ee29d","messageTitle":"Remove try catch blocks for inc/dec/change handlers","messageBody":"","fileTypesAndContributionMap":{"functional-code":{"insertions":25,"deletions":47}}}]},{"date":"2022-10-27","commitResults":[{"hash":"58f28ad086a405d4b9bc4ba64312ea48d52848fe","messageTitle":"Revert back to NFE exception handling","messageBody":"","fileTypesAndContributionMap":{"functional-code":{"insertions":29,"deletions":19}}},{"hash":"1958e277d59033c6d93b3e4f35622aab02914459","messageTitle":"Reformat variable assignment","messageBody":"","fileTypesAndContributionMap":{"functional-code":{"insertions":10,"deletions":8}}},{"hash":"437e27b68544d6b7551dcc936cf838cfb6830b28","messageTitle":"Add assertion for parsedAmount","messageBody":"","fileTypesAndContributionMap":{"functional-code":{"insertions":9,"deletions":0}}},{"hash":"6df7e02f5167a9163d7e6801c2a1519ecbd78c3d","messageTitle":"Refine handling of negative values in text field","messageBody":"","fileTypesAndContributionMap":{"functional-code":{"insertions":10,"deletions":6}}},{"hash":"25b7355e1bbb2ef6eb617c23184ba329c84fe610","messageTitle":"Prep for v1.3.1 release","messageBody":"","fileTypesAndContributionMap":{"functional-code":{"insertions":1,"deletions":1}}},{"hash":"0118468d9bee430183f1c855ec2d1574f4531ecd","messageTitle":"Update and populate sample data to prep for launch","messageBody":"","fileTypesAndContributionMap":{"functional-code":{"insertions":15,"deletions":4}}}]},{"date":"2022-10-28","commitResults":[{"hash":"0363b2150352174de552ce12e3fd23fa6a667eac","messageTitle":"Fix for minor UG bug","messageBody":"","fileTypesAndContributionMap":{"docs":{"insertions":1,"deletions":1}}},{"hash":"eaa23dfd235f452bc93caba4a8656b57f68a4e63","messageTitle":"Added inc dec stock feature in user guide","messageBody":"","fileTypesAndContributionMap":{"docs":{"insertions":25,"deletions":0}}},{"hash":"39f51b2b84c0e1a802f8a1d5e453809bcd38b898","messageTitle":"Add feature description and screenshots for Stats Panel","messageBody":"","fileTypesAndContributionMap":{"docs":{"insertions":44,"deletions":0}}},{"hash":"606fb012645c36298c06609a86197b1ae8bd4dff","messageTitle":"Add more info for Upcoming tasks","messageBody":"","fileTypesAndContributionMap":{"docs":{"insertions":2,"deletions":2}}},{"hash":"ad540aa01fc83397a4b9f2f5e0bce31ec0ceff47","messageTitle":"Swap word","messageBody":"","fileTypesAndContributionMap":{"docs":{"insertions":1,"deletions":1}}},{"hash":"dd61ba6a415a73f1a98a309135f838535d6694e6","messageTitle":"Update docs/UserGuide.md","messageBody":"","fileTypesAndContributionMap":{"docs":{"insertions":1,"deletions":1}}}]},{"date":"2022-10-29","commitResults":[{"hash":"867b8518d6a8d9f41c747de5bee74bdaa15d5dd7","messageTitle":"Update product description","messageBody":"","fileTypesAndContributionMap":{"docs":{"insertions":2,"deletions":3}}},{"hash":"28acc161ec78369a58d4b2a5c1d070517069f5d2","messageTitle":"Refine product description","messageBody":"","fileTypesAndContributionMap":{"docs":{"insertions":1,"deletions":1}}},{"hash":"a935477ad51dc3f8298e72d2cecdf38a8f46d549","messageTitle":"Add description for clear and refine description for Stats panel","messageBody":"","fileTypesAndContributionMap":{"docs":{"insertions":17,"deletions":1}}}]},{"date":"2022-10-30","commitResults":[{"hash":"90f84dda6dd8d084817d57da3f7f99b3f3e1f5ef","messageTitle":"Improve handling of editStock","messageBody":"","fileTypesAndContributionMap":{"functional-code":{"insertions":3,"deletions":6}}},{"hash":"c0ff142ef21ddc00bae404aabeb921c630b5abf8","messageTitle":"Add unit tests for more edge cases","messageBody":"","fileTypesAndContributionMap":{"test-code":{"insertions":20,"deletions":0}}}]},{"date":"2022-10-31","commitResults":[{"hash":"3bbe7fe06081fca852947badd0936d7d4121ee75","messageTitle":"Convert to number format for table of contents","messageBody":"","fileTypesAndContributionMap":{"docs":{"insertions":23,"deletions":21}}},{"hash":"9dfbb23982797fc6569b4f807aec3f613c39d90f","messageTitle":"Fix quick links","messageBody":"","fileTypesAndContributionMap":{"docs":{"insertions":4,"deletions":4}}},{"hash":"1fb40f11a3a7213271c2f321263df01ca87f8afb","messageTitle":"Further formatting of UG","messageBody":"","fileTypesAndContributionMap":{"docs":{"insertions":36,"deletions":29}}},{"hash":"a0b900bba260590bf040040d84bc756d7cdffea4","messageTitle":"Add more segments to appendix","messageBody":"Add screenshots to further illustrate the use of list commands\n","fileTypesAndContributionMap":{"docs":{"insertions":71,"deletions":30}}},{"hash":"612e1f53532908f6bb0454fb6fdfa9e96ad39ee0","messageTitle":"Fix quick links for some sections","messageBody":"","fileTypesAndContributionMap":{"docs":{"insertions":13,"deletions":11}}},{"hash":"0ce17d6d7ecffd623e3a488cb47569f2e460027e","messageTitle":"Fix quick links","messageBody":"","fileTypesAndContributionMap":{"docs":{"insertions":5,"deletions":5}}}]},{"date":"2022-11-01","commitResults":[{"hash":"f2eddbd07ada532a6c417152351cf9f89dcaabf0","messageTitle":"Fix for contents being blocked on mac","messageBody":"","fileTypesAndContributionMap":{"functional-code":{"insertions":14,"deletions":4}}}]},{"date":"2022-11-03","commitResults":[{"hash":"9c51eeb4eabebdbb1e6a94deece75e429693c08a","messageTitle":"Refine UG and fix bugs","messageBody":"","fileTypesAndContributionMap":{"docs":{"insertions":33,"deletions":23}}},{"hash":"bce81f71115d047bede8ddaf20a7e26c7cca6363","messageTitle":"Remove toggle from UG as it will not work on pdf","messageBody":"","fileTypesAndContributionMap":{"docs":{"insertions":2,"deletions":6}}},{"hash":"a06cd96f0c533014c3e84044e2f4ef93655d970a","messageTitle":"Remove toggle due to incompatability","messageBody":"","fileTypesAndContributionMap":{"docs":{"insertions":2,"deletions":7}}}]},{"date":"2022-11-04","commitResults":[{"hash":"0b37cb2782af8c60bf483db3da13a15fa8525267","messageTitle":"Update PPP","messageBody":"","fileTypesAndContributionMap":{"docs":{"insertions":49,"deletions":15}}},{"hash":"e3703914a745d5d7d190cf6056d2c24de1594f0c","messageTitle":"Update PPP","messageBody":"","fileTypesAndContributionMap":{"docs":{"insertions":21,"deletions":14}}}]},{"date":"2022-11-05","commitResults":[{"hash":"5dcae61e3927051f59eff13e2e1c9560397a1158","messageTitle":"Add page breaks to optimize pdf view","messageBody":"","fileTypesAndContributionMap":{"docs":{"insertions":15,"deletions":0}}}]},{"date":"2022-11-06","commitResults":[{"hash":"64e661eeb43e1235e82cd900f81a9d952b70a286","messageTitle":"Remove page break for section 3.2","messageBody":"","fileTypesAndContributionMap":{"docs":{"insertions":0,"deletions":1}}}]},{"date":"2022-11-07","commitResults":[{"hash":"ab72e4ee99acd89d4302b3a4db612a9c552311fb","messageTitle":"Modify version of UG","messageBody":"","fileTypesAndContributionMap":{"functional-code":{"insertions":1,"deletions":1},"docs":{"insertions":1,"deletions":1}}}]}],"Kang-Quan":[{"date":"2022-09-22","commitResults":[{"hash":"e0d5cb67f3ddffcaa14bc7fa58df80ca5871611a","messageTitle":"Add Skeletal PPP","messageBody":"","fileTypesAndContributionMap":{"docs":{"insertions":35,"deletions":0}}},{"hash":"aed6fd8ee7e726770552a0d429e12ecb6e94a370","messageTitle":"Add new line to end of file","messageBody":"","fileTypesAndContributionMap":{"docs":{"insertions":1,"deletions":1}}}]},{"date":"2022-09-23","commitResults":[{"hash":"df3e57e8af51b1067650f911e1688e6e22eb567e","messageTitle":"Update AboutUs","messageBody":"Edit roles and responsibilities (tentative)\n\nAdd profile picture in .png format\n","fileTypesAndContributionMap":{"docs":{"insertions":4,"deletions":4}}}]},{"date":"2022-10-08","commitResults":[{"hash":"6dc2f6696cd366df3c7e7c2e8628ef20f136cf8e","messageTitle":"Add AddTaskCommand for adding new task","messageBody":"Add AddTaskCommandParser to parse add task command\n","fileTypesAndContributionMap":{"functional-code":{"insertions":190,"deletions":6}}}]},{"date":"2022-10-10","commitResults":[{"hash":"61e84967fdc8eaba69cc41d322efc75056167f3a","messageTitle":"\"Fix issue of adding task does not show up in GUI\"","messageBody":"","fileTypesAndContributionMap":{"functional-code":{"insertions":10,"deletions":8},"test-code":{"insertions":35,"deletions":0}}},{"hash":"0f7eb6df1a4e8c59c9bdab940797b63c230b1bfc","messageTitle":"Add new line for TaskListCard.fxml at EOF","messageBody":"","fileTypesAndContributionMap":{"functional-code":{"insertions":1,"deletions":1}}},{"hash":"696626ee2b1a81865acfcad6a6759ff49588f0f2","messageTitle":"Fix checkstyle issues","messageBody":"","fileTypesAndContributionMap":{"functional-code":{"insertions":13,"deletions":13},"test-code":{"insertions":2,"deletions":2}}},{"hash":"a8699fcc62291d01f1248062452540e405506536","messageTitle":"Fix wrong input in output box","messageBody":"","fileTypesAndContributionMap":{"functional-code":{"insertions":5,"deletions":5}}},{"hash":"d976af83fe49cc6f5b90834d28db816873377280","messageTitle":"Fix incorrect javadocs comments","messageBody":"","fileTypesAndContributionMap":{"functional-code":{"insertions":3,"deletions":3}}},{"hash":"9695267d9236daee1be1580a37d844846914e5b5","messageTitle":"Refactor hasTask method in TaskList to shorten it","messageBody":"Refactor token for deadline to standardize to lower case\n","fileTypesAndContributionMap":{"functional-code":{"insertions":3,"deletions":8}}},{"hash":"f63183ac8a48d8e26e0295e8a74189d7ed9bff39","messageTitle":"Fix testcase for AddressBookParserTest.java","messageBody":"","fileTypesAndContributionMap":{"test-code":{"insertions":1,"deletions":1}}}]},{"date":"2022-10-14","commitResults":[{"hash":"450e60593d0d229674a7afb066ac35a42434dc04","messageTitle":"Add testcase to AddTaskCommand class","messageBody":"Add testcase to AddTaskCommandParser class\n","fileTypesAndContributionMap":{"test-code":{"insertions":317,"deletions":1}}}]},{"date":"2022-10-20","commitResults":[{"hash":"1421b1f7a11052a2b8f07764df758be4875c16aa","messageTitle":"Refactor code for tag to be optional for addTask","messageBody":"Update test cases to check parsing is successful when tag is optional\n","fileTypesAndContributionMap":{"functional-code":{"insertions":1,"deletions":1},"test-code":{"insertions":9,"deletions":4}}},{"hash":"110c66a62ae7c4024888b46c9ecf53399141941b","messageTitle":"Add rough outline for AddTask in DeveloperGuide","messageBody":"","fileTypesAndContributionMap":{"docs":{"insertions":74,"deletions":0}}},{"hash":"c80c9702384255d8e9addb2d8ec4e0568405ca14","messageTitle":"Add new line to AddTaskActivityDiagram","messageBody":"","fileTypesAndContributionMap":{"docs":{"insertions":1,"deletions":1}}}]},{"date":"2022-10-21","commitResults":[{"hash":"cf209c29a3f2cc5c4bb6859f9f2c8c19f217c4c0","messageTitle":"Add extra validity check for LocalDate for DG","messageBody":"","fileTypesAndContributionMap":{"docs":{"insertions":4,"deletions":1}}},{"hash":"0f85ab1be2da61053102ed6f6587f3ee633603ba","messageTitle":"Add DeleteItem functionality to codebase","messageBody":"Add testcase for DeleteItemCommand, DeleteItemCommandParser\nand AddressBookParser\n","fileTypesAndContributionMap":{"functional-code":{"insertions":93,"deletions":0},"test-code":{"insertions":151,"deletions":4}}}]},{"date":"2022-10-25","commitResults":[{"hash":"52a97138400eb39749f3b46a99bcfa34286349fa","messageTitle":"Add feature to display task based on deadline","messageBody":"","fileTypesAndContributionMap":{"functional-code":{"insertions":53,"deletions":6},"test-code":{"insertions":78,"deletions":3}}}]},{"date":"2022-10-28","commitResults":[{"hash":"34f1aac8a7f3753fa6660042370d6808ccbe3d79","messageTitle":"Update DG to show implementation of sorted TaskList","messageBody":"","fileTypesAndContributionMap":{"docs":{"insertions":159,"deletions":1}}},{"hash":"4445274b7df57f5980ae66c841ecf5c8d058edf8","messageTitle":"Add new line at EOF","messageBody":"","fileTypesAndContributionMap":{"docs":{"insertions":2,"deletions":2}}},{"hash":"320350663f0a069cd55c9129a275e04bb10ca011","messageTitle":"Fix numbering in DG","messageBody":"","fileTypesAndContributionMap":{"docs":{"insertions":3,"deletions":3}}},{"hash":"c43ad4162544dd9966ff4a6d42e50ad72e190a95","messageTitle":"Update UG to show task can have multiple tags","messageBody":"","fileTypesAndContributionMap":{"docs":{"insertions":27,"deletions":17}}}]},{"date":"2022-10-29","commitResults":[{"hash":"c006290458dcb9b2345e2bc3d849b7fe04526d53","messageTitle":"Fix bug where deleteTask does not work","messageBody":"","fileTypesAndContributionMap":{"functional-code":{"insertions":1,"deletions":1}}}]},{"date":"2022-10-30","commitResults":[{"hash":"a9860700b7690acc2c05b3622e982c69a8a42026","messageTitle":"Fix bug where elipsis is shown due to long text","messageBody":"Fix bug for other potential field to have long text to enable\nword wrap\n\nAdd minimum amount of supply item to be displayed in the GUI\n","fileTypesAndContributionMap":{"functional-code":{"insertions":32,"deletions":14}}},{"hash":"52d4e8b2eca2293c10ecd3bbc5c58e7cb01ea0ad","messageTitle":"Remove minimum item from codebase due to feature freeze","messageBody":"","fileTypesAndContributionMap":{"functional-code":{"insertions":0,"deletions":5}}},{"hash":"df4f8f63a9f8334ffbfa5203e105dfc937e5458a","messageTitle":"Remove unused static variable","messageBody":"","fileTypesAndContributionMap":{"functional-code":{"insertions":1,"deletions":2}}}]},{"date":"2022-11-01","commitResults":[{"hash":"1ee4e0f07fc05e95cb9708b7df421d12c4529dff","messageTitle":"Add refinement to UG","messageBody":"","fileTypesAndContributionMap":{"docs":{"insertions":44,"deletions":9}}}]},{"date":"2022-11-04","commitResults":[{"hash":"fbbe3e23ddf797966e1e1a99d3522594652afbe6","messageTitle":"Update PPP","messageBody":"","fileTypesAndContributionMap":{"docs":{"insertions":59,"deletions":12}}},{"hash":"ecfb3d3f5ef847233886f7b0696a0258b9b50b00","messageTitle":"Fix typo in PPP","messageBody":"","fileTypesAndContributionMap":{"docs":{"insertions":2,"deletions":1}}}]}],"weesiau":[{"date":"2022-09-20","commitResults":[{"hash":"011ac591619364a0ee73e5973e92285c9c8d81ca","messageTitle":"Add Skeletal PPP","messageBody":"","fileTypesAndContributionMap":{"docs":{"insertions":35,"deletions":0}}},{"hash":"68ae9cd072e1042a50aa4f7bc57ee3381a4a7998","messageTitle":"Import user guide from draft","messageBody":"","fileTypesAndContributionMap":{"docs":{"insertions":96,"deletions":119}}}]},{"date":"2022-09-21","commitResults":[{"hash":"3ca543d47496dcbbb1b794ec962f92b1e4757028","messageTitle":"Change skeletal PPP filename to align with marking script","messageBody":"","fileTypesAndContributionMap":{"docs":{"insertions":0,"deletions":0}}}]},{"date":"2022-09-25","commitResults":[{"hash":"b74b2e51919838734b5c1daf999cb90589b63b40","messageTitle":"Update AboutUs.md","messageBody":"","fileTypesAndContributionMap":{"docs":{"insertions":4,"deletions":4}}}]},{"date":"2022-10-09","commitResults":[{"hash":"fe834b439366711c9ab7ff8477fe8b9809c422c7","messageTitle":"Edit unit and integration test to take in new Person attributes","messageBody":"","fileTypesAndContributionMap":{"test-code":{"insertions":242,"deletions":175}}}]},{"date":"2022-10-10","commitResults":[{"hash":"adb38d28a29c9a552899e231f58e26cee5d5a9f5","messageTitle":"Update checkstyle","messageBody":"","fileTypesAndContributionMap":{"functional-code":{"insertions":125,"deletions":68},"test-code":{"insertions":45,"deletions":18}}},{"hash":"5c8114c4e29055718a86e73b10da36fcd78f2b11","messageTitle":"Change behaviour of duplicate checking by phone","messageBody":"Similar phone numbers are now considered duplicates and not allowed to be added\n","fileTypesAndContributionMap":{"functional-code":{"insertions":3,"deletions":2}}},{"hash":"7efd7e07c3c71c793bf16cda80bec797f69c8b61","messageTitle":"Edit comments and strings to reflect suppliers","messageBody":"","fileTypesAndContributionMap":{"functional-code":{"insertions":45,"deletions":45}}}]},{"date":"2022-10-11","commitResults":[{"hash":"10b89cd0a2c1545d0f3f9dd06641cbe93e83d650","messageTitle":"Fix functionality of edit supplier command","messageBody":"Edit command now properly checks for duplicates in the supplier list\n","fileTypesAndContributionMap":{"functional-code":{"insertions":32,"deletions":1}}},{"hash":"8222f6cca9cc57a71355fe4e54085a0215ea6f77","messageTitle":"Update test cases to cover new edit functionality","messageBody":"","fileTypesAndContributionMap":{"test-code":{"insertions":50,"deletions":0}}}]},{"date":"2022-10-12","commitResults":[{"hash":"a4c89a250c3f6747e479f21e8f5f2e344c88f612","messageTitle":"Update DG with new supplier commands","messageBody":"","fileTypesAndContributionMap":{"docs":{"insertions":60,"deletions":31}}}]},{"date":"2022-10-15","commitResults":[{"hash":"adc9aa6fc9ee840783cdf554268588e0a963465d","messageTitle":"Update FindCommand to find by name or item","messageBody":"","fileTypesAndContributionMap":{"functional-code":{"insertions":66,"deletions":10}}},{"hash":"a499ba47be0219cd8b33701263bcb5c3b69a3d48","messageTitle":"Update checkstyle","messageBody":"","fileTypesAndContributionMap":{"functional-code":{"insertions":4,"deletions":6}}},{"hash":"8c489d57d371f16a0ca90b49706cd13144b3d13b","messageTitle":"Update existing test cases to check new find command","messageBody":"","fileTypesAndContributionMap":{"test-code":{"insertions":5,"deletions":3}}}]},{"date":"2022-10-16","commitResults":[{"hash":"612c91d45a17fdd6c8878b4f397719a2f88153e3","messageTitle":"Update FindCommandParserTest.java to use static final constants","messageBody":"","fileTypesAndContributionMap":{"test-code":{"insertions":4,"deletions":2}}},{"hash":"0ee4280c5a08ad283a70ec162ed2ca180f21ded8","messageTitle":"Update src/main/java/seedu/address/logic/commands/ListInventoryCommand.java","messageBody":"","fileTypesAndContributionMap":{"functional-code":{"insertions":1,"deletions":1}}},{"hash":"fc2d4e40d4e679ca4764f9f63cfdd969c2eac369","messageTitle":"Update src/main/java/seedu/address/logic/commands/ListAllCommand.java","messageBody":"","fileTypesAndContributionMap":{"functional-code":{"insertions":1,"deletions":1}}}]},{"date":"2022-10-18","commitResults":[{"hash":"174167c061efd11947dbc19f5baf9a4fb7301bc3","messageTitle":"Update style.puml","messageBody":"Added one user defined constant color\n","fileTypesAndContributionMap":{"docs":{"insertions":2,"deletions":0}}},{"hash":"14d6048b867b8270412f43e0dbbf6020df1ba740","messageTitle":"Fix typo in UndoRedoState3.puml","messageBody":"","fileTypesAndContributionMap":{"docs":{"insertions":1,"deletions":1}}},{"hash":"9ce27a7000a0c7752bba3a608b300510a6d3bed2","messageTitle":"Update DG with edit command implementation","messageBody":"","fileTypesAndContributionMap":{"docs":{"insertions":66,"deletions":0}}},{"hash":"d2fcb921345e9df547f7605ff3d598d3b67c8043","messageTitle":"Include .puml files for new UML diagrams","messageBody":"","fileTypesAndContributionMap":{"docs":{"insertions":186,"deletions":0}}},{"hash":"2735cf3959827af62ead3a74c50aa05bb2568dd6","messageTitle":"Increase size of diagram images","messageBody":"","fileTypesAndContributionMap":{"docs":{"insertions":3,"deletions":3}}}]},{"date":"2022-10-20","commitResults":[{"hash":"1e01cb5d1e1935123efbb73f9a541f6e7da60b39","messageTitle":"Update sample data to match SupplyItem with their suppliers","messageBody":"","fileTypesAndContributionMap":{"functional-code":{"insertions":3,"deletions":3}}},{"hash":"4f7561af58f7bfa410b057e79e7bb9f69d254880","messageTitle":"Implement new methods to facilitate editing SupplyItem","messageBody":"","fileTypesAndContributionMap":{"functional-code":{"insertions":67,"deletions":0}}},{"hash":"ec517de279935caadaef858f43f1174f74989f1e","messageTitle":"Implement duplicate check for SupplyItem","messageBody":"","fileTypesAndContributionMap":{"functional-code":{"insertions":13,"deletions":0}}},{"hash":"150114581c3acb93a63f8b81bf4d331ae581bd62","messageTitle":"Implement functionality to edit SupplyItem when editing supplier","messageBody":"","fileTypesAndContributionMap":{"functional-code":{"insertions":74,"deletions":0}}},{"hash":"1709938c22c270aed4c5fa38b69918d7cdab045c","messageTitle":"Update ModelStub class with new SupplyItem methods","messageBody":"","fileTypesAndContributionMap":{"test-code":{"insertions":37,"deletions":32}}},{"hash":"7588d24f3f928fed6333a3f72dd46c3513f78990","messageTitle":"Update test utilities to facilitate test cases for EditItemSupplierCommand","messageBody":"","fileTypesAndContributionMap":{"test-code":{"insertions":19,"deletions":1}}},{"hash":"5780aa9f69a7fef82ebda25c8f2542c7b711910d","messageTitle":"Create unit test cases for EditItemSupplierCommand","messageBody":"","fileTypesAndContributionMap":{"test-code":{"insertions":112,"deletions":0}}},{"hash":"fa40ef7eeb0be60b0601cf49851280b02f616423","messageTitle":"Update checkstyle","messageBody":"","fileTypesAndContributionMap":{"functional-code":{"insertions":5,"deletions":12},"test-code":{"insertions":3,"deletions":16}}}]},{"date":"2022-10-25","commitResults":[{"hash":"5058c624dd436837f476bd24a86629337996b012","messageTitle":"Fix bug in edit command","messageBody":"","fileTypesAndContributionMap":{"functional-code":{"insertions":7,"deletions":4}}},{"hash":"321ecdd945e806f76c969efae928f62fb78452ff","messageTitle":"Update editcommand test cases","messageBody":"","fileTypesAndContributionMap":{"test-code":{"insertions":25,"deletions":5}}},{"hash":"4f6217cdce6eeeb65c986a04190be0c1b75efabc","messageTitle":"Update diagrams with new editcommand details","messageBody":"","fileTypesAndContributionMap":{"docs":{"insertions":3,"deletions":4}}},{"hash":"0fb18cfe62221de17727a31fbd45cfd220b734f8","messageTitle":"Update DG to reflect editing of SupplyItem during edit supplier command","messageBody":"","fileTypesAndContributionMap":{"docs":{"insertions":5,"deletions":10}}},{"hash":"57b60194ab201f499435c54fcf31f69dc25e026c","messageTitle":"Fix formatting of images","messageBody":"","fileTypesAndContributionMap":{"docs":{"insertions":3,"deletions":3}}}]},{"date":"2022-10-28","commitResults":[{"hash":"7d4842af56b2ee37fb90bad8b382ca5ffbc9e848","messageTitle":"Update docs/DeveloperGuide.md","messageBody":"","fileTypesAndContributionMap":{"docs":{"insertions":1,"deletions":1}}}]},{"date":"2022-10-29","commitResults":[{"hash":"77f4dcc7f79b0565bc7689e934ab13f66b01695c","messageTitle":"Update name duplicate check to be case insensitive","messageBody":"","fileTypesAndContributionMap":{"functional-code":{"insertions":6,"deletions":1}}},{"hash":"70865750de52f1ff452dd2f39e24970d208f1d9a","messageTitle":"Update delete supplier command to block when supplier is supplying a supply item","messageBody":"","fileTypesAndContributionMap":{"functional-code":{"insertions":6,"deletions":0}}},{"hash":"0e5d4a2576c90f06444c18742ef4cfc52c0b85cb","messageTitle":"Fix small typo in example add supplier command","messageBody":"","fileTypesAndContributionMap":{"functional-code":{"insertions":1,"deletions":1}}},{"hash":"25afef4b94c2bd5f67437e4e6449433c25d85581","messageTitle":"Fix checkstyle","messageBody":"","fileTypesAndContributionMap":{"functional-code":{"insertions":0,"deletions":2}}},{"hash":"a2f1d303fa0f5f4dff7e58212137dc58be44864e","messageTitle":"Update PersonTest.java","messageBody":"","fileTypesAndContributionMap":{"test-code":{"insertions":5,"deletions":5}}},{"hash":"7a9e7ef5c5876f4b325aac3f756a2f5d60fa760e","messageTitle":"Update UG","messageBody":"","fileTypesAndContributionMap":{"docs":{"insertions":22,"deletions":9}}}]},{"date":"2022-10-30","commitResults":[{"hash":"274a71a14e956e53b7625b7bb6b853e61e9391a9","messageTitle":"Update UserGuide.md","messageBody":"","fileTypesAndContributionMap":{"docs":{"insertions":63,"deletions":57}}},{"hash":"00c19ec42e115d0638f205b00e16961119a7b5c6","messageTitle":"Update UG with tag information","messageBody":"","fileTypesAndContributionMap":{"docs":{"insertions":20,"deletions":11}}},{"hash":"ae6b6781659ec542fc3217638f7414bcc0551a23","messageTitle":"Correct error message for multi word tags","messageBody":"","fileTypesAndContributionMap":{"functional-code":{"insertions":1,"deletions":1}}},{"hash":"b8af15d49d51ce564c48a72157f2a75550f45ed5","messageTitle":"Update formatting and consistencies in command summary table","messageBody":"","fileTypesAndContributionMap":{"docs":{"insertions":19,"deletions":19}}}]},{"date":"2022-11-01","commitResults":[{"hash":"b0956e8a8349834bb660a220f75803f61958efda","messageTitle":"Apply suggestions from code review","messageBody":"","fileTypesAndContributionMap":{"docs":{"insertions":2,"deletions":2}}}]},{"date":"2022-11-03","commitResults":[{"hash":"1463d529bbc1c80b4848662ef14e0ca13967cdf4","messageTitle":"Fix minor typo in UG","messageBody":"","fileTypesAndContributionMap":{"docs":{"insertions":1,"deletions":1}}},{"hash":"447d062389f9521ec93995751902514afff8aaa4","messageTitle":"Update PPP","messageBody":"","fileTypesAndContributionMap":{"docs":{"insertions":29,"deletions":12}}}]},{"date":"2022-11-06","commitResults":[{"hash":"290a2eef2ba3eb9e3ccb2e0d432c781281689164","messageTitle":"Update PPP","messageBody":"","fileTypesAndContributionMap":{"docs":{"insertions":14,"deletions":6}}}]}],"Bahamas20":[{"date":"2022-09-24","commitResults":[{"hash":"fb75c53e97580d39e1d5c0fd9bb17f8322d71419","messageTitle":"Update AboutUs.md","messageBody":"","fileTypesAndContributionMap":{"docs":{"insertions":4,"deletions":4}}},{"hash":"017009f415a42b5ba1cc9314c059eb0b68aa12f9","messageTitle":"Added Skeletal PPP","messageBody":"","fileTypesAndContributionMap":{"docs":{"insertions":35,"deletions":0}}},{"hash":"038a2eacdcaf201f06b3e989ea47e7f8dd7ff14c","messageTitle":"rectify typo","messageBody":"","fileTypesAndContributionMap":{"docs":{"insertions":1,"deletions":1}}}]},{"date":"2022-09-25","commitResults":[{"hash":"aed25d54bb604ead820aa84141cecdd4fe192f2b","messageTitle":"no message","messageBody":"","fileTypesAndContributionMap":{"docs":{"insertions":2,"deletions":2}}}]},{"date":"2022-09-26","commitResults":[{"hash":"efd4d58712e306d8d3d7aaa61e1fe92d6e268623","messageTitle":"Fixed some typos for AboutUs.Md","messageBody":"","fileTypesAndContributionMap":{"docs":{"insertions":2,"deletions":2}}}]},{"date":"2022-09-28","commitResults":[{"hash":"54d1da62d6ed4331a7408159cc7c3b9c6cc790c3","messageTitle":"Changed typo from Salsey to Salesy for all files","messageBody":"","fileTypesAndContributionMap":{"docs":{"insertions":40,"deletions":40}}},{"hash":"0b46cd0cfd5a6d5980121b73bdf483ae27ac5b5c","messageTitle":"some more typos","messageBody":"","fileTypesAndContributionMap":{"docs":{"insertions":39,"deletions":39}}},{"hash":"ffc6fcb1a1e2cf547fca2bd2cb77cc9e5b010257","messageTitle":"no message","messageBody":"","fileTypesAndContributionMap":{"docs":{"insertions":2,"deletions":2}}}]},{"date":"2022-10-06","commitResults":[{"hash":"db33cb83b358da551a5b75d191e847bf3c9d4ebc","messageTitle":"Added Supplier package with necessary  classes like Supplier,Name,Contact,Price,Item and Address","messageBody":"","fileTypesAndContributionMap":{"functional-code":{"insertions":438,"deletions":12}}}]},{"date":"2022-10-08","commitResults":[{"hash":"45c40dbf17923dcfe473771ed3facb9faf18313e","messageTitle":"Added Price and Item field to person class to resemble a supplier","messageBody":"","fileTypesAndContributionMap":{"functional-code":{"insertions":165,"deletions":472},"other":{"insertions":9,"deletions":8}}},{"hash":"2a53babd7f440b2c6f23175e36ae361e39b449f0","messageTitle":"Resolve conflict","messageBody":"","fileTypesAndContributionMap":{"functional-code":{"insertions":0,"deletions":2}}},{"hash":"fb1abd039fb8c5f15f7b30930926db2742a64198","messageTitle":"no message","messageBody":"","fileTypesAndContributionMap":{"functional-code":{"insertions":0,"deletions":1}}}]},{"date":"2022-10-09","commitResults":[{"hash":"80b3898fc2dfa07c3562afa107c8cad8581f25e2","messageTitle":"Edit command changed to accomadate new Person class","messageBody":"","fileTypesAndContributionMap":{"functional-code":{"insertions":5,"deletions":0}}}]},{"date":"2022-10-10","commitResults":[{"hash":"b2e2f66e6209fb699876721a51a0ba0fc7f21d40","messageTitle":"SampleData adapted to suppliers and Supplier tag added","messageBody":"","fileTypesAndContributionMap":{"functional-code":{"insertions":17,"deletions":22}}},{"hash":"d65204b7cac1dfa5862b46f9b5f733fccf03f902","messageTitle":"Checkstyle errors edited","messageBody":"","fileTypesAndContributionMap":{"functional-code":{"insertions":15,"deletions":4}}},{"hash":"729a9e0ba72f286105643c429ebf74a829c1b29c","messageTitle":"Edited PersonTest cases to accommodate new isSamePerson checks","messageBody":"","fileTypesAndContributionMap":{"test-code":{"insertions":4,"deletions":3}}},{"hash":"199be1b28c060c62e1ce54f52f8137eebd72127f","messageTitle":"Checkstyle","messageBody":"","fileTypesAndContributionMap":{"functional-code":{"insertions":3,"deletions":2}}},{"hash":"6dc61fcd7cccc8457c5cb20ecdbcfe9b517a99d8","messageTitle":"Checkstyle","messageBody":"","fileTypesAndContributionMap":{"test-code":{"insertions":2,"deletions":1}}}]},{"date":"2022-10-11","commitResults":[{"hash":"c9f6df3f33506838b666f79c8af812cfff0e5bc1","messageTitle":"Add PriceTest and ItemTest files and cases","messageBody":"","fileTypesAndContributionMap":{"functional-code":{"insertions":4,"deletions":3},"test-code":{"insertions":81,"deletions":0}}},{"hash":"deb671b9981ca5a2610560a849c8f82f64c3e457","messageTitle":"Update ItemTest.java","messageBody":"","fileTypesAndContributionMap":{"test-code":{"insertions":1,"deletions":1}}},{"hash":"edafa843d9f018ed0879145a8aac5ad7e71c7ec5","messageTitle":"Github Page title changed from AddressBook to Salesy","messageBody":"","fileTypesAndContributionMap":{"docs":{"insertions":1,"deletions":1}}}]},{"date":"2022-10-12","commitResults":[{"hash":"2dd85c7a11aff7716db296cc390f01ea4b8959ec","messageTitle":"Update UG to match Supplier commands","messageBody":"","fileTypesAndContributionMap":{"docs":{"insertions":24,"deletions":27}}},{"hash":"148adcb5a356cc6776bfdfe2ae936a9fa867b1d8","messageTitle":"Reformat table","messageBody":"","fileTypesAndContributionMap":{"docs":{"insertions":9,"deletions":9}}}]},{"date":"2022-10-13","commitResults":[{"hash":"4ee1e4ad3aee1d43843d73742bb10cbca1c21915","messageTitle":"Created SupplyItem class, Added Inventory to store items and Added data to sampleDataUtil","messageBody":"","fileTypesAndContributionMap":{"functional-code":{"insertions":351,"deletions":3}}},{"hash":"1bf82cb053f640147080d9f6ea07472f9b006c06","messageTitle":"Added SupplyItem Class and Inventory storage","messageBody":"","fileTypesAndContributionMap":{"functional-code":{"insertions":147,"deletions":150},"other":{"insertions":9,"deletions":11}}}]},{"date":"2022-10-16","commitResults":[{"hash":"1521224a5b3ccf02b5559d53c4a4164d8b36864d","messageTitle":"Test classes for SuppyItem and Inventory added","messageBody":"","fileTypesAndContributionMap":{"functional-code":{"insertions":22,"deletions":2},"test-code":{"insertions":216,"deletions":0}}}]},{"date":"2022-10-18","commitResults":[{"hash":"f4cb1696885d9577f759340a4e42221e61258ebd","messageTitle":"Rough outline for proposed implementation of addItem feature","messageBody":"","fileTypesAndContributionMap":{"docs":{"insertions":106,"deletions":0},"test-code":{"insertions":4,"deletions":4}}}]},{"date":"2022-10-19","commitResults":[{"hash":"f83b6eca23f7a7b05b44358b6bb2a941c6794d25","messageTitle":"Make changes to examples to match suppliers","messageBody":"","fileTypesAndContributionMap":{"functional-code":{"insertions":6,"deletions":7}}}]},{"date":"2022-10-20","commitResults":[{"hash":"2a37e41bd43ea56e287b02d5a5ef66cc6cfe1295","messageTitle":"AddItem command","messageBody":"","fileTypesAndContributionMap":{"functional-code":{"insertions":182,"deletions":4}}}]},{"date":"2022-10-21","commitResults":[{"hash":"be606052ba391a6c85169d423d658ca38e1f2f22","messageTitle":"Update Messages.java","messageBody":"","fileTypesAndContributionMap":{"functional-code":{"insertions":1,"deletions":2}}},{"hash":"21b975a825c4391dc2b42cc857110bcc13a92901","messageTitle":"Update AddItemCommand.java","messageBody":"","fileTypesAndContributionMap":{"functional-code":{"insertions":14,"deletions":11}}},{"hash":"0027024e4ad8d0317523ee665d03652180175622","messageTitle":"Update AddItemCommandParser.java","messageBody":"","fileTypesAndContributionMap":{"functional-code":{"insertions":1,"deletions":1}}},{"hash":"fb9fa1247da60d70964343a5c9e2652689c42f9e","messageTitle":"Update AddItemCommand.java","messageBody":"","fileTypesAndContributionMap":{"functional-code":{"insertions":4,"deletions":4}}},{"hash":"9a62ccf8dedb590393f2596e9ea70567df64389e","messageTitle":"Update AddItemCommand.java","messageBody":"","fileTypesAndContributionMap":{"functional-code":{"insertions":1,"deletions":1}}},{"hash":"a93f4a5669fdad2904bcdd19dc1f64498e2873f5","messageTitle":"Update AddItemCommand.java","messageBody":"","fileTypesAndContributionMap":{"functional-code":{"insertions":4,"deletions":4}}},{"hash":"9ce1d3f3d8a59fbd789bbb734e7f385251c7e066","messageTitle":"Update AddItemCommand.java","messageBody":"","fileTypesAndContributionMap":{"functional-code":{"insertions":0,"deletions":2}}},{"hash":"205f0cee1a319345de3cf0fe2ad5cd623535ac64","messageTitle":"Checkstyle","messageBody":"","fileTypesAndContributionMap":{"functional-code":{"insertions":4,"deletions":3}}},{"hash":"b0bbcee2d5a5b03979008ae57af79463109a7a04","messageTitle":"no message","messageBody":"","fileTypesAndContributionMap":{"test-code":{"insertions":2,"deletions":3}}}]},{"date":"2022-10-23","commitResults":[{"hash":"c341e72f9aa52a190f4115e7543eb97dc85f2d99","messageTitle":"Added Test cases for AddItemCommand and AddItemCommandParser Change TypicalPerson data to resemble suppliers","messageBody":"","fileTypesAndContributionMap":{"functional-code":{"insertions":18,"deletions":5},"test-code":{"insertions":307,"deletions":21}}}]},{"date":"2022-10-25","commitResults":[{"hash":"01c09405309ff799bea0352be31dba4573657f97","messageTitle":"Refined UG and added item commands","messageBody":"","fileTypesAndContributionMap":{"docs":{"insertions":88,"deletions":36}}}]},{"date":"2022-10-29","commitResults":[{"hash":"368976385f7c41d98f2c1f123e9533fc5cdd0a6a","messageTitle":"Bug Fixes","messageBody":"","fileTypesAndContributionMap":{"functional-code":{"insertions":19,"deletions":15}}},{"hash":"fabb16a01da525f93698e487ae6e5d9aa3fa4086","messageTitle":"More bug fixes","messageBody":"","fileTypesAndContributionMap":{"functional-code":{"insertions":1,"deletions":1},"other":{"insertions":1,"deletions":1}}},{"hash":"00b311380cbddee47778fcada6bdc1ed16ed5ea3","messageTitle":"Checkstyle","messageBody":"","fileTypesAndContributionMap":{"functional-code":{"insertions":2,"deletions":2}}},{"hash":"776da8384ec73fa060cb825aa5715dd46847f039","messageTitle":"Changes to new phone number restrictions","messageBody":"","fileTypesAndContributionMap":{"docs":{"insertions":1,"deletions":1},"test-code":{"insertions":8,"deletions":6}}},{"hash":"ab0ae4b1b231e78957dd90386427efa5a8a40d59","messageTitle":"Ug slight changes","messageBody":"","fileTypesAndContributionMap":{"docs":{"insertions":25,"deletions":25}}}]},{"date":"2022-10-30","commitResults":[{"hash":"83e8aa587f59b3937fd9a79af4921a2b6c214f8b","messageTitle":"Fixed AddItem command parser bugs and small UG fix","messageBody":"","fileTypesAndContributionMap":{"functional-code":{"insertions":31,"deletions":5},"docs":{"insertions":1,"deletions":1},"test-code":{"insertions":38,"deletions":5}}}]},{"date":"2022-11-04","commitResults":[{"hash":"433e4250fe914c85f87acebede32e4484b6d115d","messageTitle":"Rough PPP draft","messageBody":"","fileTypesAndContributionMap":{"docs":{"insertions":25,"deletions":3},"test-code":{"insertions":0,"deletions":5}}},{"hash":"d998bd32328cef057b221745b4a9fcc955bce58b","messageTitle":"Update PPP","messageBody":"","fileTypesAndContributionMap":{"docs":{"insertions":24,"deletions":17}}}]},{"date":"2022-11-05","commitResults":[{"hash":"6c8478fbe4ab35347caae2a0a967948cd9576246","messageTitle":"Fix to bugs remaining","messageBody":"","fileTypesAndContributionMap":{"functional-code":{"insertions":21,"deletions":10},"docs":{"insertions":7,"deletions":1}}}]},{"date":"2022-11-06","commitResults":[{"hash":"493bd7cee18fb56e2fad3459f4f452e38c8427ed","messageTitle":"Test cases for findcommand and findcommandparser enhanced","messageBody":"","fileTypesAndContributionMap":{"functional-code":{"insertions":3,"deletions":3},"docs":{"insertions":7,"deletions":1},"test-code":{"insertions":107,"deletions":2}}},{"hash":"2ef10fb30984f0c7eff20006272f0ee051672b28","messageTitle":"Added missing tests for ItemContainsKeywordsPredicate and JsonAdaptedTask","messageBody":"","fileTypesAndContributionMap":{"functional-code":{"insertions":5,"deletions":2},"test-code":{"insertions":2,"deletions":0}}},{"hash":"eafc5c2bcd67773e8b8de08109aa327ea5ae9f35","messageTitle":"Added missing tests for ItemContainsKeywordsPredicate and JsonAdaptedTask","messageBody":"","fileTypesAndContributionMap":{"functional-code":{"insertions":3,"deletions":2},"test-code":{"insertions":132,"deletions":6}}},{"hash":"833e79ff4005d7d948e604e1b268eb50edd0c3ab","messageTitle":"Checkstyle","messageBody":"","fileTypesAndContributionMap":{"functional-code":{"insertions":4,"deletions":2},"test-code":{"insertions":40,"deletions":21}}}]}]},"authorFileTypeContributionMap":{"dreammac3816547290":{"docs":40,"functional-code":515,"test-code":705},"hauchongtang":{"docs":749,"functional-code":2845,"test-code":1583,"other":2},"Kang-Quan":{"docs":348,"functional-code":344,"test-code":568},"weesiau":{"docs":418,"functional-code":321,"test-code":483},"Bahamas20":{"docs":252,"functional-code":697,"test-code":899,"other":2}},"authorContributionVariance":{"dreammac3816547290":14884.296,"hauchongtang":53972.113,"Kang-Quan":4854.632,"weesiau":10428.111,"Bahamas20":23103.041},"authorDisplayNameMap":{"dreammac3816547290":"CS2103T-W08-4 NATH..ANTO","hauchongtang":"CS2103T-W08-4 TANG..HONG","Kang-Quan":"CS2103T-W08-4 LEE ..QUAN","weesiau":"CS2103T-W08-4 GOH .. WEE","Bahamas20":"CS2103T-W08-4 MOHA.. ALI"}}
