{"authorDailyContributionsMap":{"AkkFiros":[{"date":"2022-09-26","commitResults":[{"hash":"1f6c6d2b8769ea75811dec8af0d90a72f7c4dc67","messageTitle":"Update AboutUs","messageBody":"Update AboutUs\n\nCurrent AboutUs is a template and is bare.\n\nLet\u0027s add in our profile pictures, GitHub links and our roles to the document.\n\nHaving a detailed AboutUs will allow others to become familiar with us and our work.\n","fileTypesAndContributionMap":{"docs":{"insertions":28,"deletions":28}}},{"hash":"f24772de5b82cea404e78d720006d527725a5d31","messageTitle":"Update DG Glossary","messageBody":"Update Developer Guide Glossary\n\nCurrent glossary is a template and is not suited to our product.\n\nLet\u0027s add in key terminologies and their definitions.\n\nHaving a detailed glossary will allow us to stay on the same page and minimise confusion.\n","fileTypesAndContributionMap":{"docs":{"insertions":14,"deletions":2}}}]},{"date":"2022-09-28","commitResults":[{"hash":"3e8f60b743d4110f1d39a23067f57a3e9c497711","messageTitle":"Add Khant Kyaw\u0027s PPP","messageBody":"","fileTypesAndContributionMap":{"docs":{"insertions":27,"deletions":0}}}]},{"date":"2022-09-29","commitResults":[{"hash":"5ce0cd66df6c89aba40092d8f8f8ba2b5e3de3a4","messageTitle":"Fix UG","messageBody":"","fileTypesAndContributionMap":{"docs":{"insertions":8,"deletions":8}}},{"hash":"56fe9ea4d575cf022f9621a0a3e41effacf97df8","messageTitle":"Fix Markdown error","messageBody":"","fileTypesAndContributionMap":{"docs":{"insertions":1,"deletions":3}}},{"hash":"750c5f1f2aba9748bc01b381288b5c23e92f453d","messageTitle":"Fix UG Table","messageBody":"","fileTypesAndContributionMap":{"docs":{"insertions":8,"deletions":8}}},{"hash":"10f3331a0fef14ae94fa9cce9e2b4a1c3be6f820","messageTitle":"Fix UG Table backticks","messageBody":"","fileTypesAndContributionMap":{"docs":{"insertions":6,"deletions":6}}}]},{"date":"2022-10-09","commitResults":[{"hash":"907830cbedaaa27c335ef3ce7f4450ec23c59f6d","messageTitle":"Update AddCommand","messageBody":"","fileTypesAndContributionMap":{"functional-code":{"insertions":72,"deletions":62},"test-code":{"insertions":104,"deletions":110}}},{"hash":"44294a5d245cee6b61cae1d1b10c86121e84f89f","messageTitle":"Fix CheckStyle Error","messageBody":"","fileTypesAndContributionMap":{"functional-code":{"insertions":1,"deletions":15}}},{"hash":"90d04f7fc760f36f342cf8e718da910a51600842","messageTitle":"Fix CheckStyle Error","messageBody":"","fileTypesAndContributionMap":{"functional-code":{"insertions":1,"deletions":1}}},{"hash":"44672c16b20a4684adc2cb0ddb720ca35a1d191a","messageTitle":"Fix CheckStyle Errors","messageBody":"","fileTypesAndContributionMap":{"test-code":{"insertions":11,"deletions":1}}},{"hash":"dfeae6cb98767b316ca84d5e18646b1e4144accb","messageTitle":"Fix CheckStyle Error","messageBody":"","fileTypesAndContributionMap":{"test-code":{"insertions":1,"deletions":1}}},{"hash":"ceadb4bd0f5f048b12de9d18b8fa389ba86ef969","messageTitle":"Comment out failed test cases","messageBody":"","fileTypesAndContributionMap":{"test-code":{"insertions":68,"deletions":68}}},{"hash":"7b2825ff29bdbea103e70a62aaff60a7652695ba","messageTitle":"Fix CheckStyle Errors","messageBody":"","fileTypesAndContributionMap":{"test-code":{"insertions":89,"deletions":91}}},{"hash":"c5412ec9a2bb55412687791f1a9e4ddabdafd9e3","messageTitle":"Fix CheckStyle and Errors","messageBody":"","fileTypesAndContributionMap":{"functional-code":{"insertions":1,"deletions":2},"test-code":{"insertions":110,"deletions":89}}}]},{"date":"2022-10-21","commitResults":[{"hash":"eea46731b0845357218254a2df1b882e6db386dc","messageTitle":"Add Tip Command","messageBody":"Add in tips command to display a random tip to users.\n\nTips are stored internally and are retrieved randomly.\n","fileTypesAndContributionMap":{"functional-code":{"insertions":112,"deletions":4},"test-code":{"insertions":18,"deletions":0}}}]},{"date":"2022-10-26","commitResults":[{"hash":"70801973b5813d5556b9cccd4e8ba17e04cde2ff","messageTitle":"Add test cases for TipCommand","messageBody":"","fileTypesAndContributionMap":{"functional-code":{"insertions":45,"deletions":6},"test-code":{"insertions":94,"deletions":2}}},{"hash":"df167c68470be879fe78164461a39ae15f465531","messageTitle":"Update TipListTest.java for CheckStyle","messageBody":"","fileTypesAndContributionMap":{"test-code":{"insertions":0,"deletions":3}}}]},{"date":"2022-10-28","commitResults":[{"hash":"35efdb69a32156fbec074ff96137bc58e4a0b4b0","messageTitle":"Update UG for Tip command","messageBody":"","fileTypesAndContributionMap":{"docs":{"insertions":7,"deletions":0}}}]}],"ruiqi7":[{"date":"2022-09-27","commitResults":[{"hash":"c967fe7e7117480f020450f4fe70f2ba9c923b2e","messageTitle":"Update README","messageBody":"","fileTypesAndContributionMap":{"docs":{"insertions":9,"deletions":11}}},{"hash":"6921244357bf1d118eaacd054355952dbfc6b7cb","messageTitle":"Add Ruiqi\u0027s PPP","messageBody":"","fileTypesAndContributionMap":{"docs":{"insertions":26,"deletions":0}}}]},{"date":"2022-09-28","commitResults":[{"hash":"c9636649003d679236e0d94b2ba3923ebfc73575","messageTitle":"Update UG with review command","messageBody":"","fileTypesAndContributionMap":{"docs":{"insertions":5,"deletions":12}}}]},{"date":"2022-10-05","commitResults":[{"hash":"a77b8f50b4f282d57598f5d0365f53666ac55b1e","messageTitle":"Update list command","messageBody":"","fileTypesAndContributionMap":{"functional-code":{"insertions":193,"deletions":11},"other":{"insertions":32,"deletions":19},"test-code":{"insertions":158,"deletions":164}}},{"hash":"c7545cf945021d9dcf9b120274e09fab9eb3774e","messageTitle":"Add test cases for DateTime, FoodComparator and IsTodayPredicate","messageBody":"","fileTypesAndContributionMap":{"functional-code":{"insertions":5,"deletions":2},"test-code":{"insertions":124,"deletions":10}}}]},{"date":"2022-10-06","commitResults":[{"hash":"85aad616ac8ce159136928a805c448a40751b750","messageTitle":"Modify according to the given comments","messageBody":"","fileTypesAndContributionMap":{"functional-code":{"insertions":14,"deletions":4},"test-code":{"insertions":1,"deletions":1}}},{"hash":"bd18c0f248635a36fa2efc3ad0b97784cf14dc03","messageTitle":"Update list and review commands in the user guide","messageBody":"","fileTypesAndContributionMap":{"docs":{"insertions":9,"deletions":3}}},{"hash":"0357f11d5b1494a19d080f9577e93d1c1f1b3e79","messageTitle":"Update to show list of foods recorded today","messageBody":"","fileTypesAndContributionMap":{"functional-code":{"insertions":7,"deletions":6},"other":{"insertions":9,"deletions":9}}}]},{"date":"2022-10-11","commitResults":[{"hash":"180a1832a8958a29a35f1f2fa208ebf44a3aaa6b","messageTitle":"Add review command","messageBody":"","fileTypesAndContributionMap":{"functional-code":{"insertions":57,"deletions":0}}},{"hash":"e3abe83f771ddd10309512e200187e5739161745","messageTitle":"Add test cases for ReviewCommand","messageBody":"","fileTypesAndContributionMap":{"test-code":{"insertions":68,"deletions":0}}},{"hash":"897a8925ce47ee4cf4280f29ef7cf80d0d56b68e","messageTitle":"Update list command to accept a date as an argument","messageBody":"","fileTypesAndContributionMap":{"functional-code":{"insertions":164,"deletions":44},"test-code":{"insertions":99,"deletions":31}}},{"hash":"9dc4aeb4cf39f940cca9dba976da722efaa17cea","messageTitle":"Add test cases","messageBody":"","fileTypesAndContributionMap":{"functional-code":{"insertions":2,"deletions":2},"test-code":{"insertions":69,"deletions":5}}},{"hash":"8482301bacf56f58654bcbb1ca52c182bf2a4a68","messageTitle":"Add more test cases","messageBody":"","fileTypesAndContributionMap":{"test-code":{"insertions":7,"deletions":0}}}]},{"date":"2022-10-12","commitResults":[{"hash":"a978e7420a305ee9479e9600d8ec5230c6d36804","messageTitle":"Add a method in Calorie to get the calorie value as an integer","messageBody":"","fileTypesAndContributionMap":{"functional-code":{"insertions":11,"deletions":4}}}]},{"date":"2022-10-13","commitResults":[{"hash":"c44cae0fc4eedb6a28fddaab70ceabe62ace401e","messageTitle":"Modify according to suggestions","messageBody":"","fileTypesAndContributionMap":{"functional-code":{"insertions":20,"deletions":3},"test-code":{"insertions":35,"deletions":0}}},{"hash":"fef0675d44bcbbaa195df326b73e6ef789036d72","messageTitle":"Update list command in the user guide","messageBody":"","fileTypesAndContributionMap":{"docs":{"insertions":12,"deletions":3}}}]},{"date":"2022-10-17","commitResults":[{"hash":"58d408f4c9c6c7437c34717bbda86761ac112a93","messageTitle":"Change Tag field to Enum type","messageBody":"","fileTypesAndContributionMap":{"functional-code":{"insertions":28,"deletions":51},"test-code":{"insertions":21,"deletions":23}}}]},{"date":"2022-10-18","commitResults":[{"hash":"93cce494d9b4672030f073a296f5253d61a06182","messageTitle":"Modify find command to display calorie content of a food item","messageBody":"","fileTypesAndContributionMap":{"functional-code":{"insertions":125,"deletions":33},"test-code":{"insertions":57,"deletions":59}}},{"hash":"5afcfeb509b53d2896dff354eb8876de31507de0","messageTitle":"Add and update test cases","messageBody":"","fileTypesAndContributionMap":{"functional-code":{"insertions":2,"deletions":33},"test-code":{"insertions":76,"deletions":89}}},{"hash":"87e85cd9fe6318c5eabc9e2bf15aefc16532531c","messageTitle":"Update find command in the user guide","messageBody":"","fileTypesAndContributionMap":{"docs":{"insertions":6,"deletions":8}}}]},{"date":"2022-10-19","commitResults":[{"hash":"ad9e24b9631f989a04021ac8b23cf8be17eaeb21","messageTitle":"Enable assertions in build.gradle","messageBody":"","fileTypesAndContributionMap":{"other":{"insertions":4,"deletions":0}}},{"hash":"1cac6927de00ca4ed966b9d415ffc6f73fd19462","messageTitle":"Update developer guide with review command","messageBody":"","fileTypesAndContributionMap":{"docs":{"insertions":133,"deletions":24}}},{"hash":"8ef91ad911d8a28896671fdbcec2202f1e53f50e","messageTitle":"Fix mistakes","messageBody":"","fileTypesAndContributionMap":{"docs":{"insertions":15,"deletions":22}}},{"hash":"5500ba91a5c53b3834e3355cfa6e563ce250b9d6","messageTitle":"Modify developer guide to be consistent","messageBody":"","fileTypesAndContributionMap":{"docs":{"insertions":8,"deletions":8}}}]},{"date":"2022-10-20","commitResults":[{"hash":"706b1520f12a3af5dfe7bb51c479d36cba5fc459","messageTitle":"Modify according to comments","messageBody":"","fileTypesAndContributionMap":{"functional-code":{"insertions":102,"deletions":96},"test-code":{"insertions":94,"deletions":91}}},{"hash":"a4070eb368811780312cf8c73830394d7828834c","messageTitle":"Rename UniqueFoodList to FoodList","messageBody":"","fileTypesAndContributionMap":{"functional-code":{"insertions":3,"deletions":3},"other":{"insertions":5,"deletions":5},"test-code":{"insertions":148,"deletions":148}}},{"hash":"5c9d3ce1dfddde8218f6e738a6e022593e252c04","messageTitle":"Update version","messageBody":"","fileTypesAndContributionMap":{"functional-code":{"insertions":1,"deletions":1}}}]},{"date":"2022-10-23","commitResults":[{"hash":"ae94995e9286e28c76358201e3c5bf489a39d1bb","messageTitle":"Update developer guide with list command","messageBody":"","fileTypesAndContributionMap":{"functional-code":{"insertions":1,"deletions":8},"docs":{"insertions":118,"deletions":36}}},{"hash":"e0755b32984d690247514e5d7c9de2ff8bb8d5a0","messageTitle":"Rename to NutriGoals in index.md","messageBody":"","fileTypesAndContributionMap":{"docs":{"insertions":1,"deletions":1}}}]},{"date":"2022-10-24","commitResults":[{"hash":"170e27e68a2bf318383b83b7a10ab0b82c727860","messageTitle":"Add progress bar UI","messageBody":"","fileTypesAndContributionMap":{"functional-code":{"insertions":189,"deletions":34},"test-code":{"insertions":51,"deletions":9}}},{"hash":"9d6db9401c6653d4930f37df32464c8a5d5bdde2","messageTitle":"Modify result display UI","messageBody":"","fileTypesAndContributionMap":{"functional-code":{"insertions":3,"deletions":3}}},{"hash":"85b60a031d4c9c1682ae5efe4db0672c314d90a2","messageTitle":"Fix no newline error","messageBody":"","fileTypesAndContributionMap":{"functional-code":{"insertions":1,"deletions":1}}}]},{"date":"2022-10-25","commitResults":[{"hash":"e424c9001165537493043527851527808fc571a1","messageTitle":"Modify background to white and fix alignment","messageBody":"","fileTypesAndContributionMap":{"functional-code":{"insertions":10,"deletions":8},"test-code":{"insertions":11,"deletions":0}}},{"hash":"1c51fa980df41b3836ebe02cefb6b50f360bd75a","messageTitle":"Modify UI layout","messageBody":"","fileTypesAndContributionMap":{"functional-code":{"insertions":3,"deletions":3}}},{"hash":"ed890b700d9776e3f4dcf32dde16644497a0a584","messageTitle":"Fix progress bar bug when target command is used","messageBody":"","fileTypesAndContributionMap":{"functional-code":{"insertions":5,"deletions":4},"docs":{"insertions":2,"deletions":2}}}]},{"date":"2022-10-26","commitResults":[{"hash":"f7a97127f541999d8a7a89bcfcf33f5def4766e3","messageTitle":"Change UI to light theme","messageBody":"","fileTypesAndContributionMap":{"functional-code":{"insertions":9,"deletions":8},"other":{"insertions":41,"deletions":29}}},{"hash":"76a2d91d45add5162d82bd73701951f635c5c73f","messageTitle":"Limit name and calorie","messageBody":"","fileTypesAndContributionMap":{"functional-code":{"insertions":64,"deletions":12},"test-code":{"insertions":142,"deletions":17}}},{"hash":"928482fdfbe7b160706c3913cd167bcc08c0b920","messageTitle":"Change UI color","messageBody":"","fileTypesAndContributionMap":{"functional-code":{"insertions":9,"deletions":9}}}]},{"date":"2022-10-28","commitResults":[{"hash":"425632662a469aa02caab633090a55000b437f16","messageTitle":"Update user guide","messageBody":"","fileTypesAndContributionMap":{"docs":{"insertions":6,"deletions":2}}}]},{"date":"2022-10-29","commitResults":[{"hash":"069e6dd184aca36d5af89e9791b9f59159f41463","messageTitle":"Update user guide to include list of food items for find","messageBody":"","fileTypesAndContributionMap":{"docs":{"insertions":16,"deletions":3}}},{"hash":"61d063474fcd9eda9b40e123869483cb02ad5dd0","messageTitle":"Specify max length for food names in UG","messageBody":"","fileTypesAndContributionMap":{"docs":{"insertions":3,"deletions":2}}}]},{"date":"2022-10-30","commitResults":[{"hash":"cd47b4a901ead60acafca118f3887e1b05958645","messageTitle":"Fix sample data","messageBody":"","fileTypesAndContributionMap":{"functional-code":{"insertions":15,"deletions":7},"docs":{"insertions":4,"deletions":5}}},{"hash":"9d1c1011d9bd504080ddfd144169c0eec7aeb4d0","messageTitle":"Include screenshot for review","messageBody":"","fileTypesAndContributionMap":{"docs":{"insertions":4,"deletions":0}}},{"hash":"891ec09a0fb0b8011d9a3848ad4c11245c2886f8","messageTitle":"Include explanation of sample data","messageBody":"","fileTypesAndContributionMap":{"docs":{"insertions":6,"deletions":4}}},{"hash":"294e4cfecc1e6aa6add4906dd47ed8ec6965a286","messageTitle":"Update specifications for DATE parameter","messageBody":"","fileTypesAndContributionMap":{"docs":{"insertions":32,"deletions":8}}},{"hash":"7d985fc8d0f79253ddb3695317c3393cef6cd535","messageTitle":"Include warning about editing data files","messageBody":"","fileTypesAndContributionMap":{"functional-code":{"insertions":4,"deletions":0},"docs":{"insertions":10,"deletions":1}}},{"hash":"7e46c8df4c8deca203eb20771992a9647af74961","messageTitle":"Update ug","messageBody":"","fileTypesAndContributionMap":{"docs":{"insertions":17,"deletions":5}}},{"hash":"3dbbf6e41cfb6395d4ce825c161e2ab07aff85e6","messageTitle":"Add layout description","messageBody":"","fileTypesAndContributionMap":{"docs":{"insertions":51,"deletions":16}}},{"hash":"3431fd5cac1573694954fa4425c74b8625a9c432","messageTitle":"Fix heading","messageBody":"","fileTypesAndContributionMap":{"docs":{"insertions":1,"deletions":1}}},{"hash":"b628b17dd98bb70beb9e79f6c4cf9e7a20fae56e","messageTitle":"Update docs/UserGuide.md","messageBody":"Co-authored-by: Lim Xin Yi Nicole \u003c97275050+nicolelim02@users.noreply.github.com\u003e","fileTypesAndContributionMap":{"docs":{"insertions":1,"deletions":1}}}]},{"date":"2022-10-31","commitResults":[{"hash":"c8a525d2a0127f82bc480c8d710b46e07c5fd18c","messageTitle":"Fix datetime bug","messageBody":"","fileTypesAndContributionMap":{"functional-code":{"insertions":3,"deletions":3},"docs":{"insertions":3,"deletions":2}}},{"hash":"f119f96067aeab5eda567e62adecf67f33843a08","messageTitle":"Update ug","messageBody":"","fileTypesAndContributionMap":{"docs":{"insertions":16,"deletions":6}}},{"hash":"a407c33f4802b59420ccc1fdfb1e77eb2ad3fa24","messageTitle":"Add test case","messageBody":"","fileTypesAndContributionMap":{"test-code":{"insertions":4,"deletions":2}}},{"hash":"5376fde77c9987505488137c347bf83eaba1289e","messageTitle":"Modify ug for review","messageBody":"","fileTypesAndContributionMap":{"docs":{"insertions":4,"deletions":3}}},{"hash":"392c1cc9abe18f047be7ed0dceef22d8f1632f82","messageTitle":"Update Ruiqi\u0027s PPP","messageBody":"","fileTypesAndContributionMap":{"docs":{"insertions":49,"deletions":7}}},{"hash":"e375ebfb8014e8bb5141d2199837b8ddbcbb9aa4","messageTitle":"Fix links and formatting","messageBody":"","fileTypesAndContributionMap":{"docs":{"insertions":3,"deletions":2}}}]},{"date":"2022-11-01","commitResults":[{"hash":"adfdbc7abaad6a1295a417739c9a822216cac998","messageTitle":"Update docs/UserGuide.md","messageBody":"Co-authored-by: xav168 \u003c54756719+xav168@users.noreply.github.com\u003e","fileTypesAndContributionMap":{"docs":{"insertions":1,"deletions":1}}},{"hash":"4203e658611fefb2c1002f09682dc6f8842de439","messageTitle":"Update docs/UserGuide.md","messageBody":"Co-authored-by: xav168 \u003c54756719+xav168@users.noreply.github.com\u003e","fileTypesAndContributionMap":{"docs":{"insertions":1,"deletions":1}}},{"hash":"fc7e86424724ffece36c5093a7136aba2760b640","messageTitle":"Update docs/UserGuide.md","messageBody":"Co-authored-by: Lim Xin Yi Nicole \u003c97275050+nicolelim02@users.noreply.github.com\u003e","fileTypesAndContributionMap":{"docs":{"insertions":1,"deletions":2}}},{"hash":"3c4071af0de196a4e8d31e101f4d09d0ee8bb0e4","messageTitle":"Update docs/UserGuide.md","messageBody":"Co-authored-by: Lim Xin Yi Nicole \u003c97275050+nicolelim02@users.noreply.github.com\u003e","fileTypesAndContributionMap":{"docs":{"insertions":1,"deletions":2}}},{"hash":"e947989831997d8cc25f40326ee1df9b838c5ef2","messageTitle":"Update docs/UserGuide.md","messageBody":"Co-authored-by: Lim Xin Yi Nicole \u003c97275050+nicolelim02@users.noreply.github.com\u003e","fileTypesAndContributionMap":{"docs":{"insertions":1,"deletions":2}}},{"hash":"5fd6d601cf5189bef03ccfeb7f25a70358964c8b","messageTitle":"Update docs/UserGuide.md","messageBody":"Co-authored-by: Lim Xin Yi Nicole \u003c97275050+nicolelim02@users.noreply.github.com\u003e","fileTypesAndContributionMap":{"docs":{"insertions":1,"deletions":1}}},{"hash":"3e4f23a1ff5b67d909a518d6637fb7072e2d421f","messageTitle":"Make notes consistent","messageBody":"","fileTypesAndContributionMap":{"docs":{"insertions":2,"deletions":2}}}]},{"date":"2022-11-02","commitResults":[{"hash":"c30d8fb42efd0e4327dcb0654ff3206059393207","messageTitle":"Add section on how to use the ug","messageBody":"","fileTypesAndContributionMap":{"docs":{"insertions":93,"deletions":35}}},{"hash":"eceb4f3c8bd76ec99281e61f496af8f9bc0c8258","messageTitle":"Add diagrams for find and list in dg","messageBody":"","fileTypesAndContributionMap":{"docs":{"insertions":124,"deletions":19}}},{"hash":"cc27b1a58bffa93638616137a7b0cae83db7a0f2","messageTitle":"Update target user profile in dg","messageBody":"","fileTypesAndContributionMap":{"docs":{"insertions":3,"deletions":1}}},{"hash":"8ea2e89764b3969167a4af06d242fadc5ff98337","messageTitle":"Update value proposition","messageBody":"","fileTypesAndContributionMap":{"docs":{"insertions":4,"deletions":2}}}]},{"date":"2022-11-03","commitResults":[{"hash":"fc946d96d5331f6d4efe23518c97862b3a2821b8","messageTitle":"Add test cases for ListCommandParser","messageBody":"","fileTypesAndContributionMap":{"functional-code":{"insertions":7,"deletions":0},"docs":{"insertions":3,"deletions":3},"test-code":{"insertions":65,"deletions":17}}},{"hash":"7de894f2b57a8b423389b584cb1fe6028210521a","messageTitle":"Add test cases for ListCommand","messageBody":"","fileTypesAndContributionMap":{"test-code":{"insertions":30,"deletions":0}}}]}],"TanPingZhi":[{"date":"2022-09-26","commitResults":[{"hash":"04c7ebbe843b5b854bb9a66bdb92a559f20bf25a","messageTitle":"Add Ping Zhi\u0027s PPP","messageBody":"","fileTypesAndContributionMap":{"docs":{"insertions":26,"deletions":0}}},{"hash":"bdf0f9363e7b41ed34941235f83d1250833f7971","messageTitle":"Update Ping Zhi\u0027s PPP","messageBody":"","fileTypesAndContributionMap":{"docs":{"insertions":1,"deletions":1}}}]},{"date":"2022-09-27","commitResults":[{"hash":"09d6f3be9fcaabecf4c4e4609563c30720228ed3","messageTitle":"Update DeveloperGuide.md\u0027s NFR","messageBody":"","fileTypesAndContributionMap":{"docs":{"insertions":3,"deletions":0}}}]},{"date":"2022-10-03","commitResults":[{"hash":"f99ecf733ad49b1a4f6318ede319666f62629817","messageTitle":"Add calorieTarget field in the JSAB","messageBody":"Add an calorieTarget field in the JSAB.\nJSAB\u0027s fields will be converted to JSON\n","fileTypesAndContributionMap":{"functional-code":{"insertions":37,"deletions":2},"test-code":{"insertions":6,"deletions":1}}},{"hash":"40305b8b675c215fd9bad1765031ab1b74112348","messageTitle":"Add TargetCommand","messageBody":"","fileTypesAndContributionMap":{"functional-code":{"insertions":179,"deletions":20},"test-code":{"insertions":18,"deletions":1}}},{"hash":"dd13d9495d7150d165cc25b3a2f3a8e87562eece","messageTitle":"Add TargetCommandTest","messageBody":"","fileTypesAndContributionMap":{"functional-code":{"insertions":24,"deletions":16},"test-code":{"insertions":47,"deletions":0}}},{"hash":"c2ae51cfcada5c14c78788e4d0401d32ac919df8","messageTitle":"Enforce checkstyle","messageBody":"","fileTypesAndContributionMap":{"functional-code":{"insertions":1,"deletions":1}}}]},{"date":"2022-10-13","commitResults":[{"hash":"35fdccb44af03971b6fe0bbddeb5834ac5bf9878","messageTitle":"Add CalorieTest","messageBody":"","fileTypesAndContributionMap":{"test-code":{"insertions":37,"deletions":0}}}]},{"date":"2022-10-15","commitResults":[{"hash":"65fe69760e6b12a65b99e30806c597ba79066d76","messageTitle":"Add LocateGymCommand","messageBody":"","fileTypesAndContributionMap":{"functional-code":{"insertions":192,"deletions":12}}}]},{"date":"2022-10-16","commitResults":[{"hash":"d2459d0cf5f7ea11a6f4be8de528d9d23e152a9c","messageTitle":"Add LocateGymCommandTest","messageBody":"","fileTypesAndContributionMap":{"functional-code":{"insertions":86,"deletions":54},"test-code":{"insertions":36,"deletions":0}}},{"hash":"9fab3e0ce5d8556fd82d0f7001757a489ae7acb7","messageTitle":"Update ParserUtilTest","messageBody":"","fileTypesAndContributionMap":{"test-code":{"insertions":5,"deletions":0}}}]},{"date":"2022-10-18","commitResults":[{"hash":"6b3d451c5c517540dfcfd6ac1930712f71ff56d5","messageTitle":"Add more gym and starting locations","messageBody":"","fileTypesAndContributionMap":{"functional-code":{"insertions":25,"deletions":7},"test-code":{"insertions":4,"deletions":4}}}]},{"date":"2022-10-19","commitResults":[{"hash":"babfa441c5fccef2c77c8496dbde0ae58d7b81b6","messageTitle":"Add TargetCommandParserTest","messageBody":"","fileTypesAndContributionMap":{"test-code":{"insertions":29,"deletions":0}}}]},{"date":"2022-10-21","commitResults":[{"hash":"8ff5195dcc1e1df8bfc853ce006bdecf1d9f3d25","messageTitle":"Update DG\u0027s targetCommand","messageBody":"","fileTypesAndContributionMap":{"docs":{"insertions":238,"deletions":77}}},{"hash":"7a7d706dd6a383070e44d89a4e0f86b5d3704143","messageTitle":"Add UML diagram for TargetCommand","messageBody":"","fileTypesAndContributionMap":{"docs":{"insertions":4,"deletions":0}}},{"hash":"1680d57a5c208497969fc78d0f19244ea6ef36e4","messageTitle":"Fix links in DG","messageBody":"","fileTypesAndContributionMap":{"docs":{"insertions":12,"deletions":17}}},{"hash":"4fa2afefedeb2b6644acd11799179142a7f2d003","messageTitle":"Fix link to diagram","messageBody":"","fileTypesAndContributionMap":{"docs":{"insertions":1,"deletions":1}}},{"hash":"a4125c53e0a290e48499d7514309379677b2db66","messageTitle":"Fix model component image layout","messageBody":"","fileTypesAndContributionMap":{"docs":{"insertions":1,"deletions":0}}},{"hash":"374948b2d510361c6f788d9413147f95aeb76880","messageTitle":"Fix bolded texts in DG","messageBody":"","fileTypesAndContributionMap":{"docs":{"insertions":2,"deletions":4}}}]},{"date":"2022-10-26","commitResults":[{"hash":"d7e296533d7b00abbf2574601c579612fdcdc793","messageTitle":"Change colours of foodcard","messageBody":"","fileTypesAndContributionMap":{"functional-code":{"insertions":6,"deletions":5}}},{"hash":"3ac4c7c84d43ece1aac4a03a53cf5d866bbdce9a","messageTitle":"Add rounded edges and margin for foodcard","messageBody":"","fileTypesAndContributionMap":{"functional-code":{"insertions":11,"deletions":0}}},{"hash":"b1be84530e9cac5480122ae772ff5790dc87eeee","messageTitle":"Add the word \"calories\" to the foodcard","messageBody":"","fileTypesAndContributionMap":{"functional-code":{"insertions":1,"deletions":1}}}]},{"date":"2022-10-27","commitResults":[{"hash":"40ca23bab5b8e3f0f82749213929d58c6c50ce02","messageTitle":"Update UserGuide","messageBody":"","fileTypesAndContributionMap":{"docs":{"insertions":5,"deletions":1}}}]},{"date":"2022-10-29","commitResults":[{"hash":"c7639a34a2f43788d2c1bef9050c7574f551ee83","messageTitle":"Fix Calorie\u0027s MESSAGE_CONSTRAINTS","messageBody":"","fileTypesAndContributionMap":{"functional-code":{"insertions":1,"deletions":1}}},{"hash":"b46a88e78c87bb9e0c939e0ff3f6f19dadfcf721","messageTitle":"Add target restriction to UG","messageBody":"","fileTypesAndContributionMap":{"docs":{"insertions":1,"deletions":1}}},{"hash":"46f9c26050c3b9e80bd8185f6356195cc42c9cfc","messageTitle":"Add parameters to locate command in UG","messageBody":"","fileTypesAndContributionMap":{"functional-code":{"insertions":1,"deletions":0},"docs":{"insertions":2,"deletions":0}}},{"hash":"34b855e8283aca51b7dc03a300943bcf93a71cf6","messageTitle":"Add more nus locations","messageBody":"","fileTypesAndContributionMap":{"functional-code":{"insertions":8,"deletions":2},"docs":{"insertions":1,"deletions":1}}},{"hash":"2aa3e91fc965baceb70c35f71a682e78aea49dda","messageTitle":"Update PingZhi\u0027s PPP","messageBody":"","fileTypesAndContributionMap":{"docs":{"insertions":23,"deletions":4}}}]},{"date":"2022-11-01","commitResults":[{"hash":"36d9722e9f693a4fb41a29eb31f4d04b0ca322ba","messageTitle":"Add locate\u0027s future update","messageBody":"","fileTypesAndContributionMap":{"docs":{"insertions":3,"deletions":0}}},{"hash":"c8101e85452389fad370ca7bef2ee07b253b2fb2","messageTitle":"Update the syntax of locate","messageBody":"","fileTypesAndContributionMap":{"functional-code":{"insertions":7,"deletions":1},"docs":{"insertions":1,"deletions":1}}},{"hash":"735fd0dc083cd133330e4496eb57edbd65895720","messageTitle":"Add Locate UML and bug fix locate","messageBody":"","fileTypesAndContributionMap":{"functional-code":{"insertions":1,"deletions":1},"docs":{"insertions":43,"deletions":0}}},{"hash":"2c36faf7db2398b6be7118bdaf24b38f7445e02a","messageTitle":"Fix UG\u0027s locate bug","messageBody":"","fileTypesAndContributionMap":{"docs":{"insertions":3,"deletions":3}}},{"hash":"4aea854db4fd1e6df9d4754a98a0f4c9b2e4aeb2","messageTitle":"Update command summary","messageBody":"","fileTypesAndContributionMap":{"docs":{"insertions":17,"deletions":16}}}]},{"date":"2022-11-02","commitResults":[{"hash":"bba55dc219c547f8345ec17795a5919c9fb37176","messageTitle":"Update docs/UserGuide.md","messageBody":"Co-authored-by: Lim Xin Yi Nicole \u003c97275050+nicolelim02@users.noreply.github.com\u003e","fileTypesAndContributionMap":{"docs":{"insertions":1,"deletions":1}}}]}],"xav168":[{"date":"2022-09-26","commitResults":[{"hash":"48cd13ec370165b58e5a749b05174865837441c2","messageTitle":"Add Xavier\u0027s ppp","messageBody":"","fileTypesAndContributionMap":{"docs":{"insertions":26,"deletions":0}}}]},{"date":"2022-09-27","commitResults":[{"hash":"34b709306cfc0884402d171b9ba6f089e492e8ae","messageTitle":"Update user stories in DeveloperGuide.md","messageBody":"","fileTypesAndContributionMap":{"docs":{"insertions":8,"deletions":8}}},{"hash":"ed786119cf228dbda9859b71114361ba3ad169f9","messageTitle":"Update UG with delete command","messageBody":"","fileTypesAndContributionMap":{"docs":{"insertions":2,"deletions":0}}}]},{"date":"2022-09-28","commitResults":[{"hash":"f3b93f6ea556c9d620d218cc160d029f32ac2f4e","messageTitle":"Update target profile in DG","messageBody":"","fileTypesAndContributionMap":{"docs":{"insertions":3,"deletions":5}}},{"hash":"4ac251ce479e63189e545d06ec9870ac71130596","messageTitle":"Update UG to fit NutriGoals","messageBody":"","fileTypesAndContributionMap":{"docs":{"insertions":30,"deletions":121}}},{"hash":"1f319968e32e0a4829c875617dd4eb67750008a7","messageTitle":"Fix mistakes","messageBody":"","fileTypesAndContributionMap":{"docs":{"insertions":1,"deletions":2}}}]},{"date":"2022-10-06","commitResults":[{"hash":"9144336941b2a92706fe05542114c9b3456ed016","messageTitle":"Update index.md","messageBody":"","fileTypesAndContributionMap":{"docs":{"insertions":2,"deletions":2}}},{"hash":"6cd6d90de764c24b95d447a40421cf51426963b6","messageTitle":"Update index.md to reflect NutriGoals instead of AB-3","messageBody":"","fileTypesAndContributionMap":{"functional-code":{"insertions":1,"deletions":1},"docs":{"insertions":11,"deletions":6}}}]},{"date":"2022-10-09","commitResults":[{"hash":"cb3b996e40c4cd6312e90ff7a79ebc0d8c390bd7","messageTitle":"Update delete","messageBody":"","fileTypesAndContributionMap":{"functional-code":{"insertions":2,"deletions":2},"test-code":{"insertions":54,"deletions":54}}}]},{"date":"2022-10-10","commitResults":[{"hash":"1f827c6388ae3d94722f6643220082e36d8a1fc7","messageTitle":"Refactor names","messageBody":"","fileTypesAndContributionMap":{"functional-code":{"insertions":434,"deletions":434},"other":{"insertions":1027,"deletions":1034},"docs":{"insertions":14,"deletions":14},"test-code":{"insertions":370,"deletions":369}}}]},{"date":"2022-10-11","commitResults":[{"hash":"93c80eef69dfe0936a5e8be6dfad0cf175efc61d","messageTitle":"Add setup command","messageBody":"","fileTypesAndContributionMap":{"functional-code":{"insertions":438,"deletions":10},"test-code":{"insertions":594,"deletions":53}}}]},{"date":"2022-10-12","commitResults":[{"hash":"ab0f008b19b193eb3615599ffa32a60b2ec607cd","messageTitle":"Update Gender, Height and Weight to not have magic numbers","messageBody":"","fileTypesAndContributionMap":{"functional-code":{"insertions":12,"deletions":7}}}]},{"date":"2022-10-13","commitResults":[{"hash":"ed47314e850417da2e253591efbfed5002886c4d","messageTitle":"Fix merge conflicts","messageBody":"","fileTypesAndContributionMap":{"test-code":{"insertions":3,"deletions":37}}},{"hash":"22cbc10039188d9b51c984e145f15b4a0ee37f7b","messageTitle":"Fix setup command not saving to local storage","messageBody":"","fileTypesAndContributionMap":{"functional-code":{"insertions":50,"deletions":10},"test-code":{"insertions":7,"deletions":0}}},{"hash":"4cafeb65aef0226466cfadff5b9d4e3bfe2d3063","messageTitle":"Add tests to improve code coverage","messageBody":"","fileTypesAndContributionMap":{"functional-code":{"insertions":2,"deletions":2},"test-code":{"insertions":64,"deletions":1}}}]},{"date":"2022-10-15","commitResults":[{"hash":"dd1111853ffdb5eef9914a6474038680924afb63","messageTitle":"Fix merge conflicts after merging PR 58","messageBody":"","fileTypesAndContributionMap":{"functional-code":{"insertions":1,"deletions":3},"test-code":{"insertions":15,"deletions":1}}},{"hash":"97af322e563ea7cdd117fc658d923cfe189e75d2","messageTitle":"Update Readme.md","messageBody":"Add codecov badge into readme","fileTypesAndContributionMap":{"docs":{"insertions":1,"deletions":0}}}]},{"date":"2022-10-17","commitResults":[{"hash":"bf962d1b2c91e7c56f84b734dbf01399737a7fde","messageTitle":"Fix duplicate name error","messageBody":"","fileTypesAndContributionMap":{"functional-code":{"insertions":0,"deletions":25},"test-code":{"insertions":0,"deletions":49}}},{"hash":"19a2991dc174e2c05d7b9d97f28df56cbcc6cee0","messageTitle":"Fix bug where duplicate items do not get saved","messageBody":"","fileTypesAndContributionMap":{"functional-code":{"insertions":0,"deletions":5},"test-code":{"insertions":0,"deletions":10}}},{"hash":"1c542f694eef68c3349358311567b4ce60c6fd95","messageTitle":"Fix edit command unable to change name to duplicate name","messageBody":"","fileTypesAndContributionMap":{"functional-code":{"insertions":0,"deletions":20},"test-code":{"insertions":0,"deletions":21}}},{"hash":"0d097c316e8e48f513d14ce87208a7b42fa787ae","messageTitle":"Change description of add function","messageBody":"","fileTypesAndContributionMap":{"functional-code":{"insertions":1,"deletions":1}}}]},{"date":"2022-10-23","commitResults":[{"hash":"18d1a2c1d395611731746dbf4bde37856ef13758","messageTitle":"Update dg","messageBody":"","fileTypesAndContributionMap":{"docs":{"insertions":25,"deletions":0}}}]},{"date":"2022-10-25","commitResults":[{"hash":"78045d9ffcdc0a514d98db59f718042396a69619","messageTitle":"Update find command to include previously entered items","messageBody":"","fileTypesAndContributionMap":{"functional-code":{"insertions":72,"deletions":0}}},{"hash":"5d3cb51d182888db637e9c9c7c025733ca9958e1","messageTitle":"Add test cases","messageBody":"","fileTypesAndContributionMap":{"test-code":{"insertions":55,"deletions":9}}},{"hash":"0f05a504a9f369eae6969b415f94ba58f8294198","messageTitle":"Fix checkstyle","messageBody":"","fileTypesAndContributionMap":{"test-code":{"insertions":13,"deletions":10}}}]},{"date":"2022-10-26","commitResults":[{"hash":"65304152d36462e1562676e52ea82a1fdcea5b4b","messageTitle":"Update command to treat different case name as same name","messageBody":"","fileTypesAndContributionMap":{"functional-code":{"insertions":1,"deletions":1},"test-code":{"insertions":2,"deletions":2}}},{"hash":"d628416bb38286920da6830c3142f1eef183ef08","messageTitle":"Fix typo","messageBody":"","fileTypesAndContributionMap":{"functional-code":{"insertions":2,"deletions":2},"test-code":{"insertions":1,"deletions":1}}},{"hash":"50c9cb10e822fa335b33aeb00ccfec71164a8a66","messageTitle":"Update src/main/java/seedu/nutrigoals/model/meal/IsFoodInPredicate.java","messageBody":"Co-authored-by: Lim Xin Yi Nicole \u003c97275050+nicolelim02@users.noreply.github.com\u003e","fileTypesAndContributionMap":{"functional-code":{"insertions":1,"deletions":1}}}]},{"date":"2022-10-27","commitResults":[{"hash":"db3db779467d510806c1e349279ba7d9861721bd","messageTitle":"Fix merge conflicts","messageBody":"","fileTypesAndContributionMap":{"functional-code":{"insertions":1,"deletions":0}}},{"hash":"567b9b91a6518fa02e0f947f817cbbbb2bb03c55","messageTitle":"Fix typo","messageBody":"","fileTypesAndContributionMap":{"functional-code":{"insertions":1,"deletions":1}}},{"hash":"ead2f998dc315c0c4758bcd58be76aac9dfa6d1a","messageTitle":"Change wording for suggest comnmand","messageBody":"","fileTypesAndContributionMap":{"functional-code":{"insertions":2,"deletions":2}}},{"hash":"d45dea9ffa9998c32e5a10466bcd4ad84f753aca","messageTitle":"Fix borders for selected food card","messageBody":"","fileTypesAndContributionMap":{"functional-code":{"insertions":6,"deletions":0}}}]},{"date":"2022-10-28","commitResults":[{"hash":"8cbcfb51b2396f1b4448d01115180afa31128e4d","messageTitle":"Update UG find command","messageBody":"","fileTypesAndContributionMap":{"docs":{"insertions":3,"deletions":0}}},{"hash":"defbc15458f2e743830c210e520dcea5bedd6f48","messageTitle":"Update docs/UserGuide.md","messageBody":"Co-authored-by: Lim Xin Yi Nicole \u003c97275050+nicolelim02@users.noreply.github.com\u003e","fileTypesAndContributionMap":{"docs":{"insertions":0,"deletions":1}}}]},{"date":"2022-10-30","commitResults":[{"hash":"65ae3f2e07572e1cd05d8d38bf3b4c1781f38b60","messageTitle":"Update UG to include details of command parameters","messageBody":"","fileTypesAndContributionMap":{"docs":{"insertions":11,"deletions":2}}},{"hash":"636e96fa3393f39a364a4ba6bc4bfdc856da6141","messageTitle":"Update UG","messageBody":"","fileTypesAndContributionMap":{"docs":{"insertions":6,"deletions":1}}},{"hash":"974101fa80ad49c00ca94f68f39fc73b298df2f7","messageTitle":"Update Xavier\u0027s PPP","messageBody":"","fileTypesAndContributionMap":{"docs":{"insertions":20,"deletions":2}}}]},{"date":"2022-10-31","commitResults":[{"hash":"fbeb28c6fd1907f6250ae8ff2f822c6b0cf30e8d","messageTitle":"Update docs/UserGuide.md","messageBody":"Co-authored-by: Tin Ruiqi \u003c97298861+ruiqi7@users.noreply.github.com\u003e","fileTypesAndContributionMap":{"docs":{"insertions":1,"deletions":2}}},{"hash":"585c9478562036b6c0996a04424f82da15908945","messageTitle":"Fix errors in UG","messageBody":"","fileTypesAndContributionMap":{"docs":{"insertions":4,"deletions":5}}},{"hash":"1e891a8597383a33236cda9d6dc2b26a489ce5e8","messageTitle":"Improve clarity in UG","messageBody":"","fileTypesAndContributionMap":{"docs":{"insertions":4,"deletions":3}}},{"hash":"abec2c666b7520a850eae56872b104065339c13c","messageTitle":"Change wording of case sensitivity","messageBody":"","fileTypesAndContributionMap":{"docs":{"insertions":2,"deletions":2}}},{"hash":"a89e1a9e8229698671e13c5d653261282df3d6dd","messageTitle":"Refine UG by removing some lines","messageBody":"","fileTypesAndContributionMap":{"docs":{"insertions":2,"deletions":4}}}]},{"date":"2022-11-01","commitResults":[{"hash":"67d62edc431ef6dfcb967923cd2fc15ff0649ff9","messageTitle":"Update dg find command","messageBody":"","fileTypesAndContributionMap":{"docs":{"insertions":78,"deletions":0}}}]},{"date":"2022-11-02","commitResults":[{"hash":"e6607424994e809f09ca22816b1934464f353e8a","messageTitle":"Update DG","messageBody":"","fileTypesAndContributionMap":{"docs":{"insertions":36,"deletions":5}}},{"hash":"418f7921a374a97687d24e0b7f47b8ac27d5b979","messageTitle":"Update docs/diagrams/SetupSequenceDiagram.puml","messageBody":"Co-authored-by: Lim Xin Yi Nicole \u003c97275050+nicolelim02@users.noreply.github.com\u003e","fileTypesAndContributionMap":{"docs":{"insertions":1,"deletions":1}}},{"hash":"8c627f74f0db76dbf84c1420d454de6589192b02","messageTitle":"Update DeveloperGuide.md","messageBody":"","fileTypesAndContributionMap":{"docs":{"insertions":1,"deletions":1}}},{"hash":"c1aab958348034f931386946cec0e0742e2bebd1","messageTitle":"Update docs/DeveloperGuide.md","messageBody":"Co-authored-by: Lim Xin Yi Nicole \u003c97275050+nicolelim02@users.noreply.github.com\u003e","fileTypesAndContributionMap":{"docs":{"insertions":1,"deletions":2}}},{"hash":"5f7e1f5334f45561ddc4af5b5f1ac0b1d4fef054","messageTitle":"Update docs/DeveloperGuide.md","messageBody":"Co-authored-by: Lim Xin Yi Nicole \u003c97275050+nicolelim02@users.noreply.github.com\u003e","fileTypesAndContributionMap":{"docs":{"insertions":1,"deletions":4}}},{"hash":"2f13aa6cd9d12a4633d06862531bbcdd70354d44","messageTitle":"Update docs/DeveloperGuide.md","messageBody":"Co-authored-by: Lim Xin Yi Nicole \u003c97275050+nicolelim02@users.noreply.github.com\u003e","fileTypesAndContributionMap":{"docs":{"insertions":1,"deletions":2}}}]}],"nicolelim02":[{"date":"2022-09-27","commitResults":[{"hash":"0307b42219340dfc4177058fe48e88d66fa581b2","messageTitle":"Update use cases","messageBody":"","fileTypesAndContributionMap":{"docs":{"insertions":63,"deletions":9}}},{"hash":"c67fd735fc953e9658d0130c4cc98f1edec362f6","messageTitle":"Add Nicole\u0027s PPP","messageBody":"","fileTypesAndContributionMap":{"docs":{"insertions":27,"deletions":0}}},{"hash":"e316c8847133a5659d4ed9cfcd7513cc9b9119ce","messageTitle":"Update Nicole\u0027s PPP","messageBody":"","fileTypesAndContributionMap":{"docs":{"insertions":1,"deletions":1}}}]},{"date":"2022-09-28","commitResults":[{"hash":"d17c49ec52c5abf69c8916e0e70ccf8be1f6ae3f","messageTitle":"Update UG with edit command","messageBody":"","fileTypesAndContributionMap":{"docs":{"insertions":7,"deletions":0}}}]},{"date":"2022-10-04","commitResults":[{"hash":"1ecd3a4be4e0af9327012e4301f896cd235d0599","messageTitle":"Rename classes","messageBody":"","fileTypesAndContributionMap":{"functional-code":{"insertions":151,"deletions":151},"other":{"insertions":74,"deletions":73},"docs":{"insertions":44,"deletions":44},"test-code":{"insertions":200,"deletions":200}}},{"hash":"d7ad1f993b2ce3e723ae679ae94457d817023e97","messageTitle":"Remove address","messageBody":"","fileTypesAndContributionMap":{"functional-code":{"insertions":4,"deletions":4},"test-code":{"insertions":13,"deletions":13}}},{"hash":"4d74219edc524ca25fd51c7aae14f58e049ad9aa","messageTitle":"Remove address field","messageBody":"","fileTypesAndContributionMap":{"functional-code":{"insertions":18,"deletions":141},"test-code":{"insertions":65,"deletions":226}}},{"hash":"edb87257c1604317e167b4325354975924e301ef","messageTitle":"Remove email field","messageBody":"","fileTypesAndContributionMap":{"functional-code":{"insertions":18,"deletions":149},"test-code":{"insertions":45,"deletions":235}}},{"hash":"dca98d84cdd663e4fd2cc7ffc27d1178bf0e51b3","messageTitle":"Add calorie field","messageBody":"","fileTypesAndContributionMap":{"functional-code":{"insertions":50,"deletions":17},"test-code":{"insertions":19,"deletions":6}}},{"hash":"eace5e4c4e885453e51e16bd57d56470e0ae475c","messageTitle":"Update toString method in Food","messageBody":"","fileTypesAndContributionMap":{"functional-code":{"insertions":3,"deletions":1}}},{"hash":"105e0b16feb78572de04835ff0f2c7305a10f9ba","messageTitle":"Modify method names","messageBody":"","fileTypesAndContributionMap":{"functional-code":{"insertions":9,"deletions":9},"test-code":{"insertions":14,"deletions":14}}},{"hash":"7d6566151ce1162dfa66f8617122be935d152d31","messageTitle":"Modify food class fields","messageBody":"","fileTypesAndContributionMap":{"functional-code":{"insertions":20,"deletions":140},"test-code":{"insertions":33,"deletions":221}}}]},{"date":"2022-10-05","commitResults":[{"hash":"e8d40e9e2edfa758df2503c45655da5397e6500c","messageTitle":"Update edit command so that calorie content can be edited","messageBody":"","fileTypesAndContributionMap":{"functional-code":{"insertions":41,"deletions":40},"test-code":{"insertions":35,"deletions":35}}},{"hash":"b0c3f880a11b103657eaa0d1fb3e64ff5c70e2e3","messageTitle":"Modify test cases","messageBody":"","fileTypesAndContributionMap":{"functional-code":{"insertions":18,"deletions":2},"other":{"insertions":19,"deletions":8},"test-code":{"insertions":87,"deletions":69}}},{"hash":"b420d673ae5bc70b5df9b4edb2c1e5c6d233fd4b","messageTitle":"Update EditCommandParser\u0027s test cases","messageBody":"","fileTypesAndContributionMap":{"test-code":{"insertions":6,"deletions":0}}},{"hash":"892850d95d1bedc5021ab17d60d8bff8be7fe554","messageTitle":"Update edit command instructions","messageBody":"","fileTypesAndContributionMap":{"docs":{"insertions":3,"deletions":2}}}]},{"date":"2022-10-06","commitResults":[{"hash":"02482fb47f376f481c51cff62d2ee8b7d90a7a2a","messageTitle":"Display the correct user guide link","messageBody":"","fileTypesAndContributionMap":{"functional-code":{"insertions":1,"deletions":1}}},{"hash":"4dad7be4da2410bec80ab533ca2e0918abd090f3","messageTitle":"Update application\u0027s name and icon","messageBody":"","fileTypesAndContributionMap":{"functional-code":{"insertions":3,"deletions":3}}}]},{"date":"2022-10-11","commitResults":[{"hash":"64adadc5d6e6928f31fc4b367bfa3e4197b79d2d","messageTitle":"Update to only display one tag for each food","messageBody":"","fileTypesAndContributionMap":{"functional-code":{"insertions":64,"deletions":97},"test-code":{"insertions":76,"deletions":131}}},{"hash":"a63c451306e9515c3c277a4af16c0c8023317d28","messageTitle":"Update food list and test cases","messageBody":"","fileTypesAndContributionMap":{"functional-code":{"insertions":3,"deletions":51},"test-code":{"insertions":32,"deletions":28}}}]},{"date":"2022-10-12","commitResults":[{"hash":"ae4c202ef07c6643547964fd9fca4633441216a0","messageTitle":"Update tag to only accept three values","messageBody":"","fileTypesAndContributionMap":{"functional-code":{"insertions":10,"deletions":2},"test-code":{"insertions":49,"deletions":52}}},{"hash":"6bd6a1e845f987166562b36f79f82c602e5ead47","messageTitle":"Update tag\u0027s validation regex and test cases","messageBody":"","fileTypesAndContributionMap":{"functional-code":{"insertions":14,"deletions":9},"test-code":{"insertions":26,"deletions":2}}},{"hash":"d95c0e26551765ba3c1c0f61c1c01147a2be2913","messageTitle":"Update tag\u0027s validation regex","messageBody":"","fileTypesAndContributionMap":{"functional-code":{"insertions":3,"deletions":3},"test-code":{"insertions":4,"deletions":0}}},{"hash":"483b21c623ba779ed7a2243a5715db90069516ae","messageTitle":"Update tags used in TypicalFoods","messageBody":"","fileTypesAndContributionMap":{"test-code":{"insertions":2,"deletions":2}}},{"hash":"b4eb4af8993a730e9b48126be44ddff8f5a83bc0","messageTitle":"Convert tag names to lower case","messageBody":"","fileTypesAndContributionMap":{"functional-code":{"insertions":1,"deletions":1},"test-code":{"insertions":13,"deletions":1}}}]},{"date":"2022-10-15","commitResults":[{"hash":"e899097a7688f5d1acab13b139730e699c0d3032","messageTitle":"Add bmi field in the user object","messageBody":"","fileTypesAndContributionMap":{"functional-code":{"insertions":137,"deletions":10},"test-code":{"insertions":69,"deletions":0}}},{"hash":"cbd711617f1b0bd44c43a98aa69c2539b92376ed","messageTitle":"Add profile command and test cases","messageBody":"","fileTypesAndContributionMap":{"functional-code":{"insertions":32,"deletions":0},"test-code":{"insertions":285,"deletions":0}}}]},{"date":"2022-10-16","commitResults":[{"hash":"7cb6e5062d1bf1c9310c768dc90233e9e4951999","messageTitle":"Update to check if a profile has been created","messageBody":"","fileTypesAndContributionMap":{"functional-code":{"insertions":30,"deletions":2},"test-code":{"insertions":38,"deletions":7}}},{"hash":"288a280ff221a055cc9199af4e7655951be3d7bc","messageTitle":"Add test cases","messageBody":"","fileTypesAndContributionMap":{"test-code":{"insertions":50,"deletions":0}}},{"hash":"c55c409a03ba24e2ecbfa488c0032c00eafcdba4","messageTitle":"Update test cases","messageBody":"","fileTypesAndContributionMap":{"functional-code":{"insertions":6,"deletions":5},"test-code":{"insertions":5,"deletions":28}}},{"hash":"c9dfa77db59fc87137664be63fbcacc0d737289c","messageTitle":"Add age field in the user object","messageBody":"","fileTypesAndContributionMap":{"functional-code":{"insertions":97,"deletions":15},"test-code":{"insertions":81,"deletions":14}}},{"hash":"b36e785424ccf0f0cf38a061f925c4b9cd5bf7e4","messageTitle":"Update test cases","messageBody":"","fileTypesAndContributionMap":{"test-code":{"insertions":6,"deletions":0}}}]},{"date":"2022-10-17","commitResults":[{"hash":"902bf251c76a5454ac9616c5d4aa17b08124d13b","messageTitle":"Add functions to calculate suggested calorie intake","messageBody":"","fileTypesAndContributionMap":{"functional-code":{"insertions":79,"deletions":1},"test-code":{"insertions":10,"deletions":1}}},{"hash":"5b9742d26ec77fed4224b5555a3a174f65ca5562","messageTitle":"Add suggest command","messageBody":"","fileTypesAndContributionMap":{"functional-code":{"insertions":2,"deletions":0},"test-code":{"insertions":2,"deletions":0}}},{"hash":"60490e843f4cb25b5a1a4654869f693b5dee52d5","messageTitle":"Add suggest command","messageBody":"","fileTypesAndContributionMap":{"functional-code":{"insertions":25,"deletions":2},"test-code":{"insertions":71,"deletions":1}}},{"hash":"187800257fe146628fa6855eeb1236ced9b3ecd9","messageTitle":"Edit user guide","messageBody":"","fileTypesAndContributionMap":{"docs":{"insertions":120,"deletions":13}}},{"hash":"c59104272b68e5ab7f6e1e99202d0355007b84fd","messageTitle":"Edit according to suggestions","messageBody":"","fileTypesAndContributionMap":{"functional-code":{"insertions":2,"deletions":2},"test-code":{"insertions":3,"deletions":98}}}]},{"date":"2022-10-18","commitResults":[{"hash":"4b23231620c14476b95f8292e496471e44a5fa47","messageTitle":"Update user stories and use cases","messageBody":"","fileTypesAndContributionMap":{"docs":{"insertions":68,"deletions":26}}}]},{"date":"2022-10-19","commitResults":[{"hash":"76efecac46b38be2f7e2d1147e55d5ac62a7369a","messageTitle":"Refactor code","messageBody":"","fileTypesAndContributionMap":{"functional-code":{"insertions":53,"deletions":14},"test-code":{"insertions":32,"deletions":0}}},{"hash":"5a475a98c2e03a99b1411effe9581305e604c310","messageTitle":"Add test cases","messageBody":"","fileTypesAndContributionMap":{"test-code":{"insertions":22,"deletions":3}}},{"hash":"6ef9c8809347589a9247fc440ee562732cc7cd8b","messageTitle":"Update toString method in User and Age class","messageBody":"","fileTypesAndContributionMap":{"functional-code":{"insertions":8,"deletions":1}}},{"hash":"d7909cd2cb90391a8c76c88e2c6839052a1a16c7","messageTitle":"Update dg with edit command","messageBody":"","fileTypesAndContributionMap":{"docs":{"insertions":118,"deletions":5}}},{"hash":"84ce2040e18126d911fc214dc0eef6cb0a468286","messageTitle":"Fix EOF error","messageBody":"","fileTypesAndContributionMap":{"docs":{"insertions":1,"deletions":1}}},{"hash":"cd07d701895f993520d21ef2b73f4ba7b478787f","messageTitle":"Add test cases","messageBody":"","fileTypesAndContributionMap":{"test-code":{"insertions":23,"deletions":0}}},{"hash":"74661d484fcd7edf678b54d92ea1bfa3282aac28","messageTitle":"Modify dg to be consistent","messageBody":"","fileTypesAndContributionMap":{"docs":{"insertions":11,"deletions":12}}}]},{"date":"2022-10-20","commitResults":[{"hash":"56252210e78fd1aad77150beba012f0238ae9fb5","messageTitle":"Update dg with profile command","messageBody":"","fileTypesAndContributionMap":{"docs":{"insertions":60,"deletions":9}}},{"hash":"e73db04ee7541d95d935044aa740d4881bdf0b10","messageTitle":"Update sequence diagram for edit command","messageBody":"","fileTypesAndContributionMap":{"docs":{"insertions":12,"deletions":6}}},{"hash":"3c8fe43f5484a6421cf816d98fc8090a6959d314","messageTitle":"Modify uml diagrams","messageBody":"","fileTypesAndContributionMap":{"docs":{"insertions":53,"deletions":57}}},{"hash":"c8ad21907ffd130febe86b558b46369682b9f554","messageTitle":"Update links in dg","messageBody":"","fileTypesAndContributionMap":{"docs":{"insertions":11,"deletions":11}}}]},{"date":"2022-10-21","commitResults":[{"hash":"c3d41fbb9061b85767c81b71c20d47abd5bdb595","messageTitle":"Update project portfolio page","messageBody":"","fileTypesAndContributionMap":{"docs":{"insertions":23,"deletions":3}}}]},{"date":"2022-10-24","commitResults":[{"hash":"b797b4e632d016e714f544e4313fdea2dea40b6a","messageTitle":"Modify help window ui","messageBody":"","fileTypesAndContributionMap":{"functional-code":{"insertions":212,"deletions":55}}},{"hash":"ac9282e03f6988f6cc1ca8529422177d602d7401","messageTitle":"Remove unused code","messageBody":"","fileTypesAndContributionMap":{"functional-code":{"insertions":2,"deletions":1}}},{"hash":"f52e814ac04128df811909d4d68d6fa9651d9834","messageTitle":"Add more details to enhancements made","messageBody":"","fileTypesAndContributionMap":{"docs":{"insertions":21,"deletions":5}}},{"hash":"50d619b46a8eea4090a6e959d7e30cc1c03dc552","messageTitle":"Abstract Tip into a class and fix checkstyle warning","messageBody":"","fileTypesAndContributionMap":{"functional-code":{"insertions":46,"deletions":19},"test-code":{"insertions":9,"deletions":4}}}]},{"date":"2022-10-25","commitResults":[{"hash":"30267ff74582331bed4b6a1d17f09704c401af80","messageTitle":"Modify main window and progress bar layout","messageBody":"","fileTypesAndContributionMap":{"functional-code":{"insertions":53,"deletions":34}}},{"hash":"a0a3a8f8350dd6c2235c27e4c8c2b16a0be96ae1","messageTitle":"Refactor code","messageBody":"","fileTypesAndContributionMap":{"functional-code":{"insertions":9,"deletions":10},"test-code":{"insertions":3,"deletions":3}}},{"hash":"1e0cc70d19feaf73812d6a4508a9e36ce76dc846","messageTitle":"Add tip command usage","messageBody":"","fileTypesAndContributionMap":{"functional-code":{"insertions":8,"deletions":6}}}]},{"date":"2022-10-26","commitResults":[{"hash":"ee00435e4db65c506e8a0db1cf87fe024b341726","messageTitle":"Change background colour and font size","messageBody":"","fileTypesAndContributionMap":{"functional-code":{"insertions":12,"deletions":10}}},{"hash":"b6b4ea79f2663019a47573ccadbe391f434775a9","messageTitle":"Modify message usage for some commands","messageBody":"","fileTypesAndContributionMap":{"functional-code":{"insertions":7,"deletions":7}}},{"hash":"5472bf2cc0f034d649ddf603c743fd7ecbc9fb15","messageTitle":"Modify message usage for target command","messageBody":"","fileTypesAndContributionMap":{"functional-code":{"insertions":1,"deletions":1}}}]},{"date":"2022-10-27","commitResults":[{"hash":"583ea0feef2322240888d9e8fc077f2f86e0a4a6","messageTitle":"Change background colour","messageBody":"","fileTypesAndContributionMap":{"functional-code":{"insertions":8,"deletions":5}}},{"hash":"37fc0eef5b2c2ec204da2a58e8caf67314781611","messageTitle":"Update Ui.png and helpMessage.png","messageBody":"","fileTypesAndContributionMap":{"docs":{"insertions":1,"deletions":1}}},{"hash":"ddcc9d173ed3a48eaaa0cafe79152ae07d1409c8","messageTitle":"Fix table of contents and diagrams","messageBody":"","fileTypesAndContributionMap":{"docs":{"insertions":11,"deletions":11}}},{"hash":"5013a1174f8529ed0f5390214b35c69224001c5a","messageTitle":"Remove unnecessary diagrams and fix typos","messageBody":"","fileTypesAndContributionMap":{"docs":{"insertions":0,"deletions":106}}},{"hash":"10f014b09906595535d1651bd0de2285ee5c5313","messageTitle":"Update version number","messageBody":"","fileTypesAndContributionMap":{"functional-code":{"insertions":1,"deletions":1}}}]},{"date":"2022-10-28","commitResults":[{"hash":"9ffd77903153899b7c82192c06e7c9e56257f64e","messageTitle":"Remove header in index.md","messageBody":"","fileTypesAndContributionMap":{"docs":{"insertions":0,"deletions":2}}},{"hash":"a348d26ec716a54189268a5ab9dc7826309bc811","messageTitle":"Fix bug for suggest command","messageBody":"","fileTypesAndContributionMap":{"functional-code":{"insertions":27,"deletions":8},"test-code":{"insertions":55,"deletions":3}}}]},{"date":"2022-10-29","commitResults":[{"hash":"c32c35b41c48b220e8344776c7d468a516e3d172","messageTitle":"Fix wrong error messages","messageBody":"","fileTypesAndContributionMap":{"functional-code":{"insertions":5,"deletions":3}}},{"hash":"de221a4d501f4304e22559c338fb3679e44117ce","messageTitle":"Add more details to the command format section","messageBody":"","fileTypesAndContributionMap":{"docs":{"insertions":16,"deletions":9}}},{"hash":"7984b6ae350a0b62e1967d4ca6d89508c4ab4887","messageTitle":"Add links to portfolio","messageBody":"","fileTypesAndContributionMap":{"docs":{"insertions":6,"deletions":8}}},{"hash":"b6bb0cca8e946b214970a658b56c6e876102ae96","messageTitle":"Update PPP","messageBody":"","fileTypesAndContributionMap":{"docs":{"insertions":2,"deletions":0}}},{"hash":"1bade381973fc72182de4e5985b2befeeb51bbc3","messageTitle":"Update documentation for edit command","messageBody":"","fileTypesAndContributionMap":{"docs":{"insertions":2,"deletions":2}}},{"hash":"a3e4a1f4a965925620663e7c7e2e710bffb9d87b","messageTitle":"Add implementation details and use case for suggest command","messageBody":"","fileTypesAndContributionMap":{"docs":{"insertions":74,"deletions":0}}},{"hash":"cadf14d1e86b3aecc4441cd603255e8c1e05cdc5","messageTitle":"Fix EOF error","messageBody":"","fileTypesAndContributionMap":{"docs":{"insertions":1,"deletions":1}}}]},{"date":"2022-10-30","commitResults":[{"hash":"a4b03602538444c136e5ec6f3c0588cf582f427a","messageTitle":"Edit details in PPP","messageBody":"","fileTypesAndContributionMap":{"docs":{"insertions":20,"deletions":14}}},{"hash":"2ee456cefdd5f51d1be4f0899840d7692ea76c91","messageTitle":"Fix typos and mistakes","messageBody":"","fileTypesAndContributionMap":{"docs":{"insertions":12,"deletions":20}}},{"hash":"6502d0e3b364c8edd926fbd5397f97e1f9a2b410","messageTitle":"Add images to user guide","messageBody":"","fileTypesAndContributionMap":{"docs":{"insertions":10,"deletions":4}}},{"hash":"e89ee23752b61370b4e3435ef15dbeb8eafc1880","messageTitle":"Shorten PPP","messageBody":"","fileTypesAndContributionMap":{"docs":{"insertions":11,"deletions":16}}},{"hash":"f5ce07d86e1a18df804c8e09e982bc4b67ce8112","messageTitle":"Add links to pull requests","messageBody":"","fileTypesAndContributionMap":{"docs":{"insertions":10,"deletions":9}}},{"hash":"960ceec24db5e0c0a2472f7c3119958cef8ff65a","messageTitle":"Fix grammer mistakes","messageBody":"","fileTypesAndContributionMap":{"docs":{"insertions":1,"deletions":1}}}]},{"date":"2022-10-31","commitResults":[{"hash":"00c0ab3bc2e66207954886a53bd27ee743fe7dfc","messageTitle":"Add section numberings","messageBody":"","fileTypesAndContributionMap":{"docs":{"insertions":12,"deletions":5}}},{"hash":"199e594b3d032e2bb488fbc0e682bde05a0d4d66","messageTitle":"Fix links to pull requests","messageBody":"","fileTypesAndContributionMap":{"docs":{"insertions":2,"deletions":2}}},{"hash":"42e5977ec3a94035ee880e5bd447222b7dc869a9","messageTitle":"Add more details to project management","messageBody":"","fileTypesAndContributionMap":{"docs":{"insertions":1,"deletions":0}}}]},{"date":"2022-11-01","commitResults":[{"hash":"1da1688e88b3dad914ad6bef712e5d7a2bab8301","messageTitle":"Fix broken links and update PPP","messageBody":"","fileTypesAndContributionMap":{"docs":{"insertions":6,"deletions":10}}}]}]},"authorFileTypeContributionMap":{"AkkFiros":{"docs":69,"functional-code":155,"test-code":193},"ruiqi7":{"docs":576,"functional-code":846,"test-code":950,"other":3},"TanPingZhi":{"docs":252,"functional-code":421,"test-code":156},"xav168":{"docs":218,"functional-code":1354,"test-code":1520,"other":2},"nicolelim02":{"docs":596,"functional-code":923,"test-code":861,"other":65}},"authorContributionVariance":{"AkkFiros":16708.145,"ruiqi7":31720.998,"TanPingZhi":6179.14,"xav168":291360.44,"nicolelim02":130141.4},"authorDisplayNameMap":{"AkkFiros":"CS2103T-T17-2 AUNG..KYAW","ruiqi7":"CS2103T-T17-2 TIN ..UIQI","TanPingZhi":"CS2103T-T17-2 TAN .. ZHI","xav168":"CS2103T-T17-2 XAVI..HENG","nicolelim02":"CS2103T-T17-2 LIM ..COLE"}}
