{"authorDailyContributionsMap":{"april-anh":[{"date":"2022-09-27","commitResults":[{"hash":"92b3f8227f985690139dd2b79b83af44f0fcd7cb","messageTitle":"Update UserGuide.md","messageBody":"","fileTypesAndContributionMap":{"docs":{"insertions":5,"deletions":11}}}]},{"date":"2022-09-28","commitResults":[{"hash":"08695e791e10e1fd68e202129fe41fb30eabea6f","messageTitle":"Update about us detail","messageBody":"","fileTypesAndContributionMap":{"docs":{"insertions":5,"deletions":6}}},{"hash":"a3bc3c42366b8481da9040f3a1c2b422ee487a57","messageTitle":"Draft PPP skeleton","messageBody":"","fileTypesAndContributionMap":{"docs":{"insertions":32,"deletions":0}}},{"hash":"dbd13538aa7d5998d1f7cfea0bedace4137cfb4f","messageTitle":"Fix wrong file name Should use github username instead of real name","messageBody":"","fileTypesAndContributionMap":{"docs":{"insertions":1,"deletions":1}}}]},{"date":"2022-10-11","commitResults":[{"hash":"17d8885f890a51cc06d80b6fd17879a7461ecf13","messageTitle":"Update command package","messageBody":"","fileTypesAndContributionMap":{"functional-code":{"insertions":4,"deletions":0},"other":{"insertions":0,"deletions":0}}},{"hash":"ff9a6bf738b6856d0b429d1d120548be45809e15","messageTitle":"Update add consultation command","messageBody":"","fileTypesAndContributionMap":{"functional-code":{"insertions":80,"deletions":14},"test-code":{"insertions":8,"deletions":8}}},{"hash":"3bdc806bfbd88149652c55566533a7c4d166dd08","messageTitle":"Implement add consultation command","messageBody":"","fileTypesAndContributionMap":{"functional-code":{"insertions":719,"deletions":21},"other":{"insertions":4,"deletions":4},"docs":{"insertions":2,"deletions":2},"test-code":{"insertions":254,"deletions":8}}},{"hash":"9fa0058af2593c048e9c3e4b62e96ce77387cd38","messageTitle":"Finish logic for add consultation command","messageBody":"","fileTypesAndContributionMap":{"functional-code":{"insertions":3,"deletions":3},"test-code":{"insertions":116,"deletions":9}}},{"hash":"b844dfbca0ebd269fadcdd99714c4404ee4c879a","messageTitle":"Implement UI for consultation","messageBody":"","fileTypesAndContributionMap":{"functional-code":{"insertions":131,"deletions":0}}},{"hash":"10a7b43ce2f5b391952aa3e683b2425f03826307","messageTitle":"Finish UI component","messageBody":"","fileTypesAndContributionMap":{"functional-code":{"insertions":231,"deletions":28},"test-code":{"insertions":48,"deletions":2}}},{"hash":"e96207f54555259f58bd91d921fac3588eed3d8d","messageTitle":"Add consultation to storage","messageBody":"","fileTypesAndContributionMap":{"functional-code":{"insertions":15,"deletions":1}}},{"hash":"33f23069910cdd42d28195ea53efb3869eee22a1","messageTitle":"Fix EOF","messageBody":"","fileTypesAndContributionMap":{"functional-code":{"insertions":1,"deletions":2}}},{"hash":"7b732e9e18413f9d875e92c95f80642c6f99a72c","messageTitle":"Fix checkstyle","messageBody":"","fileTypesAndContributionMap":{"other":{"insertions":0,"deletions":0}}},{"hash":"e59a163bb538717842e357b287bbfffbdaec8981","messageTitle":"Fix checkstyle","messageBody":"","fileTypesAndContributionMap":{"functional-code":{"insertions":152,"deletions":72},"docs":{"insertions":1,"deletions":1},"test-code":{"insertions":5,"deletions":5}}},{"hash":"84a2ba09b6c8800d2f51f02b40b223b3cfeaf0c0","messageTitle":"Fix checkStyleTest","messageBody":"","fileTypesAndContributionMap":{"test-code":{"insertions":76,"deletions":59}}},{"hash":"6c8db27624b4e1b2f2dea0aed714ada796986b68","messageTitle":"Update sample data in test package","messageBody":"","fileTypesAndContributionMap":{"functional-code":{"insertions":1,"deletions":1},"test-code":{"insertions":1,"deletions":1}}},{"hash":"6687328a59046d14f6b17a492489cdef4f1a2adb","messageTitle":"Resolve conflict","messageBody":"","fileTypesAndContributionMap":{"functional-code":{"insertions":4,"deletions":6},"test-code":{"insertions":5,"deletions":0}}},{"hash":"2e1cd42ac91bfba5a830367cd118528f9ebf3623","messageTitle":"Refactor command.exception package","messageBody":"","fileTypesAndContributionMap":{"functional-code":{"insertions":11,"deletions":28},"other":{"insertions":1,"deletions":1},"test-code":{"insertions":5,"deletions":5}}},{"hash":"13b2a995fbf7052ac7ffb8a8b59abe1f69230ae6","messageTitle":"Fix typo in JsonSerializableAddressBook file","messageBody":"","fileTypesAndContributionMap":{"functional-code":{"insertions":2,"deletions":1}}},{"hash":"d0923b7d6a59aea15c214295ed9713cb1211fbb9","messageTitle":"Fix bug in storage","messageBody":"","fileTypesAndContributionMap":{"functional-code":{"insertions":10,"deletions":0}}},{"hash":"fb771cbff26a4ccce36a3d50976e95830c7375e7","messageTitle":"Add sample data","messageBody":"","fileTypesAndContributionMap":{"functional-code":{"insertions":24,"deletions":0}}}]},{"date":"2022-10-17","commitResults":[{"hash":"2c1fbf7ac981d50fcf2095e1593e56fe28194adf","messageTitle":"Add consultation sample data","messageBody":"","fileTypesAndContributionMap":{"functional-code":{"insertions":8,"deletions":17}}},{"hash":"0ae5a36160bf0984a48dd6eedd403f9d528dedd3","messageTitle":"Change add consultation command format","messageBody":"","fileTypesAndContributionMap":{"functional-code":{"insertions":1,"deletions":1}}},{"hash":"66e0c6c7cf9b1cf5831d139c67baec3fe9fd2d1b","messageTitle":"Create Delete consultation command class","messageBody":"","fileTypesAndContributionMap":{"functional-code":{"insertions":6,"deletions":0},"test-code":{"insertions":85,"deletions":1}}},{"hash":"71daa58a31db8d8ca77976c37e9ce13c3a55cf05","messageTitle":"Add delete consultation parser","messageBody":"","fileTypesAndContributionMap":{"functional-code":{"insertions":88,"deletions":2}}},{"hash":"af95edb432998f7385ece7f0bb857dd031e932a1","messageTitle":"Add delete and remove methods to model Consultation","messageBody":"","fileTypesAndContributionMap":{"functional-code":{"insertions":40,"deletions":5}}},{"hash":"10ece8dd5b71fbc52a659311d0ceb39636963e99","messageTitle":"Change in json storage","messageBody":"","fileTypesAndContributionMap":{"functional-code":{"insertions":1,"deletions":1}}},{"hash":"45b42e0ea10f060a3cda84bde9da5239f651e078","messageTitle":"Delete command unit tests","messageBody":"","fileTypesAndContributionMap":{"test-code":{"insertions":105,"deletions":1}}}]}],"yeoyujie":[{"date":"2022-09-27","commitResults":[{"hash":"2a31978ac91a1f6bf98ba7054651efd92263f650","messageTitle":"Update AboutUs for yeoyujie","messageBody":"","fileTypesAndContributionMap":{"docs":{"insertions":5,"deletions":6}}},{"hash":"da52a85af18700b83378cdf93212f5ca0906c4ad","messageTitle":"Add PPP for yeoyujie","messageBody":"","fileTypesAndContributionMap":{"docs":{"insertions":32,"deletions":0}}},{"hash":"1d3b4506e096acb5bc0c3e06741ee089fc0b7eeb","messageTitle":"Update README.md","messageBody":"","fileTypesAndContributionMap":{"docs":{"insertions":18,"deletions":9}}},{"hash":"aa48f54c4d67b2e47ad1a8706509fb4ae5879708","messageTitle":"Fix trailing whitespaces in readme","messageBody":"","fileTypesAndContributionMap":{"docs":{"insertions":2,"deletions":4}}},{"hash":"845ffcbd36930870469c6a7baf9f0f29ba84bc51","messageTitle":"Fix no newline readme","messageBody":"","fileTypesAndContributionMap":{"docs":{"insertions":1,"deletions":0}}},{"hash":"6573c1255b13921d5e673cea071bb7c4cf042b1f","messageTitle":"Fix no newline readme","messageBody":"","fileTypesAndContributionMap":{"docs":{"insertions":1,"deletions":2}}}]},{"date":"2022-09-29","commitResults":[{"hash":"10dde635da2d1e00208f79c029b9db5c7d9a2e21","messageTitle":"Update UserGuide for mods, consults and reminders","messageBody":"","fileTypesAndContributionMap":{"docs":{"insertions":54,"deletions":10}}}]},{"date":"2022-09-30","commitResults":[{"hash":"e4d8873e9722b9e46cdda5218a4abe355f40a910","messageTitle":"Edit content site-header in _base.scss","messageBody":"","fileTypesAndContributionMap":{"docs":{"insertions":0,"deletions":46}}},{"hash":"ddb53c9becd465ba62afb300efc44e306860d54a","messageTitle":"Update v1.1 userguide complete","messageBody":"","fileTypesAndContributionMap":{"docs":{"insertions":71,"deletions":39}}},{"hash":"908d845c4f7afd1cddc76a06d9495e54b48cf564","messageTitle":"Add command summary","messageBody":"","fileTypesAndContributionMap":{"docs":{"insertions":19,"deletions":11}}},{"hash":"2f8734d7b9723a48c2498bbf79ff5f3deadcf83b","messageTitle":"Add some missing flags for commands in UG","messageBody":"","fileTypesAndContributionMap":{"docs":{"insertions":5,"deletions":5}}},{"hash":"95a0d71becb287de6cb16fccadcbebf2eb7220de","messageTitle":"Add additional NFR","messageBody":"","fileTypesAndContributionMap":{"docs":{"insertions":6,"deletions":4}}},{"hash":"846553e2d3724f0fd59e86fdaef6c255cdf4c0b0","messageTitle":"Add user stories for modules","messageBody":"","fileTypesAndContributionMap":{"docs":{"insertions":6,"deletions":4}}},{"hash":"cebd0d62f19bc56c4ec3f4b579d3a9a661c79a72","messageTitle":"Update ailin about me","messageBody":"","fileTypesAndContributionMap":{"docs":{"insertions":1,"deletions":1}}}]},{"date":"2022-10-13","commitResults":[{"hash":"761a1548c8bc809033e18afa0903731cb7c54a07","messageTitle":"Add Reminder class skeleton","messageBody":"","fileTypesAndContributionMap":{"functional-code":{"insertions":97,"deletions":0}}},{"hash":"4dd4aa8775b8021675130a2508e6ed71663a6675","messageTitle":"Add ReminderName","messageBody":"","fileTypesAndContributionMap":{"functional-code":{"insertions":65,"deletions":2}}}]},{"date":"2022-10-14","commitResults":[{"hash":"4d3ac196e797851a50cd22be486f21594de3828f","messageTitle":"Add ReminderDeadline","messageBody":"","fileTypesAndContributionMap":{"functional-code":{"insertions":48,"deletions":0}}},{"hash":"d9b339a628be9d3683060357d7855586c1ed9a9f","messageTitle":"Add ReminderDescription","messageBody":"","fileTypesAndContributionMap":{"functional-code":{"insertions":16,"deletions":15}}},{"hash":"e1c411a6ab8e94d9f1f8db5ab109ed872fa592b5","messageTitle":"Fix trailing white spaces","messageBody":"","fileTypesAndContributionMap":{"functional-code":{"insertions":6,"deletions":7}}},{"hash":"bfc472c8ce26fad635e84372cf21c72ad5c2b3b3","messageTitle":"Add sample reminders","messageBody":"","fileTypesAndContributionMap":{"functional-code":{"insertions":107,"deletions":0}}},{"hash":"5f668a73f7ddddedb47760e4b25a73528e0b703c","messageTitle":"Add JsonAdaptedReminder","messageBody":"","fileTypesAndContributionMap":{"functional-code":{"insertions":70,"deletions":0}}},{"hash":"3456483db3a4b5234d8e9078d039c221538dc049","messageTitle":"Add reminders in model","messageBody":"","fileTypesAndContributionMap":{"functional-code":{"insertions":70,"deletions":0}}},{"hash":"332a2a0a75616ce906e7d35cb4c7f8707d70e97c","messageTitle":"Add UniqueReminderList","messageBody":"","fileTypesAndContributionMap":{"functional-code":{"insertions":117,"deletions":2},"other":{"insertions":1,"deletions":1}}},{"hash":"2816287c8e896897e8fbd7bc5106270efe19a64b","messageTitle":"Add reminder ops in AddressBook","messageBody":"","fileTypesAndContributionMap":{"functional-code":{"insertions":57,"deletions":17}}},{"hash":"5934b77c22f1b452b0135bc0fd549504bd5f1a41","messageTitle":"Edit Logic and LogicManager to include reminder","messageBody":"","fileTypesAndContributionMap":{"functional-code":{"insertions":40,"deletions":20}}},{"hash":"48ddf7d107f345aab64f247be83791cf47101196","messageTitle":"Add addremindercommandparser","messageBody":"","fileTypesAndContributionMap":{"functional-code":{"insertions":64,"deletions":5}}},{"hash":"402d523af30d8f694328f781035a9c11654e4607","messageTitle":"Fix checkstyle errors","messageBody":"","fileTypesAndContributionMap":{"functional-code":{"insertions":71,"deletions":67}}},{"hash":"94593c63e3ca685a57bf3dd922a7e215828bb3d4","messageTitle":"Add test cases for Reminder","messageBody":"","fileTypesAndContributionMap":{"functional-code":{"insertions":3,"deletions":3},"test-code":{"insertions":92,"deletions":0}}},{"hash":"1092c5bb4571dadff9b18975210ab5789c348762","messageTitle":"Add test cases for AddReminderCommand","messageBody":"","fileTypesAndContributionMap":{"functional-code":{"insertions":13,"deletions":3},"test-code":{"insertions":222,"deletions":1}}},{"hash":"c9126557479da3731cf63779b25779d105ffde77","messageTitle":"Correct terms that were labelled wrongly","messageBody":"","fileTypesAndContributionMap":{"functional-code":{"insertions":1,"deletions":1},"test-code":{"insertions":2,"deletions":2}}},{"hash":"f60e000e1df12070d154acff5340a696b9754d36","messageTitle":"Fix merge conflicts with team repo master branch","messageBody":"","fileTypesAndContributionMap":{"functional-code":{"insertions":4,"deletions":2},"docs":{"insertions":1,"deletions":1},"test-code":{"insertions":100,"deletions":1}}},{"hash":"336913e39eed754cad865969a313217cac8e7bea","messageTitle":"Add delete reminder command and parser","messageBody":"","fileTypesAndContributionMap":{"functional-code":{"insertions":131,"deletions":0}}},{"hash":"322890a04391d9cc5519d2f047ab95b571a43db9","messageTitle":"Fix checkstyle errors for delete reminder","messageBody":"","fileTypesAndContributionMap":{"functional-code":{"insertions":13,"deletions":14},"test-code":{"insertions":88,"deletions":0}}}]}],"lilythchu":[{"date":"2022-09-28","commitResults":[{"hash":"eee06b42c82ef4d1b0423789899462ebb1321b4d","messageTitle":"Add PPP for chuthithanh","messageBody":"","fileTypesAndContributionMap":{"docs":{"insertions":31,"deletions":0}}},{"hash":"848e4e8c1aaf24b1a5130c7344c2f7385b8aaac8","messageTitle":"Update AboutUs for thanh","messageBody":"","fileTypesAndContributionMap":{"docs":{"insertions":5,"deletions":5}}},{"hash":"d768ae27f67e14cd2e3a7b1b6854007df1cf1e2d","messageTitle":"Update the links of the Git Actions","messageBody":"","fileTypesAndContributionMap":{"docs":{"insertions":1,"deletions":1}}}]},{"date":"2022-09-29","commitResults":[{"hash":"3430eef7853c9b2285e059296abb5622752750f3","messageTitle":"Update DG product scope \u0026 user stories","messageBody":"","fileTypesAndContributionMap":{"docs":{"insertions":14,"deletions":16}}}]},{"date":"2022-09-30","commitResults":[{"hash":"7ffe148fc9c3ae12c524529d2f1814deba6c3205","messageTitle":"Update DG use cases \u0026 NFRs","messageBody":"","fileTypesAndContributionMap":{"docs":{"insertions":37,"deletions":11}}},{"hash":"e506b69e6f0c5a604dc81bf73f6b446ac74ea1e3","messageTitle":"Update main page document","messageBody":"","fileTypesAndContributionMap":{"docs":{"insertions":8,"deletions":6}}}]},{"date":"2022-10-05","commitResults":[{"hash":"19296238ca85efc55244b286bd28b2ccb41ddbda","messageTitle":"Add command skeletion for \"add tutorial\".","messageBody":"","fileTypesAndContributionMap":{"functional-code":{"insertions":460,"deletions":0}}},{"hash":"410a8ffba983c694d3eb28ae0301633f8f6a3890","messageTitle":"Test add tutorial command","messageBody":"","fileTypesAndContributionMap":{"test-code":{"insertions":291,"deletions":0}}},{"hash":"9a7d7ba3759f35d8df6eea9a31b34fc232895e3d","messageTitle":"Store add tutorial command","messageBody":"","fileTypesAndContributionMap":{"functional-code":{"insertions":92,"deletions":2},"other":{"insertions":2,"deletions":1}}},{"hash":"8882be90bd5c712f59ef83d5cd6960a1a55ea9b8","messageTitle":"Draft ui for tutorial","messageBody":"","fileTypesAndContributionMap":{"functional-code":{"insertions":175,"deletions":3}}},{"hash":"4cfb99b8be62f53d9dfc8cd3fdff40e2d2c199c1","messageTitle":"Fix checkstyle err","messageBody":"","fileTypesAndContributionMap":{"functional-code":{"insertions":11,"deletions":9}}},{"hash":"687cc2472604ce911292e02a4f195248a625ace1","messageTitle":"Update sample data","messageBody":"","fileTypesAndContributionMap":{"functional-code":{"insertions":13,"deletions":0}}}]},{"date":"2022-10-06","commitResults":[{"hash":"2759d59de764f1a6390b35bd07ba346b12c96bbd","messageTitle":"Add more prefixes for `add tutorial` command","messageBody":"","fileTypesAndContributionMap":{"functional-code":{"insertions":379,"deletions":62},"test-code":{"insertions":42,"deletions":6}}}]},{"date":"2022-10-07","commitResults":[{"hash":"02279ad5650d29b945fe387ecda03600898ab4dd","messageTitle":"More error handling","messageBody":"","fileTypesAndContributionMap":{"functional-code":{"insertions":68,"deletions":7},"test-code":{"insertions":17,"deletions":1}}},{"hash":"f21f2af5cddb93cb4395270d432d63fa9af5058c","messageTitle":"Fix error messages","messageBody":"","fileTypesAndContributionMap":{"functional-code":{"insertions":1,"deletions":1}}}]},{"date":"2022-10-08","commitResults":[{"hash":"ba7fab15d3b795e1b575c4dc92c23eeccd08878e","messageTitle":"Add `delete tutorial` command","messageBody":"","fileTypesAndContributionMap":{"functional-code":{"insertions":129,"deletions":1}}},{"hash":"f24ea452bd5e38e88351d6d465096018c36695a4","messageTitle":"Test `delete tutorial` command","messageBody":"","fileTypesAndContributionMap":{"test-code":{"insertions":167,"deletions":1}}}]},{"date":"2022-10-11","commitResults":[{"hash":"d767141aa5932a2a9269d18d40eef88c9b9b6327","messageTitle":"Update Ui skeleton","messageBody":"","fileTypesAndContributionMap":{"functional-code":{"insertions":71,"deletions":23}}}]},{"date":"2022-10-13","commitResults":[{"hash":"b621b132d253679a4902a0b64e51a44f65c39e42","messageTitle":"Update regex of module code and tutorial name","messageBody":"","fileTypesAndContributionMap":{"functional-code":{"insertions":4,"deletions":7}}},{"hash":"cc3e2fbdae05b015a458954224da9205789aa43d","messageTitle":"Add day of week for tutorial","messageBody":"","fileTypesAndContributionMap":{"functional-code":{"insertions":129,"deletions":14},"test-code":{"insertions":14,"deletions":1}}}]},{"date":"2022-10-14","commitResults":[{"hash":"e3df25abca470765cbbe21de627f4572d635ac9c","messageTitle":"Update Ui for reminder","messageBody":"","fileTypesAndContributionMap":{"functional-code":{"insertions":154,"deletions":0}}},{"hash":"9ee866f3c8fa0ad0d5f53d98114d6c2d447680ed","messageTitle":"Fix checkstyle","messageBody":"","fileTypesAndContributionMap":{"functional-code":{"insertions":2,"deletions":2}}}]}],"heyzec":[{"date":"2022-09-28","commitResults":[{"hash":"824c73e4a503dbc7a9ea5c185c9b694615090c79","messageTitle":"Fix minor formatting issues in PPP","messageBody":"","fileTypesAndContributionMap":{"docs":{"insertions":3,"deletions":3}}},{"hash":"2a175cc630d7a04d7d0a5711f6f1090de5e86084","messageTitle":"Add PPP for heyzec","messageBody":"","fileTypesAndContributionMap":{"docs":{"insertions":31,"deletions":0}}},{"hash":"db6793c3abb0f851e58e49b6bd26cedc7a45e978","messageTitle":"Update AboutUs for heyzec","messageBody":"","fileTypesAndContributionMap":{"docs":{"insertions":11,"deletions":1}}}]},{"date":"2022-10-05","commitResults":[{"hash":"682fd0973fe04b1c2d5222336f60121460ca116a","messageTitle":"Apply quickfix to recognise multi-word commands","messageBody":"","fileTypesAndContributionMap":{"functional-code":{"insertions":4,"deletions":3},"test-code":{"insertions":8,"deletions":7}}},{"hash":"33565b36ec7617b1c5d80b0242434160b1fef0d7","messageTitle":"Add new subclasses of ParseException","messageBody":"","fileTypesAndContributionMap":{"functional-code":{"insertions":60,"deletions":13}}},{"hash":"6c3280a996b5c586cffb28698159f337485ea19d","messageTitle":"Fix tests relating to parsing","messageBody":"","fileTypesAndContributionMap":{"test-code":{"insertions":33,"deletions":20}}}]}],"LimAiLin":[{"date":"2022-09-29","commitResults":[{"hash":"6d070e76a93d1d4bc72246741a74c048c3ca3f81","messageTitle":"Add skeletal PPP","messageBody":"","fileTypesAndContributionMap":{"docs":{"insertions":31,"deletions":0}}},{"hash":"fe6cba57be3ff99cab7c7fd0518ada40ac1fc5df","messageTitle":"Update AboutUs","messageBody":"","fileTypesAndContributionMap":{"docs":{"insertions":5,"deletions":16}}},{"hash":"45f2594e4946a149543f7b061165d5f89ec792ac","messageTitle":"Add EOF new line in AboutUs","messageBody":"","fileTypesAndContributionMap":{"docs":{"insertions":1,"deletions":1}}}]},{"date":"2022-09-30","commitResults":[{"hash":"bac01454da1c76b15a46af9e456249a4d8f18cbc","messageTitle":"Rename LimAiLin.md to limailin.md","messageBody":"","fileTypesAndContributionMap":{"docs":{"insertions":0,"deletions":0}}}]},{"date":"2022-10-12","commitResults":[{"hash":"afa64ead975f44565624deef307b65e7cc710bd5","messageTitle":"Add Teaching Assistant command","messageBody":"","fileTypesAndContributionMap":{"functional-code":{"insertions":682,"deletions":1},"test-code":{"insertions":47,"deletions":0}}},{"hash":"9f05abdbef8e61ece566562c80afadfff65db7d5","messageTitle":"Updated command","messageBody":"","fileTypesAndContributionMap":{"functional-code":{"insertions":3,"deletions":8}}},{"hash":"b8c2770d826c9532e2fedb5234448363eb44fbe5","messageTitle":"fixed white space","messageBody":"","fileTypesAndContributionMap":{"functional-code":{"insertions":1,"deletions":1},"docs":{"insertions":8,"deletions":8}}}]},{"date":"2022-10-13","commitResults":[{"hash":"d65a628b7fcdf2945dd9617b4d3e8897d8997c63","messageTitle":"checkstyle","messageBody":"","fileTypesAndContributionMap":{"functional-code":{"insertions":81,"deletions":25}}},{"hash":"8021be12fcb2f208a8104323e28e80ec35ad4cd6","messageTitle":"checkstyle and bug fixes","messageBody":"","fileTypesAndContributionMap":{"functional-code":{"insertions":18,"deletions":11}}},{"hash":"9042cb524a92cf8aefbede2fd7fb90a5243bf4ad","messageTitle":"checkstyle","messageBody":"","fileTypesAndContributionMap":{"functional-code":{"insertions":4,"deletions":3}}},{"hash":"98649b82e9c69106966f836b06613c3e5764ce1b","messageTitle":"update tests","messageBody":"","fileTypesAndContributionMap":{"test-code":{"insertions":32,"deletions":0}}},{"hash":"7d6e20bef019cdf80f088478bb6307f3143cc7a1","messageTitle":"updated address book","messageBody":"","fileTypesAndContributionMap":{"functional-code":{"insertions":82,"deletions":2}}},{"hash":"016751cac4ceaf398ba491822af12a1f864d28da","messageTitle":"changed person to student","messageBody":"","fileTypesAndContributionMap":{"functional-code":{"insertions":107,"deletions":140},"other":{"insertions":134,"deletions":153},"docs":{"insertions":67,"deletions":67},"test-code":{"insertions":193,"deletions":196}}}]},{"date":"2022-10-14","commitResults":[{"hash":"6493df2674017c43804efd5a3a80aaf36ad05299","messageTitle":"added student id","messageBody":"","fileTypesAndContributionMap":{"functional-code":{"insertions":129,"deletions":27},"test-code":{"insertions":13,"deletions":15}}},{"hash":"0cec725f052d06059e29ef982b0b2be1e3c0f340","messageTitle":"added telegram handle identity field into student","messageBody":"","fileTypesAndContributionMap":{"functional-code":{"insertions":115,"deletions":11}}},{"hash":"fce9158b8369b7607c21895b9b576e68196a3d4f","messageTitle":"added tutorial module and name into student data field","messageBody":"","fileTypesAndContributionMap":{"functional-code":{"insertions":106,"deletions":14}}},{"hash":"8a55f334de379412c05afdfbe435af5d03561da6","messageTitle":"added optional grade field","messageBody":"","fileTypesAndContributionMap":{"functional-code":{"insertions":136,"deletions":16},"other":{"insertions":26,"deletions":17},"test-code":{"insertions":4,"deletions":2}}},{"hash":"3f5c0b4cc13d2901cacdbb74a1fe4c6439d41e4b","messageTitle":"updated all student data fields","messageBody":"","fileTypesAndContributionMap":{"functional-code":{"insertions":192,"deletions":16}}},{"hash":"5d93df4121898a144a478afa8d8f15a75100c04e","messageTitle":"checkstyle","messageBody":"","fileTypesAndContributionMap":{"functional-code":{"insertions":162,"deletions":43}}}]},{"date":"2022-10-15","commitResults":[{"hash":"e11810f66019ef062bcc2db75846009a56181b52","messageTitle":"updated all test files and edit student command","messageBody":"","fileTypesAndContributionMap":{"functional-code":{"insertions":45,"deletions":14},"other":{"insertions":11,"deletions":9},"test-code":{"insertions":559,"deletions":165}}},{"hash":"922a88b333ec1671ac0fcda5c9db2f7a746c2fde","messageTitle":"Update ReadOnlyAddressBook.java","messageBody":"","fileTypesAndContributionMap":{"functional-code":{"insertions":1,"deletions":1}}},{"hash":"96c4c3f9d4f141216715a3edc50f69d18a660a39","messageTitle":"merged v1.2 with master","messageBody":"checkstyle\n","fileTypesAndContributionMap":{"functional-code":{"insertions":20,"deletions":21},"test-code":{"insertions":14,"deletions":12}}}]}]},"authorFileTypeContributionMap":{"april-anh":{"docs":39,"functional-code":1341,"test-code":608},"yeoyujie":{"docs":165,"functional-code":821,"test-code":491,"other":1},"lilythchu":{"docs":88,"functional-code":1556,"test-code":528},"heyzec":{"docs":38,"functional-code":63,"test-code":32},"LimAiLin":{"docs":101,"functional-code":1800,"test-code":840}},"authorContributionVariance":{"april-anh":148168.52,"yeoyujie":68867.89,"lilythchu":41641.91,"heyzec":721.6315,"LimAiLin":113983.805},"authorDisplayNameMap":{"april-anh":"CS2103T-W17-3 NGUY.. ANH","yeoyujie":"CS2103T-W17-3 YEO .. JIE","lilythchu":"CS2103T-W17-3 CHU ..HANH","heyzec":"CS2103T-W17-3 TIAN..HENG","LimAiLin":"CS2103T-W17-3 LIM .. LIN"}}
