{"authorDailyContributionsMap":{"anthonyhoth":[{"date":"2022-09-20","commitResults":[{"hash":"0f5a85ac2768bc53de476951ac5c30bb217b8812","messageTitle":"Updated UserGuide and AboutUs for Anthony","messageBody":"","fileTypesAndContributionMap":{"docs":{"insertions":34,"deletions":6}}}]},{"date":"2022-09-27","commitResults":[{"hash":"1bd67af1b2cd9ea9797fb7a2a28ac2dab973dff8","messageTitle":"Add AboutUs Image and PPP","messageBody":"","fileTypesAndContributionMap":{"docs":{"insertions":27,"deletions":1}}},{"hash":"29108f44947585313b7d324489175d300d2bcef7","messageTitle":"Edit PPP","messageBody":"","fileTypesAndContributionMap":{"docs":{"insertions":1,"deletions":1}}},{"hash":"5a8fc7b4df0be503ed88c783861db23410623a1e","messageTitle":"CI Fix","messageBody":"","fileTypesAndContributionMap":{"docs":{"insertions":1,"deletions":1}}},{"hash":"0cdb4c499c068dd02acaba25bf840bc43cf55fd8","messageTitle":"CI Fix 2","messageBody":"","fileTypesAndContributionMap":{"docs":{"insertions":1,"deletions":1}}},{"hash":"5e0cde1884151d9fb22cf57d1888697d63d983dd","messageTitle":"Update README.md and _config.yml","messageBody":"","fileTypesAndContributionMap":{"docs":{"insertions":5,"deletions":10}}},{"hash":"943616a548c389c2ad67863702af8ba0d77e7a91","messageTitle":"Update README.md and UG","messageBody":"","fileTypesAndContributionMap":{"docs":{"insertions":21,"deletions":32}}},{"hash":"aeddf4ca77f8e37ccff1be99c747031f2abeb7bd","messageTitle":"Update index.md","messageBody":"","fileTypesAndContributionMap":{"docs":{"insertions":7,"deletions":5}}}]},{"date":"2022-10-10","commitResults":[{"hash":"7ad6f9492fa2f7d99fbb2dda01be89649b491c50","messageTitle":"Fix CheckStyle Errors","messageBody":"","fileTypesAndContributionMap":{"docs":{"insertions":21,"deletions":20}}},{"hash":"e4731f63bdb10bc207e17d0a821f69c91722ee1a","messageTitle":"Implement Delete Record Command","messageBody":"","fileTypesAndContributionMap":{"functional-code":{"insertions":115,"deletions":6},"test-code":{"insertions":5,"deletions":0}}},{"hash":"b4634bc0cfcdf11d7266e4e77552705f9b8c31bd","messageTitle":"Fix Checkstyle error","messageBody":"","fileTypesAndContributionMap":{"functional-code":{"insertions":5,"deletions":5}}},{"hash":"8c8aeb69a93a593f95bb703f2ccf232a7ce772e3","messageTitle":"Fix Merge Conflict","messageBody":"","fileTypesAndContributionMap":{"functional-code":{"insertions":1,"deletions":5}}},{"hash":"7c9868674d3fc5d7f2eb499d98770b43334685e9","messageTitle":"Fix Checkstyle","messageBody":"","fileTypesAndContributionMap":{"functional-code":{"insertions":0,"deletions":1}}}]}],"marclzh":[{"date":"2022-09-20","commitResults":[{"hash":"00625c54405127ee451264d28542b17e5eaa2e21","messageTitle":"Add PPP for marcus","messageBody":"","fileTypesAndContributionMap":{"docs":{"insertions":39,"deletions":0}}},{"hash":"38ac9a1398d4f50d57f6547064324cd015e98aeb","messageTitle":"Update user guide and about us for marcus","messageBody":"","fileTypesAndContributionMap":{"docs":{"insertions":23,"deletions":6}}},{"hash":"62b2b4bc67dc1db762017294bee619afac7fc4e6","messageTitle":"Fix table borders for user guide","messageBody":"","fileTypesAndContributionMap":{"docs":{"insertions":10,"deletions":10}}},{"hash":"0ebdfb1a07583083c365a156c909d643422336a2","messageTitle":"Fix formatting issue in user guide","messageBody":"","fileTypesAndContributionMap":{"docs":{"insertions":4,"deletions":4}}}]},{"date":"2022-09-27","commitResults":[{"hash":"6992127baf7be72fa92bc045f0517e5496a45145","messageTitle":"Update AboutUs, DG and UG","messageBody":"","fileTypesAndContributionMap":{"docs":{"insertions":31,"deletions":15}}}]},{"date":"2022-10-04","commitResults":[{"hash":"72d9a55d0f056110b0b8c8941fd8a3a2702b5ce7","messageTitle":"Implement a skeleton for the RecordList feature","messageBody":"","fileTypesAndContributionMap":{"functional-code":{"insertions":145,"deletions":14},"test-code":{"insertions":5,"deletions":1}}},{"hash":"fd376ead196b986833f5efdaecf03af715e3079e","messageTitle":"Checkstyle fix","messageBody":"","fileTypesAndContributionMap":{"functional-code":{"insertions":0,"deletions":1}}},{"hash":"3f3154658db3dc49bae49f95a1c5fe7caf3169f5","messageTitle":"Privacy Changes to RecordList and Record data fields, fix JSON tests","messageBody":"","fileTypesAndContributionMap":{"functional-code":{"insertions":39,"deletions":8},"test-code":{"insertions":30,"deletions":11}}},{"hash":"b467bdd965cde103a1df4cf12c3aed3b5bc5a132","messageTitle":"JSON Test Fix","messageBody":"","fileTypesAndContributionMap":{"functional-code":{"insertions":5,"deletions":3},"test-code":{"insertions":2,"deletions":1}}},{"hash":"a94f3510f18a5573bedb08dfb007bb510d5fdc88","messageTitle":"Checkstyle fix","messageBody":"","fileTypesAndContributionMap":{"test-code":{"insertions":0,"deletions":1}}}]},{"date":"2022-10-10","commitResults":[{"hash":"1661cc82721f12d0f6f15dc651b1801c691a06b7","messageTitle":"Implement ClearRecordCommand","messageBody":"","fileTypesAndContributionMap":{"functional-code":{"insertions":57,"deletions":2}}},{"hash":"b0b3938ba39c2b4c1a78dc0690ee53105c9ad632","messageTitle":"AddCommandTest fix","messageBody":"","fileTypesAndContributionMap":{"test-code":{"insertions":5,"deletions":0}}}]},{"date":"2022-10-12","commitResults":[{"hash":"1fcf4524e04a84ad51c0b569a8b62bb64e47db10","messageTitle":"Add Test Cases for ClearRecordCommand","messageBody":"","fileTypesAndContributionMap":{"functional-code":{"insertions":0,"deletions":3},"test-code":{"insertions":75,"deletions":5}}},{"hash":"2df4750291728d855dcdce811e82e2fb826fbbd6","messageTitle":"Update UI of app","messageBody":"- Updated Logo\n- Updated Application Title\n","fileTypesAndContributionMap":{"functional-code":{"insertions":3,"deletions":3},"test-code":{"insertions":1,"deletions":1}}},{"hash":"d7642509a0c2b5d6e14145146a2bdfdd6ac365c9","messageTitle":"Checkstyle Fix","messageBody":"","fileTypesAndContributionMap":{"test-code":{"insertions":1,"deletions":1}}},{"hash":"332bffef1708c17817b61a5db0625ac3ff5a5abb","messageTitle":"Fix Merge Conflict","messageBody":"","fileTypesAndContributionMap":{"test-code":{"insertions":1,"deletions":1}}},{"hash":"7d9e767e0bf4650ab7682a73edfa35b7806990fd","messageTitle":"Removed broken test","messageBody":"","fileTypesAndContributionMap":{"test-code":{"insertions":2,"deletions":3}}}]}],"hanwenlai":[{"date":"2022-09-20","commitResults":[{"hash":"d5a10a19d3a80b5b968d554af5003771a39f0848","messageTitle":"Update UserGuide.md to include list and listR commands","messageBody":"","fileTypesAndContributionMap":{"docs":{"insertions":8,"deletions":2}}},{"hash":"76e91c158eb801ef3ceb5afae4b85fc3321469bf","messageTitle":"Update AboutUs.md for hanwenlai","messageBody":"","fileTypesAndContributionMap":{"docs":{"insertions":11,"deletions":0}}}]},{"date":"2022-09-27","commitResults":[{"hash":"9072aa46d596f83d69f08432d0665fbd77f59ee2","messageTitle":"Add PPP to the repository","messageBody":"","fileTypesAndContributionMap":{"docs":{"insertions":28,"deletions":0}}},{"hash":"f3821f70d8f649743a6875824d4bde4c305be15f","messageTitle":"Revert \"Add PPP to the repository\"","messageBody":"This reverts commit 9072aa46d596f83d69f08432d0665fbd77f59ee2.\n","fileTypesAndContributionMap":{"docs":{"insertions":0,"deletions":28}}},{"hash":"5ffb6b39bd5f9d9597ebb37ea8ce544390e3f4ac","messageTitle":"Add ppp to the repository","messageBody":"","fileTypesAndContributionMap":{"docs":{"insertions":28,"deletions":0}}}]},{"date":"2022-10-06","commitResults":[{"hash":"8db6e2786c58a352fdea680ad93aae80812a77f5","messageTitle":"Add ListRCommand that takes in an Index and print this parameter as the error message","messageBody":"Add ListRCommandParser that will know how to parse one argument, which\nis the index\n\nModify AddressBookParser to use the newly implemented ListRCommandParser\n","fileTypesAndContributionMap":{"functional-code":{"insertions":87,"deletions":0}}},{"hash":"f50fe22d2d1d4ff0f9f73975de2a23817a134174","messageTitle":"Add RecordList#getAllRecords() to get a String of the current RecordList","messageBody":"Modify ListRCommand#execute() to print the RecordList on CLI\n\nModify ListRCommand#execute() to return a CommandResult containing the\nRecordList\n","fileTypesAndContributionMap":{"functional-code":{"insertions":32,"deletions":7}}}]},{"date":"2022-10-07","commitResults":[{"hash":"c6aa39456c3c8b1636619fcbcfa65140f17bb320","messageTitle":"Rename RecordList#getAllRecords() to RecordList#stringifyRecordList()","messageBody":"","fileTypesAndContributionMap":{"functional-code":{"insertions":11,"deletions":8}}}]},{"date":"2022-10-09","commitResults":[{"hash":"ee4b888526ffaf6cf2d22b4d7105f144bf557d1b","messageTitle":"Add a new constructor that takes in a List of records to RecordList","messageBody":"","fileTypesAndContributionMap":{"functional-code":{"insertions":4,"deletions":1}}},{"hash":"b962b9d2dc4459af3511bcdceb570f4f80a0a1e3","messageTitle":"Add ListRCommand#isCalled() to check if \"listR\" is previously used","messageBody":"Add ListRCommand#getLastCalledPerson() to get previously called person.\n\nRemove system print of list of records.\n","fileTypesAndContributionMap":{"functional-code":{"insertions":18,"deletions":4}}}]},{"date":"2022-10-10","commitResults":[{"hash":"3ac58bcd1a31f4f3ddb33fd5ea55be0204f1475c","messageTitle":"Model: Update ListRCommand to set a specific person\u0027s record list","messageBody":"Modify ModelManager#setFilteredRecordList() to take in a Person whose\nrecord list is used to replace the empty filteredRecords.\n\nModify ListRCommand#execute() to use\nModelManager#setFilteredRecordList() and\nModelManager#updateFilteredRecordList().\n\nRename RecordList#getRecordList to\nRecordList#asUnmodifiableObservableList().\n","fileTypesAndContributionMap":{"functional-code":{"insertions":25,"deletions":53}}},{"hash":"4eca7a006dadc2e256420c0681a87947ee852483","messageTitle":"Rename ListRCommand class to ListRecordCommand","messageBody":"Rename ListRCommandParser class to ListRecordCommandParser\n","fileTypesAndContributionMap":{"functional-code":{"insertions":16,"deletions":19},"other":{"insertions":18,"deletions":20},"test-code":{"insertions":2,"deletions":1}}},{"hash":"38cc9d3142c7c5ba6b7503e71018a8ba3c5fbf56","messageTitle":"Add header comment for ListRecordCommand#getLastCalledPerson()","messageBody":"","fileTypesAndContributionMap":{"functional-code":{"insertions":5,"deletions":0}}},{"hash":"a3c7c623b28eac02e3c9aaf08c1164941447b881","messageTitle":"Update SampleDataUtil to use non-empty Record Lists","messageBody":"","fileTypesAndContributionMap":{"functional-code":{"insertions":16,"deletions":7}}},{"hash":"05a6bc1bc989116c53ed39b8b21e3cda10e57127","messageTitle":"Checkstyle fix","messageBody":"","fileTypesAndContributionMap":{"functional-code":{"insertions":13,"deletions":14}}},{"hash":"0ecd8c1ff12757eb8ed963519000ff4ba9838399","messageTitle":"Fix Checkstyle Errors","messageBody":"","fileTypesAndContributionMap":{"functional-code":{"insertions":2,"deletions":1}}},{"hash":"250bdd6ce21e75c31ae14790be061640e7408b2f","messageTitle":"Add setFilteredRecordList(Person) to AddCommandTest.ModelStub","messageBody":"","fileTypesAndContributionMap":{"test-code":{"insertions":5,"deletions":0}}}]},{"date":"2022-10-12","commitResults":[{"hash":"67a761d084afb79aac913c7ea2964ab0d0513107","messageTitle":"Update listR feature description in User Guide","messageBody":"Add pre-requisite that \"list\" command must be called before \"listR\".\r\n\r\nAdd more detailed requirements for \"listR\" command.","fileTypesAndContributionMap":{"docs":{"insertions":10,"deletions":2}}}]}],"LJXSean":[{"date":"2022-09-21","commitResults":[{"hash":"d3909dfb0bd32c9fdfcf0c09fc879e71faa4e847","messageTitle":"Update DeveloperGuide.md and documentations for Sean","messageBody":"","fileTypesAndContributionMap":{"docs":{"insertions":247,"deletions":37}}}]},{"date":"2022-09-27","commitResults":[{"hash":"f52e95663f8c9f74597d8ac3f56beb2bc099f7b4","messageTitle":"Update documentation for Sean","messageBody":"","fileTypesAndContributionMap":{"docs":{"insertions":0,"deletions":1}}},{"hash":"16c7e94a46af044d4edb0bb3fbe91ffe14ee5cb2","messageTitle":"Update product scope, use stories and NFRs in DG.","messageBody":"","fileTypesAndContributionMap":{"docs":{"insertions":19,"deletions":16}}}]},{"date":"2022-10-08","commitResults":[{"hash":"ccb919bcc10aebcfbd2bd58434524d3a4a38ba28","messageTitle":"Add a find record command with basic functionality.","messageBody":"recordList exists as a skeleton so a stub is made to\nsimulate a recordList that is stored in a filteredList\n","fileTypesAndContributionMap":{"functional-code":{"insertions":164,"deletions":10}}},{"hash":"246a365ebfe645ea0b2b95b4d141b4322bc493f2","messageTitle":"Add functionality for GUI to display either recordList or personList depending on the command","messageBody":"-may have bugs\n","fileTypesAndContributionMap":{"functional-code":{"insertions":222,"deletions":12}}},{"hash":"b4382aa7bd32c34277e628ad2d72db1751cb0244","messageTitle":"Add comments to explain code and add date to recordListCard","messageBody":"","fileTypesAndContributionMap":{"functional-code":{"insertions":27,"deletions":15}}},{"hash":"8a4ea5d958e268266988af96546b1c5a220cc99d","messageTitle":"Remove unused imports","messageBody":"","fileTypesAndContributionMap":{"functional-code":{"insertions":12,"deletions":22}}},{"hash":"1ee844ac57745db082a76875f32ac7e6d4115042","messageTitle":"Fix error where ModelStub does not override all methods of the Model interface","messageBody":"","fileTypesAndContributionMap":{"functional-code":{"insertions":2,"deletions":2},"test-code":{"insertions":11,"deletions":0}}}]},{"date":"2022-10-09","commitResults":[{"hash":"711ad307e074a81dfccdc2e75947383664f3e95b","messageTitle":"Add JsonAdaptedRecord to allow Records in a Person to be stored","messageBody":"Attempting to read jsonFile file without JsonAdaptedRecord throws an error\n","fileTypesAndContributionMap":{"functional-code":{"insertions":98,"deletions":26},"test-code":{"insertions":3,"deletions":2}}},{"hash":"891951886ba80bbe1425da033fb77b5de42a347b","messageTitle":"Update comment explaining code","messageBody":"","fileTypesAndContributionMap":{"functional-code":{"insertions":0,"deletions":6}}},{"hash":"60b610c1be140c848e9e3d5d651c3192799ddbb5","messageTitle":"Add MESSAGE_CONSTRAINTS field to Record","messageBody":"","fileTypesAndContributionMap":{"functional-code":{"insertions":3,"deletions":2}}},{"hash":"3762b11321f259c43dbf9f6d35fd62f9be755324","messageTitle":"Fix checkstyle violations","messageBody":"","fileTypesAndContributionMap":{"functional-code":{"insertions":3,"deletions":1}}}]},{"date":"2022-10-10","commitResults":[{"hash":"0510173e6d4dd905669ecdc4e6e92becb805ae8a","messageTitle":"Update recordlist displayed in GUI","messageBody":"Resolve issue where recordListpanel is not updated whenever the\nrecordlist to be displayed is edited\n","fileTypesAndContributionMap":{"functional-code":{"insertions":7,"deletions":0}}}]},{"date":"2022-10-12","commitResults":[{"hash":"a5c395aad655267e4afa8a1dcadce1d0441df5f2","messageTitle":"Add tests to cover methods and classes added in the implementation of findR command","messageBody":"","fileTypesAndContributionMap":{"functional-code":{"insertions":1,"deletions":1},"test-code":{"insertions":239,"deletions":4}}},{"hash":"437aea26c44e6ceaa8732d18a46195fb86b348d9","messageTitle":"Resolve test failure under EditCommandTest","messageBody":"","fileTypesAndContributionMap":{"test-code":{"insertions":1,"deletions":1}}}]}],"EiffelLKF":[{"date":"2022-09-20","commitResults":[{"hash":"a04f6a76e75e11e7b5eb8694c66bd828eaaea40f","messageTitle":"Update UserGuide.md","messageBody":"","fileTypesAndContributionMap":{"docs":{"insertions":18,"deletions":3}}},{"hash":"b0b895b0fa1a7f80871582d7265e209d84225db6","messageTitle":"Add Skeletal PPP","messageBody":"","fileTypesAndContributionMap":{"docs":{"insertions":46,"deletions":0}}},{"hash":"96066a819931ec2841a3cbdc3de7aec4d3f175c8","messageTitle":"Update eiffellkf.md","messageBody":"","fileTypesAndContributionMap":{"docs":{"insertions":15,"deletions":35}}},{"hash":"36851b3ee8933bd3954a5ccb127d524266b6f040","messageTitle":"Update AboutUs.md for Eiffel","messageBody":"","fileTypesAndContributionMap":{"docs":{"insertions":2,"deletions":2}}}]},{"date":"2022-09-27","commitResults":[{"hash":"915e2f26d4eee004fb2aee5186843aedd969243a","messageTitle":"Update DeveloperGuide.md and AboutUs.md","messageBody":"","fileTypesAndContributionMap":{"docs":{"insertions":26,"deletions":25}}}]},{"date":"2022-10-10","commitResults":[{"hash":"fc142e54eb34d5891f4b15a8fed790c03c195df6","messageTitle":"Add AddRecordCommand","messageBody":"","fileTypesAndContributionMap":{"functional-code":{"insertions":55,"deletions":0}}},{"hash":"c2b86753b75d648ae57de7b6da26b943404c0488","messageTitle":"Implement basic execution path requirements for add record command","messageBody":"","fileTypesAndContributionMap":{"functional-code":{"insertions":133,"deletions":18}}},{"hash":"45c33628c7db043c83cc2279e9a4e19fa6a532f6","messageTitle":"Fix Checkstyle and Edit AddRecordCommand Execute Method","messageBody":"","fileTypesAndContributionMap":{"functional-code":{"insertions":61,"deletions":28}}},{"hash":"0137e7edf6c43beeaddd0db7949b25ffee29d68f","messageTitle":"Update AddCommandTest Class","messageBody":"","fileTypesAndContributionMap":{"test-code":{"insertions":10,"deletions":0}}},{"hash":"1e66bc50d18216f2b228f54a832b60f3bee715da","messageTitle":"Removes trailing whitespace","messageBody":"","fileTypesAndContributionMap":{"functional-code":{"insertions":1,"deletions":1}}}]},{"date":"2022-10-11","commitResults":[{"hash":"3beb8e1eb1a63f03f79ba59f9357646ad430751f","messageTitle":"Add PlaceholderPerson Class","messageBody":"","fileTypesAndContributionMap":{"functional-code":{"insertions":169,"deletions":0}}},{"hash":"a70b6700b4f8e6af31a7a09fa7195de05e35cc99","messageTitle":"Update PlaceholderPerson Class","messageBody":"","fileTypesAndContributionMap":{"functional-code":{"insertions":65,"deletions":98}}},{"hash":"67f7f38e03ed50d5cb116dc4c9c55cc30769a8b3","messageTitle":"Add DisplayedPerson Class as a Wrapper Class for Person Displayed by ModelManager.","messageBody":"- Removes Placeholder Person\n","fileTypesAndContributionMap":{"functional-code":{"insertions":129,"deletions":145}}},{"hash":"b37869a4e1279a0b53bedadb09541f4ddd2c136b","messageTitle":"Implement Differentiated Record List Display","messageBody":"","fileTypesAndContributionMap":{"functional-code":{"insertions":33,"deletions":14},"test-code":{"insertions":11,"deletions":0}}},{"hash":"7e2aeb186b8148fb5b3e2aaed9dece031ac820d0","messageTitle":"Implement Command Prerequisite Validation","messageBody":"- Throw CommandException when Addressbook Commands are called when\nrecord list is displayed.\n- Throw CommandException when Record Commands are called when address\nbook is displayed\n","fileTypesAndContributionMap":{"functional-code":{"insertions":80,"deletions":30},"test-code":{"insertions":5,"deletions":0}}},{"hash":"e660482a1ff1d13259c297b69b5cf81ecc23ffd2","messageTitle":"Update Developer Guide Use Cases","messageBody":"","fileTypesAndContributionMap":{"functional-code":{"insertions":10,"deletions":0},"docs":{"insertions":32,"deletions":26}}},{"hash":"ee37aa365f441f90eed87891b805c3a25921c67f","messageTitle":"Fix Checkstyle","messageBody":"","fileTypesAndContributionMap":{"test-code":{"insertions":6,"deletions":1}}},{"hash":"539201b13d1073de53bf67bf60c904e5221f5976","messageTitle":"Removed Addressbook Parameter in DisplayedPerson Constructor","messageBody":"","fileTypesAndContributionMap":{"functional-code":{"insertions":3,"deletions":4}}}]}]},"authorFileTypeContributionMap":{"anthonyhoth":{"docs":79,"functional-code":96,"test-code":5},"marclzh":{"docs":95,"functional-code":216,"test-code":104},"hanwenlai":{"docs":49,"functional-code":122,"test-code":5},"LJXSean":{"docs":194,"functional-code":431,"test-code":243},"EiffelLKF":{"docs":101,"functional-code":447,"test-code":29}},"authorContributionVariance":{"anthonyhoth":1637.8052,"marclzh":3113.5588,"hanwenlai":2304.192,"LJXSean":13255.255,"EiffelLKF":29122.53},"authorDisplayNameMap":{"anthonyhoth":"CS2103T-T14-3 HO T..HONY","marclzh":"CS2103T-T14-3 LEE ..RCUS","hanwenlai":"CS2103T-T14-3 LAI .. WEN","LJXSean":"CS2103T-T14-3 SEAN..XUAN","EiffelLKF":"CS2103T-T14-3 EIFF..FENG"}}
