{"authorDailyContributionsMap":{"jorrdansoh":[{"date":"2022-09-25","commitResults":[{"hash":"ba55f2d46aa07fc89fa22d6f0744fcb9440b27db","messageTitle":"Add personal information in AboutUs","messageBody":"","fileTypesAndContributionMap":{"docs":{"insertions":4,"deletions":4}}},{"hash":"3b43c12b1e8a5678d790d5b5938e940ebf0efd6b","messageTitle":"Add skeletal PPP","messageBody":"","fileTypesAndContributionMap":{"docs":{"insertions":24,"deletions":0}}},{"hash":"dcd1d5554d53f38a75a6726f48578885bbd46489","messageTitle":"Add newline at end of file","messageBody":"","fileTypesAndContributionMap":{"docs":{"insertions":1,"deletions":1}}}]},{"date":"2022-09-27","commitResults":[{"hash":"4eb26c01b0693a15f75a2907973d25ff3681334e","messageTitle":"Move draft UG into UserGuide.md","messageBody":"","fileTypesAndContributionMap":{"docs":{"insertions":52,"deletions":151}}},{"hash":"345d20508d8cac3377c34829bef6a3800fe996d2","messageTitle":"Revert table of contents to AB3 format","messageBody":"","fileTypesAndContributionMap":{"docs":{"insertions":2,"deletions":8}}},{"hash":"ddf367230f48aec6aa9e9cf0b5225deb9e4bfe75","messageTitle":"add acknowledments and target user profile in DG","messageBody":"","fileTypesAndContributionMap":{"docs":{"insertions":4,"deletions":3}}}]},{"date":"2022-10-06","commitResults":[{"hash":"a790ba2ab229832ebece640716fb63054b50b628","messageTitle":"Update AddCommand and correct typo in UserGuide.md","messageBody":"","fileTypesAndContributionMap":{"functional-code":{"insertions":5,"deletions":4},"docs":{"insertions":2,"deletions":2}}},{"hash":"7deff2b3685dfb63eed8bdfd95d834fc0d4beeb4","messageTitle":"Update AddCommand and correct typo in UserGuide.md","messageBody":"","fileTypesAndContributionMap":{"functional-code":{"insertions":5,"deletions":4},"docs":{"insertions":2,"deletions":2}}},{"hash":"dfac6f53bb19ec434bdd3d746a409ad802c5a41c","messageTitle":"Update ability to add students given name and Telegram handle","messageBody":"AddCommand accepts names and Telegram handles only. Dummy dates for\nconsultation and Mastery Check are created, just like for remarks, as\nthey are mandatory fields. Tags are unused.\n\nRestrictions for valid Telegram handles have been updated based on\nactual Telegram rules.\n\nWrote additional tests for Consultation, MasteryCheck and TelegramHandle\nclasses.\n\nUpdated UserGuide.md for add and delete commands.\n","fileTypesAndContributionMap":{"functional-code":{"insertions":93,"deletions":84},"docs":{"insertions":28,"deletions":19},"test-code":{"insertions":99,"deletions":96}}},{"hash":"103137ac25a8059b233fa2aac1af53b8e0f10b8a","messageTitle":"Update TypicalPersons class to have valid Telegram handles","messageBody":"TypicalPersons class has been renamed to TypicalStudents.\n","fileTypesAndContributionMap":{"functional-code":{"insertions":6,"deletions":8},"other":{"insertions":5,"deletions":5},"test-code":{"insertions":51,"deletions":51}}},{"hash":"05d35766176ccca6d0cf497395c4647602f9cf24","messageTitle":"Update AddCommand to accept optional consultations and MCs","messageBody":"Telegram handles are also now optional.\n\nChanges made as EditCommand will not be implemented in v1.2.\n","fileTypesAndContributionMap":{"functional-code":{"insertions":40,"deletions":19},"test-code":{"insertions":3,"deletions":8}}}]},{"date":"2022-10-07","commitResults":[{"hash":"0ae108f406b3d8727589d4d11947d63d22a639a9","messageTitle":"Fix bug of optional fields in add command throwing exceptions","messageBody":"Update behaviour of toString() in Student so that dummy values won\u0027t be\ndisplayed.\n\nModified prefix for tag to \"tag\" to not conflict with Telegram handle.\n\nUpdated UserGuide.md\n","fileTypesAndContributionMap":{"functional-code":{"insertions":44,"deletions":35},"docs":{"insertions":3,"deletions":3},"test-code":{"insertions":1,"deletions":1}}}]},{"date":"2022-10-09","commitResults":[{"hash":"cee1b96221d3e4c9e61b3e7f7f2fd1b4984d9641","messageTitle":"Modify dummy values to prevent potential bugs","messageBody":"Previously, all dates 2001-01-01 counted as dummy values for mastery\ncheck and consultation, and all empty strings counted as dummy values\nfor Telegram handle. This was done to make the Telegram, consultation,\nand mastery check fields optional. Dummy values would not be displayed\non FRIDAY, so this was a potential bug.\n\nNow, dummy values (renamed to empty values) are singular instances of\nthe respective classes, and hence no user inputs will conflict with\nempty values. Tests have been added to ensure this behaviour.\n\nHowever, this caused some bugs with loading in json data from storage,\nas the empty instances would be saved with \"empty\" values, thus causing\nthem to fail the isValid check. A new method isValidOrEmpty was written\nand used in the JsonAdaptedPerson class, whereby empty values would be\ncorrectly replaced with empty instances in the Student object.\n","fileTypesAndContributionMap":{"functional-code":{"insertions":134,"deletions":40},"other":{"insertions":1,"deletions":1},"docs":{"insertions":27,"deletions":27},"test-code":{"insertions":33,"deletions":4}}},{"hash":"7b90f7dc478f43292a4b45be6cf8d2482a9c8d21","messageTitle":"Fix AY2223S1-CS2103T-W15-4/tp#91","messageBody":"","fileTypesAndContributionMap":{"functional-code":{"insertions":17,"deletions":4}}},{"hash":"8901de67dae19ae9a6301bd168b907211aecf155","messageTitle":"Modify parseConsultation and parseMasteryCheck to catch date exceptions","messageBody":"Previously, LocalDateTimeParseExceptions were caught in\nAddCommandParser, since the parse methods took in LocalDate objects as\nargument. It was an inelegant solution as handling the exceptions in\nthe parse methods made more sense.\n\nThe methods have been modified to construct the LocalDate objects within\nthem so that they can catch the exceptions more naturally.\n","fileTypesAndContributionMap":{"functional-code":{"insertions":17,"deletions":26},"test-code":{"insertions":4,"deletions":4}}},{"hash":"b0b722f32f6687ae1de12572e245e23e89b7008c","messageTitle":"Remove try-catch block for mastery check in AddCommandParser","messageBody":"Try-catch block no longer needed as exceptions are handled in\nparseMasteryCheck\n","fileTypesAndContributionMap":{"functional-code":{"insertions":1,"deletions":6}}},{"hash":"1398e4072802a1df79dd8930569fcb477b84e0d7","messageTitle":"Remove unused import","messageBody":"","fileTypesAndContributionMap":{"functional-code":{"insertions":0,"deletions":1}}}]},{"date":"2022-10-11","commitResults":[{"hash":"85149bf675d8fe48d369861f0929d663d37082c3","messageTitle":"Add ability to add tags in add command","messageBody":"UserGuide.md updated accordingly\n","fileTypesAndContributionMap":{"functional-code":{"insertions":1,"deletions":1},"docs":{"insertions":13,"deletions":11}}}]},{"date":"2022-10-16","commitResults":[{"hash":"af099a0af322a57069c7f44a40a29ca7129d40f5","messageTitle":"Enable assertions when running FRIDAY","messageBody":"","fileTypesAndContributionMap":{"other":{"insertions":4,"deletions":0}}}]},{"date":"2022-10-19","commitResults":[{"hash":"c5b049da7bf32ab5e9ce89ec4f4f1b6c94ad68cf","messageTitle":"Update DeveloperGuide.md and UserGuide.md for sort command","messageBody":"DeveloperGuide updated with user stories and use case for sort command.\n\nVersion number updated in MainApp class.\n","fileTypesAndContributionMap":{"functional-code":{"insertions":1,"deletions":1},"docs":{"insertions":73,"deletions":12}}},{"hash":"7448b6f36d59a36f7f6c7c81fd320a1e7f287d58","messageTitle":"Update PPP","messageBody":"","fileTypesAndContributionMap":{"docs":{"insertions":5,"deletions":2}}}]},{"date":"2022-10-20","commitResults":[{"hash":"ba34fb4ddb0cc39e4c857e22f6af56321e9b3573","messageTitle":"Refactor person to student in various classes and files","messageBody":"","fileTypesAndContributionMap":{"functional-code":{"insertions":115,"deletions":115},"other":{"insertions":55,"deletions":55},"docs":{"insertions":80,"deletions":80},"test-code":{"insertions":368,"deletions":367}}},{"hash":"7bef12cd9c7a05efe0a29064e6442d8379d7b454","messageTitle":"Add ability to sort by criteria, in ascending or descending order","messageBody":"New SortCommand and SortCommandParser classes have been created for this\nfeature. SortCommandParser takes one prefix as the criteria, and sorts\nthe SortCommand sorts the students in ascending or descending order. If\nmore than one prefix is provided, an exception will be thrown.\n\nThe Order class was created to follow the convention of having a Prefix\nclass.\n\nAdditionally, the method getFilteredStudentList has been refactored to\ngetStudentList as the ListView will display be a filtered list or a\nsorted list depending on the command. The ListView will also refresh\nevery time a command is run, as I could not find any other way to\ndisplay the sorted list while also switching to a filtered list when\nother commands are used.\n","fileTypesAndContributionMap":{"functional-code":{"insertions":306,"deletions":23},"docs":{"insertions":4,"deletions":0},"test-code":{"insertions":36,"deletions":30}}},{"hash":"258306ee699fc3aae9198fda3efaad2036871bda","messageTitle":"Update Developer Guide with implementation details of sort feature","messageBody":"","fileTypesAndContributionMap":{"functional-code":{"insertions":3,"deletions":3},"docs":{"insertions":47,"deletions":9}}}]},{"date":"2022-10-21","commitResults":[{"hash":"8bfff0afb024877d5ff6697634ace65bd7024f64","messageTitle":"Add tests and assertions for SortCommand and new compareTo methods","messageBody":"...for Name, TelegramHandle, Consultation and MasteryCheck\n\nAdditionally, JavaDoc comments have been corrected\n","fileTypesAndContributionMap":{"functional-code":{"insertions":14,"deletions":4},"other":{"insertions":5,"deletions":0},"test-code":{"insertions":229,"deletions":44}}}]},{"date":"2022-10-24","commitResults":[{"hash":"bb156f80453329c69462f289c193b98a1d8603d1","messageTitle":"Update User Guide and improve Order class","messageBody":"Static constants are introduced in the Order class to remove magic\nvariables.\n\nCommand format notes in UserGuide.md is updated with current features.\n\nAdditionally, Mid-Term is renamed to Midterm in accordance to\nMerriam-Webster.\n","fileTypesAndContributionMap":{"functional-code":{"insertions":14,"deletions":10},"docs":{"insertions":29,"deletions":23},"test-code":{"insertions":4,"deletions":4}}},{"hash":"538668f598a009accac18a5b247a113ab3710f34","messageTitle":"Update PPP","messageBody":"","fileTypesAndContributionMap":{"docs":{"insertions":1,"deletions":1}}},{"hash":"4d03565f66ce404d873684b893c90a3a39443715","messageTitle":"Split parse method in SortCommandParser and correct toString method","messageBody":"...in MasteryCheck and Student\n\nPreviously, the parse method was too long (\u003e30 LoC), so some logic\nwas extracted out into separate methods.\n\nAdditionally, the toString method did not indicate whether a date was\na Mastery Check or consultation, so it has been fixed.\n","fileTypesAndContributionMap":{"functional-code":{"insertions":32,"deletions":27}}}]},{"date":"2022-10-25","commitResults":[{"hash":"44a4e03aedfa1c068ff06789cc80b093b1a48ed3","messageTitle":"Update User Guide and add assertion to SortCommandParser","messageBody":"","fileTypesAndContributionMap":{"functional-code":{"insertions":5,"deletions":0},"docs":{"insertions":2,"deletions":2}}},{"hash":"69b991be10401488bad9ee914d3b0fd0103f2710","messageTitle":"Correct Mid-Term to Midterm in SortCommandParser","messageBody":"","fileTypesAndContributionMap":{"functional-code":{"insertions":4,"deletions":4},"docs":{"insertions":2,"deletions":2}}},{"hash":"3d92b94271cfe03489314086976ed395ce78f259","messageTitle":"Update User Guide and app version","messageBody":"","fileTypesAndContributionMap":{"functional-code":{"insertions":1,"deletions":1},"docs":{"insertions":1,"deletions":1}}},{"hash":"3a4645f098281edea5ea87a29359949984c7c767","messageTitle":"Add visuals for add and sort in UserGuide.md","messageBody":"","fileTypesAndContributionMap":{"functional-code":{"insertions":1,"deletions":1},"docs":{"insertions":31,"deletions":21}}},{"hash":"7359fd100f5b354c86123e6b969b44a0be8802a1","messageTitle":"Update PPP","messageBody":"","fileTypesAndContributionMap":{"docs":{"insertions":1,"deletions":1}}},{"hash":"05815b0bc3067b137b9ce7892b751ab06b43ac37","messageTitle":"Change sort ORDER syntax","messageBody":"Changed \u0027asc\u0027 to \u0027a\u0027 and \u0027desc\u0027 to \u0027d\u0027.\n","fileTypesAndContributionMap":{"functional-code":{"insertions":4,"deletions":4},"docs":{"insertions":2,"deletions":2}}}]},{"date":"2022-10-27","commitResults":[{"hash":"71601bde9efb678138329374ae5f3e3beeea7f84","messageTitle":"Fix AY2223S1-CS2103T-W15-4/tp#132","messageBody":"","fileTypesAndContributionMap":{"functional-code":{"insertions":15,"deletions":6}}},{"hash":"5b83a9ba89d1aa7cb44b75de285b80cad463c3a4","messageTitle":"Fix checkstyle","messageBody":"","fileTypesAndContributionMap":{"functional-code":{"insertions":4,"deletions":4},"docs":{"insertions":5,"deletions":3}}},{"hash":"0d966c7eeef4993fa99c1ea4d2c90cb351b96002","messageTitle":"Fix AY2223S1-CS2103T-W15-4/tp#132","messageBody":"","fileTypesAndContributionMap":{"functional-code":{"insertions":16,"deletions":13}}},{"hash":"d99398b5316450455a94851d04c2c00efc7a9fc2","messageTitle":"Tidy up DG for peer review","messageBody":"","fileTypesAndContributionMap":{"docs":{"insertions":58,"deletions":50}}}]},{"date":"2022-10-29","commitResults":[{"hash":"175ec6d08dc4ce90bd58d75c38ba07dbb79ff8d7","messageTitle":"Fix bugs","messageBody":"Fixed AY2223S1-CS2103T-W15-4/tp#137 by making sort case-insensitive for\nnames and Telegram handles\n\nFixed AY2223S1-CS2103T-W15-4/tp#148 by modifying isSameStudent method in\nStudent class to return true if the two students have the same Telegram\nhandle\n\nFixed AY2223S1-CS2103T-W15-4/tp#151\n\nFixed AY2223S1-CS2103T-W15-4/tp#170 by making the equals method in Name\nclass case-insensitive\n","fileTypesAndContributionMap":{"functional-code":{"insertions":8,"deletions":5},"docs":{"insertions":1,"deletions":1}}},{"hash":"0f43e043991c6327eb860852b8ac47c15ea1b724","messageTitle":"Fix checkstyle and test cases","messageBody":"","fileTypesAndContributionMap":{"functional-code":{"insertions":0,"deletions":2},"docs":{"insertions":1,"deletions":1},"test-code":{"insertions":7,"deletions":11}}}]},{"date":"2022-10-30","commitResults":[{"hash":"1a6a598904e5f605b3af7b5c09bb339c5bc1511b","messageTitle":"Reduce code duplication and improve code quality","messageBody":"","fileTypesAndContributionMap":{"functional-code":{"insertions":51,"deletions":160},"test-code":{"insertions":2,"deletions":8}}}]},{"date":"2022-10-31","commitResults":[{"hash":"284e8dbedfacfa52c8300d21b7cbefc9bbf74f96","messageTitle":"Refactor Grade attributes to private","messageBody":"...and change parseInt to parseDouble in SortCommandParser\n","fileTypesAndContributionMap":{"functional-code":{"insertions":32,"deletions":14},"test-code":{"insertions":6,"deletions":6}}},{"hash":"1cfa85dbbde1a2eb7ab9ae323e9d305e98792317","messageTitle":"Fix bug of counting students with empty Telegram handle as duplicate","messageBody":"","fileTypesAndContributionMap":{"functional-code":{"insertions":14,"deletions":3}}},{"hash":"68c77acebba5d413dcdf2d4ae59ac49f77a6afaa","messageTitle":"Improve error message","messageBody":"","fileTypesAndContributionMap":{"functional-code":{"insertions":2,"deletions":1}}}]},{"date":"2022-11-01","commitResults":[{"hash":"7b5e3b6741feee35af4c1deb6da54e81106d1237","messageTitle":"Update Friday logo","messageBody":"","fileTypesAndContributionMap":{"docs":{"insertions":0,"deletions":1}}},{"hash":"59b9496c6e1ac8f113ed0f210338721da3212d5b","messageTitle":"Update DG with UML diagrams for sort feature","messageBody":"Add manual tests for add and sort command to DG\n\nUpdate UG with better explanations for add and sort command\n\nRefactor AddressBook to Friday in puml and test files\n\nRefactor various code links to point to AY2223S1-CS2103T-W15-4/tp\n","fileTypesAndContributionMap":{"docs":{"insertions":136,"deletions":0}}},{"hash":"74a69d65b960e5eab2393933f6394beb90b3e2c8","messageTitle":"Update DG with UML diagrams for sort feature","messageBody":"Add manual tests for add and sort command to DG\n\nUpdate UG with better explanations for add and sort command\n\nRefactor AddressBook to Friday in puml and test files\n\nRefactor various code links to point to AY2223S1-CS2103T-W15-4/tp\n","fileTypesAndContributionMap":{"functional-code":{"insertions":1,"deletions":1},"docs":{"insertions":198,"deletions":162},"test-code":{"insertions":12,"deletions":12}}},{"hash":"42381aae273f8642ad75d86b52c94a43cb59a2ea","messageTitle":"Remove trailing whitespaces","messageBody":"","fileTypesAndContributionMap":{"docs":{"insertions":24,"deletions":24}}},{"hash":"c3c5a01dc38b9921ffcb3c2776854e20ab36c1a8","messageTitle":"Remove trailing whitespace and add newline at EOF","messageBody":"","fileTypesAndContributionMap":{"docs":{"insertions":2,"deletions":2}}}]}],"Yuvaraj0702":[{"date":"2022-09-25","commitResults":[{"hash":"4a90240078092177081c78177f375167240784f5","messageTitle":"Edit About us","messageBody":"","fileTypesAndContributionMap":{"docs":{"insertions":6,"deletions":6}}},{"hash":"fc9050decb6a80d3e351dfa8be5ce33e3e3bf6b5","messageTitle":"Edit file name","messageBody":"","fileTypesAndContributionMap":{"docs":{"insertions":1,"deletions":1}}},{"hash":"ef2202e31f3847fe79eff10869c8b12874aeb119","messageTitle":"Change file name","messageBody":"","fileTypesAndContributionMap":{"docs":{"insertions":1,"deletions":1}}},{"hash":"ddace58082f6c3290f873ccbfa1e0ed080a3008b","messageTitle":"Edit file name","messageBody":"","fileTypesAndContributionMap":{"docs":{"insertions":1,"deletions":1}}},{"hash":"15a66e2be5cb69176cf1f96ce7e4908a0fa95fed","messageTitle":"Change names","messageBody":"","fileTypesAndContributionMap":{"docs":{"insertions":1,"deletions":1}}}]},{"date":"2022-09-27","commitResults":[{"hash":"dfe86975ff7618aafd6d5c6be7a721465915d063","messageTitle":"add ppp","messageBody":"","fileTypesAndContributionMap":{"docs":{"insertions":25,"deletions":1}}},{"hash":"c794d4dfa79e1a500eea8adc83d43c4cec655f14","messageTitle":"add value proposition","messageBody":"","fileTypesAndContributionMap":{"docs":{"insertions":31,"deletions":2}}},{"hash":"06dd6cfc26bc90d7ac01768f6a45a2948dc66494","messageTitle":"Fix bugs","messageBody":"","fileTypesAndContributionMap":{"docs":{"insertions":1,"deletions":1}}},{"hash":"29b16ced0329915034bd2f7dc3733f57a6ed1f40","messageTitle":"Fix bugs","messageBody":"","fileTypesAndContributionMap":{"docs":{"insertions":1,"deletions":1}}}]},{"date":"2022-09-28","commitResults":[{"hash":"5eac1ab55d5f98acbeed9112e020a0b5864d2a10","messageTitle":"Add view function","messageBody":"","fileTypesAndContributionMap":{"docs":{"insertions":10,"deletions":0}}}]},{"date":"2022-10-06","commitResults":[{"hash":"47ac5e82804bd21a0d768becdba095e6a514b018","messageTitle":"Change findcommand to find students","messageBody":"","fileTypesAndContributionMap":{"functional-code":{"insertions":2,"deletions":2}}}]},{"date":"2022-10-07","commitResults":[{"hash":"154452a0e3ca905e5f6af778cb693f9ada7b4369","messageTitle":"Change to match naming convention","messageBody":"","fileTypesAndContributionMap":{"docs":{"insertions":1,"deletions":1}}}]},{"date":"2022-10-09","commitResults":[{"hash":"a505f82f5a2f338ce3dd3d6182cc668adbca3078","messageTitle":"Change docs","messageBody":"","fileTypesAndContributionMap":{"test-code":{"insertions":1,"deletions":1}}},{"hash":"2fafe5f77bcf4d0545a22a31be8ba8209900f6db","messageTitle":"Change constants to match product name","messageBody":"","fileTypesAndContributionMap":{"functional-code":{"insertions":8,"deletions":8},"test-code":{"insertions":2,"deletions":2}}}]},{"date":"2022-10-10","commitResults":[{"hash":"eade2bd9a22a271b6b87aff2f92944809f8af7e7","messageTitle":"Add find individual student details functionality","messageBody":"","fileTypesAndContributionMap":{"functional-code":{"insertions":1,"deletions":1},"docs":{"insertions":7,"deletions":7}}},{"hash":"fc3d7607771788156f1dff374ff4efab530ffa43","messageTitle":"Remove unused imports","messageBody":"","fileTypesAndContributionMap":{"functional-code":{"insertions":0,"deletions":1}}},{"hash":"a03fec17fbb5c072f8b24d44aec97f5b17cc4949","messageTitle":"Fix checkstyle issues","messageBody":"","fileTypesAndContributionMap":{"test-code":{"insertions":31,"deletions":30}}},{"hash":"6993d635e7e2be9b84c04fa3c40b6527ee71df41","messageTitle":"Change search criteria and check error messages","messageBody":"","fileTypesAndContributionMap":{"functional-code":{"insertions":3,"deletions":1},"test-code":{"insertions":30,"deletions":31}}}]},{"date":"2022-10-20","commitResults":[{"hash":"74060e04f2a9a1b879c79fbeb1eb5a07f1edc94a","messageTitle":"Update dg","messageBody":"","fileTypesAndContributionMap":{"docs":{"insertions":19,"deletions":0}}},{"hash":"6c69224c423f65f0d94f72776f1506b1569b0440","messageTitle":"Update file names","messageBody":"","fileTypesAndContributionMap":{"functional-code":{"insertions":8,"deletions":8},"other":{"insertions":13,"deletions":13},"test-code":{"insertions":67,"deletions":67}}},{"hash":"a066912a9fdabe7d809c15841e79b6e40c6e9ea0","messageTitle":"Add assertions","messageBody":"","fileTypesAndContributionMap":{"functional-code":{"insertions":3,"deletions":0}}}]},{"date":"2022-10-23","commitResults":[{"hash":"a1aaeb2ada38645fde00648486051fbd8965475c","messageTitle":"Add find by other parameters","messageBody":"","fileTypesAndContributionMap":{"functional-code":{"insertions":12,"deletions":1}}},{"hash":"fbf8ab4eac8ad4be1aae42e75e0ead9079e72062","messageTitle":"Fix tests","messageBody":"","fileTypesAndContributionMap":{"test-code":{"insertions":3,"deletions":3}}},{"hash":"03b5eea364eb1b7cf9754872867d4d0aaae8ea21","messageTitle":"Update UG and DG","messageBody":"","fileTypesAndContributionMap":{"functional-code":{"insertions":1,"deletions":1},"docs":{"insertions":18,"deletions":8}}},{"hash":"8ce9bf6f3eecaa7f721b00ff739f77aa6517211d","messageTitle":"Add find by remark to find command","messageBody":"","fileTypesAndContributionMap":{"functional-code":{"insertions":2,"deletions":1},"test-code":{"insertions":36,"deletions":36}}},{"hash":"414e042886e2246a8183135b73df44ee09fb2cfb","messageTitle":"Change import order","messageBody":"","fileTypesAndContributionMap":{"test-code":{"insertions":1,"deletions":1}}}]},{"date":"2022-10-24","commitResults":[{"hash":"0063edc75fd9115e6f2a8013ee78d1ff06e76316","messageTitle":"Change name","messageBody":"","fileTypesAndContributionMap":{"functional-code":{"insertions":18,"deletions":18},"test-code":{"insertions":6,"deletions":6}}},{"hash":"053e158f514f0dd7ecf3b44ad976c16cce9049f6","messageTitle":"Add find by grade","messageBody":"","fileTypesAndContributionMap":{"functional-code":{"insertions":11,"deletions":2},"docs":{"insertions":3,"deletions":1}}}]},{"date":"2022-10-25","commitResults":[{"hash":"b975eba6e7e70afb48b5cacd8a6d478178658277","messageTitle":"Migrate find command feature to sort","messageBody":"","fileTypesAndContributionMap":{"functional-code":{"insertions":155,"deletions":15}}},{"hash":"827b813c95f2a3a544152a7fa2d5040e8772bb85","messageTitle":"Update tests associated with find command","messageBody":"","fileTypesAndContributionMap":{"docs":{"insertions":11,"deletions":11},"test-code":{"insertions":71,"deletions":71}}},{"hash":"f1bf6e2bf957470807e08c25dcda6499f792c521","messageTitle":"Refactor due to test changes","messageBody":"","fileTypesAndContributionMap":{"functional-code":{"insertions":21,"deletions":21},"docs":{"insertions":3,"deletions":3},"test-code":{"insertions":3,"deletions":4}}},{"hash":"74ca213f3b7ec5bb592e58adee0a47ca0770339d","messageTitle":"Change comments","messageBody":"","fileTypesAndContributionMap":{"docs":{"insertions":2,"deletions":2}}},{"hash":"9f668c7176a7b18b418a1e873206dbaa34a05455","messageTitle":"Update find command in UG","messageBody":"","fileTypesAndContributionMap":{"functional-code":{"insertions":14,"deletions":13},"docs":{"insertions":8,"deletions":2}}},{"hash":"47e23dd2f1ee0425f52b58dcb4f03d4fca76c74b","messageTitle":"Change developer guide","messageBody":"","fileTypesAndContributionMap":{"docs":{"insertions":2,"deletions":7}}},{"hash":"1aea4445cd476c605dfe79abbe85df8b1df021f7","messageTitle":"Fix checkstyle issues","messageBody":"","fileTypesAndContributionMap":{"functional-code":{"insertions":11,"deletions":2}}}]},{"date":"2022-10-29","commitResults":[{"hash":"19af46b7a7c7f43be1a4fce22606ab9e305c3747","messageTitle":"Fix edge case sorting bug","messageBody":"","fileTypesAndContributionMap":{"functional-code":{"insertions":16,"deletions":16}}},{"hash":"8ad41e60b1a331d48222414e7713a6a31f8ec0ad","messageTitle":"Fix RA1 sorting bug","messageBody":"","fileTypesAndContributionMap":{"functional-code":{"insertions":4,"deletions":4}}},{"hash":"7a4c7f6700021d53f1dacc22b2469cd54b6f947c","messageTitle":"Update user guide","messageBody":"","fileTypesAndContributionMap":{"docs":{"insertions":2,"deletions":2}}}]},{"date":"2022-10-31","commitResults":[{"hash":"ed1e9678b5670e96a0ea8db5521256dab504a257","messageTitle":"Update UG","messageBody":"","fileTypesAndContributionMap":{"docs":{"insertions":1,"deletions":1}}}]},{"date":"2022-11-02","commitResults":[{"hash":"6aff020e87b58b868e184f6b7d1a37cf7a27f82e","messageTitle":"Update UG and fix bugs","messageBody":"","fileTypesAndContributionMap":{"docs":{"insertions":11,"deletions":0},"test-code":{"insertions":31,"deletions":22}}},{"hash":"1c5f292f86c34beb33488adecd59b13a9e9d0f5e","messageTitle":"Update DG","messageBody":"","fileTypesAndContributionMap":{"docs":{"insertions":83,"deletions":83}}}]},{"date":"2022-11-03","commitResults":[{"hash":"d5b45d1e5041fe4f8adca1fa95f3cf44469f1075","messageTitle":"Refactor docs","messageBody":"","fileTypesAndContributionMap":{"docs":{"insertions":8,"deletions":8},"test-code":{"insertions":45,"deletions":43}}}]}],"darrtzj":[{"date":"2022-09-25","commitResults":[{"hash":"db95b024b6f1310399fc40ec0dec811318890934","messageTitle":"Update AboutUs.md","messageBody":"","fileTypesAndContributionMap":{"docs":{"insertions":3,"deletions":3}}}]},{"date":"2022-09-27","commitResults":[{"hash":"dfdbc7ac51ea5f1a821448bd6be528c321f69c3d","messageTitle":"Update User Stories in DeveloperGuide.md","messageBody":"","fileTypesAndContributionMap":{"docs":{"insertions":30,"deletions":8}}},{"hash":"cbf511c0141d74957d77b46dfe49dde2d1cc8fa7","messageTitle":"Update ReadMe.md page","messageBody":"","fileTypesAndContributionMap":{"docs":{"insertions":6,"deletions":10}}},{"hash":"9f2294f4afeb026404e59ab2fae43008748a5fcd","messageTitle":"Add Project Portfolio Page","messageBody":"","fileTypesAndContributionMap":{"docs":{"insertions":24,"deletions":0}}},{"hash":"dc742bc54370f3881eb863e90ed6abf6ba6f568d","messageTitle":"Update portfolio link in AboutUs.md","messageBody":"","fileTypesAndContributionMap":{"docs":{"insertions":1,"deletions":1}}},{"hash":"15e53719ca0b9fc4c14803bc9b092a6c9d44368b","messageTitle":"Update UserGuide.md with viewing all students function","messageBody":"","fileTypesAndContributionMap":{"docs":{"insertions":7,"deletions":1}}},{"hash":"b7973c502bc770b2306a79036022b0ed7d15397c","messageTitle":"Update CI status links","messageBody":"","fileTypesAndContributionMap":{"docs":{"insertions":1,"deletions":1}}}]},{"date":"2022-09-28","commitResults":[{"hash":"5cd7551785ec78eeb2f415afd469066bb11eff26","messageTitle":"Update FRIDAY website page","messageBody":"","fileTypesAndContributionMap":{"docs":{"insertions":7,"deletions":6}}},{"hash":"b9cc6296d16786215bbd0c37da47d7055d86e067","messageTitle":"Update FRIDAY website link in README.md","messageBody":"","fileTypesAndContributionMap":{"docs":{"insertions":4,"deletions":1}}},{"hash":"b8b3fbb8b0347550c75a970cb69f86dee5c505a2","messageTitle":"Update Codecov badge in index.md","messageBody":"","fileTypesAndContributionMap":{"docs":{"insertions":1,"deletions":1}}}]},{"date":"2022-10-05","commitResults":[{"hash":"b5253b7cb0ec144fd479bfb661969dc73ac1136a","messageTitle":"Update HelpWindow with FRIDAY User Guide URL","messageBody":"Add list of commands in help message\n","fileTypesAndContributionMap":{"functional-code":{"insertions":9,"deletions":2}}},{"hash":"b52829721b4f7a51d465479f51e68fd25c7941da","messageTitle":"Fix checkstyle issues in HelpWindow","messageBody":"Add short description of commands in HELP_CONTENT\n","fileTypesAndContributionMap":{"functional-code":{"insertions":7,"deletions":7}}}]},{"date":"2022-10-06","commitResults":[{"hash":"383679b0abc8441cf45fa289ca8ec66af321331e","messageTitle":"Update ListCommand to fit FRIDAY","messageBody":"","fileTypesAndContributionMap":{"functional-code":{"insertions":2,"deletions":2}}},{"hash":"161d45b56028793f9336da28bc9f952830ed9fd0","messageTitle":"Rename AddressBook to Friday and ReadOnlyAddressBook to Friday","messageBody":"","fileTypesAndContributionMap":{"other":{"insertions":0,"deletions":0}}},{"hash":"923d08972379399c513f65e396b224126105f7d7","messageTitle":"Rename comments and methods in Friday and ReadOnlyFriday to fit the context of FRIDAY","messageBody":"","fileTypesAndContributionMap":{"functional-code":{"insertions":18,"deletions":18}}},{"hash":"d395f14747f24770eaacb825396a32f40bab5361","messageTitle":"Rename methods,variable names and comments to fit FRIDAY","messageBody":"","fileTypesAndContributionMap":{"functional-code":{"insertions":37,"deletions":40}}},{"hash":"65280723d6eb4687380f8d7e9f01b2c7e4681cad","messageTitle":"Update methods and variable names from those in Model, ModelManager , Friday and ReadOnlyFriday","messageBody":"","fileTypesAndContributionMap":{"functional-code":{"insertions":50,"deletions":50},"test-code":{"insertions":64,"deletions":64}}}]},{"date":"2022-10-10","commitResults":[{"hash":"de28a6e628360999f1d6b0f76248f4c2ae065a63","messageTitle":"Update PPP","messageBody":"","fileTypesAndContributionMap":{"docs":{"insertions":26,"deletions":11}}},{"hash":"ab4b304a96adbdc74dc8b9ba215bc2cb0a84e314","messageTitle":"Update methods, variables, class name and comments in Storage to fit Friday","messageBody":"","fileTypesAndContributionMap":{"functional-code":{"insertions":32,"deletions":32},"other":{"insertions":37,"deletions":37},"test-code":{"insertions":20,"deletions":20}}},{"hash":"6c9609067b4b169b0430ae4b46257b5a7130b4a5","messageTitle":"Update JsonUserPrefsStorageTest","messageBody":"","fileTypesAndContributionMap":{"docs":{"insertions":2,"deletions":1},"test-code":{"insertions":1,"deletions":1}}}]},{"date":"2022-10-11","commitResults":[{"hash":"00fa6114f8f5bfd91fa2363f52c6ac7a6fa137fa","messageTitle":"Update HELP_CONTENT in Help_Window","messageBody":"","fileTypesAndContributionMap":{"functional-code":{"insertions":1,"deletions":1}}}]},{"date":"2022-10-12","commitResults":[{"hash":"b5a2e2c868bf0aed0dc2d22b3d20e8466af087de","messageTitle":"Update UserGuide.md with help command","messageBody":"","fileTypesAndContributionMap":{"docs":{"insertions":8,"deletions":1}}}]},{"date":"2022-10-19","commitResults":[{"hash":"f87ca52e0211cdcaa31ad6519215f5c61dfb8b92","messageTitle":"Update DeveloperGuide.md with the Alias feature","messageBody":"","fileTypesAndContributionMap":{"docs":{"insertions":33,"deletions":0}}}]},{"date":"2022-10-22","commitResults":[{"hash":"7a849abd0ac1922682ced9fc46fb889f6b487e6a","messageTitle":"Add Alias and ReservedKeyword class to represent an alias and reserved keyword respectively","messageBody":"","fileTypesAndContributionMap":{"functional-code":{"insertions":110,"deletions":0}}},{"hash":"5cd30e6af4a5a8cbd2afc5913ca3fb05499b22ad","messageTitle":"Add parseAlias and parseReservedKeyword to parse String into an Alias or ReservedKeyword respectively","messageBody":"","fileTypesAndContributionMap":{"functional-code":{"insertions":30,"deletions":2}}},{"hash":"b47ed13e56cddfdcc1c812c7a8be841ac483c421","messageTitle":"Update javadocs in Remark","messageBody":"","fileTypesAndContributionMap":{"functional-code":{"insertions":1,"deletions":1}}},{"hash":"c25fbf56779ca3fe19d0fa3ed72f7500881a871f","messageTitle":"Add AliasCommand and AliasCommandParser to add alias into friday","messageBody":"","fileTypesAndContributionMap":{"functional-code":{"insertions":138,"deletions":0}}}]},{"date":"2022-10-23","commitResults":[{"hash":"9e50fb06e9e3fe7cf2e8f5ee5043bf339a9ee26f","messageTitle":"Add AliasMap to store aliases","messageBody":"","fileTypesAndContributionMap":{"functional-code":{"insertions":96,"deletions":0}}},{"hash":"6fa885906d4e5c9eca508afe3a6729660633f9fb","messageTitle":"Update javadoc comment in Remark","messageBody":"","fileTypesAndContributionMap":{"functional-code":{"insertions":1,"deletions":1}}},{"hash":"022c9cce87a4225796f8e9f8bac9b919996efbf6","messageTitle":"Add helper methods to access AliasMap in Model and Friday","messageBody":"","fileTypesAndContributionMap":{"functional-code":{"insertions":110,"deletions":1}}},{"hash":"7624ea4b4bb5ed54c948a1da91c3475acc3a229c","messageTitle":"Add feature to add aliases","messageBody":"","fileTypesAndContributionMap":{"functional-code":{"insertions":29,"deletions":49}}},{"hash":"328132e9f45b140544a1989851dcf4711161a595","messageTitle":"Add feature to delete aliases","messageBody":"","fileTypesAndContributionMap":{"functional-code":{"insertions":91,"deletions":0}}},{"hash":"034b6c955282d2e316497f22b92b533141f7fed5","messageTitle":"Add isValidAlias to Alias","messageBody":"Add isValidReservedKeyword to ReservedKeyword\n","fileTypesAndContributionMap":{"functional-code":{"insertions":20,"deletions":15}}},{"hash":"2f8c7ba4899661e2e88a37d64bbdb4a20e4446a6","messageTitle":"Integrate add alias and delete alias to FridayParser","messageBody":"","fileTypesAndContributionMap":{"functional-code":{"insertions":14,"deletions":3}}},{"hash":"3d176f73d9fe697e52e7a41a1e37951413af6b7c","messageTitle":"Update test affected by additional method in Model","messageBody":"","fileTypesAndContributionMap":{"test-code":{"insertions":73,"deletions":13}}},{"hash":"2a8dc930a6cf39d8454835fc06947ee4f0621a92","messageTitle":"Allow aliases to be saved","messageBody":"","fileTypesAndContributionMap":{"functional-code":{"insertions":144,"deletions":4},"test-code":{"insertions":7,"deletions":0}}},{"hash":"1cc3a2e91be2924baa586b4cdb3c3be4491391c2","messageTitle":"Add feature to display all aliases","messageBody":"","fileTypesAndContributionMap":{"functional-code":{"insertions":59,"deletions":1},"test-code":{"insertions":10,"deletions":0}}},{"hash":"fa741b895a58288cb9bd55547bdad4cbb74c8e23","messageTitle":"Add test for Alias, ReservedKeyword and AliasMap","messageBody":"","fileTypesAndContributionMap":{"functional-code":{"insertions":6,"deletions":18},"test-code":{"insertions":123,"deletions":0}}},{"hash":"22a96b94a2406aecb036777ef3490df43e41668a","messageTitle":"Remove magic string from tests","messageBody":"","fileTypesAndContributionMap":{"test-code":{"insertions":32,"deletions":18}}},{"hash":"8b3cc2c6aa7c3bcb637c5e6592f16408f88c1073","messageTitle":"Update parser and model test relating to alias feature","messageBody":"","fileTypesAndContributionMap":{"functional-code":{"insertions":7,"deletions":6},"test-code":{"insertions":104,"deletions":4}}},{"hash":"0fb131838866a45d6264f2f6572ffec9c7ad16eb","messageTitle":"Add test for AliasCommand and UnaliasCommand","messageBody":"","fileTypesAndContributionMap":{"test-code":{"insertions":107,"deletions":0}}},{"hash":"661437cbeab1366d2ecf30b80f0d9d7f52366e03","messageTitle":"Fix checkstyle in UnaliasCommandTest","messageBody":"","fileTypesAndContributionMap":{"test-code":{"insertions":0,"deletions":1}}},{"hash":"b0e4412fee00e2d1195b49ead4e49f738a9b390c","messageTitle":"Remove unnecessary static variable","messageBody":"","fileTypesAndContributionMap":{"test-code":{"insertions":0,"deletions":1}}}]},{"date":"2022-10-24","commitResults":[{"hash":"bac5cbd2392c6c002bc262a06bf9fe4633b2e81c","messageTitle":"Change declaration of internalMap from HashMap to Map","messageBody":"","fileTypesAndContributionMap":{"functional-code":{"insertions":1,"deletions":1}}},{"hash":"ffb49134cd50b46e4fa119240c76b2f3ce2f05b3","messageTitle":"Change test to use assertCommandFailure instead of assertThrows","messageBody":"","fileTypesAndContributionMap":{"test-code":{"insertions":6,"deletions":9}}}]},{"date":"2022-10-25","commitResults":[{"hash":"9939540242396091fc4477c69f743ba752aa3159","messageTitle":"Add grade command to list of reserved  keyword","messageBody":"","fileTypesAndContributionMap":{"functional-code":{"insertions":5,"deletions":3}}},{"hash":"81991e02e8238913dfca8329bc7280ae79cd009b","messageTitle":"Change internalMap in AliasMap to store Alias,ReserverdKeyword pair instead of String,String","messageBody":"","fileTypesAndContributionMap":{"functional-code":{"insertions":30,"deletions":46},"test-code":{"insertions":17,"deletions":26}}},{"hash":"67063206c75d2731a0c6a8bc1941cf26fe9120fd","messageTitle":"Update javadocs comment in Alias and ReservedKeyword","messageBody":"","fileTypesAndContributionMap":{"functional-code":{"insertions":6,"deletions":4}}},{"hash":"266cd102d0bdd097737e4d36a15dbebb27d1707c","messageTitle":"Improve code quality in tests","messageBody":"","fileTypesAndContributionMap":{"test-code":{"insertions":16,"deletions":22}}},{"hash":"e18c5993d1fd2822b4c516dce8046ef630790916","messageTitle":"Update HelpWindow","messageBody":"Change MESSAGE_USAGE from EditCommand to MarkMasteryCheckCommand\n","fileTypesAndContributionMap":{"functional-code":{"insertions":13,"deletions":2}}},{"hash":"2873d54fb873ae2440260d5add7a823c404e8313","messageTitle":"Remove unused import statement","messageBody":"","fileTypesAndContributionMap":{"functional-code":{"insertions":0,"deletions":1}}},{"hash":"8d8140624d5be9b9926b5a3f06e7f8fef1eb2c73","messageTitle":"Add unmark command to help window","messageBody":"","fileTypesAndContributionMap":{"functional-code":{"insertions":1,"deletions":0}}},{"hash":"c7b42790c3adad8e9c2e54a5c1d126409a428a39","messageTitle":"Update PPP","messageBody":"Update UG with alias,unalias and aliaslist\n\nTidy up features list in UserGuide\n","fileTypesAndContributionMap":{"docs":{"insertions":40,"deletions":2}}},{"hash":"d942bcef04e6717493d9124a17e17554c9ecd5f2","messageTitle":"Update PPP","messageBody":"","fileTypesAndContributionMap":{"docs":{"insertions":2,"deletions":0}}}]},{"date":"2022-10-26","commitResults":[{"hash":"bf46dfab7aace286031a9075a2191d821a95af24","messageTitle":"Update FRIDAY version to v1.3.1","messageBody":"update log file name to friday.log\n","fileTypesAndContributionMap":{"functional-code":{"insertions":2,"deletions":2}}}]},{"date":"2022-11-01","commitResults":[{"hash":"f9d3a7d611773943db91fb4a7c5c77c268c8b650","messageTitle":"Make aliases with more than 1 word invalid","messageBody":"","fileTypesAndContributionMap":{"functional-code":{"insertions":4,"deletions":2}}},{"hash":"16c6867e0c12cdf2665c1e89deb7513568587e9f","messageTitle":"Update checks when loading file to check for invalid aliases","messageBody":"","fileTypesAndContributionMap":{"functional-code":{"insertions":5,"deletions":1}}},{"hash":"9faa1042010dc33af088ee5c2e3d145b5de28b99","messageTitle":"Update alias to consider empty string as an invalid alias","messageBody":"","fileTypesAndContributionMap":{"functional-code":{"insertions":5,"deletions":2}}},{"hash":"56d7c786eef3b8520477bf90ec27d747bf565710","messageTitle":"Fix checkstyle issues","messageBody":"","fileTypesAndContributionMap":{"functional-code":{"insertions":1,"deletions":2}}},{"hash":"b3ea197b127fee53b4087f4707fb2518ed429069","messageTitle":"Update user guide for list, alias, unalias, aliaslist and help","messageBody":"Add hyperlink to table on contents after help\n","fileTypesAndContributionMap":{"docs":{"insertions":24,"deletions":10}}},{"hash":"cb08fae48c4716daa95238f0d47ccfd530fc3340","messageTitle":"Change COMMAND_WORD to COMMAND_KEYWORD in User Guide","messageBody":"","fileTypesAndContributionMap":{"docs":{"insertions":4,"deletions":4}}}]}],"kaij77":[{"date":"2022-09-25","commitResults":[{"hash":"e02eb6ead4ea9415fdc623730f996726876a46f7","messageTitle":"Added personal info in AboutUs.md","messageBody":"","fileTypesAndContributionMap":{"docs":{"insertions":4,"deletions":4}}}]},{"date":"2022-09-27","commitResults":[{"hash":"2caad7f9192e0c336ae6b2ad2198499b7013073c","messageTitle":"Add use cases to DeveloperGuide.md","messageBody":"","fileTypesAndContributionMap":{"docs":{"insertions":116,"deletions":4}}},{"hash":"b631e5f8032fdadace17998169268d6ececf5278","messageTitle":"Update PPP","messageBody":"","fileTypesAndContributionMap":{"docs":{"insertions":24,"deletions":0}}},{"hash":"d551deda06a4f1b7925c68143020ce6d945773c2","messageTitle":"Fix newline at end of file to pass check","messageBody":"","fileTypesAndContributionMap":{"docs":{"insertions":14,"deletions":14}}},{"hash":"baeb0ca2ceee6566c885f6ab77e1628feb90a0c2","messageTitle":"Update User Guide","messageBody":"","fileTypesAndContributionMap":{"docs":{"insertions":11,"deletions":1}}}]},{"date":"2022-10-06","commitResults":[{"hash":"56f6e9bf090c81a7fbc834033e7ab674c08b63e9","messageTitle":"Add Student, TelegramHandle, MasteryCheck and Consultation classes.","messageBody":"Also edit and refactor relevant Command, Parser, SampleDataUtil and\nTest classes to handle the new classes.\n","fileTypesAndContributionMap":{"functional-code":{"insertions":360,"deletions":387},"other":{"insertions":134,"deletions":123},"docs":{"insertions":113,"deletions":113},"test-code":{"insertions":336,"deletions":346}}},{"hash":"6c59d00dbd5d52e305698ac25b6cb1aba8a3634e","messageTitle":"Fix Checkstyle violations","messageBody":"","fileTypesAndContributionMap":{"functional-code":{"insertions":65,"deletions":41},"other":{"insertions":52,"deletions":31},"test-code":{"insertions":40,"deletions":40}}},{"hash":"ad85b7fc17fd8104b85ae04cea3881f8377b9b31","messageTitle":"Fix missed checktyle violations","messageBody":"","fileTypesAndContributionMap":{"functional-code":{"insertions":8,"deletions":8}}},{"hash":"88f0e6ddadfbab2aca96ad6b3242e7dc7a784d03","messageTitle":"Fix compilation errors","messageBody":"","fileTypesAndContributionMap":{"functional-code":{"insertions":66,"deletions":56},"test-code":{"insertions":310,"deletions":276}}},{"hash":"c87bf47e7ac126490c18c9afcb30336f5bfc0e6c","messageTitle":"Edit test files to handle new classes and comment out tests for commands that have not been implemented yet","messageBody":"","fileTypesAndContributionMap":{"test-code":{"insertions":79,"deletions":138}}}]},{"date":"2022-10-10","commitResults":[{"hash":"ad5a64cad897f492cb3d637e629f6b8a7633613e","messageTitle":"Edit sample data\u0027s remarks and tags","messageBody":"","fileTypesAndContributionMap":{"functional-code":{"insertions":10,"deletions":10}}},{"hash":"d0dec0b89aa659b4b8b59b310fd4500d4b7cdb28","messageTitle":"Edit tests to pass checks","messageBody":"","fileTypesAndContributionMap":{"functional-code":{"insertions":6,"deletions":6},"test-code":{"insertions":4,"deletions":5}}}]},{"date":"2022-10-11","commitResults":[{"hash":"8a1570b817e5735a7c1a0b805ab79afa0efe72c0","messageTitle":"Add Guide command which returns a link to the User Guide and update and add new Guide command to User Guide","messageBody":"","fileTypesAndContributionMap":{"functional-code":{"insertions":27,"deletions":0},"docs":{"insertions":15,"deletions":8}}},{"hash":"d1052b6725e9ef50d67dc1bada34c17ee1b2bac6","messageTitle":"Fix checkstyle violations","messageBody":"","fileTypesAndContributionMap":{"docs":{"insertions":10,"deletions":10}}}]},{"date":"2022-10-13","commitResults":[{"hash":"6ab14e2d931ef53c93670235c1f2263293346b22","messageTitle":"Make string containing the link to the User Guide static","messageBody":"","fileTypesAndContributionMap":{"functional-code":{"insertions":1,"deletions":1}}}]},{"date":"2022-10-20","commitResults":[{"hash":"61606420edbdfdb2924566f08164a82217858052","messageTitle":"Add MarkMasteryCheck command","messageBody":"","fileTypesAndContributionMap":{"functional-code":{"insertions":138,"deletions":5},"test-code":{"insertions":9,"deletions":9}}},{"hash":"954ed8f964916a1fa1a720a5a3a0449b59def886","messageTitle":"Edit DG and UG","messageBody":"","fileTypesAndContributionMap":{"docs":{"insertions":51,"deletions":11}}}]},{"date":"2022-10-21","commitResults":[{"hash":"24b8881c61c10bc75ec1d6631651cec1a4a76e06","messageTitle":"Test","messageBody":"","fileTypesAndContributionMap":{"functional-code":{"insertions":0,"deletions":3},"other":{"insertions":4,"deletions":4},"test-code":{"insertions":1,"deletions":1}}}]},{"date":"2022-10-25","commitResults":[{"hash":"771f66789f376f7638abe7cf848b2560e9623462","messageTitle":"Add UnmarkMasteryCheck command","messageBody":"","fileTypesAndContributionMap":{"functional-code":{"insertions":121,"deletions":4},"test-code":{"insertions":491,"deletions":0}}},{"hash":"d28b9a107b6d67c2ef92883fbb06b54aac979a76","messageTitle":"Fix checkstyle violations and update UG and DG","messageBody":"","fileTypesAndContributionMap":{"functional-code":{"insertions":1,"deletions":3},"docs":{"insertions":68,"deletions":29},"test-code":{"insertions":0,"deletions":438}}},{"hash":"1cb2c579725af71b92cea058af0fc6f6553eb504","messageTitle":"Improve comments in MarkMasteryCheckCommand and MarkMasteryCheckCommandParser","messageBody":"","fileTypesAndContributionMap":{"functional-code":{"insertions":5,"deletions":5}}}]},{"date":"2022-10-26","commitResults":[{"hash":"fb0b31e1f5b41d7bf076c70727e09f28fdbe0df6","messageTitle":"Fix bug where \"(passed)\" string is not shown or deleted when a student is marked or unmarked respectively","messageBody":"","fileTypesAndContributionMap":{"functional-code":{"insertions":2,"deletions":2}}},{"hash":"344a1783cfc21b4722ac7eeffeb07b1d88ce229c","messageTitle":"Fix checkstyle violations and add \"unmark\" keyword to ReservedKeyword.java","messageBody":"","fileTypesAndContributionMap":{"functional-code":{"insertions":3,"deletions":5}}}]},{"date":"2022-10-27","commitResults":[{"hash":"cee45a21c4acc242ddcd8a687d71481c58df7434","messageTitle":"Add images of Mark and UnmarkMasteryCheckCommand to UG","messageBody":"","fileTypesAndContributionMap":{"docs":{"insertions":6,"deletions":0}}}]},{"date":"2022-10-31","commitResults":[{"hash":"7144d04ff266e05adbeba8ce785ee217a65426fc","messageTitle":"Add Clear command to UG","messageBody":"","fileTypesAndContributionMap":{"docs":{"insertions":6,"deletions":0}}},{"hash":"982d49a3aee7bba77ec57a83761c61feb8e5678e","messageTitle":"Fix bug where Mastery Check can be marked as passed even though date is in the future","messageBody":"","fileTypesAndContributionMap":{"functional-code":{"insertions":12,"deletions":0}}},{"hash":"6c7b01d6fae05287b800f103c4126234ab265928","messageTitle":"Fix checkstyle violation","messageBody":"","fileTypesAndContributionMap":{"functional-code":{"insertions":1,"deletions":2}}}]}],"HowSuen":[{"date":"2022-09-25","commitResults":[{"hash":"f1f05de721ee4fccf51db00c86edcf40de292f82","messageTitle":"Add info in AboutUs and skeletal PPP","messageBody":"","fileTypesAndContributionMap":{"docs":{"insertions":27,"deletions":3}}},{"hash":"52fe32f480754d871d7019b8e6eda41d12e86579","messageTitle":"Add newline to pass check","messageBody":"","fileTypesAndContributionMap":{"docs":{"insertions":2,"deletions":1}}},{"hash":"5fcaaa793f145d6c2f17305c3b73421916520476","messageTitle":"Fix newline at end of file to pass check","messageBody":"","fileTypesAndContributionMap":{"docs":{"insertions":0,"deletions":1}}}]},{"date":"2022-09-27","commitResults":[{"hash":"a028525339db512b56fef5aaa1d64a124df367a0","messageTitle":"Update Non-functional requirements in DG","messageBody":"","fileTypesAndContributionMap":{"docs":{"insertions":1,"deletions":1}}}]},{"date":"2022-09-28","commitResults":[{"hash":"2a1faf20084f4acfb39ff1873b1f2403f2193668","messageTitle":"Add Edit Command and fix table border in UserGuide.md","messageBody":"","fileTypesAndContributionMap":{"docs":{"insertions":17,"deletions":7}}}]},{"date":"2022-10-06","commitResults":[{"hash":"ee698dca3a1b66e6f9b083c730e914b621e71dd7","messageTitle":"Refactor name to friday","messageBody":"Replaced \"seedu.address\" with \"friday\" in whole project\n","fileTypesAndContributionMap":{"other":{"insertions":857,"deletions":854},"docs":{"insertions":9,"deletions":9},"test-code":{"insertions":339,"deletions":389}}},{"hash":"6e2bae40f23159928a585c7d3092be959cb9ec4e","messageTitle":"Fix checkstyle issues in main folder","messageBody":"Fixed ordering of imports.\nRemoved unnecessary imports such as \"CollectionUtil\"\n","fileTypesAndContributionMap":{"functional-code":{"insertions":53,"deletions":61}}},{"hash":"4aaead2ef57c707ff594e4ab286887041daaa142","messageTitle":"Fix checkstyle issue in test folder","messageBody":"Fixed ordering and naming of imports.\n","fileTypesAndContributionMap":{"test-code":{"insertions":275,"deletions":227}}},{"hash":"52429aa66c0bbfc8ae2ecc382ac3527c635d8a22","messageTitle":"Fix imports in AddCommandParser and AddressBookParser","messageBody":"","fileTypesAndContributionMap":{"functional-code":{"insertions":20,"deletions":14}}},{"hash":"fa40c5adeaea16489e4ca6931f3f6f37f5f3ff65","messageTitle":"Update refactor contribution in PPP","messageBody":"","fileTypesAndContributionMap":{"docs":{"insertions":5,"deletions":2}}}]},{"date":"2022-10-07","commitResults":[{"hash":"5b55eca3892284fcc89faef3eec2a50defa77808","messageTitle":"Update Strings and comments in EditCommand","messageBody":"","fileTypesAndContributionMap":{"functional-code":{"insertions":12,"deletions":11},"docs":{"insertions":25,"deletions":15}}},{"hash":"ddbef2a5db24ef0261e29ea0812354b1a6ff640d","messageTitle":"Add newline to fix checkstyle","messageBody":"Add newline in howsuen.md\nUpdate code in EditCommandTest, not working yet.\n","fileTypesAndContributionMap":{"docs":{"insertions":1,"deletions":1},"test-code":{"insertions":5,"deletions":3}}}]},{"date":"2022-10-08","commitResults":[{"hash":"5131d618d375fd52511d8de02229d5abe370b094","messageTitle":"Add Edit Command tests","messageBody":"","fileTypesAndContributionMap":{"test-code":{"insertions":12,"deletions":25}}},{"hash":"cb2f24554eac3e84e14e64ed4c5e3b5817ef8e88","messageTitle":"Update docs","messageBody":"","fileTypesAndContributionMap":{"docs":{"insertions":3,"deletions":1}}}]},{"date":"2022-10-12","commitResults":[{"hash":"3f6388dc68263571cccb4edc4e1d7c535919f967","messageTitle":"Change FRIDAY GUI logo","messageBody":"Replaced the address_book_32.png logo with friday_logo.png\n","fileTypesAndContributionMap":{"functional-code":{"insertions":2,"deletions":2},"test-code":{"insertions":1,"deletions":1}}},{"hash":"4734c369df0ee2330770678046c9e1d9a01ce85e","messageTitle":"Change title of GUI","messageBody":"Replaced original title of GUI, \"Address Book\", with \"FRIDAY\"\n","fileTypesAndContributionMap":{"functional-code":{"insertions":1,"deletions":1}}},{"hash":"afb0841b5a6e1b8c8ec8d33fb1b1e434cc8af4ad","messageTitle":"Update TelegramHandle to accept capital letters","messageBody":"Fixed VALIDATION_REGEX in TelegramHandle.java to allow use of\nuppercase letters.\n","fileTypesAndContributionMap":{"functional-code":{"insertions":1,"deletions":1}}},{"hash":"2cd081ef8049a37cbd7df618e65994c971a165ca","messageTitle":"Refactor constants in EditCommand","messageBody":"","fileTypesAndContributionMap":{"functional-code":{"insertions":6,"deletions":6},"test-code":{"insertions":6,"deletions":6}}},{"hash":"d909b70faf9e5c88f503a36941e4137fee067ab1","messageTitle":"Refactor EditPersonDescriptor to EditStudentDescriptor","messageBody":"","fileTypesAndContributionMap":{"functional-code":{"insertions":27,"deletions":27},"docs":{"insertions":2,"deletions":2},"test-code":{"insertions":41,"deletions":38}}},{"hash":"cdef2cc326ca8c8cae4439fd444aa6129574a667","messageTitle":"Update TelegramHandleTest to allow capital letters","messageBody":"Eg. \"John_Doe\" as a Telegram Handle should now be allowed\n","fileTypesAndContributionMap":{"test-code":{"insertions":1,"deletions":1}}},{"hash":"add7bced8028d48e91a0b184018c327ac5116980","messageTitle":"Refactor EditPersonDescriptorBuilder to EditStudentDescriptorBuilder","messageBody":"","fileTypesAndContributionMap":{"other":{"insertions":9,"deletions":9},"test-code":{"insertions":33,"deletions":31}}},{"hash":"de9186b68ba79d551ffa1d04189c21706c7f4442","messageTitle":"Update UserGuide","messageBody":"Replaced \"i/INDEX\" with \"INDEX\" for `delete` and `edit` commands.\nUpdated `edit` command section to reflect the parameters of the\ncommand correctly.\n","fileTypesAndContributionMap":{"docs":{"insertions":16,"deletions":14}}}]},{"date":"2022-10-14","commitResults":[{"hash":"09b463b364f1dee1500b700f53db540f064464d3","messageTitle":"Change colour of GUI","messageBody":"Adapted to the colour scheme of Source Academy.\nTemporary design for FRIDAY.\n","fileTypesAndContributionMap":{"functional-code":{"insertions":22,"deletions":24}}}]},{"date":"2022-10-15","commitResults":[{"hash":"63f5867bab89679ae54e686ef38971ffcc7fcf9e","messageTitle":"Update colours of HelpWindow and empty list","messageBody":"","fileTypesAndContributionMap":{"functional-code":{"insertions":6,"deletions":4}}}]},{"date":"2022-10-17","commitResults":[{"hash":"906a0d0c4115fea8cefb4f919aa9deaec9e7e543","messageTitle":"Edit layout of PersonCard","messageBody":"Added \"Telegram:\" for student\u0027s telegram handle\nChanged layout of PersonCard to horizontal\nChange JavaFX to version 8 instead of 18\n","fileTypesAndContributionMap":{"functional-code":{"insertions":46,"deletions":12}}}]},{"date":"2022-10-18","commitResults":[{"hash":"03ec06c947ad93927502bb6c9071f3df742e3a59","messageTitle":"Update GUI of PersonCard","messageBody":"PersonCard now shows a horizontal layout to view more easily.\nUpdated the description of EditCommand upon typing invalid format.\n","fileTypesAndContributionMap":{"functional-code":{"insertions":24,"deletions":12}}},{"hash":"abb2913fd0cc51b1a5d21218cb72c9a7b5c2e635","messageTitle":"Refactor names of JavaFX files","messageBody":"Renamed PersonListPanel to StudentListPanel\nRenamed PersonListCard to StudentListCard\nRenamed PersonCard to StudentCard\n","fileTypesAndContributionMap":{"functional-code":{"insertions":6,"deletions":6},"other":{"insertions":14,"deletions":14}}},{"hash":"ebb3d8cb39bf7dd39ea14b2a995e1cbc4bbde3e0","messageTitle":"Fix refactoring issues","messageBody":"","fileTypesAndContributionMap":{"functional-code":{"insertions":5,"deletions":5}}},{"hash":"dea47861db21d8bc836538cab81d9809e6264163","messageTitle":"Fix styles for GUI","messageBody":"Updated PPP\n","fileTypesAndContributionMap":{"functional-code":{"insertions":2,"deletions":4},"docs":{"insertions":3,"deletions":1}}}]},{"date":"2022-10-19","commitResults":[{"hash":"caccb6cf1ed5f0162534030a99daf9052dee2f66","messageTitle":"Refactor AddressBookParser to FridayParser","messageBody":"Renamed AddressBookParser to FridayParser\nAdded imports in EditCommandParser\nEdited description of Remark command\n","fileTypesAndContributionMap":{"functional-code":{"insertions":24,"deletions":20},"other":{"insertions":1,"deletions":1},"test-code":{"insertions":1,"deletions":1}}},{"hash":"eb8d878a4432b6c35329d4d04c321234ce873d63","messageTitle":"Add Remark Command in User Guide","messageBody":"Added a section for Remark command in UserGuide\nFixed names in RemarkCommand by replacing \"person\" with \"student\"\n","fileTypesAndContributionMap":{"functional-code":{"insertions":8,"deletions":8},"docs":{"insertions":28,"deletions":12}}},{"hash":"c4f11bb941f845ceeb8cec208de7363a999eb71f","messageTitle":"Fix checkstyle issue","messageBody":"","fileTypesAndContributionMap":{"docs":{"insertions":3,"deletions":5}}},{"hash":"9ea9b29d0344432225bfe6faf576864dca82aa61","messageTitle":"Update DeveloperGuide with Remark command and Glossary terms","messageBody":"Added Use case for Remark command.\nAdded \"TA/Avengers\" and \"Mastery Check\" in Glossary.\n","fileTypesAndContributionMap":{"docs":{"insertions":34,"deletions":2}}},{"hash":"e139734358a6eb602497c143b8993066e28da600","messageTitle":"Update ArchitectureSequenceDiagram in DeveloperGuide","messageBody":"","fileTypesAndContributionMap":{"docs":{"insertions":4,"deletions":4}}},{"hash":"1d44dabc57886de710dce684998ee2a1cb9694c8","messageTitle":"Update DG up until Model Component","messageBody":"Update names and UML diagrams in DG, except for Model Component\nonwards\n","fileTypesAndContributionMap":{"docs":{"insertions":21,"deletions":21}}},{"hash":"ca620356b37786ed4144f3d7ffbd1bd87727e153","messageTitle":"Update user stories in DeveloperGuide","messageBody":"","fileTypesAndContributionMap":{"docs":{"insertions":36,"deletions":33}}}]},{"date":"2022-10-20","commitResults":[{"hash":"041ba47ee1b06441b7fb13d3681910d247a7bfe2","messageTitle":"Create Grades and GradesList classes","messageBody":"Grade represents an examination/assessment and the grade scored by\na student, in terms of percentage (from 0% to 100%).\nCurrently, there is a fixed list of assessments, namely RA1, RA2,\nMid-terms, Practical, and Finals.\nGradesList represents a list of all the possible Grades.\n","fileTypesAndContributionMap":{"functional-code":{"insertions":94,"deletions":0}}}]},{"date":"2022-10-21","commitResults":[{"hash":"04c51041a4c56a188b3c2f6add419315a6076a41","messageTitle":"Add GradeCommand and GradeCommandParser","messageBody":"GradeCommand:\n`grade INDEX [ra1/RA1] [ra2/RA2] [pa/PA] [mt/MT] [ft/FT]`\n\nAdd GradesList to Student (new Student starts with default\nGradesList)\n\nAdd CliSyntax for ra1, ra2, mt, pa, ft\n\nAdd parseGrade in ParserUtil\n\nFix regex of score. Scores are in percentages from 0% to 100%\ninclusive, but user does not include \u0027%\u0027 in input.\n\nAdd ability to edit grade\n\nTemporary empty GradesList for SampleDataUtil, PersonBuilder and\nJsonAdaptedPerson\n\nFiles yet to be completed:\nGrade::MESSAGE_USAGE\nPersonBuilder::withGradesList\nGradeCommandTest, SampleDataUtil, JsonAdaptedPerson etc.\n","fileTypesAndContributionMap":{"functional-code":{"insertions":307,"deletions":13},"test-code":{"insertions":13,"deletions":1}}},{"hash":"23e0e94d2222fbb71d86d8bd6faab3a9ed0f2db5","messageTitle":"Update GradesList and GradeCommand","messageBody":"Update toString of GradesList\n\nUpdate MESSAGE_USAGE of GradeCommand\n\nAdd JavaDoc and fix checkstyle issues\n","fileTypesAndContributionMap":{"functional-code":{"insertions":72,"deletions":11}}},{"hash":"7077ad26518e51de16987eb142bc77fb58fc051e","messageTitle":"Fix GradeCommand message usage","messageBody":"","fileTypesAndContributionMap":{"functional-code":{"insertions":4,"deletions":4}}},{"hash":"513fd7013b32b449b359a368f5276cc8cfabc2c4","messageTitle":"Add GradesList to Storage and tests","messageBody":"Add getGradesArrayList method in GradesList to get an ordered list\nof the grades\n\nAdd GradesList field to JsonAdaptedStudent class\n\nAdd VALID_GRADE_SCORE_AMY and VALID_GRADE_SCORE_BOB to\nCommandTestUtil class\n\nAdd GradesList to JsonAdaptedStudentTest\n\nAdd Test case in JsonAdaptedStudentTest for null GradesList\n\nAdd JsonAdaptedGrade\n\nAdd GradeCommandTest (still empty)\n\nAdd GradeCommandParserTest (still empty)\n\nAdd GradeTest\n","fileTypesAndContributionMap":{"functional-code":{"insertions":111,"deletions":4},"test-code":{"insertions":132,"deletions":7}}},{"hash":"7c8fd6638871a0a51120844dd04ebba7f6f582fe","messageTitle":"Add Grades to GUI","messageBody":"","fileTypesAndContributionMap":{"functional-code":{"insertions":48,"deletions":4}}},{"hash":"cd8d77008a251c929284443965428f48e2e56df4","messageTitle":"Fix issue with RA2 not updating","messageBody":"","fileTypesAndContributionMap":{"functional-code":{"insertions":9,"deletions":3}}},{"hash":"b57ac57d1c2c493626b481ca2b6519842d41eaee","messageTitle":"Fix GradesList Duplication Bug","messageBody":"Issue: Sometimes, editing the grades of one student will change\nthe grades for every other student as well.\n\nResolved: Create a new GradesList when editing the grades in\ncreateEditedGradesList in GradeCommand file.\n","fileTypesAndContributionMap":{"functional-code":{"insertions":13,"deletions":9}}},{"hash":"b7c897eccfdd1d537e63e176890ef8aa63daf39a","messageTitle":"Add Tests for GradeCommand","messageBody":"Improve code quality, using abstraction and constant declarations\n\nAdd test cases in GradeCommandTest class\n\nAdd test cases in GradeCommandParserTest class\n\nAdd withGradesList method in StudentBuilder\n\nAdd EditGradeDescriptorBuilder for building EditGradeDescriptor\n","fileTypesAndContributionMap":{"functional-code":{"insertions":20,"deletions":7},"test-code":{"insertions":187,"deletions":26}}},{"hash":"e1e97c8cdb82a6bee3786d6a2ba44a85aa044416","messageTitle":"Adjust font size of names in GUI","messageBody":"","fileTypesAndContributionMap":{"functional-code":{"insertions":6,"deletions":6}}},{"hash":"34963ca2b1a918712df171276a8e601fbe2c51b4","messageTitle":"Update documentation in UG and DG with `grade` feature","messageBody":"","fileTypesAndContributionMap":{"docs":{"insertions":65,"deletions":13}}}]},{"date":"2022-10-24","commitResults":[{"hash":"2f81fbd78e3c1f506688959f04f4f1a8a2b7bd31","messageTitle":"Add GradeCommand parse tests in FridayParserTest","messageBody":"Add EditGradesDescriptorDetails in StudentUtil\n","fileTypesAndContributionMap":{"test-code":{"insertions":35,"deletions":11}}}]},{"date":"2022-10-25","commitResults":[{"hash":"5f7143c577caaa06cbffd188052b3db85d318763","messageTitle":"Add GradeCommand implementation in DeveloperGuide","messageBody":"","fileTypesAndContributionMap":{"docs":{"insertions":38,"deletions":0}}},{"hash":"a78aa5dfa86c6110c5adf8295ee1f8acd89d7f9f","messageTitle":"Add screenshot of GradeCommand in UserGuide","messageBody":"","fileTypesAndContributionMap":{"docs":{"insertions":6,"deletions":4}}},{"hash":"7774b7662cdff45cd4cc2c6f69dab4a53e92558b","messageTitle":"Add isValidGrade test in GradeTest","messageBody":"","fileTypesAndContributionMap":{"test-code":{"insertions":20,"deletions":0}}},{"hash":"95b1c41284d626972a61a980204492f5c8abaa88","messageTitle":"Update PPP","messageBody":"","fileTypesAndContributionMap":{"docs":{"insertions":4,"deletions":4}}}]},{"date":"2022-10-29","commitResults":[{"hash":"716d9c927352536cb1e391f75374b1190422e4c4","messageTitle":"Fix bugs from PE-D","messageBody":"#136 - Update prefix in command summary for delete and find commands\n#139 - Limit the length of tags\n#144 - Limit the length of Telegram handle to 32 char\n#160 - Update error message for invalid grades\n#169 - Update UG to be more specific in handling INDEX parameter for\ncommands.\n","fileTypesAndContributionMap":{"functional-code":{"insertions":9,"deletions":7},"docs":{"insertions":9,"deletions":3}}},{"hash":"35cca14a28326eaf5560c12f2d9d50a6e0e4e39d","messageTitle":"Fix grade bug from PE-D","messageBody":"#164 - Fix bug with regex for grades\n","fileTypesAndContributionMap":{"functional-code":{"insertions":2,"deletions":2},"docs":{"insertions":1,"deletions":1}}},{"hash":"48e4768910c9beab839512fc8fe544591e23d4e5","messageTitle":"Fix GradeTest","messageBody":"","fileTypesAndContributionMap":{"test-code":{"insertions":1,"deletions":2}}},{"hash":"f32eb0f3459ed56d0aa630a075cd0f60988d13d8","messageTitle":"Update GradeCommand in User guide","messageBody":"","fileTypesAndContributionMap":{"docs":{"insertions":1,"deletions":1}}}]},{"date":"2022-10-31","commitResults":[{"hash":"c896b17ab28c462523e26f38050f59ef45040560","messageTitle":"Fix bug in UI","messageBody":"Resolve issue where StudentCard is unequal when remark is long\n","fileTypesAndContributionMap":{"functional-code":{"insertions":2,"deletions":2}}},{"hash":"04b0df5fdf05eb110170dd2f0bb105bf82e13cc9","messageTitle":"Fix bug where text is not fully shown","messageBody":"","fileTypesAndContributionMap":{"functional-code":{"insertions":4,"deletions":4}}}]},{"date":"2022-11-01","commitResults":[{"hash":"6b7d6e966c40c39d832f38d33390639b66c0dbf5","messageTitle":"Add Sequence diagram for Grade feature in DeveloperGuide","messageBody":"","fileTypesAndContributionMap":{"docs":{"insertions":104,"deletions":3}}},{"hash":"c69839acf6f953f6713e5f6781b06ac375334613","messageTitle":"Fix GradeSequenceDiagram","messageBody":"","fileTypesAndContributionMap":{"docs":{"insertions":3,"deletions":3}}}]},{"date":"2022-11-03","commitResults":[{"hash":"3bf3e7f0e7d3d2b01e280ae6f2cff032cd9ae746","messageTitle":"Give credit for reused work in Remarks","messageBody":"","fileTypesAndContributionMap":{"functional-code":{"insertions":11,"deletions":0},"test-code":{"insertions":14,"deletions":0}}}]}]},"authorFileTypeContributionMap":{"jorrdansoh":{"docs":507,"functional-code":765,"test-code":720,"other":11},"Yuvaraj0702":{"docs":168,"functional-code":114,"test-code":194},"darrtzj":{"docs":175,"functional-code":907,"test-code":463},"kaij77":{"docs":276,"functional-code":598,"test-code":379},"HowSuen":{"docs":319,"functional-code":1048,"test-code":857,"other":1}},"authorContributionVariance":{"jorrdansoh":72344.67,"Yuvaraj0702":6312.3174,"darrtzj":31671.475,"kaij77":218606.42,"HowSuen":213780.42},"authorDisplayNameMap":{"jorrdansoh":"CS2103T-W15-4 SOH .. REN","Yuvaraj0702":"CS2103T-W15-4 YUVA..ESAN","darrtzj":"CS2103T-W15-4 DARR.. JIE","kaij77":"CS2103T-W15-4 YEO ..JIUN","HowSuen":"CS2103T-W15-4 TAN ..SUEN"}}
