{"authorDailyContributionsMap":{"jolynloh":[{"date":"2022-09-24","commitResults":[{"hash":"652ca191fe8a8d3113759233c8e986442642ace0","messageTitle":"Update AboutUs page","messageBody":"","fileTypesAndContributionMap":{"docs":{"insertions":5,"deletions":5}}},{"hash":"5b26763c7089f2edae9a4e6754197defadd02630","messageTitle":"Update user guide","messageBody":"","fileTypesAndContributionMap":{"docs":{"insertions":18,"deletions":27}}}]},{"date":"2022-09-25","commitResults":[{"hash":"b3c2f652c64e8b7ab8f582c341101025454cace9","messageTitle":"Add PPP","messageBody":"","fileTypesAndContributionMap":{"docs":{"insertions":25,"deletions":0}}},{"hash":"273865819ca27c998a7aae307364fdc80a4ef45a","messageTitle":"Update PPP","messageBody":"","fileTypesAndContributionMap":{"docs":{"insertions":1,"deletions":1}}},{"hash":"1dffb8cd77eec9a53f41769af770c94e93f4f6f6","messageTitle":"Update developer guide","messageBody":"","fileTypesAndContributionMap":{"docs":{"insertions":8,"deletions":7}}}]},{"date":"2022-10-09","commitResults":[{"hash":"fb7c7e09e19548750fa54dfbdaf5955cb56504be","messageTitle":"Update storage and logic classes","messageBody":"","fileTypesAndContributionMap":{"functional-code":{"insertions":1114,"deletions":0}}},{"hash":"729f6f4abe43c30edf5fd09e5fe8274c7de13150","messageTitle":"Update UI classes to fit CinternS","messageBody":"","fileTypesAndContributionMap":{"functional-code":{"insertions":489,"deletions":34}}},{"hash":"9141993f8685b03dc439fc3829f1b74391f30d78","messageTitle":"Fix minor bugs","messageBody":"","fileTypesAndContributionMap":{"functional-code":{"insertions":2,"deletions":2}}},{"hash":"5bc714cdac4b01abf2492ec4838f8f064a6dbd53","messageTitle":"Fix checkstyle issues","messageBody":"","fileTypesAndContributionMap":{"functional-code":{"insertions":97,"deletions":72}}},{"hash":"2ad042990d244cf4de54e106bf8a39f44e4796e1","messageTitle":"Update ApplicationCommandTestUtil with corrected date format","messageBody":"","fileTypesAndContributionMap":{"test-code":{"insertions":3,"deletions":3}}}]},{"date":"2022-10-10","commitResults":[{"hash":"d5f7bd8ca1a46d1266b85285ea99cbcc3b861a48","messageTitle":"Fix minor bug","messageBody":"","fileTypesAndContributionMap":{"functional-code":{"insertions":1,"deletions":1}}}]},{"date":"2022-10-13","commitResults":[{"hash":"e688d609a777babcee52b4de5758506766275dae","messageTitle":"Update tests for various commands","messageBody":"","fileTypesAndContributionMap":{"test-code":{"insertions":829,"deletions":0}}},{"hash":"1004d245bf7ac62e88cf58ea1cd2144e98352364","messageTitle":"Fix checkstyle errors","messageBody":"","fileTypesAndContributionMap":{"test-code":{"insertions":23,"deletions":14}}},{"hash":"665b0b267ac780440aba0f9f495b115903a528f9","messageTitle":"Fix grammar error","messageBody":"","fileTypesAndContributionMap":{"test-code":{"insertions":1,"deletions":1}}},{"hash":"5352ea6b9b4a647087c09bd2366a6a6bb402397a","messageTitle":"Fix minor bugs","messageBody":"","fileTypesAndContributionMap":{"test-code":{"insertions":2,"deletions":2}}},{"hash":"c12bc7a6d4e19bf3f26896eb4be0e3244f514c67","messageTitle":"Fix minor bug","messageBody":"","fileTypesAndContributionMap":{"test-code":{"insertions":1,"deletions":1}}}]},{"date":"2022-10-16","commitResults":[{"hash":"edcfee0f25a20a16c4aa363ae095af7ecf3a13cf","messageTitle":"Update logic, model and storage to accommodate tags","messageBody":"","fileTypesAndContributionMap":{"functional-code":{"insertions":282,"deletions":21}}}]},{"date":"2022-10-18","commitResults":[{"hash":"26558288d647072afe9ab5a140ccbc93bb1a758e","messageTitle":"Update tests part I","messageBody":"","fileTypesAndContributionMap":{"functional-code":{"insertions":12,"deletions":4},"test-code":{"insertions":234,"deletions":71}}},{"hash":"0795032ea6e38bac95fa431afafae975e350cdcf","messageTitle":"Update all remaining tests","messageBody":"","fileTypesAndContributionMap":{"test-code":{"insertions":98,"deletions":11}}},{"hash":"541519eec7e191f2080c6f335840eb2c2ae5b74f","messageTitle":"Update UserGuide with tag feature","messageBody":"","fileTypesAndContributionMap":{"docs":{"insertions":25,"deletions":14}}},{"hash":"9570ac70032dc4a74120bacd0f72877d4f0101cc","messageTitle":"Fix checkstyle error","messageBody":"","fileTypesAndContributionMap":{"test-code":{"insertions":1,"deletions":1}}}]},{"date":"2022-10-20","commitResults":[{"hash":"a02883a4b9b87ecaac83a5e6bf7da3109432bfbb","messageTitle":"Update DG with design considerations for Find feature","messageBody":"","fileTypesAndContributionMap":{"docs":{"insertions":14,"deletions":0}}},{"hash":"0153c9c342126297c12e0a418b2345ebcc75ea3b","messageTitle":"Fix style issue","messageBody":"","fileTypesAndContributionMap":{"docs":{"insertions":2,"deletions":2}}},{"hash":"46aff716ad0e49c6f52393de8fc04a91625e7213","messageTitle":"Modify UI to include label for date applied","messageBody":"","fileTypesAndContributionMap":{"functional-code":{"insertions":35,"deletions":21}}},{"hash":"84f48225ddd130897ca5663c1a96eb9e33750dae","messageTitle":"Update UG to include clearer meaning of date","messageBody":"","fileTypesAndContributionMap":{"docs":{"insertions":14,"deletions":14}}},{"hash":"7954a671c7d9f4471d550497c7ca4c77f3d6b29a","messageTitle":"Add basic remind command classes and files","messageBody":"","fileTypesAndContributionMap":{"functional-code":{"insertions":191,"deletions":0}}}]},{"date":"2022-10-21","commitResults":[{"hash":"b69641a6d99ce4d7d5b9d3c3e62b20585f493cb0","messageTitle":"Modify UI to have brighter font, udate usage descriptions","messageBody":"","fileTypesAndContributionMap":{"functional-code":{"insertions":3,"deletions":3}}},{"hash":"9a8ee0b3eb4ea2799e60a1d1f230752352b60dea","messageTitle":"Create reminder pop-up window on command","messageBody":"","fileTypesAndContributionMap":{"functional-code":{"insertions":34,"deletions":7}}},{"hash":"05365dad8c814d8c399f7ae6a275e68a9a78395b","messageTitle":"Fix merge conflict","messageBody":"","fileTypesAndContributionMap":{"functional-code":{"insertions":0,"deletions":3}}}]},{"date":"2022-10-23","commitResults":[{"hash":"918c4bdbc0ebb81435597e94db97bea6a4ead307","messageTitle":"Add methods and predicate for determining upcoming interview","messageBody":"","fileTypesAndContributionMap":{"functional-code":{"insertions":46,"deletions":0}}},{"hash":"c300c56b65877931d9682c94e553320cb5e4690c","messageTitle":"Update model and logic to accommodate interview reminders","messageBody":"","fileTypesAndContributionMap":{"functional-code":{"insertions":51,"deletions":3}}}]},{"date":"2022-10-24","commitResults":[{"hash":"0c0a7cfd307a9e2b7dc27cc0fc664e782e3e3ed5","messageTitle":"Make enhancements to reminder feature","messageBody":"","fileTypesAndContributionMap":{"functional-code":{"insertions":43,"deletions":88}}},{"hash":"d8e713885ee7088ae6a062f2855c6f0995cb4ed5","messageTitle":"Fix checkstyle error","messageBody":"","fileTypesAndContributionMap":{"functional-code":{"insertions":36,"deletions":2}}},{"hash":"dbe1b094e472b65b79b62d2ecff9f8843562a20f","messageTitle":"Update command tests","messageBody":"","fileTypesAndContributionMap":{"test-code":{"insertions":23,"deletions":7}}}]},{"date":"2022-10-26","commitResults":[{"hash":"999683cea882929664b495041c5f0d24e24e320b","messageTitle":"Update visibility of method","messageBody":"","fileTypesAndContributionMap":{"functional-code":{"insertions":6,"deletions":11}}}]}],"nmtuan2001":[{"date":"2022-09-28","commitResults":[{"hash":"b3d9130e4b0482d870d8ac41d8803d1685659fe6","messageTitle":"Update AboutUs page for MT","messageBody":"","fileTypesAndContributionMap":{"docs":{"insertions":14,"deletions":24}}},{"hash":"73d84c888dbecb547263ec7e02622d4e253206bb","messageTitle":"Add skeletal PPP for MT","messageBody":"","fileTypesAndContributionMap":{"docs":{"insertions":40,"deletions":47}}},{"hash":"28b34f55af5a7b144a0c34ff9ff50a04603cf4c2","messageTitle":"Update UserGuide Quick Start and Command Summary","messageBody":"","fileTypesAndContributionMap":{"docs":{"insertions":25,"deletions":93}}},{"hash":"f6fb6eb7872cb28bcc8e8bd9f8a3fdad2a182ce4","messageTitle":"Update DeveloperGuide.md","messageBody":"","fileTypesAndContributionMap":{"docs":{"insertions":42,"deletions":13}}}]},{"date":"2022-10-08","commitResults":[{"hash":"02b4bbb58a95749c0e808fecb8085d0452fd37e8","messageTitle":"Update add command to work with applications","messageBody":"","fileTypesAndContributionMap":{"functional-code":{"insertions":216,"deletions":6}}}]},{"date":"2022-10-09","commitResults":[{"hash":"ed433d8ff202e459ddb2d075c3411356d899aebe","messageTitle":"Add ApplicationBuilder, TypicalApplications, and tests for ApplicationAddCommandParser","messageBody":"","fileTypesAndContributionMap":{"functional-code":{"insertions":5,"deletions":6},"test-code":{"insertions":518,"deletions":0}}},{"hash":"66e204323df75efe1e4faad5e8e7c54d20f334e9","messageTitle":"Update UserGuide.md to reflect parameter changes","messageBody":"","fileTypesAndContributionMap":{"docs":{"insertions":5,"deletions":5}}},{"hash":"a56cb37eb1e111957b152224922abb9ea840314b","messageTitle":"Update date format to yyyy-MM-dd","messageBody":"","fileTypesAndContributionMap":{"docs":{"insertions":5,"deletions":5},"test-code":{"insertions":11,"deletions":11}}},{"hash":"a89ab72ca0856bf9f734a4fb9cdf5ce4d1e7d3a4","messageTitle":"Update Parser to accept new parameters (#56)","messageBody":"* Update add command to work with applications\r\n\r\n* Add ApplicationBuilder, TypicalApplications, and tests for ApplicationAddCommandParser\r\n\r\n* Update UserGuide.md to reflect parameter changes\r\n","fileTypesAndContributionMap":{"functional-code":{"insertions":254,"deletions":7},"docs":{"insertions":6,"deletions":6},"test-code":{"insertions":518,"deletions":0}}}]},{"date":"2022-10-13","commitResults":[{"hash":"13d16ee2c82d916a9e351e393eec1f88fa461735","messageTitle":"Add Parser for EditCommand and FindCommand and create tests for Parser (#75)","messageBody":"* Add EditCommandParser and FindCommandParser\r\n\r\n* Update ApplicationBookParser\r\n\r\n* Add all remaining tests for Parser\r\n\r\n* Fix bug in ApplicationBookParser\r\n\r\nCo-authored-by: Tai Tze Kin \u003c90845551+teekaytai@users.noreply.github.com\u003e\r\n\r\nCo-authored-by: Tai Tze Kin \u003c90845551+teekaytai@users.noreply.github.com\u003e","fileTypesAndContributionMap":{"functional-code":{"insertions":110,"deletions":5},"test-code":{"insertions":517,"deletions":6}}}]},{"date":"2022-10-14","commitResults":[{"hash":"b1ee56b74ba40530a6b6d13cf63a253668f129e1","messageTitle":"Fix minor bug from deleting deprecated code","messageBody":"","fileTypesAndContributionMap":{"functional-code":{"insertions":3,"deletions":3}}}]},{"date":"2022-10-19","commitResults":[{"hash":"6bef4feb0dab724a2962b0f4707475163f73326f","messageTitle":"Add VersionedApplicationBook and update ModelManager accordingly","messageBody":"","fileTypesAndContributionMap":{"functional-code":{"insertions":131,"deletions":11}}}]},{"date":"2022-10-20","commitResults":[{"hash":"1e77a41f380ad616487ae97bcd7bc527bec3ef82","messageTitle":"Add UndoCommand and RedoCommand","messageBody":"","fileTypesAndContributionMap":{"functional-code":{"insertions":90,"deletions":1},"test-code":{"insertions":25,"deletions":0}}},{"hash":"2adb31a6adb40a16d8ae0aa384319a971e4f929b","messageTitle":"Update previous command tests to include Model#commitAddressBook()","messageBody":"","fileTypesAndContributionMap":{"test-code":{"insertions":15,"deletions":0}}},{"hash":"af5bee3fbb8ea49d7cbb13663954fcf68781be54","messageTitle":"Fix comments and move Model#commitAddressBook() calls to ModelManager","messageBody":"","fileTypesAndContributionMap":{"functional-code":{"insertions":14,"deletions":14},"test-code":{"insertions":0,"deletions":13}}},{"hash":"d31ae003f08e7b950921d50e3e9c0d4d434063c2","messageTitle":"Add tests for undo and redo commands","messageBody":"","fileTypesAndContributionMap":{"functional-code":{"insertions":15,"deletions":0},"test-code":{"insertions":276,"deletions":1}}},{"hash":"f0d570cad1dc0f78459931228bce67fe8e4dd332","messageTitle":"Integrate undo and redo commands with interview","messageBody":"","fileTypesAndContributionMap":{"functional-code":{"insertions":1716,"deletions":44},"docs":{"insertions":184,"deletions":14},"test-code":{"insertions":714,"deletions":84}}},{"hash":"183a371991034033fe83d5b99b217b96c955f894","messageTitle":"Revert \"Integrate undo and redo commands with interview\"","messageBody":"This reverts commit f0d570cad1dc0f78459931228bce67fe8e4dd332.\n","fileTypesAndContributionMap":{"functional-code":{"insertions":44,"deletions":1716},"docs":{"insertions":14,"deletions":184},"test-code":{"insertions":84,"deletions":714}}},{"hash":"ef98849b836955626cad83657ab743d059c417f4","messageTitle":"Integrate undo and redo commands with interview","messageBody":"","fileTypesAndContributionMap":{"functional-code":{"insertions":7,"deletions":5}}},{"hash":"236806cb44abf3e67179be07895bdd248ba6f1e8","messageTitle":"Update Developer Guide","messageBody":"","fileTypesAndContributionMap":{"docs":{"insertions":61,"deletions":64}}},{"hash":"9d41f5ff0bd8a6ad0cd42e5b999dd7db7e56262d","messageTitle":"Fix interview list not updated bug after edit and clear","messageBody":"","fileTypesAndContributionMap":{"functional-code":{"insertions":2,"deletions":0}}}]},{"date":"2022-10-21","commitResults":[{"hash":"c8d8d96a5ada0bdd27f5cd7528cb77ff42d478c2","messageTitle":"Update EditCommand to avoid two Model#setApplication() calls","messageBody":"","fileTypesAndContributionMap":{"functional-code":{"insertions":7,"deletions":3}}},{"hash":"b58203222df05316d8ae4a3b62dabe7c73535168","messageTitle":"Enable Assertions","messageBody":"","fileTypesAndContributionMap":{"other":{"insertions":4,"deletions":0}}}]},{"date":"2022-10-25","commitResults":[{"hash":"32f0b8251b97b31c594906d3cc6fe5168e227c56","messageTitle":"Add Status to model","messageBody":"","fileTypesAndContributionMap":{"functional-code":{"insertions":225,"deletions":109},"test-code":{"insertions":203,"deletions":129}}}]},{"date":"2022-10-26","commitResults":[{"hash":"4a3a786d15b0be8b611ccff351c5ed28356bda37","messageTitle":"Add status with color to UI","messageBody":"","fileTypesAndContributionMap":{"functional-code":{"insertions":43,"deletions":19}}},{"hash":"7ff310a6a5dded6124d530bf3fa38e6afb097028","messageTitle":"Add test for status field","messageBody":"","fileTypesAndContributionMap":{"test-code":{"insertions":39,"deletions":0}}}]}],"eesung00":[{"date":"2022-09-28","commitResults":[{"hash":"61dbc0dd5adc1e8d2280fb5381a3eee2ae26e096","messageTitle":"Update UserGuide (#27)","messageBody":"","fileTypesAndContributionMap":{"docs":{"insertions":10,"deletions":6}}},{"hash":"b2c921a2a74dfbd1d5080ea42b1e5925057ea9ac","messageTitle":"Update ES AboutUs page (#26)","messageBody":"","fileTypesAndContributionMap":{"docs":{"insertions":6,"deletions":6}}},{"hash":"ec8edb6a2a9fc6dbf97f5f7e18d0ea1a13809456","messageTitle":"Add ES skeletal PPP (#29)","messageBody":"* Add skeletal PPP\r\n\r\n* Update docs/team/eesung00.md\r\n\r\nCo-authored-by: Chee Jer Hong \u003c99940180+jhchee18@users.noreply.github.com\u003e\r\n\r\nCo-authored-by: Chee Jer Hong \u003c99940180+jhchee18@users.noreply.github.com\u003e","fileTypesAndContributionMap":{"docs":{"insertions":40,"deletions":0}}},{"hash":"1b384fce648aea60cb55fcaa592a8a6ccdb3f923","messageTitle":"Update DeveloperGuide\u0027s use case (#30)","messageBody":"","fileTypesAndContributionMap":{"docs":{"insertions":11,"deletions":8}}}]},{"date":"2022-10-06","commitResults":[{"hash":"9a8afe7df543273a60d41486d3aad3a2473c1c89","messageTitle":"Draft the command updates","messageBody":"","fileTypesAndContributionMap":{"functional-code":{"insertions":165,"deletions":1}}}]},{"date":"2022-10-08","commitResults":[{"hash":"2d50e98c22352f68c5dadb81b6b3bbba8927111d","messageTitle":"Update the command to fit CinternS","messageBody":"","fileTypesAndContributionMap":{"functional-code":{"insertions":48,"deletions":24},"other":{"insertions":29,"deletions":25}}},{"hash":"179a71c5d47de7a7dd12928272171217ea3e888d","messageTitle":"Fix line separator issue","messageBody":"","fileTypesAndContributionMap":{"functional-code":{"insertions":181,"deletions":182}}}]},{"date":"2022-10-09","commitResults":[{"hash":"8664b3120a0bbada1cf6414238c6e2f5db560f3a","messageTitle":"Fix comment and add missing date in AddCommand","messageBody":"","fileTypesAndContributionMap":{"functional-code":{"insertions":7,"deletions":7}}},{"hash":"abdeaaaa34ed717f67c2403e2ce2ec2230d69d62","messageTitle":"Fix checkstyle","messageBody":"","fileTypesAndContributionMap":{"functional-code":{"insertions":0,"deletions":1}}},{"hash":"cd97817f9a8e5b59d702cb4ca1195cd29e08f966","messageTitle":"Fix minor bugs","messageBody":"","fileTypesAndContributionMap":{"functional-code":{"insertions":2,"deletions":2}}}]},{"date":"2022-10-10","commitResults":[{"hash":"2f2f017e149b1f3d96bd6d4410aad8b7e6ea5adf","messageTitle":"Update test on storage package","messageBody":"","fileTypesAndContributionMap":{"test-code":{"insertions":354,"deletions":0}}},{"hash":"6431aec812669dff9a52cc89b432964404cdf8ef","messageTitle":"Fix test bug","messageBody":"","fileTypesAndContributionMap":{"functional-code":{"insertions":5,"deletions":7},"test-code":{"insertions":10,"deletions":10}}},{"hash":"c679dca4665ea0cbfab2ac8c3efe1b7b8a60cc0c","messageTitle":"Fix checkstyle","messageBody":"","fileTypesAndContributionMap":{"test-code":{"insertions":0,"deletions":4}}},{"hash":"b379a851c59bdcd6f28abbd9dea9db20366501aa","messageTitle":"Fix list command bug","messageBody":"","fileTypesAndContributionMap":{"functional-code":{"insertions":1,"deletions":1}}}]},{"date":"2022-10-12","commitResults":[{"hash":"0379384c8473bf0de21a59e024aa824074983006","messageTitle":"Update Find and Edit command (#70)","messageBody":"* Refactor edit and find command\r\n\r\n* Refactor filename by removing \u0027Application\u0027\r\n\r\n* Fix line separator issues","fileTypesAndContributionMap":{"functional-code":{"insertions":270,"deletions":0}}}]},{"date":"2022-10-14","commitResults":[{"hash":"37fe35ae3f1b86656538973f124e23558e550401","messageTitle":"Update User Guide","messageBody":"","fileTypesAndContributionMap":{"docs":{"insertions":63,"deletions":7}}},{"hash":"41c45651005bfcb92c3e3eefaec2e20c04397536","messageTitle":"Edit formatting and improve instructions clarity","messageBody":"","fileTypesAndContributionMap":{"docs":{"insertions":3,"deletions":4}}},{"hash":"fc6445dda5fe9b16036b728dbf8f5bed72d4391f","messageTitle":"Delete old classes related to addressbook","messageBody":"","fileTypesAndContributionMap":{"functional-code":{"insertions":0,"deletions":3317},"test-code":{"insertions":22,"deletions":3377}}},{"hash":"5844381ec05847d51b0618673dbdab32f9443de1","messageTitle":"Rename package and delete more old files","messageBody":"","fileTypesAndContributionMap":{"functional-code":{"insertions":0,"deletions":148},"other":{"insertions":742,"deletions":742},"docs":{"insertions":13,"deletions":13},"test-code":{"insertions":3,"deletions":3}}},{"hash":"9a9ec4cb09424071eebbae15ed0a30902ab0851d","messageTitle":"Edit depreciated code","messageBody":"","fileTypesAndContributionMap":{"functional-code":{"insertions":0,"deletions":9},"test-code":{"insertions":1,"deletions":6}}},{"hash":"4afd90e57a347720428d621665c393bf69625692","messageTitle":"Delete address_book icon and modify AppUtilTest","messageBody":"","fileTypesAndContributionMap":{"test-code":{"insertions":1,"deletions":1}}}]},{"date":"2022-10-17","commitResults":[{"hash":"46929eb9954e4529efb6681d760dbdac1330e365","messageTitle":"Create and edit classes for archive feature","messageBody":"","fileTypesAndContributionMap":{"functional-code":{"insertions":445,"deletions":4}}},{"hash":"8c0aa6876825f18f9633a0b80b608ee7eb3f7f23","messageTitle":"Fix initialization showing full list bug","messageBody":"","fileTypesAndContributionMap":{"functional-code":{"insertions":14,"deletions":4}}}]},{"date":"2022-10-18","commitResults":[{"hash":"2c079b69cdf021e073633ddcdcd7f39557555242","messageTitle":"Fix feature usage bug","messageBody":"","fileTypesAndContributionMap":{"functional-code":{"insertions":46,"deletions":8}}}]},{"date":"2022-10-19","commitResults":[{"hash":"cbe19338b1993080d42fd9857efeb7e835957573","messageTitle":"Change implementation of archive feature","messageBody":"","fileTypesAndContributionMap":{"functional-code":{"insertions":66,"deletions":218}}},{"hash":"93bc6bc53f829fb90eeca816ad448a3bc3a87e26","messageTitle":"Add and Update JavaDoc","messageBody":"","fileTypesAndContributionMap":{"functional-code":{"insertions":67,"deletions":19}}}]},{"date":"2022-10-20","commitResults":[{"hash":"a26007c2264acb195e2fd91f4f6ad0467826b6ca","messageTitle":"Update test to pass CI","messageBody":"","fileTypesAndContributionMap":{"test-code":{"insertions":135,"deletions":14}}},{"hash":"7952d9c3625f943cd8c635fd547b39ae714546f4","messageTitle":"Delete one test code to match the archive purpose","messageBody":"","fileTypesAndContributionMap":{"test-code":{"insertions":0,"deletions":19}}},{"hash":"411135f992fb931649c9e90fce48520f2b034c27","messageTitle":"Fix bug after interview add in to make archive and retrieve work","messageBody":"","fileTypesAndContributionMap":{"functional-code":{"insertions":7,"deletions":2}}}]},{"date":"2022-10-21","commitResults":[{"hash":"5d5a2286c9f0e5b3812bd3a348b2760aad28e337","messageTitle":"Update interview sector to fit archive and retrieve application","messageBody":"","fileTypesAndContributionMap":{"functional-code":{"insertions":7,"deletions":1}}},{"hash":"a3c89d50807a7c9fed6e83cc4b42de19d6c6e585","messageTitle":"Improve JavaDoc clarity","messageBody":"","fileTypesAndContributionMap":{"functional-code":{"insertions":2,"deletions":2}}},{"hash":"7b952a729f004442f72c971ef20ef760e328decf","messageTitle":"Update Developer Guide of archive feature","messageBody":"","fileTypesAndContributionMap":{"docs":{"insertions":73,"deletions":2}}},{"hash":"ab5196868333131d1720c1a1ed44bac9bd1b1b06","messageTitle":"Update ModelManager to let undo and redo works on archive feature","messageBody":"","fileTypesAndContributionMap":{"functional-code":{"insertions":2,"deletions":4}}},{"hash":"3ad344b6bbd59816159b96fbaf5133b6b20658c0","messageTitle":"Fix minor issue","messageBody":"","fileTypesAndContributionMap":{"docs":{"insertions":1,"deletions":7}}},{"hash":"c4f350879e45ba9a2c933d14c8b30e3f6102b0b3","messageTitle":"Improve code design","messageBody":"","fileTypesAndContributionMap":{"functional-code":{"insertions":12,"deletions":85},"docs":{"insertions":7,"deletions":7},"test-code":{"insertions":3,"deletions":95}}},{"hash":"4cb62e2dc96ec209bea2b37be1271978aa1e1c27","messageTitle":"Fix minor bug","messageBody":"","fileTypesAndContributionMap":{"functional-code":{"insertions":2,"deletions":2}}}]},{"date":"2022-10-24","commitResults":[{"hash":"32ba896e89821be091485df23dbb7fe3b186bee0","messageTitle":"Add test code for data archiving feature","messageBody":"","fileTypesAndContributionMap":{"functional-code":{"insertions":4,"deletions":4},"other":{"insertions":1,"deletions":1},"test-code":{"insertions":395,"deletions":3}}},{"hash":"0eb57b56ba7c84aa183a4da0d12bf81a0ff25e27","messageTitle":"Fix UI exception bug","messageBody":"","fileTypesAndContributionMap":{"functional-code":{"insertions":5,"deletions":1}}},{"hash":"349701bdcf5302185a259fbe4835b39c6cf8af3e","messageTitle":"Update user guide","messageBody":"","fileTypesAndContributionMap":{"docs":{"insertions":59,"deletions":11}}},{"hash":"2dd29780bc9c0e8632de7ffb735cfdadb4482b1e","messageTitle":"Modify constraints error output for position and tag","messageBody":"","fileTypesAndContributionMap":{"functional-code":{"insertions":3,"deletions":2}}}]},{"date":"2022-10-25","commitResults":[{"hash":"e202f8d6fd6d2c01b4fb76d4325ed87fdd91d7c6","messageTitle":"Add assertions","messageBody":"","fileTypesAndContributionMap":{"functional-code":{"insertions":2,"deletions":0}}},{"hash":"c58b021c754b6df2950225516b9a92991cc029da","messageTitle":"Update docs/UserGuide.md","messageBody":"Co-authored-by: jolynloh \u003clohyuanenjolyn@gmail.com\u003e","fileTypesAndContributionMap":{"docs":{"insertions":1,"deletions":1}}}]},{"date":"2022-10-26","commitResults":[{"hash":"3980428eb8ce5f537184b967c2679caa15a2e20e","messageTitle":"Update UserGuide","messageBody":"","fileTypesAndContributionMap":{"docs":{"insertions":6,"deletions":6}}}]}],"jhchee18":[{"date":"2022-09-20","commitResults":[{"hash":"d1a091743ecba0033ac3093fdb54ce0f2f854446","messageTitle":"Update DeveloperGuide.md","messageBody":"Include use case, add an internship application\n","fileTypesAndContributionMap":{"docs":{"insertions":20,"deletions":1}}},{"hash":"ec46a9a2134ce99db4b717bfc1bd6fb389ad50d8","messageTitle":"Update UserGuide.md","messageBody":"Include feature(list) and qna.\n","fileTypesAndContributionMap":{"docs":{"insertions":16,"deletions":4}}}]},{"date":"2022-09-26","commitResults":[{"hash":"e872780095be4364e3175ed215331bbadb9f04f2","messageTitle":"Add a skeletal PPP","messageBody":"","fileTypesAndContributionMap":{"docs":{"insertions":40,"deletions":0}}},{"hash":"05481f8f26cf13e95e830e3b8536245b8eaf7ff4","messageTitle":"Update AboutUs page","messageBody":"","fileTypesAndContributionMap":{"docs":{"insertions":6,"deletions":6}}},{"hash":"5742b3dee758fba3445179570420c1e129c862b3","messageTitle":"Update README page","messageBody":"Update the link of the GitHub Actions build status badge, acknowledge\nthe original source of the code, update all contents to match our\nown project.\n","fileTypesAndContributionMap":{"docs":{"insertions":8,"deletions":8}}}]},{"date":"2022-09-27","commitResults":[{"hash":"dd44cd394e02998103435990fcd990b7d316e85a","messageTitle":"Modify project title","messageBody":"","fileTypesAndContributionMap":{"docs":{"insertions":1,"deletions":1}}}]},{"date":"2022-10-07","commitResults":[{"hash":"2f0b1ef97a360ec2fba7a07e2a107da8d1aa1653","messageTitle":"Create fields for application model (#53)","messageBody":"* Create new fields for Application\r\n\r\nFour fields are created for now which are CompanyName, ContactNumber,\r\nEmail and Position Applied.\r\n\r\n* Create Application class containing its relevant fields and methods\r\n\r\n* Add Predicate classes for keywords search\r\n\r\nTo be used in FindCommand to assist in keywords search in fields\r\nCompanyName and PositionApplied.\r\n\r\n* Add exceptions for Application class\r\n\r\nThrow when Application does not exist and duplicated Application is\r\nfound\r\n\r\n* Create UniqueApplicationList\r\n\r\nA list of applications that enforces uniqueness between its elements\r\nand does not allow nulls.\r\n\r\n* Rename fields to be shorter\r\n\r\nChange PositionApplied to Position, CompanyName to Company,\r\nContactNumber to Contact. Remove Tags in Application class\r\n\r\n* Add Date field for Application and its test\r\n\r\nStore value of Date in the form of LocalDate\r\n\r\n* Fix trailing whitespace\r\n\r\n* Fix checkstyle error\r\n\r\n* Fix checkstyle error for test\r\n\r\n* Add Date field into Application class\r\n\r\n* Create new fields for Interview class\r\n\r\nInterview is a field for Application\r\n\r\n* Fix Company javadoc\r\n\r\nCo-authored-by: jolynloh \u003clohyuanenjolyn@gmail.com\u003e\r\n\r\n* Fix Contact javadoc\r\n\r\nCo-authored-by: jolynloh \u003clohyuanenjolyn@gmail.com\u003e\r\n\r\n* Fix parseLocalDate with specifying its input format\r\n\r\nNarrow down the possible input format for dateString\r\n\r\n* Add more test for Date class\r\n\r\nCo-authored-by: jolynloh \u003clohyuanenjolyn@gmail.com\u003e","fileTypesAndContributionMap":{"functional-code":{"insertions":982,"deletions":0},"test-code":{"insertions":52,"deletions":0}}}]},{"date":"2022-10-08","commitResults":[{"hash":"f866540bf0afcab0bce3514529a507b107cca9c4","messageTitle":"Change dateString input format validation","messageBody":"Standardize dateString input format so that isValidDate() can be used\nfor the return type of toString() method of LocalDate type instance.\n\nLocalDate toString() return type: String in yyyy-MM-dd format.\nDate isValidDate() take in parameter with same format as above.\n","fileTypesAndContributionMap":{"functional-code":{"insertions":6,"deletions":6},"test-code":{"insertions":17,"deletions":11}}},{"hash":"a75bc98055194e741cb290158f106f260f7552a9","messageTitle":"Standardize dateString input format for InterviewDate","messageBody":"","fileTypesAndContributionMap":{"functional-code":{"insertions":5,"deletions":5}}},{"hash":"5f123315e4b9a943f6d31aa51c74686e0e554e82","messageTitle":"Fix typos","messageBody":"","fileTypesAndContributionMap":{"functional-code":{"insertions":2,"deletions":2}}}]},{"date":"2022-10-09","commitResults":[{"hash":"bfeeb4b58b3195e18406c5b007fdb3af52a9fcb5","messageTitle":"Fix bug in validation","messageBody":"Disallow single digit month and disallow \"/\" and \".\" between year, month\nand date.\n","fileTypesAndContributionMap":{"functional-code":{"insertions":8,"deletions":8},"test-code":{"insertions":2,"deletions":0}}}]},{"date":"2022-10-11","commitResults":[{"hash":"c053f1434a8f7eac52fac30244154ea2f68b6acf","messageTitle":"Add tests for fields in Application","messageBody":"","fileTypesAndContributionMap":{"test-code":{"insertions":188,"deletions":0}}},{"hash":"b802ee18587286678e072b7c0a93c21244c6c692","messageTitle":"Add tests for predicates class","messageBody":"","fileTypesAndContributionMap":{"test-code":{"insertions":148,"deletions":0}}},{"hash":"4f6a252bee355303baa26a3a2d77f5aaebfefd87","messageTitle":"Add test for UniqueApplicationList","messageBody":"","fileTypesAndContributionMap":{"test-code":{"insertions":169,"deletions":0}}},{"hash":"2aa4dbcb10166d4b5f80c097e1fe3090761fe12e","messageTitle":"Fix checkstyle error","messageBody":"","fileTypesAndContributionMap":{"test-code":{"insertions":66,"deletions":48}}},{"hash":"eba743397a20891b1209a1e240d66b6ccc198b14","messageTitle":"Add test for ApplicationBook","messageBody":"","fileTypesAndContributionMap":{"test-code":{"insertions":120,"deletions":0}}},{"hash":"b281a83f89c44cb6609c808fd68590c25cbaec1d","messageTitle":"Add test for ModelManager","messageBody":"","fileTypesAndContributionMap":{"test-code":{"insertions":147,"deletions":0}}},{"hash":"18507b9b966f1ee7296f8b7924de9e1f90b5cae9","messageTitle":"Fix checkstyle error","messageBody":"","fileTypesAndContributionMap":{"test-code":{"insertions":2,"deletions":2}}},{"hash":"3d83d6ce4a0fba53876742020c4ddb1ac50d1149","messageTitle":"Add ApplicationBookBuilder","messageBody":"","fileTypesAndContributionMap":{"test-code":{"insertions":34,"deletions":0}}},{"hash":"4ee647f64c9b271fa901b68e6b51cc831b0fffb1","messageTitle":"Change Remark class in Interview to Location","messageBody":"","fileTypesAndContributionMap":{"functional-code":{"insertions":11,"deletions":11},"other":{"insertions":15,"deletions":15}}}]},{"date":"2022-10-12","commitResults":[{"hash":"d6c292e5a9b45c982df7acc50ed8b46372d7f065","messageTitle":"Include Interview as one of the fields of Application","messageBody":"","fileTypesAndContributionMap":{"functional-code":{"insertions":16,"deletions":7}}},{"hash":"c2cbc9fa5980c6c3f6424978f630daad60091db0","messageTitle":"Update sample data to include Interview","messageBody":"","fileTypesAndContributionMap":{"functional-code":{"insertions":26,"deletions":6}}},{"hash":"1fd7cad105ba849efc6ef4fd4f56d2ad539a0198","messageTitle":"Add method to check for duplication of Interview","messageBody":"","fileTypesAndContributionMap":{"functional-code":{"insertions":51,"deletions":1}}},{"hash":"96c90e2c55bc269269e2a12ae945b84fcd7622cf","messageTitle":"Add exception for duplicated Interview","messageBody":"","fileTypesAndContributionMap":{"functional-code":{"insertions":11,"deletions":0}}},{"hash":"01963f6d12e96865978a01e0be87d3264991e09d","messageTitle":"Add safeguards to avoid duplicated Interview to be in the ApplicationBook","messageBody":"An interview is considered to be duplication if it has the same\nInterviewDate and InterviewTime as another Interview exists in the\nApplicationBook.\n","fileTypesAndContributionMap":{"functional-code":{"insertions":8,"deletions":0}}},{"hash":"5488f63c6d786e5638330a0162c5fad834348498","messageTitle":"Fix InterviewDate conversion in correct format","messageBody":"","fileTypesAndContributionMap":{"functional-code":{"insertions":1,"deletions":1}}},{"hash":"c1f2a569d6d75072ccd5fece2269c8b93277e6eb","messageTitle":"Add test for InterviewDate","messageBody":"","fileTypesAndContributionMap":{"test-code":{"insertions":60,"deletions":0}}},{"hash":"9d739239ef50245035cc8691cccef30ad87c1d9e","messageTitle":"Allow Interview inside Application to be empty","messageBody":"Warp Optional around Interview.\n","fileTypesAndContributionMap":{"functional-code":{"insertions":27,"deletions":6}}}]},{"date":"2022-10-13","commitResults":[{"hash":"a17336139921da890eb996c7d4904d004f10efdc","messageTitle":"Delete Interview fields for this iteration","messageBody":"To be added back in next iteration to avoid depth-first implementations.\n","fileTypesAndContributionMap":{"functional-code":{"insertions":0,"deletions":348}}}]},{"date":"2022-10-14","commitResults":[{"hash":"b9b59802453b01a984a77b0d4b5f6a0008b2fe25","messageTitle":"Fix Date display bug in UI","messageBody":"Display in format of MMM dd yyyy instead of yyyy-MM-dd.\n\nRemove date.value.toString(), use toString() method in Date directly,\ninstead of LocalDate\n","fileTypesAndContributionMap":{"functional-code":{"insertions":1,"deletions":1}}}]},{"date":"2022-10-15","commitResults":[{"hash":"cf2e6c95262472443fd8bf02dda302154361ec19","messageTitle":"Remove the usage of * wildcard on imports","messageBody":"","fileTypesAndContributionMap":{"functional-code":{"insertions":13,"deletions":3}}}]},{"date":"2022-10-16","commitResults":[{"hash":"886663c91b086493d2e11a1ee332a057f37eeaf1","messageTitle":"Add additional check for Interview to avoid interview duplication","messageBody":"","fileTypesAndContributionMap":{"functional-code":{"insertions":14,"deletions":0}}},{"hash":"c327d687a0386e7e3763571a9395752859ec7b92","messageTitle":"Add additional check to ensure Interview is unique","messageBody":"","fileTypesAndContributionMap":{"functional-code":{"insertions":23,"deletions":9}}},{"hash":"dce1deeba042cb6fffbd632f7109fb593856e44a","messageTitle":"Enable parsing of Interview and its relevant fields","messageBody":"","fileTypesAndContributionMap":{"functional-code":{"insertions":140,"deletions":0}}},{"hash":"035e01fd8366b7558ab55bf3b1691e9b232c5c00","messageTitle":"Add AddInterviewCommand","messageBody":"","fileTypesAndContributionMap":{"functional-code":{"insertions":85,"deletions":0}}},{"hash":"500061a16daad38ab36067498838fdab03e2d3ab","messageTitle":"Update Application to contain Interview and its fields","messageBody":"Create overloading constructor for Application.\n","fileTypesAndContributionMap":{"functional-code":{"insertions":44,"deletions":12}}},{"hash":"3fc2f7689149abe88fcfabcb214662f8c2ab0ced","messageTitle":"Update sample data","messageBody":"","fileTypesAndContributionMap":{"functional-code":{"insertions":39,"deletions":22}}},{"hash":"698f2b4e53b575189b46f46ea5f8bb65fb452d65","messageTitle":"Include Interview and its fields in Json conversion","messageBody":"","fileTypesAndContributionMap":{"functional-code":{"insertions":107,"deletions":3}}},{"hash":"e9a96901eb208bc7ead8d4c88d248943543f0a3b","messageTitle":"Update ApplicationBook to ensure unique Interview","messageBody":"","fileTypesAndContributionMap":{"functional-code":{"insertions":10,"deletions":0}}},{"hash":"bc69961370a90abbb35c43e5c84c50cba2425d01","messageTitle":"Update Tests for Interview","messageBody":"","fileTypesAndContributionMap":{"test-code":{"insertions":74,"deletions":1}}},{"hash":"3bd6bd71f78c2107d2de53ea37e28678add61179","messageTitle":"Creat UI for Interview","messageBody":"","fileTypesAndContributionMap":{"functional-code":{"insertions":39,"deletions":0}}}]},{"date":"2022-10-18","commitResults":[{"hash":"4cf71b1fa5eac08227d53ccc762ea2669cbe6029","messageTitle":"Update UI to include interview list","messageBody":"","fileTypesAndContributionMap":{"functional-code":{"insertions":242,"deletions":58}}},{"hash":"ad61829d375ca47488050d643bc921db3820f789","messageTitle":"Update model and logic section","messageBody":"To ensure the update and retrieval of the interview list is correct and\nupdated immediately.\n","fileTypesAndContributionMap":{"functional-code":{"insertions":106,"deletions":10}}},{"hash":"5e9bfa7ecb656aa47bf4b489a87d0830f68201d6","messageTitle":"Add constraints to interview","messageBody":"Ensure interview is valid, i.e. interview date should be later than\napplied date.\n\nEnsure list has no duplicate interview, i.e. interview cannot has\nclashing date and time as another interview within one hour range of\ntime.\n","fileTypesAndContributionMap":{"functional-code":{"insertions":73,"deletions":17}}},{"hash":"0637d285cb847475c85c88660f28211a62958cbc","messageTitle":"Refine AddInterviewCommand to accommodate for editing of Interview","messageBody":"","fileTypesAndContributionMap":{"functional-code":{"insertions":25,"deletions":13}}},{"hash":"85bdc8ca77138b75f49cfd0c4c56889d9cdc2726","messageTitle":"Enable deletion of Interview from its linked Application","messageBody":"","fileTypesAndContributionMap":{"functional-code":{"insertions":93,"deletions":0}}},{"hash":"32c2e634356f86c695eec08db5469288a7956843","messageTitle":"Update EditCommand to ensure Interview remains the same after editing","messageBody":"","fileTypesAndContributionMap":{"functional-code":{"insertions":6,"deletions":0}}},{"hash":"4004b4ce1c4370e3828afd6cd708168d524bef33","messageTitle":"Add Comparator for Application to sort Interview by its date and time","messageBody":"","fileTypesAndContributionMap":{"functional-code":{"insertions":24,"deletions":0}}}]},{"date":"2022-10-19","commitResults":[{"hash":"3882e80a57b39de71e2eb164d46f6a4bd6d7074a","messageTitle":"Update test to get rid of error induced by Interview","messageBody":"","fileTypesAndContributionMap":{"test-code":{"insertions":221,"deletions":21}}},{"hash":"531adb1da52a890dc055f986dff201e03a06f9b5","messageTitle":"Update test","messageBody":"","fileTypesAndContributionMap":{"test-code":{"insertions":16,"deletions":0}}},{"hash":"cfe59b54688bef4bde5222bee199c03e410d5bda","messageTitle":"Fix trailing whitespace","messageBody":"","fileTypesAndContributionMap":{"functional-code":{"insertions":0,"deletions":1}}},{"hash":"e9bf02bb50381e6009fd90a40f113a12877f0905","messageTitle":"Update developer guide","messageBody":"","fileTypesAndContributionMap":{"docs":{"insertions":158,"deletions":0}}},{"hash":"5321ff272ad57ca2978a07666e12b00afb8e65d7","messageTitle":"Fix typos","messageBody":"","fileTypesAndContributionMap":{"docs":{"insertions":4,"deletions":4}}},{"hash":"863f428c2a9e0e1562f53d6bf1efc87688982263","messageTitle":"Fix tests to pass current implementation","messageBody":"","fileTypesAndContributionMap":{"functional-code":{"insertions":1,"deletions":1},"test-code":{"insertions":46,"deletions":21}}}]},{"date":"2022-10-20","commitResults":[{"hash":"8a4be092a91fc5363a64d1267d1883e09bcffa75","messageTitle":"Changes for sequence diagram and Developer Guide","messageBody":"","fileTypesAndContributionMap":{"docs":{"insertions":9,"deletions":8}}},{"hash":"8fa5f2cb0ec4bdd773a2df1ea2364c88ef253488","messageTitle":"Allow bypass of the Interview itself when checking for duplicates","messageBody":"","fileTypesAndContributionMap":{"functional-code":{"insertions":1,"deletions":1}}}]},{"date":"2022-10-24","commitResults":[{"hash":"dae87a63947bb707a41bdb87772535b788b93617","messageTitle":"Add tests for Interview and its relevant fields","messageBody":"","fileTypesAndContributionMap":{"functional-code":{"insertions":20,"deletions":11},"test-code":{"insertions":228,"deletions":29}}},{"hash":"7b17f26fc13d1437e3ee95b1d4432ab33899431d","messageTitle":"Add tests for InterviewCommands","messageBody":"","fileTypesAndContributionMap":{"functional-code":{"insertions":7,"deletions":4},"test-code":{"insertions":463,"deletions":9}}},{"hash":"74cd9b3633a7677e5dfbcfd1c10359e9be768d84","messageTitle":"Add tests for Interview Parsers","messageBody":"","fileTypesAndContributionMap":{"test-code":{"insertions":83,"deletions":135}}}]},{"date":"2022-10-25","commitResults":[{"hash":"f88eaad96c7a9c2b50d0ba02b332b9f6a37c0eff","messageTitle":"Fix checkstyle error","messageBody":"","fileTypesAndContributionMap":{"test-code":{"insertions":103,"deletions":98}}},{"hash":"f4c341e6d26b81b966765585a28a4a755fe97fb2","messageTitle":"Update user guide to include add interview and remove interview commands","messageBody":"","fileTypesAndContributionMap":{"docs":{"insertions":38,"deletions":2}}}]},{"date":"2022-10-26","commitResults":[{"hash":"1b43721248619bac6530156a57ab6c3dac3d858d","messageTitle":"Update user guide","messageBody":"","fileTypesAndContributionMap":{"docs":{"insertions":34,"deletions":26}}},{"hash":"82531e5b1793ba9136e7662ad3711bc861e75dc0","messageTitle":"Remove title","messageBody":"The existing user guide has duplicated title\n","fileTypesAndContributionMap":{"docs":{"insertions":0,"deletions":1}}},{"hash":"ba48bdb7dae0545117c51b86f18f313ce2cf6b2e","messageTitle":"Add new button to navigate to the User Guide in browser","messageBody":"","fileTypesAndContributionMap":{"functional-code":{"insertions":28,"deletions":5}}},{"hash":"1f3435c3e4f9bb1e010104b464eac1d76e511478","messageTitle":"Update user guide on the new open web browser feature","messageBody":"","fileTypesAndContributionMap":{"docs":{"insertions":5,"deletions":2}}},{"hash":"0c91fdf41bb49ee9c78da4e18e198dd27e145a16","messageTitle":"Fix checkstyle error","messageBody":"","fileTypesAndContributionMap":{"functional-code":{"insertions":1,"deletions":1}}},{"hash":"e462284af1564f2b41cfa241fa5b9ed316cf2271","messageTitle":"Fix missing term","messageBody":"","fileTypesAndContributionMap":{"docs":{"insertions":1,"deletions":1}}},{"hash":"fa6ec029554c9e960ba1b4a0869f777b5496fdae","messageTitle":"Refactor `deleteCommand` to `removeCommand`","messageBody":"","fileTypesAndContributionMap":{"functional-code":{"insertions":3,"deletions":3},"other":{"insertions":42,"deletions":42}}}]}],"teekaytai":[{"date":"2022-09-27","commitResults":[{"hash":"fa46304fb50f16f7ed2829a908cecb55adc192a1","messageTitle":"Update AboutUs for Tze Kin","messageBody":"","fileTypesAndContributionMap":{"docs":{"insertions":6,"deletions":6}}},{"hash":"02e6877dcbc614fcf0aa45ceccf5152fb136b55d","messageTitle":"Update user guide","messageBody":"","fileTypesAndContributionMap":{"docs":{"insertions":13,"deletions":5}}},{"hash":"6dd2bdb17cf3f4e9803274cfe9356f9c862233d8","messageTitle":"Add skeletal PPP for Tze Kin","messageBody":"","fileTypesAndContributionMap":{"docs":{"insertions":33,"deletions":0}}},{"hash":"2a442ab703f80dca467723f41e4dd3cb61c99199","messageTitle":"Update developer guide","messageBody":"","fileTypesAndContributionMap":{"docs":{"insertions":15,"deletions":18}}}]},{"date":"2022-10-07","commitResults":[{"hash":"8ec0e8d6df1ebded0ee4d1d49aca35203dd635fa","messageTitle":"Change address book file path to application book","messageBody":"","fileTypesAndContributionMap":{"functional-code":{"insertions":34,"deletions":34},"test-code":{"insertions":15,"deletions":15}}},{"hash":"8b639665a70fa382ad0ff4e1ef9d50c9f1a1277a","messageTitle":"Create ApplicationBook and ApplicationModel","messageBody":"","fileTypesAndContributionMap":{"functional-code":{"insertions":376,"deletions":0}}}]},{"date":"2022-10-10","commitResults":[{"hash":"e8103f29c7254423e3cb11c69c54cfaf9347d98f","messageTitle":"Rename old classes to prevent naming conflicts","messageBody":"","fileTypesAndContributionMap":{"functional-code":{"insertions":31,"deletions":31},"other":{"insertions":475,"deletions":474},"test-code":{"insertions":222,"deletions":222}}},{"hash":"c26ca81e831611404e8eb633e5b2a2396bdef8dd","messageTitle":"Rename new classes","messageBody":"","fileTypesAndContributionMap":{"functional-code":{"insertions":16,"deletions":16},"other":{"insertions":205,"deletions":204},"test-code":{"insertions":17,"deletions":17}}}]},{"date":"2022-10-11","commitResults":[{"hash":"bba15378cd615c68f5f99538214694852d543f19","messageTitle":"Edit comments","messageBody":"","fileTypesAndContributionMap":{"functional-code":{"insertions":4,"deletions":4},"test-code":{"insertions":1,"deletions":1}}},{"hash":"5424d2357977b672fa07a86bab29508d2adbd0ef","messageTitle":"Fix checkstyle errors","messageBody":"","fileTypesAndContributionMap":{"functional-code":{"insertions":5,"deletions":5},"test-code":{"insertions":12,"deletions":9}}},{"hash":"a39c2d4cb92f5dc00b0fad23e25e9211750360b8","messageTitle":"Change LogsCenter LOG_FILE","messageBody":"","fileTypesAndContributionMap":{"functional-code":{"insertions":1,"deletions":1}}},{"hash":"9d54eca83a8e798094c58d758f4eabc664f7b3b7","messageTitle":"Fix CommandResultTest and UiPartTest","messageBody":"","fileTypesAndContributionMap":{"other":{"insertions":2,"deletions":2}}},{"hash":"380a1d1058182e735150818a897922e79b242591","messageTitle":"Rename ApplicationCommandParserTestUtil","messageBody":"","fileTypesAndContributionMap":{"other":{"insertions":1,"deletions":1},"test-code":{"insertions":2,"deletions":2}}},{"hash":"18a6aea911e49cd0d04c88601b47e5c36f6f6808","messageTitle":"Add ClearCommand and ClearCommandTest","messageBody":"","fileTypesAndContributionMap":{"functional-code":{"insertions":27,"deletions":0},"test-code":{"insertions":32,"deletions":0}}},{"hash":"cd504293b7bbcde3081720a44c921ef08e048e3c","messageTitle":"Add HelpCommand and HelpCommandTest","messageBody":"","fileTypesAndContributionMap":{"functional-code":{"insertions":33,"deletions":9},"test-code":{"insertions":20,"deletions":0}}},{"hash":"86ed42f1f6acb6828381f869244700250c8802cc","messageTitle":"Fix clear command message","messageBody":"Co-authored-by: Chee Jer Hong \u003c99940180+jhchee18@users.noreply.github.com\u003e","fileTypesAndContributionMap":{"functional-code":{"insertions":1,"deletions":1}}}]},{"date":"2022-10-12","commitResults":[{"hash":"50e7595f742d6fe6c2088a4d86292ab4ef10e2a5","messageTitle":"Add missing spaces to AddCommand usage message","messageBody":"","fileTypesAndContributionMap":{"functional-code":{"insertions":2,"deletions":2}}}]},{"date":"2022-10-14","commitResults":[{"hash":"b0829679d5b65c9da6034e8987d28280db3365bd","messageTitle":"Edit Date class to use DateTimeFormatter","messageBody":"","fileTypesAndContributionMap":{"functional-code":{"insertions":18,"deletions":10}}},{"hash":"aa5ff168f41cd332e563f7d037e1eae198f95a0a","messageTitle":"Create ApplicationUtil","messageBody":"","fileTypesAndContributionMap":{"test-code":{"insertions":48,"deletions":0}}},{"hash":"1500372c7bf84ceaaf9a427d695b9c1c824ef706","messageTitle":"Create ApplicationBookParserTest","messageBody":"","fileTypesAndContributionMap":{"test-code":{"insertions":103,"deletions":0}}},{"hash":"e1d9307a5fdcd80ca0abb83b1126eadee6739e13","messageTitle":"Create LogicManagerTest","messageBody":"","fileTypesAndContributionMap":{"test-code":{"insertions":163,"deletions":0}}},{"hash":"c2450d8dcfa2c1f87ffe9885e5dd3826fd5a52e4","messageTitle":"Create ApplicationTest","messageBody":"","fileTypesAndContributionMap":{"test-code":{"insertions":101,"deletions":0}}},{"hash":"006cc4757dc7ab0c9d55f51c79403fe47738a088","messageTitle":"Date class: improve code quality","messageBody":"","fileTypesAndContributionMap":{"functional-code":{"insertions":6,"deletions":6}}},{"hash":"2d18408d962eaeb502f1fe46489007a5a7cdee4d","messageTitle":"Make various minor changes","messageBody":"","fileTypesAndContributionMap":{"functional-code":{"insertions":6,"deletions":5},"test-code":{"insertions":11,"deletions":11}}},{"hash":"a2c4349e796caf3c9f23a0cabc35434dd6bbd500","messageTitle":"Edit CommandTestUtil invalid examples","messageBody":"","fileTypesAndContributionMap":{"test-code":{"insertions":2,"deletions":2}}}]},{"date":"2022-10-19","commitResults":[{"hash":"93a6d0e0d8e56180d30611a679ca9e59d291e11e","messageTitle":"Rename remaining \"address\" instances","messageBody":"","fileTypesAndContributionMap":{"functional-code":{"insertions":2,"deletions":2},"other":{"insertions":2,"deletions":2}}},{"hash":"c419efce639fa03508a8e42de16e3c9358d933cc","messageTitle":"Add sorting ability to Model","messageBody":"","fileTypesAndContributionMap":{"functional-code":{"insertions":73,"deletions":6},"test-code":{"insertions":15,"deletions":0}}},{"hash":"93fd048e3e00dc357f616444179ced1a15d41b24","messageTitle":"Create sort commands","messageBody":"","fileTypesAndContributionMap":{"functional-code":{"insertions":97,"deletions":0}}},{"hash":"917d2c0cbb5b3ae34b8f9dc3ce8ea010abaf499a","messageTitle":"Implement sort command parsing","messageBody":"","fileTypesAndContributionMap":{"functional-code":{"insertions":71,"deletions":0}}},{"hash":"947398c3efa4152525968d7d5cab79313398a8e7","messageTitle":"Add tests for sort commands","messageBody":"","fileTypesAndContributionMap":{"test-code":{"insertions":126,"deletions":0}}},{"hash":"71ce161b56e64c811a8490ed06af07a3e7f76577","messageTitle":"Add new tests for ModelManager","messageBody":"","fileTypesAndContributionMap":{"test-code":{"insertions":67,"deletions":0}}},{"hash":"d9d712027b35f5eb6e46dfdb945690e799dfc261","messageTitle":"Make sort command parser case-insensitive","messageBody":"","fileTypesAndContributionMap":{"functional-code":{"insertions":1,"deletions":1}}},{"hash":"45d254c4c392ed763f07a67ec881276df9d74645","messageTitle":"Make Company and Position comparison case-insensitive","messageBody":"","fileTypesAndContributionMap":{"functional-code":{"insertions":2,"deletions":2}}},{"hash":"76db812c7ebaf9124887b58ca813f294c8656359","messageTitle":"Add tests for Company and Position comparison","messageBody":"","fileTypesAndContributionMap":{"test-code":{"insertions":35,"deletions":0}}},{"hash":"8a56736e7319faaf6aa02f873291e6d1229aef33","messageTitle":"Add equals method for sort commands","messageBody":"","fileTypesAndContributionMap":{"functional-code":{"insertions":21,"deletions":0}}},{"hash":"c415c072eedf09b009edaacdbed5c49f18bd3e1d","messageTitle":"Add tests for equals method for sort commands","messageBody":"","fileTypesAndContributionMap":{"test-code":{"insertions":84,"deletions":0}}},{"hash":"f701dfae42d664686abd609797870d21c9d730bc","messageTitle":"Add tests for SortCommandParser","messageBody":"","fileTypesAndContributionMap":{"test-code":{"insertions":81,"deletions":0}}},{"hash":"03037f4fb2c9ae753242af33c02efc8ae2ab87fa","messageTitle":"Add tests for Date comparison","messageBody":"","fileTypesAndContributionMap":{"test-code":{"insertions":8,"deletions":0}}},{"hash":"038caa5c3306a6af9aa42d03902cc93ebe5c1404","messageTitle":"Add sort command test to ApplicationBookParserTest","messageBody":"","fileTypesAndContributionMap":{"test-code":{"insertions":11,"deletions":0}}}]},{"date":"2022-10-20","commitResults":[{"hash":"979be8efc915de88800705ce6e57820ca8a753cd","messageTitle":"Move order keywords to SortCommand subclasses","messageBody":"","fileTypesAndContributionMap":{"functional-code":{"insertions":7,"deletions":7}}},{"hash":"6cf53272c8b31c7de1345b9e87522c0e1af25244","messageTitle":"Edit javadoc comment return value to lowercase","messageBody":"","fileTypesAndContributionMap":{"functional-code":{"insertions":1,"deletions":1}}}]},{"date":"2022-10-21","commitResults":[{"hash":"2713fb03812531050e71b403944e62fb8afc0aab","messageTitle":"Add sorting feature to developer guide","messageBody":"","fileTypesAndContributionMap":{"docs":{"insertions":142,"deletions":0}}},{"hash":"3e10e8f6e7d3af0724f757ce1d6e8ebe646b2609","messageTitle":"Add sorting feature constraints","messageBody":"","fileTypesAndContributionMap":{"docs":{"insertions":4,"deletions":0}}},{"hash":"85cfd621f40055cb6ccbeb0b9004c1616bd71006","messageTitle":"Improve sort sequence diagram to show alt paths","messageBody":"","fileTypesAndContributionMap":{"docs":{"insertions":55,"deletions":12}}}]},{"date":"2022-10-24","commitResults":[{"hash":"cc2be3e79bce9087e4b2e128ef1b1baa4d234ebf","messageTitle":"Add sortApplicationListByInterview to Model","messageBody":"","fileTypesAndContributionMap":{"functional-code":{"insertions":86,"deletions":51},"test-code":{"insertions":14,"deletions":9}}},{"hash":"2cb78f2e37e0c55c198dc9a7efbf909de3815f5a","messageTitle":"Add SortByInterviewCommand","messageBody":"","fileTypesAndContributionMap":{"functional-code":{"insertions":34,"deletions":0}}},{"hash":"07bd0aeafca93928169581039ea5f84c957e4ca5","messageTitle":"Add SortByInterviewCommandTest","messageBody":"","fileTypesAndContributionMap":{"test-code":{"insertions":70,"deletions":0}}},{"hash":"f34393e5a4b5d569d3a902035e8bc897dec32626","messageTitle":"Update SortCommandParserTest","messageBody":"","fileTypesAndContributionMap":{"test-code":{"insertions":15,"deletions":0}}},{"hash":"ba07c16ecfa80ec565593add5aab6b403a0cf055","messageTitle":"Update ModelManagerTest","messageBody":"","fileTypesAndContributionMap":{"test-code":{"insertions":63,"deletions":6}}},{"hash":"43446bed0be102620e2101321cb8d4fa7f2cfb01","messageTitle":"Add defensive null checks","messageBody":"","fileTypesAndContributionMap":{"functional-code":{"insertions":12,"deletions":0}}}]}]},"authorFileTypeContributionMap":{"jolynloh":{"docs":71,"functional-code":1158,"test-code":897},"nmtuan2001":{"docs":168,"functional-code":653,"test-code":1187,"other":5},"eesung00":{"docs":223,"functional-code":1035,"test-code":1118,"other":1},"jhchee18":{"docs":276,"functional-code":1894,"test-code":1726},"teekaytai":{"docs":252,"functional-code":799,"test-code":864,"other":1}},"authorContributionVariance":{"jolynloh":99601.25,"nmtuan2001":927721.7,"eesung00":1699181.6,"jhchee18":84677.66,"teekaytai":107863.78},"authorDisplayNameMap":{"jolynloh":"CS2103-F14-3 LOH ..OLYN","nmtuan2001":"CS2103-F14-3 NGUY..TUAN","eesung00":"CS2103-F14-3 SIEW..SUNG","jhchee18":"CS2103-F14-3 CHEE..HONG","teekaytai":"CS2103-F14-3 TAI .. KIN"}}
