{"authorDailyContributionsMap":{"jolynloh":[{"date":"2022-09-24","commitResults":[{"hash":"652ca191fe8a8d3113759233c8e986442642ace0","messageTitle":"Update AboutUs page","messageBody":"","fileTypesAndContributionMap":{"docs":{"insertions":5,"deletions":5}}},{"hash":"5b26763c7089f2edae9a4e6754197defadd02630","messageTitle":"Update user guide","messageBody":"","fileTypesAndContributionMap":{"docs":{"insertions":18,"deletions":27}}}]},{"date":"2022-09-25","commitResults":[{"hash":"b3c2f652c64e8b7ab8f582c341101025454cace9","messageTitle":"Add PPP","messageBody":"","fileTypesAndContributionMap":{"docs":{"insertions":25,"deletions":0}}},{"hash":"273865819ca27c998a7aae307364fdc80a4ef45a","messageTitle":"Update PPP","messageBody":"","fileTypesAndContributionMap":{"docs":{"insertions":1,"deletions":1}}},{"hash":"1dffb8cd77eec9a53f41769af770c94e93f4f6f6","messageTitle":"Update developer guide","messageBody":"","fileTypesAndContributionMap":{"docs":{"insertions":8,"deletions":7}}}]}],"nmtuan2001":[],"eesung00":[],"jhchee18":[{"date":"2022-09-20","commitResults":[{"hash":"d1a091743ecba0033ac3093fdb54ce0f2f854446","messageTitle":"Update DeveloperGuide.md","messageBody":"Include use case, add an internship application\n","fileTypesAndContributionMap":{"docs":{"insertions":20,"deletions":1}}},{"hash":"ec46a9a2134ce99db4b717bfc1bd6fb389ad50d8","messageTitle":"Update UserGuide.md","messageBody":"Include feature(list) and qna.\n","fileTypesAndContributionMap":{"docs":{"insertions":16,"deletions":4}}}]},{"date":"2022-09-26","commitResults":[{"hash":"e872780095be4364e3175ed215331bbadb9f04f2","messageTitle":"Add a skeletal PPP","messageBody":"","fileTypesAndContributionMap":{"docs":{"insertions":40,"deletions":0}}},{"hash":"05481f8f26cf13e95e830e3b8536245b8eaf7ff4","messageTitle":"Update AboutUs page","messageBody":"","fileTypesAndContributionMap":{"docs":{"insertions":6,"deletions":6}}},{"hash":"5742b3dee758fba3445179570420c1e129c862b3","messageTitle":"Update README page","messageBody":"Update the link of the GitHub Actions build status badge, acknowledge\nthe original source of the code, update all contents to match our\nown project.\n","fileTypesAndContributionMap":{"docs":{"insertions":8,"deletions":8}}}]},{"date":"2022-09-27","commitResults":[{"hash":"dd44cd394e02998103435990fcd990b7d316e85a","messageTitle":"Modify project title","messageBody":"","fileTypesAndContributionMap":{"docs":{"insertions":1,"deletions":1}}}]}],"teekaytai":[{"date":"2022-09-27","commitResults":[{"hash":"fa46304fb50f16f7ed2829a908cecb55adc192a1","messageTitle":"Update AboutUs for Tze Kin","messageBody":"","fileTypesAndContributionMap":{"docs":{"insertions":6,"deletions":6}}},{"hash":"02e6877dcbc614fcf0aa45ceccf5152fb136b55d","messageTitle":"Update user guide","messageBody":"","fileTypesAndContributionMap":{"docs":{"insertions":13,"deletions":5}}},{"hash":"6dd2bdb17cf3f4e9803274cfe9356f9c862233d8","messageTitle":"Add skeletal PPP for Tze Kin","messageBody":"","fileTypesAndContributionMap":{"docs":{"insertions":33,"deletions":0}}},{"hash":"2a442ab703f80dca467723f41e4dd3cb61c99199","messageTitle":"Update developer guide","messageBody":"","fileTypesAndContributionMap":{"docs":{"insertions":15,"deletions":18}}}]}]},"authorFileTypeContributionMap":{"jolynloh":{"docs":49,"functional-code":0,"test-code":0},"nmtuan2001":{"docs":0,"functional-code":0,"test-code":0,"other":1},"eesung00":{"docs":0,"functional-code":0,"test-code":0},"jhchee18":{"docs":88,"functional-code":0,"test-code":0},"teekaytai":{"docs":66,"functional-code":0,"test-code":0}},"authorContributionVariance":{"jolynloh":333.74307,"nmtuan2001":0.0,"eesung00":0.0,"jhchee18":440.1875,"teekaytai":704.0},"authorDisplayNameMap":{"jolynloh":"CS2103-F14-3 LOH ..OLYN","nmtuan2001":"CS2103-F14-3 NGUY..TUAN","eesung00":"CS2103-F14-3 SIEW..SUNG","jhchee18":"CS2103-F14-3 CHEE..HONG","teekaytai":"CS2103-F14-3 TAI .. KIN"}}
