{"authorDailyContributionsMap":{"gowribhat":[{"date":"2022-09-20","commitResults":[{"hash":"18937f6791f91b315584411eb91f57fa9e0add5f","messageTitle":"Update AboutUs.md","messageBody":"","fileTypesAndContributionMap":{"docs":{"insertions":50,"deletions":4}}}]},{"date":"2022-10-08","commitResults":[{"hash":"5a6aee95b3e1e739492e9226f1605767452fa66f","messageTitle":"Add class command","messageBody":"","fileTypesAndContributionMap":{"functional-code":{"insertions":209,"deletions":12},"test-code":{"insertions":19,"deletions":14}}}]},{"date":"2022-10-09","commitResults":[{"hash":"caccfe38843c8caf7cd1258497b5fc2a86ba39b8","messageTitle":"Update edit command to edit class field","messageBody":"","fileTypesAndContributionMap":{"functional-code":{"insertions":34,"deletions":13}}},{"hash":"a56e32490a050a02bf2fda3f8e6933f675dfa749","messageTitle":"Update add command to add student with class","messageBody":"","fileTypesAndContributionMap":{"functional-code":{"insertions":9,"deletions":3}}}]},{"date":"2022-10-10","commitResults":[{"hash":"c6afad95730192ac673c5a7aa6bbb4909867c8aa","messageTitle":"Update existing tests to include class group","messageBody":"","fileTypesAndContributionMap":{"functional-code":{"insertions":36,"deletions":14},"test-code":{"insertions":83,"deletions":43}}},{"hash":"7138bdf62c348e90185d39cf8a53bdb6ce087f6c","messageTitle":"Add tests for ClassGroup","messageBody":"","fileTypesAndContributionMap":{"test-code":{"insertions":230,"deletions":1}}},{"hash":"006d995bda0f458f2a877890fb1bf8dbb6eae799","messageTitle":"Fix checkstyle errors","messageBody":"","fileTypesAndContributionMap":{"test-code":{"insertions":14,"deletions":8}}},{"hash":"3f46b7fbc1352f622ddde527497883a2965539b3","messageTitle":"Fix more checkstyle errors","messageBody":"","fileTypesAndContributionMap":{"functional-code":{"insertions":8,"deletions":8},"test-code":{"insertions":31,"deletions":28}}},{"hash":"19600f448dd576a72132eb9603e8a6f1df8ae33c","messageTitle":"Update tests","messageBody":"","fileTypesAndContributionMap":{"test-code":{"insertions":13,"deletions":0}}},{"hash":"ca12e4ca12a10185e9185e9a4f3d450bd76212af","messageTitle":"Improve searching based on keywords","messageBody":"","fileTypesAndContributionMap":{"functional-code":{"insertions":36,"deletions":5},"other":{"insertions":5,"deletions":7},"test-code":{"insertions":363,"deletions":94}}},{"hash":"782503b56f8c9002c1a6a114199de50db9a9c03c","messageTitle":"Updates tests","messageBody":"","fileTypesAndContributionMap":{"test-code":{"insertions":81,"deletions":8}}}]},{"date":"2022-10-11","commitResults":[{"hash":"da135476a663196de992f0499093c2548f936253","messageTitle":"Update UG","messageBody":"","fileTypesAndContributionMap":{"docs":{"insertions":6,"deletions":6}}}]},{"date":"2022-10-13","commitResults":[{"hash":"bf396254c9778abef121cc33f59b6acb3af03489","messageTitle":"Fix test case","messageBody":"","fileTypesAndContributionMap":{"test-code":{"insertions":2,"deletions":2}}}]},{"date":"2022-10-14","commitResults":[{"hash":"b680a85aa132498fe0186f221efb83cb8c12a1ed","messageTitle":"Implement navigability to user input history","messageBody":"","fileTypesAndContributionMap":{"functional-code":{"insertions":98,"deletions":0}}}]},{"date":"2022-10-16","commitResults":[{"hash":"0de3b9d440ebab1ef64a61bc98366c45973bc216","messageTitle":"Remove whitespace","messageBody":"","fileTypesAndContributionMap":{"functional-code":{"insertions":0,"deletions":2}}},{"hash":"d765b2609a9c6344430015fc4a11aced4964a3a3","messageTitle":"Fix checkstyle errors","messageBody":"","fileTypesAndContributionMap":{"functional-code":{"insertions":4,"deletions":1}}},{"hash":"7db622def573359524bd90ac1de0636c45d00425","messageTitle":"Add simple test cases","messageBody":"","fileTypesAndContributionMap":{"test-code":{"insertions":48,"deletions":0}}}]},{"date":"2022-10-17","commitResults":[{"hash":"8e1a594adb50dd760ea5cfbcad5bce7d905790b7","messageTitle":"Add class group to UML diagram","messageBody":"","fileTypesAndContributionMap":{"docs":{"insertions":3,"deletions":0}}},{"hash":"09806e38539f159dd76dafdfcceb2a7733c33887","messageTitle":"Add ClassGroup UML sequence diagram","messageBody":"","fileTypesAndContributionMap":{"docs":{"insertions":99,"deletions":2}}},{"hash":"11efe31ac7b0c95ebc69737f6300d4d1c11ef48e","messageTitle":"Add sequence diagram to DG","messageBody":"","fileTypesAndContributionMap":{"docs":{"insertions":2,"deletions":0}}},{"hash":"a2b1df3a0c28cdf6d597f75652f6b55cadb821ea","messageTitle":"Fix typo","messageBody":"","fileTypesAndContributionMap":{"docs":{"insertions":2,"deletions":2}}}]},{"date":"2022-10-18","commitResults":[{"hash":"461b00423bd3149d8e5f953d97f9864efaf229e0","messageTitle":"Add class group implementation details to DG","messageBody":"","fileTypesAndContributionMap":{"docs":{"insertions":13,"deletions":2}}},{"hash":"d64d70022efdd8d88f69f131a63a5e65ae2d09d9","messageTitle":"Fix errors","messageBody":"","fileTypesAndContributionMap":{"docs":{"insertions":17,"deletions":17}}}]},{"date":"2022-10-23","commitResults":[{"hash":"4161d819fe7b58defa1f244582d7582ca09d9c7f","messageTitle":"Update UserGuide.md","messageBody":"","fileTypesAndContributionMap":{"docs":{"insertions":8,"deletions":0}}},{"hash":"af01d9b6baa330d7b6d30ac23f529746ab67f781","messageTitle":"Update UserGuide.md","messageBody":"","fileTypesAndContributionMap":{"docs":{"insertions":16,"deletions":3}}},{"hash":"4cddbe487fcc49e3ef04d257e02b22260f7b6ca6","messageTitle":"Update UserGuide.md with FAQ","messageBody":"","fileTypesAndContributionMap":{"docs":{"insertions":4,"deletions":1}}},{"hash":"768c7cc050a840b36b57eb6134930ffff119bb5c","messageTitle":"Update README.md","messageBody":"","fileTypesAndContributionMap":{"docs":{"insertions":1,"deletions":0}}}]}],"thamruicong":[{"date":"2022-09-20","commitResults":[{"hash":"0f8d192e7c489aec221537ae924e20a5ec41eff5","messageTitle":"Change AboutUs.md","messageBody":"","fileTypesAndContributionMap":{"docs":{"insertions":51,"deletions":6}}},{"hash":"a65a10cb2bcf78a84c74b9ff0c72ae149f4202c1","messageTitle":"Edit AboutUs.md","messageBody":"","fileTypesAndContributionMap":{"docs":{"insertions":1,"deletions":1}}}]},{"date":"2022-09-30","commitResults":[{"hash":"146b375c9e040b5d68cfa483e61984487ab8dcca","messageTitle":"Update index.md","messageBody":"Updated UG and DG links","fileTypesAndContributionMap":{"docs":{"insertions":5,"deletions":5}}}]},{"date":"2022-10-02","commitResults":[{"hash":"207c0e9dd1224cf7cbdd859f045cc3dc52056833","messageTitle":"Update User Stories","messageBody":"","fileTypesAndContributionMap":{"docs":{"insertions":8,"deletions":12}}},{"hash":"91b49b1052679c23e4f3928e423084216420638b","messageTitle":"Minor change","messageBody":"","fileTypesAndContributionMap":{"docs":{"insertions":1,"deletions":1}}}]},{"date":"2022-10-09","commitResults":[{"hash":"8787aefbf94444f1da1f82e5a7e978d4d2d4a95d","messageTitle":"Add simple comment","messageBody":"- Add command \"comment\" which adds simple comment\n- Simple comment includes non-empty title(/t) and description(/d) field\n- Comment list resets upon exit\n- Not linked to UI yet\n- Not linked to Storage yet\n","fileTypesAndContributionMap":{"functional-code":{"insertions":335,"deletions":0}}}]},{"date":"2022-10-11","commitResults":[{"hash":"37989a53eec5d78cd3f5cd1af6f95bb5e988d1fb","messageTitle":"Link to storage","messageBody":"","fileTypesAndContributionMap":{"functional-code":{"insertions":449,"deletions":31}}},{"hash":"fcb22713c08f42536887b3918db2afe89cff2280","messageTitle":"Rename Comment class to Task class","messageBody":"","fileTypesAndContributionMap":{"functional-code":{"insertions":206,"deletions":225},"other":{"insertions":19,"deletions":19}}},{"hash":"f6a1e10eff809ca31e7b4448db332f1692df5ea4","messageTitle":"Update command keyword to task","messageBody":"","fileTypesAndContributionMap":{"functional-code":{"insertions":3,"deletions":3}}},{"hash":"c5813e423701c2a09d6fca036b5ba962dc9c4d66","messageTitle":"Remove wildcard import in MainApp.java","messageBody":"","fileTypesAndContributionMap":{"functional-code":{"insertions":16,"deletions":2}}},{"hash":"a4443d0984b4ca0663a9d07b532cc939e08923bd","messageTitle":"Remove wildcard import for AddressBookParser.java","messageBody":"","fileTypesAndContributionMap":{"functional-code":{"insertions":9,"deletions":1}}},{"hash":"8c22e283eaa3ad64569f82093d8fe7e5fe8feba0","messageTitle":"Add delete task","messageBody":"","fileTypesAndContributionMap":{"functional-code":{"insertions":89,"deletions":19}}},{"hash":"22d93ccefcd5d5a0afcf6fde7057c521cdffeee6","messageTitle":"Add cool UI","messageBody":"","fileTypesAndContributionMap":{"functional-code":{"insertions":155,"deletions":1}}},{"hash":"38234e5102a10473b8af9d13f8454cfaa6297538","messageTitle":"Add Task list header","messageBody":"","fileTypesAndContributionMap":{"functional-code":{"insertions":7,"deletions":0}}},{"hash":"907f016f677405c7edb5ad2bd99f4590078fe672","messageTitle":"Test cases v1","messageBody":"","fileTypesAndContributionMap":{"functional-code":{"insertions":24,"deletions":5},"test-code":{"insertions":807,"deletions":25}}},{"hash":"161b6a882279a39d26b82b833e6e31916b02bf6a","messageTitle":"Test cases v2","messageBody":"","fileTypesAndContributionMap":{"functional-code":{"insertions":2,"deletions":1},"test-code":{"insertions":23,"deletions":10}}},{"hash":"cf658b5b0cacd6d1ab411b630f8124ef34704d6a","messageTitle":"Minor changes","messageBody":"","fileTypesAndContributionMap":{"functional-code":{"insertions":4,"deletions":4},"test-code":{"insertions":21,"deletions":6}}}]},{"date":"2022-10-12","commitResults":[{"hash":"a91ab9133601e7e340fd314386a082c6097d62f5","messageTitle":"Checkstyle changes","messageBody":"","fileTypesAndContributionMap":{"test-code":{"insertions":71,"deletions":39}}},{"hash":"3f87392973df9f1f762291430fb5411e4e865384","messageTitle":"Modify sample task list","messageBody":"","fileTypesAndContributionMap":{"functional-code":{"insertions":4,"deletions":1}}},{"hash":"a79f617864aa872ee2d1f2d80b2791dd483dc85d","messageTitle":"Add @Override in addcomment test","messageBody":"","fileTypesAndContributionMap":{"test-code":{"insertions":1,"deletions":0}}}]},{"date":"2022-10-14","commitResults":[{"hash":"178930394397b9450261133ec01aebab74680b34","messageTitle":"Add some test cases in logic package","messageBody":"","fileTypesAndContributionMap":{"test-code":{"insertions":107,"deletions":12}}}]},{"date":"2022-10-15","commitResults":[{"hash":"b09cfd7c9bd36ae676168d4de86d28a776429fcf","messageTitle":"Add more test case","messageBody":"","fileTypesAndContributionMap":{"functional-code":{"insertions":21,"deletions":0},"test-code":{"insertions":125,"deletions":3}}},{"hash":"446286b2e5d9d91687248ef82f741d0c0290999b","messageTitle":"Fix checkstyle","messageBody":"","fileTypesAndContributionMap":{"test-code":{"insertions":29,"deletions":11}}}]},{"date":"2022-10-16","commitResults":[{"hash":"a5f3f1e16115e6403231dbc9422f9847540c68f6","messageTitle":"Enable assertions","messageBody":"","fileTypesAndContributionMap":{"other":{"insertions":4,"deletions":0}}}]},{"date":"2022-10-18","commitResults":[{"hash":"35dd4a79582bbd4b4072220dc0a0d21bd5df42ac","messageTitle":"Fix minor issues","messageBody":"","fileTypesAndContributionMap":{"functional-code":{"insertions":14,"deletions":4}}}]},{"date":"2022-10-19","commitResults":[{"hash":"093d8414b75ed7803445d6aa9276535bfde14f2a","messageTitle":"Update DG class diagrams","messageBody":"Specifically Model, Storage and UI\n","fileTypesAndContributionMap":{"docs":{"insertions":66,"deletions":11}}}]},{"date":"2022-10-20","commitResults":[{"hash":"cd8779e6a7459d4234426346273041c33bbdb703","messageTitle":"Complete DG feature description for Task add/delete","messageBody":"Todo :\n- Sequence diagram for TaskCommand\n- Activity diagram for TaskCommand\n","fileTypesAndContributionMap":{"docs":{"insertions":39,"deletions":0}}},{"hash":"34900820b1fc32ad28cbae455a1cadaa7ca7cb9b","messageTitle":"Add task UML diagrams","messageBody":"","fileTypesAndContributionMap":{"docs":{"insertions":129,"deletions":3}}},{"hash":"d4a63658bfbf7273e1dfafead907d7945774f2d0","messageTitle":"Change address to studentid in class diagrams","messageBody":"","fileTypesAndContributionMap":{"docs":{"insertions":3,"deletions":3}}},{"hash":"f7ccafcfcc35a7e8f8cd6149581300bc15083043","messageTitle":"Update version number in MainApp.java for release","messageBody":"","fileTypesAndContributionMap":{"functional-code":{"insertions":1,"deletions":1}}}]},{"date":"2022-10-21","commitResults":[{"hash":"d1edfcfcf598de5c1d269f7ccd5554dddee70ad9","messageTitle":"Change jar filename","messageBody":"","fileTypesAndContributionMap":{"other":{"insertions":1,"deletions":1}}}]},{"date":"2022-10-23","commitResults":[{"hash":"d771c30227d89ffb706d3e12e17671ab38334d15","messageTitle":"Update UserGuide.md","messageBody":"","fileTypesAndContributionMap":{"docs":{"insertions":19,"deletions":13}}},{"hash":"0ba439ac3a1b74ade19ef2975f68122c7859205a","messageTitle":"Fix landing page","messageBody":"","fileTypesAndContributionMap":{"docs":{"insertions":1,"deletions":1}}}]}],"Whysochong":[{"date":"2022-09-20","commitResults":[{"hash":"00926e66569d0dd4470c84a10fbaa3a0eaba2fb8","messageTitle":"Edit AboutUs.md","messageBody":"","fileTypesAndContributionMap":{"docs":{"insertions":5,"deletions":51}}},{"hash":"334878c079df5f14e23782adb7910265595d2469","messageTitle":"Edit AboutUs.md","messageBody":"","fileTypesAndContributionMap":{"docs":{"insertions":1,"deletions":1}}},{"hash":"8555c36aa207a030e6c313382e6d2aaded0b5422","messageTitle":"Edit AboutUs.md","messageBody":"","fileTypesAndContributionMap":{"docs":{"insertions":13,"deletions":10}}},{"hash":"0675255389f2e823e2acdc9d870a59e8c6946ee6","messageTitle":"tutorial-adding-command","messageBody":"","fileTypesAndContributionMap":{"functional-code":{"insertions":228,"deletions":42},"test-code":{"insertions":249,"deletions":12}}}]},{"date":"2022-09-21","commitResults":[{"hash":"2820328b4b1d1d29d1e5d2acba00beacd88985b5","messageTitle":"fix-bugs","messageBody":"","fileTypesAndContributionMap":{"functional-code":{"insertions":50,"deletions":47},"test-code":{"insertions":37,"deletions":30}}},{"hash":"ff53c0059d05c58e917bcd049b50d1b8be1d864e","messageTitle":"fix-bugs","messageBody":"","fileTypesAndContributionMap":{"functional-code":{"insertions":11,"deletions":11},"test-code":{"insertions":4,"deletions":4}}},{"hash":"ed722053ff2a52b602fbad485d8cbd9dbcaa637f","messageTitle":"Add newline at EOF","messageBody":"","fileTypesAndContributionMap":{"functional-code":{"insertions":1,"deletions":1},"test-code":{"insertions":4,"deletions":4}}},{"hash":"95dffbd46500d0dc9bae909dea49ba47f932f471","messageTitle":"checkstyles","messageBody":"","fileTypesAndContributionMap":{"other":{"insertions":2,"deletions":0}}}]},{"date":"2022-09-27","commitResults":[{"hash":"548b1141e0b5f6b0fb711963cd7f9d1db3869e8e","messageTitle":"added PPP","messageBody":"","fileTypesAndContributionMap":{"docs":{"insertions":46,"deletions":0}}},{"hash":"036d335ea42733be8bc109eee1d2442468e88bd6","messageTitle":"revert changes","messageBody":"","fileTypesAndContributionMap":{"functional-code":{"insertions":57,"deletions":246},"test-code":{"insertions":32,"deletions":276}}},{"hash":"2bc6a9c44b75c46dc7bf6ba0635542ed356ec023","messageTitle":"added PPP","messageBody":"","fileTypesAndContributionMap":{"docs":{"insertions":46,"deletions":46}}}]},{"date":"2022-09-29","commitResults":[{"hash":"001ee9a64b9f6725edb62f64f93824af52127240","messageTitle":"changed my PPP file name","messageBody":"","fileTypesAndContributionMap":{"other":{"insertions":2,"deletions":0},"docs":{"insertions":1,"deletions":1}}},{"hash":"2ee90a2887daf3ef08da1c303449f3a1b3653007","messageTitle":"changed my PPP file name","messageBody":"","fileTypesAndContributionMap":{"other":{"insertions":0,"deletions":2}}}]},{"date":"2022-10-03","commitResults":[{"hash":"4d40e4b85bf8842f9a26204091c3a57bd95ec9c2","messageTitle":"added my own features in my PPP (v1.2)","messageBody":"","fileTypesAndContributionMap":{"docs":{"insertions":19,"deletions":19}}}]},{"date":"2022-10-11","commitResults":[{"hash":"c58e3b8d34d072c70f11a22737fbabbfb4b1319e","messageTitle":"v1.2b Modify_add Function","messageBody":"","fileTypesAndContributionMap":{"functional-code":{"insertions":91,"deletions":95},"test-code":{"insertions":33,"deletions":124}}},{"hash":"0c11a2475774d722b2a665351a415268652273e1","messageTitle":"v1.2b Modify_add Function","messageBody":"","fileTypesAndContributionMap":{"functional-code":{"insertions":3,"deletions":3}}},{"hash":"8be7de16b3fe82cdd16a80462031a6313e7a60bc","messageTitle":"v1.2 merged and settled conflicts","messageBody":"","fileTypesAndContributionMap":{"functional-code":{"insertions":6,"deletions":1},"docs":{"insertions":1,"deletions":1},"test-code":{"insertions":6,"deletions":30}}},{"hash":"1614651d357bf2c973d8b12ab690759002c22abb","messageTitle":"v1.2 tidied up some details and testcases","messageBody":"","fileTypesAndContributionMap":{"functional-code":{"insertions":11,"deletions":8},"test-code":{"insertions":2,"deletions":2}}},{"hash":"10acffe85b2d30393b9e0579671cbb69d3b1d945","messageTitle":"checkstyle","messageBody":"","fileTypesAndContributionMap":{"functional-code":{"insertions":1,"deletions":1}}}]},{"date":"2022-10-13","commitResults":[{"hash":"b5b9f209cbf80452c3a81cc2f740af4f6f0b9ef4","messageTitle":"Added Test Case for Modified Add","messageBody":"","fileTypesAndContributionMap":{"test-code":{"insertions":43,"deletions":0}}},{"hash":"fcbdd071e0dff95c3b918b70f1cb074ef0331099","messageTitle":"Added Test Case for Modified Add","messageBody":"","fileTypesAndContributionMap":{"test-code":{"insertions":31,"deletions":10}}}]},{"date":"2022-10-19","commitResults":[{"hash":"9d4ccb7a53f7dcaf045695b3933bb7bef7c31b8a","messageTitle":"v1.3 Updated DG","messageBody":"","fileTypesAndContributionMap":{"functional-code":{"insertions":5,"deletions":1},"docs":{"insertions":112,"deletions":2}}},{"hash":"27d70dc478fbfefb4a93f5df096a192372cda50a","messageTitle":"small changes","messageBody":"","fileTypesAndContributionMap":{"docs":{"insertions":10,"deletions":12}}}]},{"date":"2022-10-21","commitResults":[{"hash":"b1ec84e75f58897358c0b9aad772b5cb5b190738","messageTitle":"v1.3 Deadline Implementation on TaskList","messageBody":"","fileTypesAndContributionMap":{"functional-code":{"insertions":362,"deletions":180},"other":{"insertions":32,"deletions":26},"test-code":{"insertions":151,"deletions":35}}},{"hash":"5b6b62c1668989db8edeb74c6eb0951954d09dd4","messageTitle":"v1.3 Deadline Implementation on TaskList","messageBody":"","fileTypesAndContributionMap":{"functional-code":{"insertions":197,"deletions":0}}}]},{"date":"2022-10-23","commitResults":[{"hash":"f6a0b1436227abe0da854e805c55cc4dfd6a6be8","messageTitle":"Update UserGuide.md","messageBody":"","fileTypesAndContributionMap":{"docs":{"insertions":89,"deletions":15}}}]}],"zzthian":[{"date":"2022-09-20","commitResults":[{"hash":"b334b11838bb93c3eb8d7521566beac0edda5590","messageTitle":"Update AboutUs.md","messageBody":"","fileTypesAndContributionMap":{"docs":{"insertions":2,"deletions":2}}},{"hash":"34ff74697b472ead30c92a196f7e887056bfa926","messageTitle":"Add portfolio for Zhang Zhi","messageBody":"","fileTypesAndContributionMap":{"docs":{"insertions":46,"deletions":0}}}]},{"date":"2022-09-27","commitResults":[{"hash":"28b20001e1970d098f4fcf155f4dca7326f4c86a","messageTitle":"Change PPP names to correct format and update DG","messageBody":"","fileTypesAndContributionMap":{"docs":{"insertions":15,"deletions":14}}}]},{"date":"2022-09-29","commitResults":[{"hash":"c50ff69dc0cf34eaaa0edced433ec8edddf6e874","messageTitle":"Updated UG to e closer to GREWZ actual usage","messageBody":"","fileTypesAndContributionMap":{"docs":{"insertions":42,"deletions":31}}}]},{"date":"2022-10-02","commitResults":[{"hash":"6e191e2326edde42be3eaffae76e9cff721836f4","messageTitle":"Changed some things but not sure","messageBody":"","fileTypesAndContributionMap":{"other":{"insertions":19,"deletions":22}}},{"hash":"3a931568a8e40bf372dce4a7c61164f11d6a0854","messageTitle":"Changed some things but not sure","messageBody":"","fileTypesAndContributionMap":{"functional-code":{"insertions":151,"deletions":157},"other":{"insertions":2,"deletions":0},"docs":{"insertions":54,"deletions":54},"test-code":{"insertions":187,"deletions":193}}},{"hash":"52c09d2fb96be94c403cd766cebbd7a69b6e2a1d","messageTitle":"Refactor most classes","messageBody":"","fileTypesAndContributionMap":{"functional-code":{"insertions":40,"deletions":40},"other":{"insertions":28,"deletions":28},"test-code":{"insertions":207,"deletions":207}}}]},{"date":"2022-10-03","commitResults":[{"hash":"609579fcbcf4085641959a6b0a68c77d67c44536","messageTitle":"Refactor a few more methods","messageBody":"","fileTypesAndContributionMap":{"functional-code":{"insertions":25,"deletions":25},"docs":{"insertions":1,"deletions":1},"test-code":{"insertions":47,"deletions":47}}}]},{"date":"2022-10-04","commitResults":[{"hash":"6723bcba8e70a2d8d207f5febc1be2de6a9461e6","messageTitle":"Fully refactored Person to Student","messageBody":"","fileTypesAndContributionMap":{"functional-code":{"insertions":111,"deletions":112},"other":{"insertions":40,"deletions":40},"docs":{"insertions":3,"deletions":3},"test-code":{"insertions":395,"deletions":394}}},{"hash":"025d3c4c13fa3a861b773d00365ee30b170abf4c","messageTitle":"Changed the errors from docs filed pointed out earlier","messageBody":"","fileTypesAndContributionMap":{"functional-code":{"insertions":346,"deletions":352},"other":{"insertions":93,"deletions":96},"docs":{"insertions":99,"deletions":99},"test-code":{"insertions":400,"deletions":406}}},{"hash":"df8668b3485377d802c32bd6418294a32a1b6ab3","messageTitle":"Refactor remaining files identified","messageBody":"","fileTypesAndContributionMap":{"functional-code":{"insertions":106,"deletions":0},"other":{"insertions":0,"deletions":2},"docs":{"insertions":58,"deletions":58},"test-code":{"insertions":168,"deletions":0}}},{"hash":"730604a186c7dc785c02dd99eeb2e6ca087eb71b","messageTitle":"Fix checkstyle bugs","messageBody":"","fileTypesAndContributionMap":{"functional-code":{"insertions":0,"deletions":106},"test-code":{"insertions":0,"deletions":168}}},{"hash":"791cd8f424c47d9dc5de0df90e6f39d2f3d60512","messageTitle":"Fixed checkstyle here","messageBody":"","fileTypesAndContributionMap":{"functional-code":{"insertions":12,"deletions":6},"test-code":{"insertions":17,"deletions":7}}}]},{"date":"2022-10-05","commitResults":[{"hash":"4fc5f4c056bb031556da423f4bc3ac22bc14674f","messageTitle":"Fixed from RC and Gowri reviews","messageBody":"","fileTypesAndContributionMap":{"functional-code":{"insertions":60,"deletions":60},"test-code":{"insertions":10,"deletions":10}}},{"hash":"cf38fd914238a4bdc6af048a4ebc424e65badcbd","messageTitle":"Fix checkstyle","messageBody":"","fileTypesAndContributionMap":{"functional-code":{"insertions":9,"deletions":7}}}]},{"date":"2022-10-08","commitResults":[{"hash":"5531a20083452b3f72c7238b5bae70031d1f6a3f","messageTitle":"Create Student ID field and integrated into addressbook main and test","messageBody":"","fileTypesAndContributionMap":{"functional-code":{"insertions":68,"deletions":68},"other":{"insertions":15,"deletions":13},"docs":{"insertions":62,"deletions":62},"test-code":{"insertions":158,"deletions":156}}},{"hash":"30836e78b5554e6cf566ad06ced3dd0e037ad7b2","messageTitle":"Change AddCommand and EditCommand to not allow duplicate StudentId for different students, have yet to modify test classes","messageBody":"","fileTypesAndContributionMap":{"functional-code":{"insertions":45,"deletions":1},"test-code":{"insertions":5,"deletions":0}}}]},{"date":"2022-10-09","commitResults":[{"hash":"546e88ae59e270d8babc1a9b9725ac6b924651a6","messageTitle":"Fix test cases","messageBody":"","fileTypesAndContributionMap":{"test-code":{"insertions":8,"deletions":1}}},{"hash":"a1caac8cc737a6c19f83282e4db2ce1ddc0e9c04","messageTitle":"Add Tests in EditCommandTest.java and AddCommand.java to test adding/editing duplicate StudentId","messageBody":"","fileTypesAndContributionMap":{"test-code":{"insertions":44,"deletions":1}}},{"hash":"2b214a6c968658e1584fe0a2435524c582bbffaf","messageTitle":"Fix Checkstyle","messageBody":"","fileTypesAndContributionMap":{"test-code":{"insertions":2,"deletions":2}}},{"hash":"5aa58e0e92c0c3a805015c9bd938a7ed6ebe98b7","messageTitle":"Fix unintended changes of studentId back to address in .md files","messageBody":"","fileTypesAndContributionMap":{"docs":{"insertions":28,"deletions":28}}},{"hash":"6a5e5e9acff040ca041f1af86fc0e5c80d8b843c","messageTitle":"More unintended changes fixed","messageBody":"","fileTypesAndContributionMap":{"docs":{"insertions":5,"deletions":5}}},{"hash":"7fbb2d20d60865103c47acb8e7034a2abc3e7c28","messageTitle":"Fix unintended changes in other md files","messageBody":"","fileTypesAndContributionMap":{"docs":{"insertions":17,"deletions":17}}},{"hash":"e15e12b10d7184666f384a0c35cafec3f77837b4","messageTitle":"Compare diff and rectify all files that were incorrectly changed during refactoring","messageBody":"","fileTypesAndContributionMap":{"functional-code":{"insertions":3,"deletions":4},"docs":{"insertions":1,"deletions":8}}},{"hash":"f15224efb822800b89d3dc49544ccab86ef73a20","messageTitle":"Fix a string that was edited during merge conflict","messageBody":"","fileTypesAndContributionMap":{"docs":{"insertions":0,"deletions":4}}}]},{"date":"2022-10-10","commitResults":[{"hash":"f1a306f3fbdba17ae12c2278f176ae2dd16ed045","messageTitle":"Correct naming in Test class","messageBody":"","fileTypesAndContributionMap":{"test-code":{"insertions":3,"deletions":3}}}]},{"date":"2022-10-12","commitResults":[{"hash":"26ea911ddba42dc0a481251858d54cfef12ba1ae","messageTitle":"Add Picture upload, no display of image yet","messageBody":"","fileTypesAndContributionMap":{"functional-code":{"insertions":198,"deletions":5}}}]},{"date":"2022-10-14","commitResults":[{"hash":"52dbae2c3a74b4a902364a359f609209b5a036e4","messageTitle":"Change picture upload logic and automatic updating of Ui","messageBody":"","fileTypesAndContributionMap":{"functional-code":{"insertions":224,"deletions":107},"test-code":{"insertions":27,"deletions":17}}},{"hash":"af75f35a1f420f662f508ab6d145951261242996","messageTitle":"Change edit and remove to modify files","messageBody":"","fileTypesAndContributionMap":{"functional-code":{"insertions":35,"deletions":34}}},{"hash":"54e5ac3af1c0f0eb4b97dff1812ab50a5f5cbd39","messageTitle":"Fix CheckStyle Main","messageBody":"","fileTypesAndContributionMap":{"functional-code":{"insertions":165,"deletions":97}}}]},{"date":"2022-10-15","commitResults":[{"hash":"75652c4b32db4c97fe6bdb9187b5c89fe95f3a56","messageTitle":"Fix checkstyle for test files","messageBody":"","fileTypesAndContributionMap":{"functional-code":{"insertions":15,"deletions":25},"test-code":{"insertions":18,"deletions":25}}}]},{"date":"2022-10-17","commitResults":[{"hash":"aef1db6367ab51be764f22fac73a09afdd313edb","messageTitle":"Add some Testcases for Upload Command","messageBody":"","fileTypesAndContributionMap":{"functional-code":{"insertions":3,"deletions":3},"test-code":{"insertions":69,"deletions":0}}}]},{"date":"2022-10-18","commitResults":[{"hash":"a0cafc3bf57632a6466be12111da575e6655c2dd","messageTitle":"Create UML sequence and activity diagram for UploadPictureCommand","messageBody":"","fileTypesAndContributionMap":{"docs":{"insertions":48,"deletions":0}}},{"hash":"01f04bc13258c791b14a806ee1dd87be4a6080f6","messageTitle":"Add uml diagrams and edit DG","messageBody":"","fileTypesAndContributionMap":{"functional-code":{"insertions":34,"deletions":3},"docs":{"insertions":116,"deletions":37},"test-code":{"insertions":0,"deletions":2}}},{"hash":"80a4e978968295b7e02b1a0854d1afe35d022bf8","messageTitle":"Update DG","messageBody":"","fileTypesAndContributionMap":{"docs":{"insertions":20,"deletions":0}}},{"hash":"fc4893e07f2abfccd2fbe1ef5c521d6406468ffc","messageTitle":"More design considerations","messageBody":"","fileTypesAndContributionMap":{"docs":{"insertions":9,"deletions":0}}},{"hash":"8e8081468a7e87a9af168ec161313b06d7b25fb0","messageTitle":"Fix checkstyle","messageBody":"","fileTypesAndContributionMap":{"functional-code":{"insertions":5,"deletions":3}}},{"hash":"f9244fa058de15c5fe656446f68a55e220ee9303","messageTitle":"Fix Developer Guide format","messageBody":"","fileTypesAndContributionMap":{"docs":{"insertions":6,"deletions":7}}},{"hash":"f65ecd71f1abc0b2cfe0099aaeef9203bd0e3ac6","messageTitle":"Add EOF for .puml file","messageBody":"","fileTypesAndContributionMap":{"docs":{"insertions":1,"deletions":2}}},{"hash":"fb3022f535b98f103f3e9892c147428b7b68293d","messageTitle":"Fix some styling errors","messageBody":"","fileTypesAndContributionMap":{"functional-code":{"insertions":14,"deletions":5},"docs":{"insertions":0,"deletions":1}}},{"hash":"803b95fc7fa4aad5866dfabb275653c51d85e9bf","messageTitle":"Minor edit of Address to StudentId","messageBody":"","fileTypesAndContributionMap":{"docs":{"insertions":1,"deletions":1}}}]},{"date":"2022-10-23","commitResults":[{"hash":"cfb32a634466fcfff0dc2b20b8da176f43ace712","messageTitle":"Create and integrate Assignment except for Ui portion","messageBody":"","fileTypesAndContributionMap":{"functional-code":{"insertions":187,"deletions":4}}},{"hash":"87294a691bae96bd5bde0a71719071a8443e7978","messageTitle":"Add and integrate AssignmentCard","messageBody":"","fileTypesAndContributionMap":{"functional-code":{"insertions":54,"deletions":1}}},{"hash":"f3004fcf9f4c4712adf3d9eba9dccf195cf719e7","messageTitle":"Fix ClearCommand to remove student pictures","messageBody":"","fileTypesAndContributionMap":{"functional-code":{"insertions":21,"deletions":0}}},{"hash":"57609eb7b87825870bd18e5214db355e64d88ae6","messageTitle":"Implement missing clearStudentPictures method in Test classes","messageBody":"","fileTypesAndContributionMap":{"test-code":{"insertions":12,"deletions":0}}},{"hash":"213749abf5e0a66ccf2bc863f2af32f893c2c307","messageTitle":"Run gradle-clean as test were failing","messageBody":"","fileTypesAndContributionMap":{"functional-code":{"insertions":0,"deletions":1}}},{"hash":"91bffdb18e90f50634ace57192b0fe2e88904b54","messageTitle":"Update UserGuide.md","messageBody":" for find, upload, assignments features","fileTypesAndContributionMap":{"docs":{"insertions":69,"deletions":14}}},{"hash":"c691b6217adf0872c64e675eb1d49827b9a5841c","messageTitle":"Update Command Summary","messageBody":"","fileTypesAndContributionMap":{"docs":{"insertions":19,"deletions":8}}},{"hash":"8480d78b9876ce79fc3565e41aaddc28e8d5847f","messageTitle":"Trying to pass","messageBody":"","fileTypesAndContributionMap":{"test-code":{"insertions":0,"deletions":1}}},{"hash":"817e967690ba3764c0447312c5de7a4e88bf1e9a","messageTitle":"Fix ClearCommand for Tests","messageBody":"","fileTypesAndContributionMap":{"functional-code":{"insertions":3,"deletions":0}}},{"hash":"702376be3c7ea52f5258408e42418b8377b87b0b","messageTitle":"Testing if certain function is causing failure","messageBody":"","fileTypesAndContributionMap":{"functional-code":{"insertions":1,"deletions":1}}},{"hash":"a6f21c554cff971beb353d78cb95e36ac0c490e8","messageTitle":"Try to fix storage clearing","messageBody":"","fileTypesAndContributionMap":{"functional-code":{"insertions":2,"deletions":2}}}]}],"Evande1":[{"date":"2022-09-20","commitResults":[{"hash":"59c8426ff1497c095096e37cf34f8909455aff75","messageTitle":"Update AboutUs.md","messageBody":"","fileTypesAndContributionMap":{"docs":{"insertions":5,"deletions":5}}},{"hash":"dcbd7383cf3c6f32ac029a4c721ec6d88a35e766","messageTitle":"Update AboutUs.md","messageBody":"","fileTypesAndContributionMap":{"docs":{"insertions":6,"deletions":4}}},{"hash":"21b055c67ffa6b7e806e96ae24843b89b08bba36","messageTitle":"add my readme","messageBody":"","fileTypesAndContributionMap":{"docs":{"insertions":46,"deletions":0}}},{"hash":"e915d0b3702826ccf00886ce8e631f8b6c900813","messageTitle":"Edit Readme","messageBody":"- Add Github actions\r\n- Update contents","fileTypesAndContributionMap":{"docs":{"insertions":12,"deletions":3}}},{"hash":"c1dba768426d3f3ab25761fb627d262af2c13214","messageTitle":"Edit Readme","messageBody":"","fileTypesAndContributionMap":{"docs":{"insertions":6,"deletions":12}}},{"hash":"3b6bbdaeeac4a3fb187ff048e6c02b0025550c5b","messageTitle":"Update fork","messageBody":"Update fork\n","fileTypesAndContributionMap":{"docs":{"insertions":4,"deletions":4}}}]},{"date":"2022-09-27","commitResults":[{"hash":"cbecf6b142370e026767b9840845d993132d95f3","messageTitle":"change file name","messageBody":"change file name\n","fileTypesAndContributionMap":{"docs":{"insertions":1,"deletions":1}}}]},{"date":"2022-09-28","commitResults":[{"hash":"648d9cc2ea2e21f28da55978f1610f2ce08f9b5f","messageTitle":"Update build.gradle","messageBody":"","fileTypesAndContributionMap":{"other":{"insertions":0,"deletions":2}}},{"hash":"1e4bf9758f8f39df9d2440e94530e3635e1edd60","messageTitle":"Update Developer Guide","messageBody":"- Add more user story\r\n- Update Use cases","fileTypesAndContributionMap":{"docs":{"insertions":22,"deletions":22}}},{"hash":"9d8e5cc1ef7c9e63eebed04aa1752cfb836d7cd3","messageTitle":"Update User Guide","messageBody":"- Change name\r\n- Add in features and other details in v1.2","fileTypesAndContributionMap":{"docs":{"insertions":4,"deletions":5}}}]},{"date":"2022-09-29","commitResults":[{"hash":"435387b9a2b267657d1b27c2942b81d77c112b97","messageTitle":"Update DeveloperGuide.md","messageBody":"-added nfr","fileTypesAndContributionMap":{"docs":{"insertions":1,"deletions":0}}},{"hash":"c28f394d71cd6a1c91e61b090adda55f14e6638e","messageTitle":"Update UserGuide.md","messageBody":"","fileTypesAndContributionMap":{"docs":{"insertions":7,"deletions":7}}}]},{"date":"2022-10-02","commitResults":[{"hash":"04103fb8255a6d7207ae21f3b45bb38866e5e008","messageTitle":"Update PPP","messageBody":"Reflect additional feature","fileTypesAndContributionMap":{"docs":{"insertions":8,"deletions":8}}}]},{"date":"2022-10-09","commitResults":[{"hash":"871f94fd26079a686c1f4545f843395867f7a8b1","messageTitle":"add empty attendance command w tests","messageBody":"","fileTypesAndContributionMap":{"functional-code":{"insertions":31,"deletions":2},"test-code":{"insertions":26,"deletions":0}}},{"hash":"3f9ecb43a6e77b634702fbd36f7f1dd9a33d4d8f","messageTitle":"fake attendance w tests","messageBody":"","fileTypesAndContributionMap":{"functional-code":{"insertions":112,"deletions":5},"test-code":{"insertions":122,"deletions":4}}},{"hash":"79cfd756df0bcefd4503b25422f6648bcbaf32bc","messageTitle":"added static string to GUI","messageBody":"","fileTypesAndContributionMap":{"functional-code":{"insertions":4,"deletions":0}}}]},{"date":"2022-10-10","commitResults":[{"hash":"93a45441c5b271e5a72b2f8cb874ef1ef5b3bb38","messageTitle":"fail some errors","messageBody":"","fileTypesAndContributionMap":{"functional-code":{"insertions":91,"deletions":36},"test-code":{"insertions":108,"deletions":34}}},{"hash":"a29c9cb942f9c2e71d9e2c35d3a464d53b68e54c","messageTitle":"fixed bug","messageBody":"","fileTypesAndContributionMap":{"test-code":{"insertions":2,"deletions":9}}},{"hash":"c80bc4e70a0aa2a61159d9e54bcc047980ee9e75","messageTitle":"fixes #57","messageBody":"add test cases\n","fileTypesAndContributionMap":{"functional-code":{"insertions":37,"deletions":6},"test-code":{"insertions":2,"deletions":2}}},{"hash":"2f8f87192b5fb8772cd44f4ddaa5dd27a1fea4cc","messageTitle":"fixed all current tests","messageBody":"add more tests in the future\n","fileTypesAndContributionMap":{"functional-code":{"insertions":2,"deletions":2},"test-code":{"insertions":12,"deletions":12}}},{"hash":"8c4acf93d33a083f48a3501cb575557f03206f73","messageTitle":"minor checkstyle edits","messageBody":"","fileTypesAndContributionMap":{"functional-code":{"insertions":4,"deletions":2},"test-code":{"insertions":6,"deletions":2}}}]},{"date":"2022-10-11","commitResults":[{"hash":"ad9367391688ebd255f65da84db832e4c53174d9","messageTitle":"checkstyle test","messageBody":"","fileTypesAndContributionMap":{"test-code":{"insertions":54,"deletions":51}}},{"hash":"b0e3c1e6dddb70369f66acc99434a8d611dacf9c","messageTitle":"settled","messageBody":"","fileTypesAndContributionMap":{"functional-code":{"insertions":1,"deletions":1}}}]},{"date":"2022-10-14","commitResults":[{"hash":"e5e18f29f8a9fcfd65c73aba57223c622c9e362d","messageTitle":"Create attendance list w/o test cases","messageBody":"commands work\n","fileTypesAndContributionMap":{"functional-code":{"insertions":808,"deletions":150},"other":{"insertions":1,"deletions":3},"test-code":{"insertions":184,"deletions":121}}}]},{"date":"2022-10-15","commitResults":[{"hash":"5a964e0216693c47ace8de7c88a29b7922d05a7f","messageTitle":"add attendance list w/o tests","messageBody":"","fileTypesAndContributionMap":{"functional-code":{"insertions":117,"deletions":187},"test-code":{"insertions":67,"deletions":83}}},{"hash":"35cf48cede36d2c86eecdc68e81cec6aebc99a83","messageTitle":"Update DeveloperGuide.md","messageBody":"","fileTypesAndContributionMap":{"docs":{"insertions":27,"deletions":1}}},{"hash":"660eeac5d230cd5c0c9d9b8fd512023add5909c1","messageTitle":"Update README.md","messageBody":"","fileTypesAndContributionMap":{"docs":{"insertions":2,"deletions":2}}},{"hash":"6987c034b6285993503ca0f1080a03088ba69e5d","messageTitle":"Update AboutUs.md","messageBody":"","fileTypesAndContributionMap":{"docs":{"insertions":1,"deletions":1}}},{"hash":"ff4059639e305e86da6a363fd70b0c27522c9268","messageTitle":"Update evande1.md","messageBody":"","fileTypesAndContributionMap":{"docs":{"insertions":1,"deletions":1}}},{"hash":"742edf84f104cfcdd0db113109fef1790b4174de","messageTitle":"Update DeveloperGuide.md","messageBody":"","fileTypesAndContributionMap":{"docs":{"insertions":2,"deletions":2}}}]},{"date":"2022-10-16","commitResults":[{"hash":"9f12e018e3bac77ce6a29feb81e9eb26713a0ff7","messageTitle":"error handling","messageBody":"opps\n","fileTypesAndContributionMap":{"functional-code":{"insertions":4,"deletions":1}}},{"hash":"2ed59380c3be6573643f9f7e89f39ecffd771dd9","messageTitle":"Create diagrams for attendance","messageBody":"Activity and sequence diagram created\n","fileTypesAndContributionMap":{"docs":{"insertions":104,"deletions":0}}},{"hash":"cedd20750212cfea1b67f3f4b91249f0317c92c5","messageTitle":"added extra line","messageBody":"","fileTypesAndContributionMap":{"docs":{"insertions":1,"deletions":1}}},{"hash":"ab4e2b67c776ab2251f78837edeaa1eb57298689","messageTitle":"Update Attendance Developer Guide","messageBody":"Added the markdown, images in separate PR","fileTypesAndContributionMap":{"docs":{"insertions":66,"deletions":4}}}]},{"date":"2022-10-23","commitResults":[{"hash":"71aa8f64039e118f53de12b2abd3d0654f8dba76","messageTitle":"Update UserGuide.md","messageBody":"","fileTypesAndContributionMap":{"docs":{"insertions":8,"deletions":1}}}]}]},"authorFileTypeContributionMap":{"gowribhat":{"docs":188,"functional-code":375,"test-code":821},"thamruicong":{"docs":313,"functional-code":1034,"test-code":1051,"other":5},"Whysochong":{"docs":226,"functional-code":587,"test-code":253},"zzthian":{"docs":392,"functional-code":1118,"test-code":928},"Evande1":{"docs":296,"functional-code":867,"test-code":296}},"authorContributionVariance":{"gowribhat":33033.29,"thamruicong":123746.44,"Whysochong":49085.555,"zzthian":399188.06,"Evande1":50335.844},"authorDisplayNameMap":{"gowribhat":"CS2103T-W12-4 GOWR..BHAT","thamruicong":"CS2103T-W12-4 THAM..CONG","Whysochong":"CS2103T-W12-4 LEE ..HONG","zzthian":"CS2103T-W12-4 THIA.. ZHI","Evande1":"CS2103T-W12-4 LOO ..EVAN"}}
