[{"path":"README.md","fileType":"docs","lines":[{"lineNumber":1,"author":{"gitId":"KIANSEONG"},"content":"[![CI Status](https://github.com/AY2223S1-CS2103T-T08-2/tp/workflows/Java%20CI/badge.svg)](https://github.com/AY2223S1-CS2103T-T08-2/tp/actions)","lastModifiedDate":"2022-10-02"},{"lineNumber":2,"author":{"gitId":"-"},"content":"","lastModifiedDate":"2020-05-23"},{"lineNumber":3,"author":{"gitId":"beetee17"},"content":"# Arrow","lastModifiedDate":"2022-09-30"},{"lineNumber":4,"author":{"gitId":"-"},"content":"","lastModifiedDate":"2022-09-30"},{"lineNumber":5,"author":{"gitId":"-"},"content":"![Ui](docs/images/Ui.png)","lastModifiedDate":"2020-05-23"},{"lineNumber":6,"author":{"gitId":"-"},"content":"","lastModifiedDate":"2020-05-23"},{"lineNumber":7,"author":{"gitId":"beetee17"},"content":"* This is **a project made by Software Engineering (SE) students**.\u003cbr\u003e","lastModifiedDate":"2022-09-30"},{"lineNumber":8,"author":{"gitId":"beetee17"},"content":"* The project simulates an ongoing software project for a desktop application used for managing contact details and project tasks.","lastModifiedDate":"2022-09-30"},{"lineNumber":9,"author":{"gitId":"-"},"content":"  * It is **written in OOP fashion**. It provides a **reasonably well-written** code base **bigger** (around 6 KLoC) than what students usually write in beginner-level SE modules, without being overwhelmingly big.","lastModifiedDate":"2020-05-23"},{"lineNumber":10,"author":{"gitId":"-"},"content":"  * It comes with a **reasonable level of user and developer documentation**.","lastModifiedDate":"2020-05-23"},{"lineNumber":11,"author":{"gitId":"beetee17"},"content":"  * It is named `Arrow` after the Singaporean slang term which means to delegate somebody to perform a task.","lastModifiedDate":"2022-09-30"},{"lineNumber":12,"author":{"gitId":"KIANSEONG"},"content":"* For the detailed documentation of this project, visit the **[Arrow User Guide](https://ay2223s1-cs2103t-t08-2.github.io/tp/)**.","lastModifiedDate":"2022-10-02"},{"lineNumber":13,"author":{"gitId":"beetee17"},"content":"* This project is based on the AddressBook-Level3 project created by the [SE-EDU initiative](https://se-education.org).","lastModifiedDate":"2022-09-30"}],"authorContributionMap":{"KIANSEONG":2,"beetee17":5,"-":6}},{"path":"docs/AboutUs.md","fileType":"docs","lines":[{"lineNumber":1,"author":{"gitId":"-"},"content":"---","lastModifiedDate":"2020-05-23"},{"lineNumber":2,"author":{"gitId":"-"},"content":"layout: page","lastModifiedDate":"2020-05-23"},{"lineNumber":3,"author":{"gitId":"-"},"content":"title: About Us","lastModifiedDate":"2020-05-23"},{"lineNumber":4,"author":{"gitId":"-"},"content":"---","lastModifiedDate":"2020-05-23"},{"lineNumber":5,"author":{"gitId":"-"},"content":"","lastModifiedDate":"2020-05-23"},{"lineNumber":6,"author":{"gitId":"-"},"content":"We are a team based in the [School of Computing, National University of Singapore](http://www.comp.nus.edu.sg).","lastModifiedDate":"2020-05-23"},{"lineNumber":7,"author":{"gitId":"-"},"content":"","lastModifiedDate":"2020-05-23"},{"lineNumber":8,"author":{"gitId":"-"},"content":"You can reach us at the email `seer[at]comp.nus.edu.sg`","lastModifiedDate":"2020-06-17"},{"lineNumber":9,"author":{"gitId":"-"},"content":"","lastModifiedDate":"2020-06-17"},{"lineNumber":10,"author":{"gitId":"-"},"content":"## Project Team","lastModifiedDate":"2022-09-13"},{"lineNumber":11,"author":{"gitId":"-"},"content":"","lastModifiedDate":"2020-05-23"},{"lineNumber":12,"author":{"gitId":"-"},"content":"### Quah Kian Seong","lastModifiedDate":"2022-09-13"},{"lineNumber":13,"author":{"gitId":"-"},"content":"","lastModifiedDate":"2020-05-23"},{"lineNumber":14,"author":{"gitId":"KIANSEONG"},"content":"\u003cimg src\u003d\"images/kianseong.png\" width\u003d\"200px\"\u003e","lastModifiedDate":"2022-09-30"},{"lineNumber":15,"author":{"gitId":"-"},"content":"","lastModifiedDate":"2020-05-23"},{"lineNumber":16,"author":{"gitId":"KIANSEONG"},"content":"GitHub: [@KIANSEONG](https://github.com/KIANSEONG)","lastModifiedDate":"2022-09-30"},{"lineNumber":17,"author":{"gitId":"-"},"content":"","lastModifiedDate":"2020-05-23"},{"lineNumber":18,"author":{"gitId":"KIANSEONG"},"content":"* Role: Team Lead","lastModifiedDate":"2022-09-30"},{"lineNumber":19,"author":{"gitId":"-"},"content":"","lastModifiedDate":"2020-05-23"},{"lineNumber":20,"author":{"gitId":"-"},"content":"### Wang Xinyi","lastModifiedDate":"2022-09-14"},{"lineNumber":21,"author":{"gitId":"-"},"content":"","lastModifiedDate":"2020-05-23"},{"lineNumber":22,"author":{"gitId":"wxy1203"},"content":"\u003cimg src\u003d\"images/wxy1203.png\" width\u003d\"200px\"\u003e","lastModifiedDate":"2022-10-02"},{"lineNumber":23,"author":{"gitId":"-"},"content":"","lastModifiedDate":"2022-10-01"},{"lineNumber":24,"author":{"gitId":"wxy1203"},"content":"GitHub: [@wxy1203](https://github.com/wxy1203)","lastModifiedDate":"2022-10-01"},{"lineNumber":25,"author":{"gitId":"-"},"content":"","lastModifiedDate":"2020-05-23"},{"lineNumber":26,"author":{"gitId":"wxy1203"},"content":"* Role: Team Member","lastModifiedDate":"2022-10-01"},{"lineNumber":27,"author":{"gitId":"wxy1203"},"content":"* Responsibilities: Various","lastModifiedDate":"2022-10-01"},{"lineNumber":28,"author":{"gitId":"-"},"content":"","lastModifiedDate":"2020-05-23"},{"lineNumber":29,"author":{"gitId":"-"},"content":"","lastModifiedDate":"2020-05-23"},{"lineNumber":30,"author":{"gitId":"-"},"content":"### Brandon Thio","lastModifiedDate":"2022-09-14"},{"lineNumber":31,"author":{"gitId":"-"},"content":"","lastModifiedDate":"2022-09-14"},{"lineNumber":32,"author":{"gitId":"beetee17"},"content":"\u003cimg src\u003d\"images/brandon.png\" width\u003d\"200px\"\u003e","lastModifiedDate":"2022-09-30"},{"lineNumber":33,"author":{"gitId":"-"},"content":"","lastModifiedDate":"2022-09-14"},{"lineNumber":34,"author":{"gitId":"beetee17"},"content":"GitHub: [@beetee17](https://github.com/beetee17)","lastModifiedDate":"2022-09-30"},{"lineNumber":35,"author":{"gitId":"-"},"content":"[[portfolio](team/johndoe.md)]","lastModifiedDate":"2022-09-14"},{"lineNumber":36,"author":{"gitId":"-"},"content":"","lastModifiedDate":"2022-09-14"},{"lineNumber":37,"author":{"gitId":"-"},"content":"* Role: Team Member","lastModifiedDate":"2022-09-14"},{"lineNumber":38,"author":{"gitId":"-"},"content":"* Responsibilities: Various","lastModifiedDate":"2022-09-14"},{"lineNumber":39,"author":{"gitId":"-"},"content":"","lastModifiedDate":"2022-09-14"},{"lineNumber":40,"author":{"gitId":"-"},"content":"### Zheng Yilin","lastModifiedDate":"2022-09-14"},{"lineNumber":41,"author":{"gitId":"-"},"content":"","lastModifiedDate":"2020-05-23"},{"lineNumber":42,"author":{"gitId":"-"},"content":"","lastModifiedDate":"2020-05-23"},{"lineNumber":43,"author":{"gitId":"yilinzyl"},"content":"\u003cimg src\u003d\"images/yilinzyl.png\" width\u003d\"200px\"\u003e","lastModifiedDate":"2022-10-02"},{"lineNumber":44,"author":{"gitId":"-"},"content":"","lastModifiedDate":"2020-05-23"},{"lineNumber":45,"author":{"gitId":"yilinzyl"},"content":"Github: [@yilinzyl](http://github.com/yilinzyl)","lastModifiedDate":"2022-10-02"},{"lineNumber":46,"author":{"gitId":"-"},"content":"[[portfolio](team/johndoe.md)]","lastModifiedDate":"2022-09-14"},{"lineNumber":47,"author":{"gitId":"-"},"content":"","lastModifiedDate":"2020-05-23"},{"lineNumber":48,"author":{"gitId":"yilinzyl"},"content":"* Role: Team Member","lastModifiedDate":"2022-10-02"},{"lineNumber":49,"author":{"gitId":"yilinzyl"},"content":"* Responsibilities: Various","lastModifiedDate":"2022-10-02"},{"lineNumber":50,"author":{"gitId":"-"},"content":"","lastModifiedDate":"2020-05-23"},{"lineNumber":51,"author":{"gitId":"-"},"content":"### Amresh","lastModifiedDate":"2022-09-15"},{"lineNumber":52,"author":{"gitId":"-"},"content":"","lastModifiedDate":"2020-05-23"},{"lineNumber":53,"author":{"gitId":"amresh2000"},"content":"\u003cimg src\u003d\"images/amresh2000.png\" width\u003d\"200px\"\u003e","lastModifiedDate":"2022-10-02"},{"lineNumber":54,"author":{"gitId":"-"},"content":"","lastModifiedDate":"2020-05-23"},{"lineNumber":55,"author":{"gitId":"amresh2000"},"content":"Github: [@amresh2000](http://github.com/amresh2000)","lastModifiedDate":"2022-10-02"},{"lineNumber":56,"author":{"gitId":"-"},"content":"[[portfolio](team/johndoe.md)]","lastModifiedDate":"2020-05-23"},{"lineNumber":57,"author":{"gitId":"-"},"content":"","lastModifiedDate":"2020-05-23"},{"lineNumber":58,"author":{"gitId":"-"},"content":"* Role: Developer","lastModifiedDate":"2020-05-23"},{"lineNumber":59,"author":{"gitId":"-"},"content":"* Responsibilities: Dev Ops + Threading","lastModifiedDate":"2020-05-23"}],"authorContributionMap":{"KIANSEONG":3,"amresh2000":2,"wxy1203":4,"beetee17":2,"-":44,"yilinzyl":4}},{"path":"docs/team/Xinyi.md","fileType":"docs","lines":[{"lineNumber":1,"author":{"gitId":"wxy1203"},"content":"# Brandon\u0027s Project Portfolio Page","lastModifiedDate":"2022-10-01"},{"lineNumber":2,"author":{"gitId":"wxy1203"},"content":"","lastModifiedDate":"2022-10-01"},{"lineNumber":3,"author":{"gitId":"wxy1203"},"content":"## Arrow","lastModifiedDate":"2022-10-01"},{"lineNumber":4,"author":{"gitId":"wxy1203"},"content":"Overview: A short overview of your product to provide some context to the reader. The opening 1-2 sentences may be reused by all team members. If your product overview extends beyond 1-2 sentences, the remainder should be written by yourself.","lastModifiedDate":"2022-10-01"},{"lineNumber":5,"author":{"gitId":"wxy1203"},"content":"","lastModifiedDate":"2022-10-01"},{"lineNumber":6,"author":{"gitId":"wxy1203"},"content":"### Summary of Contributions:","lastModifiedDate":"2022-10-01"},{"lineNumber":7,"author":{"gitId":"wxy1203"},"content":"- Code contributed: Give a link to your code on tP Code Dashboard. The link is available in the Project List Page -- linked to the  icon under your profile picture.","lastModifiedDate":"2022-10-01"},{"lineNumber":8,"author":{"gitId":"wxy1203"},"content":"- Enhancements implemented: A summary of the enhancements you implemented.","lastModifiedDate":"2022-10-01"},{"lineNumber":9,"author":{"gitId":"wxy1203"},"content":"- Contributions to the UG: Which sections did you contribute to the UG?","lastModifiedDate":"2022-10-01"},{"lineNumber":10,"author":{"gitId":"wxy1203"},"content":"- Contributions to the DG: Which sections did you contribute to the DG? Which UML diagrams did you add/updated?","lastModifiedDate":"2022-10-01"},{"lineNumber":11,"author":{"gitId":"wxy1203"},"content":"- Documentation","lastModifiedDate":"2022-10-01"},{"lineNumber":12,"author":{"gitId":"wxy1203"},"content":"- Contributions to team-based tasks","lastModifiedDate":"2022-10-01"},{"lineNumber":13,"author":{"gitId":"wxy1203"},"content":"    - Review/mentoring contributions: Links to PRs reviewed, instances of helping team members in other ways.","lastModifiedDate":"2022-10-01"},{"lineNumber":14,"author":{"gitId":"wxy1203"},"content":"- Contributions to the Developer Guide (Extracts): Reproduce the parts in the Developer Guide that you wrote.","lastModifiedDate":"2022-10-01"},{"lineNumber":15,"author":{"gitId":"wxy1203"},"content":"- Contributions to the User Guide (Extracts): Reproduce the parts in the User Guide that you wrote.","lastModifiedDate":"2022-10-01"}],"authorContributionMap":{"wxy1203":15}},{"path":"docs/team/amresh.md","fileType":"docs","lines":[{"lineNumber":1,"author":{"gitId":"amresh2000"},"content":"# Amresh\u0027s Project Portfolio Page","lastModifiedDate":"2022-10-02"},{"lineNumber":2,"author":{"gitId":"amresh2000"},"content":"","lastModifiedDate":"2022-10-02"},{"lineNumber":3,"author":{"gitId":"amresh2000"},"content":"## Arrow","lastModifiedDate":"2022-10-02"},{"lineNumber":4,"author":{"gitId":"amresh2000"},"content":"Overview: A short overview of your product to provide some context to the reader. The opening 1-2 sentences may be reused by all team members. If your product overview extends beyond 1-2 sentences, the remainder should be written by yourself.","lastModifiedDate":"2022-10-02"},{"lineNumber":5,"author":{"gitId":"amresh2000"},"content":"","lastModifiedDate":"2022-10-02"},{"lineNumber":6,"author":{"gitId":"amresh2000"},"content":"### Summary of Contributions:","lastModifiedDate":"2022-10-02"},{"lineNumber":7,"author":{"gitId":"amresh2000"},"content":"- Code contributed: Give a link to your code on tP Code Dashboard. The link is available in the Project List Page -- linked to the  icon under your profile picture.","lastModifiedDate":"2022-10-02"},{"lineNumber":8,"author":{"gitId":"amresh2000"},"content":"- Enhancements implemented: A summary of the enhancements you implemented.","lastModifiedDate":"2022-10-02"},{"lineNumber":9,"author":{"gitId":"amresh2000"},"content":"- Contributions to the UG: Which sections did you contribute to the UG?","lastModifiedDate":"2022-10-02"},{"lineNumber":10,"author":{"gitId":"amresh2000"},"content":"- Contributions to the DG: Which sections did you contribute to the DG? Which UML diagrams did you add/updated?","lastModifiedDate":"2022-10-02"},{"lineNumber":11,"author":{"gitId":"amresh2000"},"content":"- Documentation","lastModifiedDate":"2022-10-02"},{"lineNumber":12,"author":{"gitId":"amresh2000"},"content":"- Contributions to team-based tasks","lastModifiedDate":"2022-10-02"},{"lineNumber":13,"author":{"gitId":"amresh2000"},"content":"  - Review/mentoring contributions: Links to PRs reviewed, instances of helping team members in other ways.","lastModifiedDate":"2022-10-02"},{"lineNumber":14,"author":{"gitId":"amresh2000"},"content":"- Contributions to the Developer Guide (Extracts): Reproduce the parts in the Developer Guide that you wrote.","lastModifiedDate":"2022-10-02"},{"lineNumber":15,"author":{"gitId":"amresh2000"},"content":"- Contributions to the User Guide (Extracts): Reproduce the parts in the User Guide that you wrote.","lastModifiedDate":"2022-10-02"}],"authorContributionMap":{"amresh2000":15}},{"path":"docs/team/brandon.md","fileType":"docs","lines":[{"lineNumber":1,"author":{"gitId":"beetee17"},"content":"# Brandon\u0027s Project Portfolio Page","lastModifiedDate":"2022-09-30"},{"lineNumber":2,"author":{"gitId":"beetee17"},"content":"","lastModifiedDate":"2022-09-30"},{"lineNumber":3,"author":{"gitId":"beetee17"},"content":"## Arrow","lastModifiedDate":"2022-09-30"},{"lineNumber":4,"author":{"gitId":"beetee17"},"content":"Overview: A short overview of your product to provide some context to the reader. The opening 1-2 sentences may be reused by all team members. If your product overview extends beyond 1-2 sentences, the remainder should be written by yourself.","lastModifiedDate":"2022-09-30"},{"lineNumber":5,"author":{"gitId":"beetee17"},"content":"","lastModifiedDate":"2022-09-30"},{"lineNumber":6,"author":{"gitId":"beetee17"},"content":"### Summary of Contributions:","lastModifiedDate":"2022-09-30"},{"lineNumber":7,"author":{"gitId":"beetee17"},"content":"- Code contributed: Give a link to your code on tP Code Dashboard. The link is available in the Project List Page -- linked to the  icon under your profile picture.","lastModifiedDate":"2022-09-30"},{"lineNumber":8,"author":{"gitId":"beetee17"},"content":"- Enhancements implemented: A summary of the enhancements you implemented.","lastModifiedDate":"2022-09-30"},{"lineNumber":9,"author":{"gitId":"beetee17"},"content":"- Contributions to the UG: Which sections did you contribute to the UG?","lastModifiedDate":"2022-09-30"},{"lineNumber":10,"author":{"gitId":"beetee17"},"content":"- Contributions to the DG: Which sections did you contribute to the DG? Which UML diagrams did you add/updated?","lastModifiedDate":"2022-09-30"},{"lineNumber":11,"author":{"gitId":"beetee17"},"content":"- Documentation","lastModifiedDate":"2022-09-30"},{"lineNumber":12,"author":{"gitId":"beetee17"},"content":"- Contributions to team-based tasks","lastModifiedDate":"2022-09-30"},{"lineNumber":13,"author":{"gitId":"beetee17"},"content":"    - Review/mentoring contributions: Links to PRs reviewed, instances of helping team members in other ways.","lastModifiedDate":"2022-09-30"},{"lineNumber":14,"author":{"gitId":"beetee17"},"content":"- Contributions to the Developer Guide (Extracts): Reproduce the parts in the Developer Guide that you wrote.","lastModifiedDate":"2022-09-30"},{"lineNumber":15,"author":{"gitId":"beetee17"},"content":"- Contributions to the User Guide (Extracts): Reproduce the parts in the User Guide that you wrote.","lastModifiedDate":"2022-09-30"}],"authorContributionMap":{"beetee17":15}},{"path":"docs/team/kianseong.md","fileType":"docs","lines":[{"lineNumber":1,"author":{"gitId":"KIANSEONG"},"content":"# Kian Seong\u0027s Project Portfolio Page","lastModifiedDate":"2022-10-01"},{"lineNumber":2,"author":{"gitId":"KIANSEONG"},"content":"","lastModifiedDate":"2022-09-30"},{"lineNumber":3,"author":{"gitId":"KIANSEONG"},"content":"## Arrow","lastModifiedDate":"2022-09-30"},{"lineNumber":4,"author":{"gitId":"KIANSEONG"},"content":"Overview: A short overview of your product to provide some context to the reader. The opening 1-2 sentences may be reused by all team members. If your product overview extends beyond 1-2 sentences, the remainder should be written by yourself.","lastModifiedDate":"2022-09-30"},{"lineNumber":5,"author":{"gitId":"KIANSEONG"},"content":"","lastModifiedDate":"2022-09-30"},{"lineNumber":6,"author":{"gitId":"KIANSEONG"},"content":"### Summary of Contributions:","lastModifiedDate":"2022-09-30"},{"lineNumber":7,"author":{"gitId":"KIANSEONG"},"content":"- Code contributed: Give a link to your code on tP Code Dashboard. The link is available in the Project List Page -- linked to the  icon under your profile picture.","lastModifiedDate":"2022-09-30"},{"lineNumber":8,"author":{"gitId":"KIANSEONG"},"content":"- Enhancements implemented: A summary of the enhancements you implemented.","lastModifiedDate":"2022-09-30"},{"lineNumber":9,"author":{"gitId":"KIANSEONG"},"content":"- Contributions to the UG: Which sections did you contribute to the UG?","lastModifiedDate":"2022-09-30"},{"lineNumber":10,"author":{"gitId":"KIANSEONG"},"content":"- Contributions to the DG: Which sections did you contribute to the DG? Which UML diagrams did you add/updated?","lastModifiedDate":"2022-09-30"},{"lineNumber":11,"author":{"gitId":"KIANSEONG"},"content":"- Documentation","lastModifiedDate":"2022-09-30"},{"lineNumber":12,"author":{"gitId":"KIANSEONG"},"content":"- Contributions to team-based tasks","lastModifiedDate":"2022-09-30"},{"lineNumber":13,"author":{"gitId":"KIANSEONG"},"content":"  - Review/mentoring contributions: Links to PRs reviewed, instances of helping team members in other ways.","lastModifiedDate":"2022-09-30"},{"lineNumber":14,"author":{"gitId":"KIANSEONG"},"content":"- Contributions to the Developer Guide (Extracts): Reproduce the parts in the Developer Guide that you wrote.","lastModifiedDate":"2022-09-30"},{"lineNumber":15,"author":{"gitId":"KIANSEONG"},"content":"- Contributions to the User Guide (Extracts): Reproduce the parts in the User Guide that you wrote.","lastModifiedDate":"2022-09-30"}],"authorContributionMap":{"KIANSEONG":15}},{"path":"docs/team/yilinzyl.md","fileType":"docs","lines":[{"lineNumber":1,"author":{"gitId":"yilinzyl"},"content":"# Yilin\u0027s Project Portfolio Page","lastModifiedDate":"2022-10-02"},{"lineNumber":2,"author":{"gitId":"yilinzyl"},"content":"","lastModifiedDate":"2022-10-02"},{"lineNumber":3,"author":{"gitId":"yilinzyl"},"content":"## Arrow","lastModifiedDate":"2022-10-02"},{"lineNumber":4,"author":{"gitId":"yilinzyl"},"content":"Overview: A short overview of your product to provide some context to the reader. The opening 1-2 sentences may be reused by all team members. If your product overview extends beyond 1-2 sentences, the remainder should be written by yourself.","lastModifiedDate":"2022-10-02"},{"lineNumber":5,"author":{"gitId":"yilinzyl"},"content":"","lastModifiedDate":"2022-10-02"},{"lineNumber":6,"author":{"gitId":"yilinzyl"},"content":"### Summary of Contributions:","lastModifiedDate":"2022-10-02"},{"lineNumber":7,"author":{"gitId":"yilinzyl"},"content":"- Code contributed: Give a link to your code on tP Code Dashboard. The link is available in the Project List Page -- linked to the  icon under your profile picture.","lastModifiedDate":"2022-10-02"},{"lineNumber":8,"author":{"gitId":"yilinzyl"},"content":"- Enhancements implemented: A summary of the enhancements you implemented.","lastModifiedDate":"2022-10-02"},{"lineNumber":9,"author":{"gitId":"yilinzyl"},"content":"- Contributions to the UG: Which sections did you contribute to the UG?","lastModifiedDate":"2022-10-02"},{"lineNumber":10,"author":{"gitId":"yilinzyl"},"content":"- Contributions to the DG: Which sections did you contribute to the DG? Which UML diagrams did you add/updated?","lastModifiedDate":"2022-10-02"},{"lineNumber":11,"author":{"gitId":"yilinzyl"},"content":"- Documentation","lastModifiedDate":"2022-10-02"},{"lineNumber":12,"author":{"gitId":"yilinzyl"},"content":"- Contributions to team-based tasks","lastModifiedDate":"2022-10-02"},{"lineNumber":13,"author":{"gitId":"yilinzyl"},"content":"    - Review/mentoring contributions: Links to PRs reviewed, instances of helping team members in other ways.","lastModifiedDate":"2022-10-02"},{"lineNumber":14,"author":{"gitId":"yilinzyl"},"content":"- Contributions to the Developer Guide (Extracts): Reproduce the parts in the Developer Guide that you wrote.","lastModifiedDate":"2022-10-02"},{"lineNumber":15,"author":{"gitId":"yilinzyl"},"content":"- Contributions to the User Guide (Extracts): Reproduce the parts in the User Guide that you wrote.","lastModifiedDate":"2022-10-02"}],"authorContributionMap":{"yilinzyl":15}}]
