{"authorDailyContributionsMap":{"KIANSEONG":[{"date":"2022-09-30","commitResults":[{"hash":"cd6fefb76a7e8078a78f93d4d81fa9f60d712d6a","messageTitle":"docs: update AboutUs.md and add Kian Seong\u0027s PPP","messageBody":"","fileTypesAndContributionMap":{"docs":{"insertions":20,"deletions":4}}},{"hash":"c762be68507718f1b47c71f29ff56daf79f776bd","messageTitle":"style: fix trailing whitespaces","messageBody":"","fileTypesAndContributionMap":{"docs":{"insertions":3,"deletions":5}}}]},{"date":"2022-10-01","commitResults":[{"hash":"5442a830fe93b8283dd0903361500e1c26c42935","messageTitle":"style: fix typo","messageBody":"","fileTypesAndContributionMap":{"docs":{"insertions":1,"deletions":1}}}]},{"date":"2022-10-02","commitResults":[{"hash":"fd7f925a0e7ad7901192a4c26f4c64e7adfef569","messageTitle":"docs: update GitHub Actions build status badge and project website link","messageBody":"","fileTypesAndContributionMap":{"docs":{"insertions":2,"deletions":2}}},{"hash":"85a5782e70c45a1293799fa98b8caa17d9bfe97a","messageTitle":"docs: update UserGuide.md with draft content","messageBody":"","fileTypesAndContributionMap":{"docs":{"insertions":63,"deletions":10}}}]},{"date":"2022-10-03","commitResults":[{"hash":"8c08117778c884ea0120ef8f8bc845fd36466703","messageTitle":"docs: update site-wide settings","messageBody":"","fileTypesAndContributionMap":{"docs":{"insertions":9,"deletions":55}}}]},{"date":"2022-10-04","commitResults":[{"hash":"650f210b0a724a5aaaaf81cc233e52de1b552e3b","messageTitle":"docs: update DeveloperGuide.md and AboutUs.md","messageBody":"","fileTypesAndContributionMap":{"docs":{"insertions":23,"deletions":5}}},{"hash":"0d88098b97677cd84df6cc14db052109c770ea7f","messageTitle":"docs: update product scope","messageBody":"","fileTypesAndContributionMap":{"docs":{"insertions":20,"deletions":19}}}]},{"date":"2022-10-05","commitResults":[{"hash":"87c95505f12ad9c53345bab9b98ef75d07987915","messageTitle":"Add task model","messageBody":"","fileTypesAndContributionMap":{"functional-code":{"insertions":54,"deletions":0}}},{"hash":"26568308eb5fb11b8956678365a006fb4ff5bdbb","messageTitle":"Add TaskList class","messageBody":"","fileTypesAndContributionMap":{"functional-code":{"insertions":155,"deletions":1}}},{"hash":"1fc9a8922965f71e73466f518884819359d3e77d","messageTitle":"test: add missing tests for Task and TaskList","messageBody":"","fileTypesAndContributionMap":{"functional-code":{"insertions":65,"deletions":3},"test-code":{"insertions":203,"deletions":2}}},{"hash":"310d73d97eabdb062112ae5111f7d96d39ddb965","messageTitle":"test: add tests for AddressBook","messageBody":"","fileTypesAndContributionMap":{"functional-code":{"insertions":1,"deletions":0},"test-code":{"insertions":21,"deletions":8}}}]},{"date":"2022-10-06","commitResults":[{"hash":"44fb71ce49ac26de42af2f7009d8d4b2e904591d","messageTitle":"refactor: change Task model to follow Person","messageBody":"This changes the way a task is constructed. The previous model did not allow\n\noptional fields to be created. The new model will account for both mandatory (identity) and optional (data) fields.\n","fileTypesAndContributionMap":{"functional-code":{"insertions":274,"deletions":125},"other":{"insertions":6,"deletions":6},"test-code":{"insertions":428,"deletions":224}}},{"hash":"d295e5cf6ae76711ec7190372882e00e87b136f8","messageTitle":"test: update tests to match file name","messageBody":"","fileTypesAndContributionMap":{"test-code":{"insertions":5,"deletions":5}}},{"hash":"86c4df197016a5b41c77f02eb4d75e70f1bc2f4f","messageTitle":"storage: add storage files for Task","messageBody":"","fileTypesAndContributionMap":{"functional-code":{"insertions":461,"deletions":24},"test-code":{"insertions":160,"deletions":31}}}]},{"date":"2022-10-07","commitResults":[{"hash":"bf1594956c00c9ae2e76c30b8ccacfedc692b9ff","messageTitle":"test: update tests for Storage","messageBody":"","fileTypesAndContributionMap":{"test-code":{"insertions":202,"deletions":2}}},{"hash":"f3621c05849d59ee0a2c48290c7be680169c32b3","messageTitle":"feat: create add task command","messageBody":"","fileTypesAndContributionMap":{"functional-code":{"insertions":105,"deletions":1}}},{"hash":"8ce80c11e4269a57642796a2ca3cefdbfa486ee0","messageTitle":"test: add missing tests for add task command","messageBody":"","fileTypesAndContributionMap":{"functional-code":{"insertions":6,"deletions":12},"other":{"insertions":7,"deletions":2},"test-code":{"insertions":337,"deletions":3}}}]},{"date":"2022-10-09","commitResults":[{"hash":"7e3dc192efc95a7bffeca8bd58886cdf333981a0","messageTitle":"refactor: update command parser to check for task command word","messageBody":"","fileTypesAndContributionMap":{"functional-code":{"insertions":2,"deletions":1}}},{"hash":"25ceed6b3e58e10061dd3d7ea9a4f2591fdfd60b","messageTitle":"docs: update UG, DG with add task command and UML diagrams","messageBody":"","fileTypesAndContributionMap":{"docs":{"insertions":115,"deletions":75}}}]},{"date":"2022-10-12","commitResults":[{"hash":"8e25cb4057d92ddf352a333e3c9a6b84d71e5a82","messageTitle":"Update inconsistencies and refactor code","messageBody":"","fileTypesAndContributionMap":{"functional-code":{"insertions":241,"deletions":82},"test-code":{"insertions":67,"deletions":13}}}]}],"amresh2000":[{"date":"2022-10-02","commitResults":[{"hash":"2fab549a1aa3621b69624c483e5cbc9294df5784","messageTitle":"docs: Update AboutUs.md and Add PPP","messageBody":"","fileTypesAndContributionMap":{"docs":{"insertions":17,"deletions":2}}},{"hash":"c759512f263822a8db1bbc1d68fd745bb15bc9e6","messageTitle":"Typo in file name","messageBody":"","fileTypesAndContributionMap":{"docs":{"insertions":1,"deletions":1}}},{"hash":"fa0efe543e5150d36ec61432926a15752e2aaf29","messageTitle":"Typo in AboutUs.md","messageBody":"","fileTypesAndContributionMap":{"docs":{"insertions":1,"deletions":1}}}]},{"date":"2022-10-03","commitResults":[{"hash":"a5db33579aa8cb39cd47a8d98229fc8bd2c9f1dd","messageTitle":"Rename PPP file","messageBody":"","fileTypesAndContributionMap":{"docs":{"insertions":0,"deletions":0}}},{"hash":"705a5f84bbdae0b68999ac83ff738f84d8e1af31","messageTitle":"Add Non-functional requirements to DG","messageBody":"","fileTypesAndContributionMap":{"docs":{"insertions":3,"deletions":1}}}]},{"date":"2022-10-11","commitResults":[{"hash":"027376230552070654894a93c3933c67b40bc28d","messageTitle":"feat: add retrieve task methods","messageBody":"","fileTypesAndContributionMap":{"functional-code":{"insertions":29,"deletions":0}}},{"hash":"2dc853a789b40f7f665de2d02e0ed0da6f951b78","messageTitle":"feat: add delete task command function","messageBody":"","fileTypesAndContributionMap":{"functional-code":{"insertions":55,"deletions":0}}},{"hash":"291e003715473079eaf46457c8d73d699fbb3883","messageTitle":"feat: add Delete Task Command Parser","messageBody":"","fileTypesAndContributionMap":{"functional-code":{"insertions":72,"deletions":17}}},{"hash":"f6d9c0a977bbf9e42e0f86ba8d973518e9f81de4","messageTitle":"test: add tests for delete task command","messageBody":"","fileTypesAndContributionMap":{"functional-code":{"insertions":1,"deletions":1},"test-code":{"insertions":62,"deletions":2}}},{"hash":"42ec18834b15d73708161f6dda3ee0a92c0e6fe9","messageTitle":"style: fix minor checkStyle issues","messageBody":"","fileTypesAndContributionMap":{"functional-code":{"insertions":11,"deletions":11}}},{"hash":"50bd67093e57b53647cff1f603d0f23937c85937","messageTitle":"style: fix minor checkStyle issues in test cases","messageBody":"","fileTypesAndContributionMap":{"test-code":{"insertions":8,"deletions":15}}},{"hash":"4943965d6d8c70d8ce64476f46a3b43f30a77736","messageTitle":"bug: minor fixes","messageBody":"","fileTypesAndContributionMap":{"test-code":{"insertions":6,"deletions":2}}},{"hash":"84321f8ea85078aba01a59783c5da24006ab4dc1","messageTitle":"style: minor checkStyle issues","messageBody":"","fileTypesAndContributionMap":{"test-code":{"insertions":1,"deletions":1}}},{"hash":"f7bc20734105690c158d0e963cfb3caf0a7d9bf0","messageTitle":"bug: minor resolve","messageBody":"","fileTypesAndContributionMap":{"test-code":{"insertions":1,"deletions":1}}},{"hash":"0bce075bb2d0ab1cac9b6c942f242d7a90d1c99e","messageTitle":"bug: minor fixes","messageBody":"","fileTypesAndContributionMap":{"functional-code":{"insertions":2,"deletions":2}}},{"hash":"01b0e983f715b5430cc0c1e19096a2995af076d3","messageTitle":"bug: minor bug fixes","messageBody":"","fileTypesAndContributionMap":{"functional-code":{"insertions":11,"deletions":15}}},{"hash":"16b0abc3e2393e7b3c854abe25be7c502d30a8b5","messageTitle":"style: fix checkStyle issue","messageBody":"","fileTypesAndContributionMap":{"functional-code":{"insertions":3,"deletions":3},"test-code":{"insertions":10,"deletions":12}}}]},{"date":"2022-10-13","commitResults":[{"hash":"0095c7d07639e941b422ecd80bc3cbdf16a9f26f","messageTitle":"docs: update delete task command docs","messageBody":"","fileTypesAndContributionMap":{"docs":{"insertions":5,"deletions":5}}}]}],"wxy1203":[{"date":"2022-10-01","commitResults":[{"hash":"0251806a1b0e04fba76b74ca6caa9247f3a5a6cc","messageTitle":"Update AboutUs.md","messageBody":"","fileTypesAndContributionMap":{"docs":{"insertions":1,"deletions":1}}},{"hash":"1361b6efa6f9002485d52d43154a871ac245b161","messageTitle":"docs: update profile in AboutUs.md","messageBody":"","fileTypesAndContributionMap":{"functional-code":{"insertions":4,"deletions":0},"docs":{"insertions":4,"deletions":5}}},{"hash":"bd7ae4a8f9a5327666bab929a01c6668dbafff7d","messageTitle":"Delete RemarkCommand.java","messageBody":"","fileTypesAndContributionMap":{"functional-code":{"insertions":0,"deletions":4}}},{"hash":"bb0d7645a6e6c33b9e0a46966823ee087da92286","messageTitle":"docs: update AboutUs.md and add Xinyi\u0027s PPP","messageBody":"","fileTypesAndContributionMap":{"docs":{"insertions":15,"deletions":0}}}]},{"date":"2022-10-02","commitResults":[{"hash":"24fc35cb740d8f387d48e0aa37fbf59235088a26","messageTitle":"docs: Update AboutUs.md","messageBody":"","fileTypesAndContributionMap":{"docs":{"insertions":1,"deletions":1}}}]},{"date":"2022-10-03","commitResults":[{"hash":"0f0084b245b63477a3cab0059217ec7d623d618f","messageTitle":"docs: Update Glossary in Developer.md","messageBody":"","fileTypesAndContributionMap":{"docs":{"insertions":8,"deletions":0}}}]},{"date":"2022-10-04","commitResults":[{"hash":"48b2906f2cbd0941736a6a5e4891ce885bcb992b","messageTitle":"docs: Update AboutUs.md","messageBody":"","fileTypesAndContributionMap":{"docs":{"insertions":1,"deletions":1}}}]},{"date":"2022-10-10","commitResults":[{"hash":"454be437b31782348264584a59e68a7918b9da09","messageTitle":"feat: create mark task command","messageBody":"","fileTypesAndContributionMap":{"functional-code":{"insertions":4,"deletions":0}}}]},{"date":"2022-10-11","commitResults":[{"hash":"1bf795742714f9ef513d8a848909155fb826997b","messageTitle":"feat: create mark task command parser","messageBody":"","fileTypesAndContributionMap":{"functional-code":{"insertions":24,"deletions":2}}},{"hash":"121157bb68a8e18fb43db5fd511920ddb3aa3af9","messageTitle":"Feat: create mark task command","messageBody":"","fileTypesAndContributionMap":{"functional-code":{"insertions":10,"deletions":2}}},{"hash":"a6c517438e8aac0a9606144220df5417347d31a1","messageTitle":"test: add tests for mark task command","messageBody":"","fileTypesAndContributionMap":{"functional-code":{"insertions":101,"deletions":4},"test-code":{"insertions":36,"deletions":0}}},{"hash":"43274c5c34afd98124dc5f95fa2150de7f5c2171","messageTitle":"feat: update mark task command","messageBody":"","fileTypesAndContributionMap":{"functional-code":{"insertions":4,"deletions":4}}},{"hash":"1d77580e8a504e5517f28bb0c2fd0b064461e38f","messageTitle":"Update MarkTaskCommand.java","messageBody":"","fileTypesAndContributionMap":{"functional-code":{"insertions":2,"deletions":3}}},{"hash":"f6bfb0706d46d77cb336be11d5855ecbf1564413","messageTitle":"Update MarkTaskCommand.java","messageBody":"","fileTypesAndContributionMap":{"functional-code":{"insertions":4,"deletions":4}}},{"hash":"498b585778074e3a7f3d68f8314db06949901b01","messageTitle":"Update mark task command","messageBody":"","fileTypesAndContributionMap":{"functional-code":{"insertions":9,"deletions":9}}},{"hash":"5f06eef07dc97cf7ed254d408179fe053662f93b","messageTitle":"Update mark task","messageBody":"","fileTypesAndContributionMap":{"functional-code":{"insertions":3,"deletions":5}}},{"hash":"bbdc66d6ef32ef3a782b54fd7991ba755bb460ca","messageTitle":"Update TaskPanelParser.java","messageBody":"","fileTypesAndContributionMap":{"functional-code":{"insertions":0,"deletions":1}}},{"hash":"bc290ed078506c59170de6dd0d6d45e068f952f2","messageTitle":"Update MarkTaskCommandTest.java","messageBody":"","fileTypesAndContributionMap":{"test-code":{"insertions":0,"deletions":3}}},{"hash":"0de6d433d5b490e742a1cc554d8f04f8f4f7cd07","messageTitle":"fix: Update mark task related command","messageBody":"Changes:\n- MESSAGE_USAEG updated\n- delete person_index\n- return CommandResult in execute()\n- parser throw a parse exception\n- add mark field in task to be updated when the command is executed\n","fileTypesAndContributionMap":{"functional-code":{"insertions":48,"deletions":21}}},{"hash":"f655091898b978696a51a5682eb66c26eddba90d","messageTitle":"fix: Fix CI error","messageBody":"","fileTypesAndContributionMap":{"functional-code":{"insertions":0,"deletions":2}}},{"hash":"efa520ecd5240961de784201fb34a0223ab7aa35","messageTitle":"fix: Fix CI error","messageBody":"","fileTypesAndContributionMap":{"functional-code":{"insertions":2,"deletions":2}}},{"hash":"ac106f5ca4c922aec30f778147d53f951dd49f00","messageTitle":"fix: Fix CI error","messageBody":"","fileTypesAndContributionMap":{"functional-code":{"insertions":2,"deletions":2}}},{"hash":"f183f376fe4fa22b7c4ea8971c6f047337637105","messageTitle":"Update MarkTaskCommand.java","messageBody":"","fileTypesAndContributionMap":{"functional-code":{"insertions":2,"deletions":3}}},{"hash":"8cbe5b779df9b8b984fd445fe624422b05d8ad9f","messageTitle":"fix: Fix testing on AddCommandTest","messageBody":"","fileTypesAndContributionMap":{"test-code":{"insertions":10,"deletions":0}}},{"hash":"2313230cf0f433d97d290543503a9158d9f1983b","messageTitle":"test: Add testing fro MarkTaskCommand","messageBody":"","fileTypesAndContributionMap":{"functional-code":{"insertions":0,"deletions":1},"test-code":{"insertions":84,"deletions":11}}},{"hash":"774da44cb494ba070d61a293b15ca89e248e6507","messageTitle":"test: Fix CI error","messageBody":"","fileTypesAndContributionMap":{"test-code":{"insertions":3,"deletions":1}}},{"hash":"6f14793e2254c62054d43aa53a7d8f9dc12ffee6","messageTitle":"test: Fix CI error","messageBody":"","fileTypesAndContributionMap":{"test-code":{"insertions":3,"deletions":3}}},{"hash":"9821d4995342d58f794e2b51f116cf831949d268","messageTitle":"Update MarkTaskCommandTest.java","messageBody":"","fileTypesAndContributionMap":{"test-code":{"insertions":0,"deletions":42}}},{"hash":"8f12cb286a9c105c42e07ec77bcaf0fda3c9254a","messageTitle":"Update MarkTaskCommandTest.java","messageBody":"","fileTypesAndContributionMap":{"test-code":{"insertions":0,"deletions":3}}},{"hash":"28c0fcfeb1848647b3c652da801d7ddda5b3b1d5","messageTitle":"fix: Fix comments issues","messageBody":"Changes:\n- CamelCase in MarkTaskCommand\n\nUpdates:\n- Model, Model Manager\n- Task,\n- MarkTaskCommand\n- AddTaskCommandParser\n- JsonAdaptedTask, SampleDataUtil\n","fileTypesAndContributionMap":{"functional-code":{"insertions":32,"deletions":29},"test-code":{"insertions":22,"deletions":4}}},{"hash":"6497063145ef108d2fd05c0728781a78056cba4d","messageTitle":"Update MarkTaskCommandTest.java","messageBody":"","fileTypesAndContributionMap":{"test-code":{"insertions":17,"deletions":16}}},{"hash":"663d6f731776c3ebe60d1be2149fdda4c94adcd0","messageTitle":"Update MarkTaskCommandTest.java","messageBody":"","fileTypesAndContributionMap":{"test-code":{"insertions":12,"deletions":15}}},{"hash":"d2a098a48e41002cd9972693e369469e2ecdfee4","messageTitle":"test: test cases added couldn\u0027t pass CI","messageBody":"","fileTypesAndContributionMap":{"test-code":{"insertions":0,"deletions":12}}}]}],"beetee17":[{"date":"2022-09-30","commitResults":[{"hash":"8ec5cca04f099dfa22593cea887aba5b703f6719","messageTitle":"docs: update AboutUs.md and add Brandon\u0027s PPP","messageBody":"","fileTypesAndContributionMap":{"docs":{"insertions":18,"deletions":3}}},{"hash":"343e8d11ab88a0545ee6303d68a545ef84f41eb8","messageTitle":"docs: Update the README to match the project","messageBody":"","fileTypesAndContributionMap":{"docs":{"insertions":7,"deletions":8}}}]},{"date":"2022-10-04","commitResults":[{"hash":"f38aa08c6c8433a3c946696e405f5745e6cda74f","messageTitle":"docs: update DeveloperGuide.md with user stories","messageBody":"","fileTypesAndContributionMap":{"docs":{"insertions":29,"deletions":10}}}]},{"date":"2022-10-10","commitResults":[{"hash":"81a6343c4cf8c21c4d2fb30ee25549bbc18383a1","messageTitle":"feat: create list tasks command","messageBody":"","fileTypesAndContributionMap":{"functional-code":{"insertions":26,"deletions":0},"test-code":{"insertions":35,"deletions":0}}},{"hash":"2ab7319cfaa241b23a5288533abf19a44ac12c5d","messageTitle":"Add basic UI to display tasks list","messageBody":"","fileTypesAndContributionMap":{"functional-code":{"insertions":211,"deletions":10},"test-code":{"insertions":37,"deletions":4}}},{"hash":"37112f39f823d3faabc9d185307beb1158ffa4d2","messageTitle":"test: add tests for task panel parser","messageBody":"","fileTypesAndContributionMap":{"functional-code":{"insertions":5,"deletions":0},"test-code":{"insertions":17,"deletions":1}}},{"hash":"1dd428ce73ccc0b2fcbef4671477cba6703cb7ec","messageTitle":"test: add test for LogicManager","messageBody":"","fileTypesAndContributionMap":{"test-code":{"insertions":5,"deletions":0}}},{"hash":"a6b325a47ed0ac4581e08ee2411ead2e0f4197f3","messageTitle":"docs: update the user guide for the list tasks command","messageBody":"","fileTypesAndContributionMap":{"docs":{"insertions":7,"deletions":0}}}]},{"date":"2022-10-12","commitResults":[{"hash":"d7d2951b0cee28df545edf2a61d66370c9ad27e4","messageTitle":"ui: add checkbox that displays the tasks\u0027 completion status","messageBody":"","fileTypesAndContributionMap":{"functional-code":{"insertions":21,"deletions":3}}}]}],"yilinzyl":[{"date":"2022-10-02","commitResults":[{"hash":"fa19a75cdc226a62b2d3b1c40041f2b601fd9a73","messageTitle":"docs: update AboutUs.md and add Yilin\u0027s PPP","messageBody":"","fileTypesAndContributionMap":{"docs":{"insertions":19,"deletions":4}}}]},{"date":"2022-10-04","commitResults":[{"hash":"f5afcb953b6eadbf771696c9e76facfe5106a094","messageTitle":"docs: update use cases in DeveloperGuide.md","messageBody":"","fileTypesAndContributionMap":{"docs":{"insertions":196,"deletions":10}}}]},{"date":"2022-10-12","commitResults":[{"hash":"150a60f2625dbfb0a5636477f0dcfc35af75db91","messageTitle":"bug: resolve merge conflict","messageBody":"","fileTypesAndContributionMap":{"functional-code":{"insertions":4,"deletions":0}}},{"hash":"ec8ae56ac05e2873ee82270c24a70c9289e18978","messageTitle":"feat: update task model, create assign task command and parser","messageBody":"","fileTypesAndContributionMap":{"functional-code":{"insertions":216,"deletions":16}}},{"hash":"0b20916dbd8415a55b638291b53554b6a6c47130","messageTitle":"feat: add assigned persons field to UI (unformatted)","messageBody":"","fileTypesAndContributionMap":{"functional-code":{"insertions":17,"deletions":7}}},{"hash":"aaf3cea977a1674fd17b07a5ef2fa7ec07ebd0fa","messageTitle":"test: add test cases for assign task functionality","messageBody":"","fileTypesAndContributionMap":{"functional-code":{"insertions":2,"deletions":2},"test-code":{"insertions":144,"deletions":2}}},{"hash":"f0e786d60d4746d4313935d7d625debe29672a23","messageTitle":"style: fix styling errors","messageBody":"","fileTypesAndContributionMap":{"functional-code":{"insertions":23,"deletions":26}}},{"hash":"801d18d9252f9d75c007655f229828994a4164d8","messageTitle":"style: fix styling issues in test code","messageBody":"","fileTypesAndContributionMap":{"test-code":{"insertions":24,"deletions":22}}},{"hash":"ee385b725a1cbb6443eb6b744b7135880a728532","messageTitle":"test: add test case for AssignTaskCommandParser","messageBody":"","fileTypesAndContributionMap":{"functional-code":{"insertions":15,"deletions":3},"test-code":{"insertions":8,"deletions":0}}}]}]},"authorFileTypeContributionMap":{"KIANSEONG":{"docs":170,"functional-code":1211,"test-code":1167,"other":1},"amresh2000":{"docs":25,"functional-code":114,"test-code":72},"wxy1203":{"docs":26,"functional-code":124,"test-code":59},"beetee17":{"docs":57,"functional-code":243,"test-code":86},"yilinzyl":{"docs":197,"functional-code":212,"test-code":154}},"authorContributionVariance":{"KIANSEONG":124507.445,"amresh2000":4303.606,"wxy1203":13803.243,"beetee17":4432.075,"yilinzyl":10867.766},"authorDisplayNameMap":{"KIANSEONG":"CS2103T-T08-2 QUAH..EONG","amresh2000":"CS2103T-T08-2 CHAN..RESH","wxy1203":"CS2103T-T08-2 WANG..INYI","beetee17":"CS2103T-T08-2 BRAN.. KAI","yilinzyl":"CS2103T-T08-2 ZHEN..ILIN"}}
