{"authorDailyContributionsMap":{"jasonqiu212":[{"date":"2022-09-26","commitResults":[{"hash":"dbb02b02657808ae422160dfb88568eefeca677d","messageTitle":"Docs: add personal particulars and picture","messageBody":"","fileTypesAndContributionMap":{"docs":{"insertions":6,"deletions":6}}},{"hash":"02e1399eb7e23567828c133488b795ef9e08d51f","messageTitle":"Docs: add project portfolio page","messageBody":"","fileTypesAndContributionMap":{"docs":{"insertions":24,"deletions":0}}},{"hash":"625eec52c43357a6c0b229aa652d6dd430e00e9a","messageTitle":"Docs: add link to project portfolio page from AboutUs","messageBody":"","fileTypesAndContributionMap":{"docs":{"insertions":1,"deletions":1}}}]},{"date":"2022-09-27","commitResults":[{"hash":"8d26d0029343996e2ffa92bf2b22356a18e9b412","messageTitle":"Docs: fix user guide formatting","messageBody":"","fileTypesAndContributionMap":{"docs":{"insertions":13,"deletions":13}}},{"hash":"fb70a9386e11a06a2dedf6c4d3643ed171dad3a6","messageTitle":"Docs: add list_task and find_task commands to user guide","messageBody":"","fileTypesAndContributionMap":{"docs":{"insertions":25,"deletions":0}}},{"hash":"d7b24d192d68dd7c4ab8378bb17c100b677e0d99","messageTitle":"Docs: update target user profile and value proposition and user stories in developer guide","messageBody":"","fileTypesAndContributionMap":{"docs":{"insertions":23,"deletions":16}}},{"hash":"a618a80b8fadf9cc997b86f758c2b5eae9d0e60e","messageTitle":"Docs: fix developer guide styling","messageBody":"","fileTypesAndContributionMap":{"docs":{"insertions":13,"deletions":13}}},{"hash":"3bddad6d4cf8ea6de9938f047aa32d62b7a38fa4","messageTitle":"Docs: update delete_contact commands in developer guide","messageBody":"","fileTypesAndContributionMap":{"docs":{"insertions":3,"deletions":3}}}]},{"date":"2022-09-29","commitResults":[{"hash":"20ef968010fed77913c96d9fc72babce6adee842","messageTitle":"Docs: remove AB3 traces from user guide","messageBody":"","fileTypesAndContributionMap":{"docs":{"insertions":62,"deletions":80}}}]},{"date":"2022-10-10","commitResults":[{"hash":"cb9f965a20eaf4b1e9b9813e5a4f2a1ee8aa9ac5","messageTitle":"Docs: update index page","messageBody":"","fileTypesAndContributionMap":{"docs":{"insertions":6,"deletions":7}}},{"hash":"3575df34a7c2a81c56c5cd92b81aa3ee191ff624","messageTitle":"Chore: rename FindCommand to FindContactCommand","messageBody":"","fileTypesAndContributionMap":{"functional-code":{"insertions":3,"deletions":3},"other":{"insertions":25,"deletions":25},"test-code":{"insertions":4,"deletions":4}}},{"hash":"55d79ed50a8dbb086649ec08c7da3aa4ff3e1a5e","messageTitle":"Style: fix checkstyle","messageBody":"","fileTypesAndContributionMap":{"test-code":{"insertions":2,"deletions":2}}},{"hash":"bbd4af1a3c554b420f2e5ca16c350d46cbc35184","messageTitle":"Feat: add FindTaskCommandParser","messageBody":"","fileTypesAndContributionMap":{"functional-code":{"insertions":36,"deletions":0}}},{"hash":"2ac3f9446952cc129e00ae35f803795da7aa7f25","messageTitle":"Feat: add task listed message","messageBody":"","fileTypesAndContributionMap":{"functional-code":{"insertions":1,"deletions":1}}},{"hash":"e018f2ab571bf0fa744a30e81ee75c82711e6f19","messageTitle":"Feat: add FindTaskCommand","messageBody":"","fileTypesAndContributionMap":{"functional-code":{"insertions":42,"deletions":0}}},{"hash":"e548316dd36edff3bbb81326bce9f26c0c504988","messageTitle":"Refactor: rename NameContainsKeywordsPredicate to PersonNameContainsKeywordsPredicate","messageBody":"","fileTypesAndContributionMap":{"functional-code":{"insertions":6,"deletions":6},"other":{"insertions":18,"deletions":15},"test-code":{"insertions":17,"deletions":17}}},{"hash":"bdfa92b9887eb903ec2b98fb85631a8ab5195b04","messageTitle":"Feat: add TaskNameContainsKeywordsPredicate","messageBody":"","fileTypesAndContributionMap":{"functional-code":{"insertions":42,"deletions":7}}},{"hash":"af11e6956f573fd002dfe8bc378f5cdf2e1a3559","messageTitle":"Fix(FindTaskCommand): fix incorrect number of tasks displayed","messageBody":"","fileTypesAndContributionMap":{"functional-code":{"insertions":1,"deletions":1}}},{"hash":"38174960c9198ab09bf9e786a44ddf8ddfcf86aa","messageTitle":"Test: add tests for TaskNameContainsKeywordsPredicate","messageBody":"","fileTypesAndContributionMap":{"test-code":{"insertions":106,"deletions":0}}},{"hash":"f39896aeb1164d9c1a07dd09c5dc73a8c5761bb7","messageTitle":"Test: add tests for FindTaskCommandParser","messageBody":"","fileTypesAndContributionMap":{"test-code":{"insertions":8,"deletions":8}}},{"hash":"059f54030991c0f37731b31aacdb99062a959d1f","messageTitle":"Test: add tests for FindTaskCommand","messageBody":"","fileTypesAndContributionMap":{"test-code":{"insertions":81,"deletions":0}}},{"hash":"99508571058d663f0d309afcafafc306475cec37","messageTitle":"Test: fix naming of testing methods","messageBody":"","fileTypesAndContributionMap":{"test-code":{"insertions":3,"deletions":3}}},{"hash":"245ac4c0b88e21fc0eaf1e5b707bd43fdfbf1477","messageTitle":"Style: fix checkstyle","messageBody":"","fileTypesAndContributionMap":{"functional-code":{"insertions":8,"deletions":8},"test-code":{"insertions":34,"deletions":27}}},{"hash":"82d1f907b0a7f95e8e64123e881d3ee8834cfa83","messageTitle":"Fix: fix window width for Mac","messageBody":"","fileTypesAndContributionMap":{"functional-code":{"insertions":1,"deletions":1}}}]},{"date":"2022-10-21","commitResults":[{"hash":"d570dd361298bedc7d5b20eb4773a70befcb2f97","messageTitle":"Refactor: rename DeleteCommand to DeleteContactCommand","messageBody":"","fileTypesAndContributionMap":{"functional-code":{"insertions":4,"deletions":4},"other":{"insertions":29,"deletions":29},"test-code":{"insertions":5,"deletions":5}}},{"hash":"7e4dcfd98b5c2eeeab39c41df0f8275f793ecf2a","messageTitle":"Refactor: rename AddCommandParser to AddContactCommandParser","messageBody":"","fileTypesAndContributionMap":{"other":{"insertions":3,"deletions":3}}},{"hash":"a2cff3921a06bb41dd598d0259d7ffb549cd8989","messageTitle":"Build: enable assertions in gradle","messageBody":"","fileTypesAndContributionMap":{"other":{"insertions":4,"deletions":0}}},{"hash":"6fce345a24e38f06dca5f0522106460133eeea62","messageTitle":"Build: change jar file name in gradle","messageBody":"","fileTypesAndContributionMap":{"other":{"insertions":1,"deletions":1}}},{"hash":"b1ec0276fa5b098c866354093df6edf7290a6835","messageTitle":"Chore: update version number","messageBody":"","fileTypesAndContributionMap":{"functional-code":{"insertions":1,"deletions":1}}},{"hash":"a85604bcc12109542c40ae4d8ea4844d6710ec3c","messageTitle":"Style: fix checkstyle","messageBody":"","fileTypesAndContributionMap":{"test-code":{"insertions":3,"deletions":2}}},{"hash":"7672973c069899d2947616534833a3e4ca3ed9ba","messageTitle":"Docs: update acknowledgements","messageBody":"","fileTypesAndContributionMap":{"docs":{"insertions":10,"deletions":10}}},{"hash":"8f6bb783d26341f5ee58563308ce43c95105237d","messageTitle":"Docs: fix style","messageBody":"","fileTypesAndContributionMap":{"docs":{"insertions":269,"deletions":253}}},{"hash":"959b396bf3cea42f9e499ccae7752b1dc2586c3f","messageTitle":"Docs: fix links in developer guide","messageBody":"","fileTypesAndContributionMap":{"docs":{"insertions":7,"deletions":7}}},{"hash":"38be3c132ea47d6e03be7998a81b6d8d168f6622","messageTitle":"Docs: add implementation of find contacts and tasks","messageBody":"","fileTypesAndContributionMap":{"docs":{"insertions":8,"deletions":4}}},{"hash":"c0a0a50ee6738411cad564418740c671fe502626","messageTitle":"Docs: fix table of contents not showing","messageBody":"","fileTypesAndContributionMap":{"docs":{"insertions":12,"deletions":6}}}]}],"ShenyiCui":[{"date":"2022-09-16","commitResults":[{"hash":"6d80456454705ef9aae81046d0ae9b11a6f53de7","messageTitle":"docs: add project title","messageBody":"","fileTypesAndContributionMap":{"docs":{"insertions":2,"deletions":0}}},{"hash":"9633bb5f6c15b42ad22e82811d0cc6bcce26243b","messageTitle":"test: test CodeCov Integration #1","messageBody":"","fileTypesAndContributionMap":{"docs":{"insertions":1,"deletions":0}}},{"hash":"3f1d32bfe66dd0289302b8b7fcd683f022018789","messageTitle":"docs: update codecov badge in docs","messageBody":"","fileTypesAndContributionMap":{"docs":{"insertions":1,"deletions":2}}}]},{"date":"2022-09-27","commitResults":[{"hash":"ec57f5badf9fe007916ff797e1a6af02c975f429","messageTitle":"docs: update readme for SWIFT+","messageBody":"","fileTypesAndContributionMap":{"docs":{"insertions":20,"deletions":10}}},{"hash":"65d74d17df0309ee56295ca14e3bac772e7d436a","messageTitle":"docs: Add shenyicui ppp","messageBody":"","fileTypesAndContributionMap":{"docs":{"insertions":24,"deletions":0}}},{"hash":"4cca41920d053fd77dfca68b55b4baf3b90a201c","messageTitle":"docs: Add shenyicui aboutme","messageBody":"","fileTypesAndContributionMap":{"docs":{"insertions":2,"deletions":2}}},{"hash":"624936ab5bb8be607608cacc2a3c89d5ae187574","messageTitle":"feat: Update role in aboutUs","messageBody":"","fileTypesAndContributionMap":{"docs":{"insertions":2,"deletions":2}}}]},{"date":"2022-09-28","commitResults":[{"hash":"a80f1c2f43ac41f56389a579d09feb51c5a5583a","messageTitle":"fix: Add name :adhesive_bandage:","messageBody":"","fileTypesAndContributionMap":{"docs":{"insertions":1,"deletions":1}}},{"hash":"f917c928573a07ece219ba388790f949a216a546","messageTitle":"docs: Add links to Site Map","messageBody":"","fileTypesAndContributionMap":{"docs":{"insertions":3,"deletions":4}}},{"hash":"1d0d01eb6f7ddc3964da26d9a5842ff388c70d77","messageTitle":"docs: Update codecov ReadMe","messageBody":"","fileTypesAndContributionMap":{"docs":{"insertions":1,"deletions":1}}},{"hash":"d5e4d81f9e397e1bcf1207f9a72d9a77e8e4609d","messageTitle":":memo: docs: Update User Guide for create_contact","messageBody":"","fileTypesAndContributionMap":{"docs":{"insertions":3,"deletions":3}}},{"hash":"31deebd8d92adb5cc47c33906359b9b90a0ac8b9","messageTitle":":memo: docs: Add Delete Task User Guide","messageBody":"","fileTypesAndContributionMap":{"docs":{"insertions":20,"deletions":5}}},{"hash":"0b413543cb1d7d4744eaa90c7b38ff593e137a1f","messageTitle":":memo: docs: Update Readme with Github Actions","messageBody":"","fileTypesAndContributionMap":{"docs":{"insertions":1,"deletions":0}}},{"hash":"25b46dcf7e2f4f21e2ce5dce94c7040f82253384","messageTitle":":memo: docs: Remove useless constraint from delete_task","messageBody":"","fileTypesAndContributionMap":{"docs":{"insertions":0,"deletions":1}}}]},{"date":"2022-10-06","commitResults":[{"hash":"032df2b26494ec8803be0e29b00e51d6cf392365","messageTitle":"Refactor: change `add` to `add_contact`","messageBody":"","fileTypesAndContributionMap":{"other":{"insertions":5,"deletions":5}}},{"hash":"eca5df9dc3ded3046fd84265e003b16f94d58c2d","messageTitle":"Refactor: refactor `add_contact` tests","messageBody":"","fileTypesAndContributionMap":{"test-code":{"insertions":26,"deletions":26}}},{"hash":"8a4c0171cf80bd670dbc3adf06f4ba84e353b490","messageTitle":"Refactor: change AddContactCommand imports","messageBody":"","fileTypesAndContributionMap":{"functional-code":{"insertions":7,"deletions":7},"test-code":{"insertions":2,"deletions":2}}},{"hash":"c71b216c9b7f29be175bf5316643a21dba91d63c","messageTitle":"Fix: fix checkstyle error","messageBody":"","fileTypesAndContributionMap":{"test-code":{"insertions":2,"deletions":1}}}]},{"date":"2022-10-10","commitResults":[{"hash":"c833d536fc7a1092009e03c115475197469c46b5","messageTitle":"Feat: add filteredTask in ModelManager","messageBody":"","fileTypesAndContributionMap":{"functional-code":{"insertions":31,"deletions":3}}},{"hash":"ce9a0940f3b343022c4baa5d91e54c4d997bff83","messageTitle":"Feat: add invalid task index message","messageBody":"","fileTypesAndContributionMap":{"functional-code":{"insertions":1,"deletions":0}}},{"hash":"8a205779d5de54bd3ae8b1967c85c9302b446f32","messageTitle":"Feat: add Delete Task Command","messageBody":"","fileTypesAndContributionMap":{"functional-code":{"insertions":50,"deletions":0}}},{"hash":"3294d18640883dcc6db828f8c4c63ef57c87fba1","messageTitle":"Feat: add DeleteTask Command Parser","messageBody":"","fileTypesAndContributionMap":{"functional-code":{"insertions":28,"deletions":0}}},{"hash":"96b21cefe808f8461478ce84db5f407b9f4992de","messageTitle":"Feat: add DeleteTask command main AB parser","messageBody":"","fileTypesAndContributionMap":{"functional-code":{"insertions":4,"deletions":10}}},{"hash":"e79bd090429b3bed703b9083d16896460ca33eb0","messageTitle":"Refactor: change TypicalIndexes to TypicalPersonIndexes","messageBody":"","fileTypesAndContributionMap":{"other":{"insertions":1,"deletions":1},"test-code":{"insertions":11,"deletions":11}}},{"hash":"6cf82407ced673fbf1fc98564767e9a8b9b21de7","messageTitle":"Test: add TypicalTask Indexes","messageBody":"","fileTypesAndContributionMap":{"test-code":{"insertions":8,"deletions":0}}},{"hash":"9398327636d8f2bde585d2b7fa2c955df776fe60","messageTitle":"Test: amend Model Stub to for filteredTaskList","messageBody":"","fileTypesAndContributionMap":{"test-code":{"insertions":20,"deletions":0}}},{"hash":"864a4cfa60ff3cc4fd2ed29ee4172752215e1f7e","messageTitle":"Test: add showTaskAtIndex in test utils","messageBody":"","fileTypesAndContributionMap":{"test-code":{"insertions":16,"deletions":0}}},{"hash":"98e18408746920bde81047e1bde0fb88e10ab9f9","messageTitle":"Test: create tests for DeleteTaskCommand","messageBody":"","fileTypesAndContributionMap":{"test-code":{"insertions":106,"deletions":0}}},{"hash":"cc71eb776a3429ba49360321d810bc4d76270224","messageTitle":"Test: create tests for DeleteTaskCommandParser","messageBody":"","fileTypesAndContributionMap":{"test-code":{"insertions":31,"deletions":0}}},{"hash":"4f37e7edbb276abe85689c1582bb420123cdf6f1","messageTitle":"Fix: fix checkstyle errors","messageBody":"","fileTypesAndContributionMap":{"functional-code":{"insertions":61,"deletions":60}}},{"hash":"65dbd80ab0960a04c8a92f85ffa799de7b730146","messageTitle":"Fix: fix checkstyle for tests","messageBody":"","fileTypesAndContributionMap":{"test-code":{"insertions":125,"deletions":135}}},{"hash":"3e82ad08a46100710c7185e621f17d1daa536b55","messageTitle":"Docs: fix codecov in readme","messageBody":"","fileTypesAndContributionMap":{"docs":{"insertions":21,"deletions":11}}},{"hash":"194284267154cd6ffd2dc77d69ebbe578c578323","messageTitle":"Docs: amend position of title","messageBody":"","fileTypesAndContributionMap":{"docs":{"insertions":2,"deletions":1}}}]},{"date":"2022-10-21","commitResults":[{"hash":"8875a3e1be78c4e5973e72bbe3abce1337a6151f","messageTitle":"Feat: add get filtered task list logic interface","messageBody":"","fileTypesAndContributionMap":{"functional-code":{"insertions":21,"deletions":11}}},{"hash":"696793d5ce57863c3c87954889b0296d99519357","messageTitle":"Fix: add missing Task import","messageBody":"","fileTypesAndContributionMap":{"functional-code":{"insertions":1,"deletions":0}}},{"hash":"88961c3dff3b7ce829acabf23e1681b5a7a71b48","messageTitle":"Fix: fix lint errors","messageBody":"","fileTypesAndContributionMap":{"functional-code":{"insertions":61,"deletions":62}}}]},{"date":"2022-10-22","commitResults":[{"hash":"57e3549a087aae950860171bd10dc89bd1ad2197","messageTitle":"Feat: add PersonTaskCard and PersonTaskCardList fxml","messageBody":"","fileTypesAndContributionMap":{"functional-code":{"insertions":58,"deletions":0}}},{"hash":"84b925598de12ce495b0fe274848fd9b5296d9a7","messageTitle":"Feat: add PersonTaskCard and PersonTaskList java","messageBody":"","fileTypesAndContributionMap":{"functional-code":{"insertions":109,"deletions":0}}},{"hash":"ffab5c6ebfc3a0e177dd79e6b9f8885a6e84c78e","messageTitle":"Feat: edit MainWindow to contain personTaskListPanel","messageBody":"","fileTypesAndContributionMap":{"functional-code":{"insertions":6,"deletions":0}}},{"hash":"2fdb0774ef96d9791c81c52a9059cb82c6b66fad","messageTitle":"Feat: init personTaskList to Main Window","messageBody":"","fileTypesAndContributionMap":{"functional-code":{"insertions":7,"deletions":0}}},{"hash":"2b479ac7dc60546ef717ef5565d8a24780bb6ed9","messageTitle":"Docs: update dg for delete_task","messageBody":"","fileTypesAndContributionMap":{"docs":{"insertions":86,"deletions":83}}},{"hash":"0b710093249dd94236ce0af57f0164601ba274cf","messageTitle":"Docs: amend merge conflict fix","messageBody":"","fileTypesAndContributionMap":{"docs":{"insertions":5,"deletions":5}}},{"hash":"f0b94c31a384e1fa67818321dee16d71cadbf8c1","messageTitle":"Feat: init bridgelist to Model","messageBody":"","fileTypesAndContributionMap":{"functional-code":{"insertions":28,"deletions":0}}},{"hash":"c9beb8cdefaf11e06ed4587c3e59320593754b42","messageTitle":"Feat: add custom select person message","messageBody":"","fileTypesAndContributionMap":{"functional-code":{"insertions":1,"deletions":0}}},{"hash":"875fb72c25399f04b8032bbad42437f4ad86e75e","messageTitle":"Feat: add Select Contact Command","messageBody":"","fileTypesAndContributionMap":{"functional-code":{"insertions":106,"deletions":0}}},{"hash":"47c69d1df39c60ebc0388102c0bbcb5877059af0","messageTitle":"Feat: init Select Contact parser","messageBody":"","fileTypesAndContributionMap":{"functional-code":{"insertions":3,"deletions":0}}}]},{"date":"2022-10-23","commitResults":[{"hash":"41e20a618c3d709d04743dd4d02de6e88490a2c7","messageTitle":"Refactor: remove waste log code","messageBody":"","fileTypesAndContributionMap":{"functional-code":{"insertions":0,"deletions":6}}},{"hash":"dfad9e740ff5bc20c35ff3d00e38bcd38cc55926","messageTitle":"Feat: add `hotUpdate` to associated tasks","messageBody":"","fileTypesAndContributionMap":{"functional-code":{"insertions":19,"deletions":0}}},{"hash":"205d9005056514d6995f25bc5c32c788ec83c3d3","messageTitle":"Feat: add hide task and persons to `list_command`","messageBody":"","fileTypesAndContributionMap":{"functional-code":{"insertions":13,"deletions":0}}},{"hash":"b36178d434a673618ae7165b93ea0663e2b77172","messageTitle":"Feat: hide all tasks by default on load-in","messageBody":"","fileTypesAndContributionMap":{"functional-code":{"insertions":4,"deletions":1}}},{"hash":"575c79772e04c4bd88dc22400b5e825cb17234d9","messageTitle":"Refactor: fix wrong spelling for Persons","messageBody":"","fileTypesAndContributionMap":{"functional-code":{"insertions":6,"deletions":6},"docs":{"insertions":2,"deletions":2},"test-code":{"insertions":2,"deletions":2}}},{"hash":"cb716ddcbe29ede420aa359bdad026782cb6dbce","messageTitle":"Test: fix test build errors","messageBody":"","fileTypesAndContributionMap":{"test-code":{"insertions":30,"deletions":0}}},{"hash":"33424d37ee8c53185bc2a421c33a7c4c9985b43b","messageTitle":"Test: add `SelectContactCommand` Tests","messageBody":"","fileTypesAndContributionMap":{"functional-code":{"insertions":7,"deletions":5},"test-code":{"insertions":225,"deletions":0}}},{"hash":"a160957220d93b347bb63616104fcf75ad9ee360","messageTitle":"Test: fix swift test errors","messageBody":"","fileTypesAndContributionMap":{"functional-code":{"insertions":4,"deletions":2},"test-code":{"insertions":35,"deletions":18}}},{"hash":"5393e24b4d101e7158a013a76ba6a0496b39f4bf","messageTitle":"Fix: checkstyle lint errors","messageBody":"","fileTypesAndContributionMap":{"test-code":{"insertions":4,"deletions":2}}},{"hash":"50790d96bfbe8112b5e51179f97cbbdc105efa14","messageTitle":"Test: add parse selectContact test","messageBody":"","fileTypesAndContributionMap":{"test-code":{"insertions":8,"deletions":0}}},{"hash":"079d66854884f03dc9f0d1db27127b54429bb5dd","messageTitle":"Test: add getFilteredBridge test","messageBody":"","fileTypesAndContributionMap":{"test-code":{"insertions":5,"deletions":0}}}]}],"santosh3007":[{"date":"2022-09-28","commitResults":[{"hash":"828c75eaa7fc457a422861c0e1aeab3d4a3ade66","messageTitle":"docs: add skeleton for project portfolio page","messageBody":"Add skeleton for project portfolio page\n","fileTypesAndContributionMap":{"docs":{"insertions":25,"deletions":0}}},{"hash":"d335dd0ed3a0b27944d725762f6e2bd39e16fc0c","messageTitle":"docs: update aboutUs page","messageBody":"Update AboutUs page to include Santosh\n","fileTypesAndContributionMap":{"docs":{"insertions":6,"deletions":6}}},{"hash":"cc1769e10a5913ee165a596ec596f743a3acdfac","messageTitle":"docs: update user guide","messageBody":"Update user guide for editting tasks\n","fileTypesAndContributionMap":{"docs":{"insertions":16,"deletions":0}}},{"hash":"a7f8159d7dcbfdbddf16c3749d60cbf5a346fe9b","messageTitle":"docs: Update NFR for DeveloperGuide","messageBody":"Update and add non-functional requirements in developer guide (WIP)\n","fileTypesAndContributionMap":{"docs":{"insertions":3,"deletions":3}}},{"hash":"d294fb272849ecc1cd843090cc0c8d9c422a25db","messageTitle":"docs: fix minor issues in DG","messageBody":"Change events to tasks in NFR-3\nResolve spacing inconsistency\n","fileTypesAndContributionMap":{"docs":{"insertions":3,"deletions":3}}},{"hash":"e6a23c54dd79c8189ceba17bfb8c41b08dd9803a","messageTitle":"fix: change example for edit_task","messageBody":"- Change wrong example for edit_task\n- Add edit_Task to command summary\n","fileTypesAndContributionMap":{"docs":{"insertions":8,"deletions":6}}}]},{"date":"2022-10-05","commitResults":[{"hash":"074c8982115452a7dc378657ca4b51265f0440cc","messageTitle":"style: change menu bar styling","messageBody":"- change background color and selection color for menu bar\n","fileTypesAndContributionMap":{"functional-code":{"insertions":4,"deletions":3}}},{"hash":"85dc11990b1f1e09d530a62b447323ac6425579d","messageTitle":"feat: change menu bar items","messageBody":"- change menu bar items to Contacts, Tasks and Help\n- functionality yet to be added\n","fileTypesAndContributionMap":{"functional-code":{"insertions":4,"deletions":1}}},{"hash":"9153f3b3504a6db294160cb49671d1c2cdd35594","messageTitle":"style: change style for result display","messageBody":"- change style for result display and command box\n","fileTypesAndContributionMap":{"functional-code":{"insertions":6,"deletions":5}}},{"hash":"6ce01bb1037c7578d143f212c86ce19a02492692","messageTitle":"style: change pane color","messageBody":"- change background pane color\n\naddresses #53\n","fileTypesAndContributionMap":{"functional-code":{"insertions":2,"deletions":2}}},{"hash":"c11b956ed85b0636e6a614e509b555b0e64a0348","messageTitle":"style: change layout of MainWindow","messageBody":"- change layout of MainWindow according to UI Mockup\n- rename app to Swift Plus\n\naddresses #53\n","fileTypesAndContributionMap":{"functional-code":{"insertions":24,"deletions":13}}}]},{"date":"2022-10-12","commitResults":[{"hash":"d286fc477663871e70b03f62bb91a40c14d239e7","messageTitle":"feat: create EditTaskCommand class","messageBody":"- create EditTaskCommand to handle command to edit tasks\n\naddresses #65\n","fileTypesAndContributionMap":{"functional-code":{"insertions":168,"deletions":0}}},{"hash":"0f5bf7582fd5546929777188f875cf678a7b76b7","messageTitle":"feat: create EditTaskCommandParser class","messageBody":"- create EditTaskCommandParser to parse EditTaskCommand\n- add getContactIndex method for Tasks\n\naddresses #65\n","fileTypesAndContributionMap":{"functional-code":{"insertions":55,"deletions":0}}},{"hash":"05fff2780064b1b7901dd9bb9bd0d7d21d162427","messageTitle":"feat: add edit_task command to AddressBookParser","messageBody":"- add EditTaskCommand to AddressBookParser\n\naddresses #65\n","fileTypesAndContributionMap":{"functional-code":{"insertions":3,"deletions":0}}},{"hash":"325dcd75eed9401c9487a1dbe9972be40bca4a6e","messageTitle":"test: add test coverage for edit_task","messageBody":"- add test coverage for EditTaskCommand class\n","fileTypesAndContributionMap":{"test-code":{"insertions":248,"deletions":9}}},{"hash":"5198f5f8fcd96e155b43978097e026ec863d3a53","messageTitle":"style: fix checkstyle errors","messageBody":"","fileTypesAndContributionMap":{"test-code":{"insertions":3,"deletions":3}}},{"hash":"ec7b67f41c0bba26c47c077f38561c5660d40bac","messageTitle":"test: add tests for EditTaskCommandParser","messageBody":"- add test coverage for EditTaskCommandParser\n\naddresseS #65\n","fileTypesAndContributionMap":{"test-code":{"insertions":143,"deletions":5}}}]},{"date":"2022-10-21","commitResults":[{"hash":"403cd151c36194f1c29803c7b2a7daf6e6e2c4f8","messageTitle":"docs: update DeveloperGuide","messageBody":"- update DG for Auto-Completion implementation details\n\naddresses #75\n","fileTypesAndContributionMap":{"docs":{"insertions":9,"deletions":0}}}]}],"peppapighs":[{"date":"2022-09-26","commitResults":[{"hash":"1e548c93af8b15a567878d4f370de4b7324ed65e","messageTitle":"Docs: add personal particulars and picture","messageBody":"","fileTypesAndContributionMap":{"docs":{"insertions":5,"deletions":5}}},{"hash":"347b19899bab5925c050befc7aea7a4a4beb5c51","messageTitle":"Docs: add skeletal project portfolio","messageBody":"","fileTypesAndContributionMap":{"docs":{"insertions":24,"deletions":0}}}]},{"date":"2022-09-27","commitResults":[{"hash":"e9df2ef3908ff7b9295b96c27720217f545a125a","messageTitle":"Docs: change AB3 commands","messageBody":"","fileTypesAndContributionMap":{"docs":{"insertions":18,"deletions":18}}},{"hash":"47cf83ef0d4e166585bd280c2c2d991971b5bd3f","messageTitle":"Docs: add add_task command documentation","messageBody":"","fileTypesAndContributionMap":{"docs":{"insertions":10,"deletions":0}}},{"hash":"9d75025359fc59a99a574e64256d86cb6fb3180f","messageTitle":"Docs: add use cases for update \u0026 edit person/task","messageBody":"","fileTypesAndContributionMap":{"docs":{"insertions":84,"deletions":2}}}]},{"date":"2022-10-01","commitResults":[{"hash":"5aa21730a6638c63cc6bff4174250e29dccda680","messageTitle":"Chore: rename package from seedu.address to swift","messageBody":"","fileTypesAndContributionMap":{"other":{"insertions":315,"deletions":315},"docs":{"insertions":14,"deletions":14},"test-code":{"insertions":426,"deletions":426}}}]},{"date":"2022-10-03","commitResults":[{"hash":"5589752d4110396c4d52d089ce94064e8016d3b1","messageTitle":"Fix: rename test package name to swift","messageBody":"","fileTypesAndContributionMap":{"other":{"insertions":0,"deletions":0}}}]},{"date":"2022-10-05","commitResults":[{"hash":"c17b52e87a29d710adbb716d3b0131eb56b4338d","messageTitle":"Feat: add add_contact command","messageBody":"","fileTypesAndContributionMap":{"functional-code":{"insertions":614,"deletions":6}}},{"hash":"42f8582661a7a83099294b46b8052d0fd609104d","messageTitle":"Fix: fix stub classes interface implementation","messageBody":"","fileTypesAndContributionMap":{"test-code":{"insertions":29,"deletions":1}}},{"hash":"e0480cb3f3698869a9ce52bf84294e6e85aa5913","messageTitle":"Feat: rename list command word","messageBody":"","fileTypesAndContributionMap":{"functional-code":{"insertions":1,"deletions":1}}}]},{"date":"2022-10-08","commitResults":[{"hash":"9419076ad753013af920bb526ba3f8dc293f1734","messageTitle":"Chore: rename ListCommand to ListContactCommand","messageBody":"","fileTypesAndContributionMap":{"functional-code":{"insertions":3,"deletions":3},"other":{"insertions":1,"deletions":1},"test-code":{"insertions":9,"deletions":9}}},{"hash":"e4924e8a5a86be38e9479f20efa9df2cd7946647","messageTitle":"Feat: add add_contact command","messageBody":"","fileTypesAndContributionMap":{"functional-code":{"insertions":614,"deletions":6}}},{"hash":"29d29eaf477575a59506d8f097a86096d97689b3","messageTitle":"Fix: fix stub classes interface implementation","messageBody":"","fileTypesAndContributionMap":{"test-code":{"insertions":29,"deletions":1}}},{"hash":"66b86b73c3eadd2b7b30decaebd015b4bd74ca46","messageTitle":"Fix: fix command parameter prefix","messageBody":"","fileTypesAndContributionMap":{"functional-code":{"insertions":1,"deletions":1}}},{"hash":"3d3c563fa3d15d3ef7379e35e610deb3d11478e7","messageTitle":"Feat: add tests for Task and TaskName","messageBody":"","fileTypesAndContributionMap":{"test-code":{"insertions":169,"deletions":0}}},{"hash":"91a0ea44c9428dad58e75c880de280a9e6609419","messageTitle":"Feat: add test for command parser","messageBody":"","fileTypesAndContributionMap":{"test-code":{"insertions":41,"deletions":0}}},{"hash":"115298093cefbc8db06fce43fd9da7a8b9f5ec08","messageTitle":"Feat: add tests for ParserUtil","messageBody":"","fileTypesAndContributionMap":{"test-code":{"insertions":24,"deletions":0}}},{"hash":"47473613d5b44c9612717726227cdde45ec911bb","messageTitle":"Feat: add tests for ModelManager","messageBody":"","fileTypesAndContributionMap":{"test-code":{"insertions":17,"deletions":0}}},{"hash":"7e6cd92440a80045ef4e50a97e112fa456c1ce0f","messageTitle":"Feat: add tests for AddressBook","messageBody":"","fileTypesAndContributionMap":{"test-code":{"insertions":35,"deletions":2}}},{"hash":"d785b7f66ef67ea6ab97498a255ed97b119d5274","messageTitle":"Feat: add tests for JsonSerializableAddressBook","messageBody":"","fileTypesAndContributionMap":{"test-code":{"insertions":29,"deletions":0}}},{"hash":"f3052a20a3f7a2a3185638bbd5272e97a782d786","messageTitle":"Feat: add test for UniqueTaskList","messageBody":"","fileTypesAndContributionMap":{"test-code":{"insertions":148,"deletions":0}}},{"hash":"203ced4422148bbfc68c8562c5391d4bddd83eff","messageTitle":"Feat: add tests for AddTaskCommand","messageBody":"","fileTypesAndContributionMap":{"test-code":{"insertions":217,"deletions":0}}}]},{"date":"2022-10-15","commitResults":[{"hash":"d04ece166738dd395110f0d120b669eb3a1b852b","messageTitle":"Feat: add contact UUID","messageBody":"","fileTypesAndContributionMap":{"functional-code":{"insertions":50,"deletions":15},"test-code":{"insertions":45,"deletions":10}}},{"hash":"2de16a1e4902ebb55c7432210f5f873b8851c015","messageTitle":"Feat: add PersonTaskBridge","messageBody":"","fileTypesAndContributionMap":{"functional-code":{"insertions":70,"deletions":0}}},{"hash":"dbf96e3121ebea1542537106281e75a371eb5045","messageTitle":"Chore: change bridge association","messageBody":"","fileTypesAndContributionMap":{"functional-code":{"insertions":14,"deletions":39}}},{"hash":"35ac29b8776a1455dd6b2a035f2131b221701203","messageTitle":"Feat: add task id","messageBody":"","fileTypesAndContributionMap":{"functional-code":{"insertions":55,"deletions":37},"test-code":{"insertions":29,"deletions":50}}},{"hash":"0f4ced97f541bbd024b96bb8677eee9ecf7398ec","messageTitle":"Feat: add bridge list","messageBody":"","fileTypesAndContributionMap":{"functional-code":{"insertions":163,"deletions":1},"test-code":{"insertions":12,"deletions":3}}}]},{"date":"2022-10-16","commitResults":[{"hash":"158960a2aea176b81ee897e084acdd7d19ad5f58","messageTitle":"Feat: add serializable bridge","messageBody":"","fileTypesAndContributionMap":{"functional-code":{"insertions":154,"deletions":3},"test-code":{"insertions":52,"deletions":1}}},{"hash":"772767cc4ef9fb1a527af258b805c8c09c81d3f3","messageTitle":"Feat: add bridges when executing AddTaskCommand","messageBody":"","fileTypesAndContributionMap":{"functional-code":{"insertions":15,"deletions":7},"test-code":{"insertions":9,"deletions":7}}},{"hash":"45309cbe584c47ba6ca9fd3917bcd4da214ea522","messageTitle":"Chore: add SampleDataUtil test","messageBody":"","fileTypesAndContributionMap":{"test-code":{"insertions":19,"deletions":0}}},{"hash":"318f160a645857ccce1402da6bba5821ee6b115d","messageTitle":"Chore: add ParserUtil test","messageBody":"","fileTypesAndContributionMap":{"functional-code":{"insertions":5,"deletions":0},"test-code":{"insertions":22,"deletions":2}}},{"hash":"73a888d1801217afbc35a3200f02966bf93722a4","messageTitle":"Chore: add AddressBook tests","messageBody":"","fileTypesAndContributionMap":{"test-code":{"insertions":30,"deletions":1}}},{"hash":"5acc223949ee2e1a1291016c8353ba099d5fcb98","messageTitle":"Fix: use LF line ending for SampleDataUtilTest","messageBody":"","fileTypesAndContributionMap":{"test-code":{"insertions":19,"deletions":19}}},{"hash":"c0eab8387722fb3a84ba25171071c10ee0a0c8b7","messageTitle":"Chore: add PersonTaskBridge tests","messageBody":"","fileTypesAndContributionMap":{"test-code":{"insertions":72,"deletions":0}}},{"hash":"cf447174a0511bd21250439bca7f8f84d1c95ad9","messageTitle":"Feat: add hasBridge check and tests","messageBody":"","fileTypesAndContributionMap":{"functional-code":{"insertions":14,"deletions":0},"test-code":{"insertions":33,"deletions":0}}},{"hash":"1b7a16f8ab77fc4d56e45560bc9f7ea3af13cf8b","messageTitle":"Chore: add serializable bridge tests","messageBody":"","fileTypesAndContributionMap":{"test-code":{"insertions":76,"deletions":18}}},{"hash":"2d9a0032a3d0f5541bd8e22de5daab7574bcc34c","messageTitle":"Chore: add ModelManager tests","messageBody":"","fileTypesAndContributionMap":{"test-code":{"insertions":12,"deletions":0}}},{"hash":"9708b53e0f44102bf9bd2fab91fb507d1b7697a6","messageTitle":"Chore: add AddTaskCommand coverage test","messageBody":"","fileTypesAndContributionMap":{"test-code":{"insertions":19,"deletions":2}}},{"hash":"984ae17605643a8fc97fe7b598ae7c7cb0dbf9fb","messageTitle":"Chore: add ModelManager tests","messageBody":"","fileTypesAndContributionMap":{"test-code":{"insertions":16,"deletions":0}}},{"hash":"03fb0ae92f7d7ba7919bba10180b0d948ea09eac","messageTitle":"Chore: rename delete bridge methods in Model","messageBody":"","fileTypesAndContributionMap":{"functional-code":{"insertions":4,"deletions":4},"test-code":{"insertions":9,"deletions":12}}},{"hash":"9f01f1b7fca6a8ed4aea38b4650f507308252f50","messageTitle":"Chore: remove deleteBridge from Model","messageBody":"","fileTypesAndContributionMap":{"functional-code":{"insertions":0,"deletions":39},"test-code":{"insertions":23,"deletions":55}}},{"hash":"9b581154a4a499aa8066415ac388839e7d7e4c83","messageTitle":"Chore: remove removeBridge from AddressBook","messageBody":"","fileTypesAndContributionMap":{"functional-code":{"insertions":0,"deletions":24}}},{"hash":"d2bad622d6410e814c9e5a49d7d42da3050f4875","messageTitle":"Chore: add PersonTaskBridgeList tests","messageBody":"","fileTypesAndContributionMap":{"functional-code":{"insertions":27,"deletions":7},"test-code":{"insertions":57,"deletions":9}}}]},{"date":"2022-10-19","commitResults":[{"hash":"bd6ee6abf2020919b794fd2bc50bff2ff782d8fc","messageTitle":"Feat: add DG for person-task bridge relation","messageBody":"","fileTypesAndContributionMap":{"docs":{"insertions":17,"deletions":0}}}]},{"date":"2022-10-22","commitResults":[{"hash":"19c09b318124872dfd8ca76bc13a52e4285110b4","messageTitle":"Fix: fix bridges not loaded during startup","messageBody":"","fileTypesAndContributionMap":{"functional-code":{"insertions":42,"deletions":0}}},{"hash":"53c57e3b354419b4f604b6473cbdfa97ad63aed0","messageTitle":"Chore: add PersonTaskBridgeList tests","messageBody":"","fileTypesAndContributionMap":{"test-code":{"insertions":24,"deletions":0}}},{"hash":"21c809b6e79c4255141912f71fbcdd9490ef5153","messageTitle":"Fix: use relative person index when adding task","messageBody":"","fileTypesAndContributionMap":{"functional-code":{"insertions":1,"deletions":1},"test-code":{"insertions":3,"deletions":6}}}]}],"yunruu":[{"date":"2022-09-28","commitResults":[{"hash":"194b9151035a3aecc59e8ac29d9029c2af4ebf73","messageTitle":"docs: add skeletal project portfolio","messageBody":"","fileTypesAndContributionMap":{"docs":{"insertions":24,"deletions":0}}},{"hash":"315930ac2dbf22d4899479ef4c54446c1f0c271a","messageTitle":"docs: update role in aboutUs","messageBody":"","fileTypesAndContributionMap":{"docs":{"insertions":6,"deletions":6}}},{"hash":"7230cf242dd00a9703d3d74a1051205fe947fee5","messageTitle":"fix: Change link for RepoSense","messageBody":"","fileTypesAndContributionMap":{"docs":{"insertions":1,"deletions":1}}},{"hash":"246862dbc59a40ed0357add6ea5a802465b8af11","messageTitle":"docs: Update UG","messageBody":"","fileTypesAndContributionMap":{"docs":{"insertions":8,"deletions":2}}},{"hash":"d43d9ab3eb5b7828d9de8337384fbdd24c442100","messageTitle":"Update developer guide","messageBody":"","fileTypesAndContributionMap":{"docs":{"insertions":2,"deletions":1}}},{"hash":"5f9386eddbad5a5d3438fb6c91e61c837de5bdac","messageTitle":"Update developer guide whitespace","messageBody":"","fileTypesAndContributionMap":{"docs":{"insertions":1,"deletions":0}}}]},{"date":"2022-10-10","commitResults":[{"hash":"ccd36583b5e0e093377f4597961ffa1f5d265d1f","messageTitle":"Refactor: change edit command to edit contact","messageBody":"","fileTypesAndContributionMap":{"functional-code":{"insertions":3,"deletions":3},"other":{"insertions":54,"deletions":54},"test-code":{"insertions":9,"deletions":9}}},{"hash":"dd560a8ca00b84095177621b62390a27e19172a1","messageTitle":"Fix: checkstyle error and update build config","messageBody":"","fileTypesAndContributionMap":{"functional-code":{"insertions":2,"deletions":1}}}]},{"date":"2022-10-11","commitResults":[{"hash":"2e9fcd8e0f5ad04f2caf2d82e4f118cc68b0a0dc","messageTitle":"Feat: add list_task command and tests","messageBody":"","fileTypesAndContributionMap":{"functional-code":{"insertions":39,"deletions":0},"other":{"insertions":580,"deletions":0},"test-code":{"insertions":46,"deletions":0}}},{"hash":"9825708176f5f84a979536c9cf38fb3ebf829ba3","messageTitle":"Fix: remove bin from git tracker","messageBody":"","fileTypesAndContributionMap":{"other":{"insertions":0,"deletions":580}}}]},{"date":"2022-10-12","commitResults":[{"hash":"58e4df72b442a346567d9a85cce558463a5983b2","messageTitle":"Test: fix and add tests for ListTaskCommand","messageBody":"","fileTypesAndContributionMap":{"other":{"insertions":1,"deletions":1},"test-code":{"insertions":21,"deletions":5}}},{"hash":"9dc1ee8efb91c9123c6a6dfa5aaf256262799ec9","messageTitle":"Style: fix import name","messageBody":"","fileTypesAndContributionMap":{"test-code":{"insertions":2,"deletions":1}}},{"hash":"0c962056f4679a213f00b565600a724f28bf3687","messageTitle":"Refactor: change ListCommandTest to ListContactCommandTest","messageBody":"","fileTypesAndContributionMap":{"other":{"insertions":1,"deletions":1}}},{"hash":"39ca8245d56d9133879e055d94fcb5e1a125e20a","messageTitle":"Style: fix trailing white spaces","messageBody":"","fileTypesAndContributionMap":{"docs":{"insertions":13,"deletions":13}}},{"hash":"9d14ebe389edb49c63fffd66202e67e2370975b1","messageTitle":"Fix: change edit command to edit_contact command","messageBody":"","fileTypesAndContributionMap":{"functional-code":{"insertions":1,"deletions":1}}},{"hash":"a0d0db89d21df03c7a18c12b0849d11422bbcf97","messageTitle":"Feat: update contacts UI","messageBody":"","fileTypesAndContributionMap":{"functional-code":{"insertions":95,"deletions":22}}},{"hash":"140b85ac5b28ba78230645ddae59eb74688fbb5e","messageTitle":"Feat: change color of circle icon","messageBody":"","fileTypesAndContributionMap":{"functional-code":{"insertions":3,"deletions":3}}}]},{"date":"2022-10-14","commitResults":[{"hash":"711cfc6faf501308e3ff66e86372be7467f3c343","messageTitle":"Fix: remove white background of cell labels","messageBody":"","fileTypesAndContributionMap":{"functional-code":{"insertions":10,"deletions":5}}}]},{"date":"2022-10-19","commitResults":[{"hash":"3b6c46e2f4a9731ce02e503cd505af03ef7cf7e5","messageTitle":"Fix: change background of list view and result display to the same color","messageBody":"","fileTypesAndContributionMap":{"functional-code":{"insertions":2,"deletions":2}}}]},{"date":"2022-10-21","commitResults":[{"hash":"19311e212edd3f09739d3a2689d73784cc76f233","messageTitle":"Feat: add list task in DG","messageBody":"","fileTypesAndContributionMap":{"docs":{"insertions":1,"deletions":0}}},{"hash":"325bcebe0d9e58784060c1fbbb697aa2f2c7b08d","messageTitle":"Feat: add tasks view in DG","messageBody":"","fileTypesAndContributionMap":{"docs":{"insertions":8,"deletions":0}}}]},{"date":"2022-10-22","commitResults":[{"hash":"cc966829614dfee9a36cbec24ecd94d8e9caec0a","messageTitle":"Fix: add whitespace for table view","messageBody":"","fileTypesAndContributionMap":{"docs":{"insertions":2,"deletions":2}}},{"hash":"415ea8aa1a95a1e772c2771a26d74a58f00bb65e","messageTitle":"Fix: add whitespace for table view","messageBody":"","fileTypesAndContributionMap":{"docs":{"insertions":2,"deletions":2}}}]}]},"authorFileTypeContributionMap":{"jasonqiu212":{"docs":314,"functional-code":150,"test-code":270,"other":67},"ShenyiCui":{"docs":124,"functional-code":504,"test-code":553},"santosh3007":{"docs":49,"functional-code":254,"test-code":348},"peppapighs":{"docs":114,"functional-code":1372,"test-code":1514,"other":1},"yunruu":{"docs":38,"functional-code":157,"test-code":116}},"authorContributionVariance":{"jasonqiu212":20297.043,"ShenyiCui":23798.252,"santosh3007":10521.176,"peppapighs":131695.81,"yunruu":40352.047},"authorDisplayNameMap":{"jasonqiu212":"CS2103T-T12-2 QIU ..ASON","ShenyiCui":"CS2103T-T12-2 CUI ..N YI","santosh3007":"CS2103T-T12-2 MUTH..TOSH","peppapighs":"CS2103T-T12-2 PONT..TSUK","yunruu":"CS2103T-T12-2 CHIN..N RU"}}
