{"authorDailyContributionsMap":{"Thing1Thing2":[{"date":"2022-09-30","commitResults":[{"hash":"47c4dacd927e9eb3ba951f0fa1b4fbfc39d83c5d","messageTitle":"UG: Add Get Started section","messageBody":"","fileTypesAndContributionMap":{"docs":{"insertions":6,"deletions":12}}},{"hash":"3964145466b424539122289931ae72643567fc2d","messageTitle":"DG: Add v1.2 user stories","messageBody":"","fileTypesAndContributionMap":{"docs":{"insertions":8,"deletions":8}}},{"hash":"e0d3117a481b6a3e1e3854abca7413d4c7c11845","messageTitle":"AboutUs: add Thing1Thing2 picture","messageBody":"","fileTypesAndContributionMap":{"docs":{"insertions":1,"deletions":1}}},{"hash":"69d3bafff68dbeefe4ea52a883f3078bdf0dcfeb","messageTitle":"Implement requested change to format","messageBody":"","fileTypesAndContributionMap":{"docs":{"insertions":4,"deletions":4}}},{"hash":"22597eaaa49cb2d20b551a6f92d547763ae20f7c","messageTitle":"Add PPP thing1thing2.md","messageBody":"","fileTypesAndContributionMap":{"docs":{"insertions":30,"deletions":0}}},{"hash":"eafd05f6b8136305aca6b53bbf024469c77834c0","messageTitle":"Update index.md","messageBody":"","fileTypesAndContributionMap":{"docs":{"insertions":8,"deletions":7}}},{"hash":"f08dbf274e60d4160de0f248a99f0b2cee3b02cb","messageTitle":"UG: modify introduction paragraph","messageBody":"","fileTypesAndContributionMap":{"docs":{"insertions":1,"deletions":1}}}]},{"date":"2022-10-01","commitResults":[{"hash":"1de810bb29219ada83c1e16f4a7edeeab4ccc2e4","messageTitle":"UG: Change to delClient","messageBody":"","fileTypesAndContributionMap":{"docs":{"insertions":3,"deletions":3}}},{"hash":"566dd66bc354b0216d7c2968a3e683b8a9fb1000","messageTitle":"UG: Add delClient section","messageBody":"","fileTypesAndContributionMap":{"docs":{"insertions":6,"deletions":7}}},{"hash":"8b9af650eb12180605a4389b8298f2e09a4157ba","messageTitle":"UG: fix command format","messageBody":"","fileTypesAndContributionMap":{"docs":{"insertions":2,"deletions":2}}},{"hash":"f70e3f368c54a0caf641a3dfc22638120a789d63","messageTitle":"UG: add listClient description","messageBody":"","fileTypesAndContributionMap":{"docs":{"insertions":3,"deletions":3}}},{"hash":"e029e7c966fe8207eb22d8c43c4e42e5b1afb9f3","messageTitle":"UG: remove edit command","messageBody":"","fileTypesAndContributionMap":{"docs":{"insertions":0,"deletions":17}}},{"hash":"59f84aaeacac99ff329b6cb5a11cbd5973d9adb5","messageTitle":"UG: remove find command","messageBody":"","fileTypesAndContributionMap":{"docs":{"insertions":0,"deletions":18}}},{"hash":"71082b71841fe9d0d3ae1ee0bd3e22de21e09a76","messageTitle":"UG: add viewClient description","messageBody":"","fileTypesAndContributionMap":{"docs":{"insertions":14,"deletions":2}}},{"hash":"f3328ca9c64ab6992b176b17fd98f1025f6135aa","messageTitle":"UG: move viewMeeting command","messageBody":"","fileTypesAndContributionMap":{"docs":{"insertions":6,"deletions":6}}},{"hash":"a39035582a8795854cccb8f631f1b3d58080f51e","messageTitle":"UG: remove clear command","messageBody":"","fileTypesAndContributionMap":{"docs":{"insertions":3,"deletions":7}}},{"hash":"d040bb409b70290215efddd51f89bfb92159435e","messageTitle":"UG: change AddressBook to MyEduRec","messageBody":"","fileTypesAndContributionMap":{"docs":{"insertions":3,"deletions":3}}},{"hash":"b2cbe87aacfff9b3f537d76a0e8e8c8aefb9a500","messageTitle":"UG: add FAQ section","messageBody":"","fileTypesAndContributionMap":{"docs":{"insertions":7,"deletions":1}}},{"hash":"73a863d563b8736aa595810373c8cd5ee55d6167","messageTitle":"UG: change MyEduRec to MyInsuRec","messageBody":"","fileTypesAndContributionMap":{"docs":{"insertions":3,"deletions":3}}},{"hash":"e8d725d21af3d7aa866b306fad8d63a1604b738d","messageTitle":"UG: standardize format","messageBody":"","fileTypesAndContributionMap":{"docs":{"insertions":3,"deletions":3}}}]},{"date":"2022-10-04","commitResults":[{"hash":"3be41ab120ed0550a588a677dd6c7778c80f6524","messageTitle":"Change PersonBuilder to ClientBuilder","messageBody":"","fileTypesAndContributionMap":{"other":{"insertions":8,"deletions":8},"test-code":{"insertions":50,"deletions":50}}},{"hash":"903330b932ba5e45b44ffb3e85a93ca2f59356ab","messageTitle":"Change PersonBuilder to ClientBuilder","messageBody":"","fileTypesAndContributionMap":{"test-code":{"insertions":7,"deletions":7}}},{"hash":"468bb3808093f24df0d6b8c6599b1f713f550e98","messageTitle":"Rename package seedu.address.model.person to ...client","messageBody":"","fileTypesAndContributionMap":{"functional-code":{"insertions":38,"deletions":38},"other":{"insertions":21,"deletions":21},"docs":{"insertions":2,"deletions":2},"test-code":{"insertions":45,"deletions":45}}},{"hash":"d17855d9f368a0492bb6be935f82a099ee1abb33","messageTitle":"Rename PersonTest to ClientTest","messageBody":"","fileTypesAndContributionMap":{"other":{"insertions":1,"deletions":1}}},{"hash":"37ee0b45c8f6c3d037f52d359ac369e93be1c960","messageTitle":"Change Person to Client","messageBody":"","fileTypesAndContributionMap":{"functional-code":{"insertions":1,"deletions":1},"test-code":{"insertions":3,"deletions":2}}},{"hash":"4d3171c299c53e2e7da377498fa784fb421b1d9d","messageTitle":"Change Person to Client","messageBody":"","fileTypesAndContributionMap":{"functional-code":{"insertions":82,"deletions":82},"other":{"insertions":5,"deletions":5},"test-code":{"insertions":88,"deletions":88}}},{"hash":"424c3269e7a1c5a5686db618956c67d1b5e9bb5c","messageTitle":"ClientTest: Remove null client","messageBody":"","fileTypesAndContributionMap":{"test-code":{"insertions":0,"deletions":1}}},{"hash":"b3faa451845c6b9ef0e0163218ba7c89ce1e7e94","messageTitle":"ClientTest: change isSamePerson","messageBody":"","fileTypesAndContributionMap":{"test-code":{"insertions":10,"deletions":10}}},{"hash":"c460dceb76de9426094aa6ad8004179588601d3e","messageTitle":"ClientTest: change isSamePerson","messageBody":"","fileTypesAndContributionMap":{"other":{"insertions":2,"deletions":2},"test-code":{"insertions":26,"deletions":26}}},{"hash":"6e1340105dcae1f824e405846f7bc605662b90f4","messageTitle":"TypicalClients: change getTypicalPersons","messageBody":"","fileTypesAndContributionMap":{"test-code":{"insertions":2,"deletions":2}}},{"hash":"d45a020f0e0b62e4d2eb47b52d93235a72a00319","messageTitle":"Client: change isSamePerson","messageBody":"","fileTypesAndContributionMap":{"functional-code":{"insertions":4,"deletions":4}}},{"hash":"baf3ca5e2ef50d7804c7cc238971faf55e41d6f8","messageTitle":"Client: change isSamePerson","messageBody":"Tried to refactor all referencs to method, but that did not work\n","fileTypesAndContributionMap":{"test-code":{"insertions":2,"deletions":2}}},{"hash":"7c1c7ac427fefe03a74d2690eb4281643cc078d6","messageTitle":"Run gradle build","messageBody":"","fileTypesAndContributionMap":{"functional-code":{"insertions":8,"deletions":8},"test-code":{"insertions":10,"deletions":10}}},{"hash":"4250c759b7beb6bd770e3f474cb3c8d22daf2dfd","messageTitle":"Rename UniquePersonListTest","messageBody":"","fileTypesAndContributionMap":{"other":{"insertions":1,"deletions":1}}},{"hash":"14b7dd055579dc0fe3025c81d27a4d8322f3ef48","messageTitle":"UniqueClientListTest: rename  uniquePersonList","messageBody":"","fileTypesAndContributionMap":{"test-code":{"insertions":53,"deletions":53}}},{"hash":"bccbf8705921a5fa6164dd63c8699bde77780823","messageTitle":"Resolve issues caused by UniqueClientList","messageBody":"","fileTypesAndContributionMap":{"functional-code":{"insertions":6,"deletions":6},"other":{"insertions":8,"deletions":8},"test-code":{"insertions":6,"deletions":6}}},{"hash":"17c54c20f34cda40d079aa561949413e4580a531","messageTitle":"Resolve issues caused by UniqueClientList","messageBody":"","fileTypesAndContributionMap":{"test-code":{"insertions":27,"deletions":27}}},{"hash":"67c9ae5ca86f563860aae496d59c694375a777b2","messageTitle":"Resolve issues caused by UniqueClientList","messageBody":"","fileTypesAndContributionMap":{"functional-code":{"insertions":2,"deletions":2}}},{"hash":"1711e95158448059e3044c354b51ff3586b5053b","messageTitle":"Run gradle build","messageBody":"","fileTypesAndContributionMap":{"functional-code":{"insertions":5,"deletions":4}}},{"hash":"0cf6c50c594d8f2651f75e7611f3520790170b0e","messageTitle":"Rename exeption classes","messageBody":"","fileTypesAndContributionMap":{"functional-code":{"insertions":7,"deletions":7},"other":{"insertions":3,"deletions":3},"test-code":{"insertions":29,"deletions":29}}},{"hash":"ced68257fdb1a0756048ed3a2b7a8a93c52f9109","messageTitle":"Run gradle build","messageBody":"","fileTypesAndContributionMap":{"functional-code":{"insertions":1,"deletions":1},"test-code":{"insertions":25,"deletions":25}}},{"hash":"f800d7f1388733dde93eb95829de7200a1264d3c","messageTitle":"Refactor AddressBookTest","messageBody":"","fileTypesAndContributionMap":{"test-code":{"insertions":102,"deletions":102}}},{"hash":"4b6ab677f2cff4588ce7d3b8ed8910a8ec6bae8a","messageTitle":"Refactor TypicalClients","messageBody":"","fileTypesAndContributionMap":{"test-code":{"insertions":5,"deletions":5}}},{"hash":"016468f22f5a67cb143cf17571fecddaa9614286","messageTitle":"Refactor TypicalClients","messageBody":"","fileTypesAndContributionMap":{"test-code":{"insertions":6,"deletions":6}}},{"hash":"997b3a2139856cd3a9da57b8b08c3062d6f6f671","messageTitle":"Rename AddressBook model","messageBody":"","fileTypesAndContributionMap":{"functional-code":{"insertions":15,"deletions":14},"other":{"insertions":5,"deletions":5},"test-code":{"insertions":31,"deletions":31}}},{"hash":"4c61b5d2e708595e7ded0cbcc1a84fe7af6f1897","messageTitle":"Refactor ClientBook model","messageBody":"","fileTypesAndContributionMap":{"functional-code":{"insertions":37,"deletions":37}}},{"hash":"e4cc79987e18ba80472f6297bfc73757c31b513f","messageTitle":"Refactor ClientBook model","messageBody":"","fileTypesAndContributionMap":{"functional-code":{"insertions":58,"deletions":58},"test-code":{"insertions":12,"deletions":12}}},{"hash":"3576a211737cd9815d8feea8725fb4210fa57e3b","messageTitle":"Fix refactoring issues","messageBody":"","fileTypesAndContributionMap":{"functional-code":{"insertions":45,"deletions":45}}},{"hash":"6cf976b44e81b1ea98a58a4cc5993d9d9d793395","messageTitle":"Fix refactoring issues","messageBody":"","fileTypesAndContributionMap":{"functional-code":{"insertions":1,"deletions":1},"test-code":{"insertions":4,"deletions":4}}},{"hash":"846c7948671f6ec95369e6283b2795ee9ad05041","messageTitle":"Fix refactoring issues","messageBody":"","fileTypesAndContributionMap":{"functional-code":{"insertions":44,"deletions":43},"test-code":{"insertions":72,"deletions":71}}},{"hash":"56346ac8b979ea548ef5ecafecfef4d823cef6e6","messageTitle":"Fix refactoring issues","messageBody":"","fileTypesAndContributionMap":{"functional-code":{"insertions":18,"deletions":19},"test-code":{"insertions":97,"deletions":98}}},{"hash":"43b83c2332898207014c1429f582525b1f5f4bae","messageTitle":"Refactor ModelManagerTest","messageBody":"","fileTypesAndContributionMap":{"test-code":{"insertions":47,"deletions":47}}},{"hash":"17c8f631e3e34bbbe0944b071d6ec8d2e02222f7","messageTitle":"Resolve checkstyle issues","messageBody":"","fileTypesAndContributionMap":{"functional-code":{"insertions":7,"deletions":7}}},{"hash":"665a0684f2741c23118f0fc08d45bc23276a1ab0","messageTitle":"Fix failing test cases","messageBody":"","fileTypesAndContributionMap":{"test-code":{"insertions":1,"deletions":1}}},{"hash":"60ea4aa097415b47220c66931d2fe3767a45f438","messageTitle":"Remove failing test cases","messageBody":"","fileTypesAndContributionMap":{"test-code":{"insertions":0,"deletions":14}}},{"hash":"41ce1b09aeb42dd15db341ff367ce93d6fd58e13","messageTitle":"Rename EditPersonDescriptorBuilder","messageBody":"","fileTypesAndContributionMap":{"test-code":{"insertions":27,"deletions":27}}},{"hash":"bda94fc79fbccd740aaef16f212418c2284d1119","messageTitle":"Fix refactoring issues","messageBody":"","fileTypesAndContributionMap":{"functional-code":{"insertions":28,"deletions":28},"other":{"insertions":15,"deletions":15},"test-code":{"insertions":36,"deletions":36}}},{"hash":"1697382c4d558f27c424d4370d6f4f513c3b9ec8","messageTitle":"Rename usages of getPersonDetails","messageBody":"","fileTypesAndContributionMap":{"other":{"insertions":3,"deletions":3},"test-code":{"insertions":3,"deletions":3}}},{"hash":"e09a229f82142995626018932cfab7ac56abfcae","messageTitle":"Fix refactoring issues","messageBody":"","fileTypesAndContributionMap":{"test-code":{"insertions":1,"deletions":1}}},{"hash":"cee33ffc94222f15bd0bfcf3b0decabc9d6dd4d7","messageTitle":"FindCommandTest: remove references to person","messageBody":"","fileTypesAndContributionMap":{"functional-code":{"insertions":2,"deletions":2},"test-code":{"insertions":5,"deletions":5}}},{"hash":"3e6341bd160b69e299ce2bc053f7c5c789928daf","messageTitle":"IndexTest: rename variables","messageBody":"","fileTypesAndContributionMap":{"test-code":{"insertions":7,"deletions":7}}},{"hash":"a546933a2a8c777fcabb050ed818c75212f23fe7","messageTitle":"Rename storage files to ClientBook","messageBody":"","fileTypesAndContributionMap":{"functional-code":{"insertions":9,"deletions":9},"other":{"insertions":29,"deletions":29},"test-code":{"insertions":145,"deletions":145}}},{"hash":"e9907016850bc5e2927953f6942e1dae0dea525a","messageTitle":"Change variable names in storage","messageBody":"","fileTypesAndContributionMap":{"functional-code":{"insertions":37,"deletions":37},"test-code":{"insertions":2,"deletions":2}}},{"hash":"7d0cc5e0c271f665555920b1437083e72f107922","messageTitle":"Rename references to person","messageBody":"","fileTypesAndContributionMap":{"functional-code":{"insertions":15,"deletions":15},"other":{"insertions":15,"deletions":15},"test-code":{"insertions":82,"deletions":82}}},{"hash":"0e0a1b8262197122368d6e9acc72a44ef380d916","messageTitle":"Rename references to person","messageBody":"","fileTypesAndContributionMap":{"functional-code":{"insertions":2,"deletions":2},"other":{"insertions":7,"deletions":7},"test-code":{"insertions":38,"deletions":38}}},{"hash":"78ae7d7458f7a2cc95621390eb748890433a5aea","messageTitle":"Rename references to person","messageBody":"","fileTypesAndContributionMap":{"functional-code":{"insertions":3,"deletions":3},"other":{"insertions":21,"deletions":21},"test-code":{"insertions":45,"deletions":45}}},{"hash":"1bfe417759d4e704538598d80327ad46e63b2d79","messageTitle":"Rename references to person","messageBody":"","fileTypesAndContributionMap":{"functional-code":{"insertions":24,"deletions":24},"test-code":{"insertions":10,"deletions":10}}},{"hash":"733624b12373720a0d523ab15b9c240f8b22d025","messageTitle":"UG: Update addMeeting parameters","messageBody":"","fileTypesAndContributionMap":{"docs":{"insertions":6,"deletions":4}}},{"hash":"2243d3373fe03e653e156bf40e67ffa1d1b544cd","messageTitle":"Implement changes requested","messageBody":"","fileTypesAndContributionMap":{"functional-code":{"insertions":19,"deletions":19},"test-code":{"insertions":7,"deletions":7}}},{"hash":"dcb3e724e5e047939114a5f411e7eaf2e74b7406","messageTitle":"Implement changes requested","messageBody":"","fileTypesAndContributionMap":{"functional-code":{"insertions":127,"deletions":127}}},{"hash":"45b7428a75dbad7eae394d052692155f84f26075","messageTitle":"Implement changes requested","messageBody":"","fileTypesAndContributionMap":{"functional-code":{"insertions":20,"deletions":20},"other":{"insertions":26,"deletions":26}}}]},{"date":"2022-10-05","commitResults":[{"hash":"4687dc563030786dcb28c8a4247a8aa318b07d33","messageTitle":"UG: add description to addMeeting","messageBody":"","fileTypesAndContributionMap":{"docs":{"insertions":2,"deletions":2}}},{"hash":"3a73d68893d660adf410f04dd991993db4e200a2","messageTitle":"UG:add description example to addMeeting","messageBody":"","fileTypesAndContributionMap":{"docs":{"insertions":3,"deletions":3}}}]},{"date":"2022-10-08","commitResults":[{"hash":"c861e5f6b06649516acaba09eae25c7be2d84cb2","messageTitle":"Add delClient feature","messageBody":"","fileTypesAndContributionMap":{"functional-code":{"insertions":5,"deletions":5},"other":{"insertions":32,"deletions":32},"test-code":{"insertions":5,"deletions":5}}},{"hash":"6a21fb1fe51c12f93dea83b9e0d398c0e057774d","messageTitle":"Refactor addClient command classes","messageBody":"","fileTypesAndContributionMap":{"functional-code":{"insertions":3,"deletions":3},"other":{"insertions":44,"deletions":44},"test-code":{"insertions":7,"deletions":7}}}]}],"sikai00":[{"date":"2022-09-28","commitResults":[{"hash":"7fc67758d7e4d9636e2e2f33dc9b5035fff40a38","messageTitle":"Add profile picture and update links","messageBody":"","fileTypesAndContributionMap":{"docs":{"insertions":3,"deletions":3}}},{"hash":"7329f99d971ea36e59abf8610984adbfb71a8e4b","messageTitle":"Update all team members roles and responsibilities","messageBody":"","fileTypesAndContributionMap":{"docs":{"insertions":38,"deletions":24}}},{"hash":"2721fd977bbba1b02205af23fb4c6fd19bd9e408","messageTitle":"Add project description","messageBody":"","fileTypesAndContributionMap":{"docs":{"insertions":5,"deletions":0}}},{"hash":"3b116f7e765bb2e4790bd959f6c372936982f6c4","messageTitle":"Add PPP","messageBody":"","fileTypesAndContributionMap":{"docs":{"insertions":31,"deletions":0}}},{"hash":"d60dac175d39f50b754ff67bfffc1d7829597e50","messageTitle":"Update UG","messageBody":"","fileTypesAndContributionMap":{"docs":{"insertions":27,"deletions":20}}}]},{"date":"2022-09-29","commitResults":[{"hash":"f655fc56fb60146774a335ddb1c3acede324c3ed","messageTitle":"Add use cases and amend description to fit MyInsuRec","messageBody":"","fileTypesAndContributionMap":{"docs":{"insertions":21,"deletions":12}}},{"hash":"c5ebbe85838fbee7cd5d3c42641efcd2e35e05a9","messageTitle":"Improve use case formatting","messageBody":"","fileTypesAndContributionMap":{"docs":{"insertions":4,"deletions":1}}}]},{"date":"2022-10-01","commitResults":[{"hash":"ce9a4d13375531140ecaa0bfd3b87833bca0ece9","messageTitle":"Fix command summary formatting","messageBody":"","fileTypesAndContributionMap":{"docs":{"insertions":11,"deletions":11}}}]},{"date":"2022-10-02","commitResults":[{"hash":"6555b163132b3016618c15f837757364bfd80751","messageTitle":"Update use case with proper underline and hyperlinks","messageBody":"","fileTypesAndContributionMap":{"docs":{"insertions":6,"deletions":6}}},{"hash":"84644079fdaa7a0ac05c3e4f87b6260e96b93976","messageTitle":"Remove u tags","messageBody":"","fileTypesAndContributionMap":{"docs":{"insertions":1,"deletions":1}}},{"hash":"4624c1828749a55c15420ffaed9885171f346dee","messageTitle":"Add missing header style to UC5","messageBody":"","fileTypesAndContributionMap":{"docs":{"insertions":1,"deletions":1}}},{"hash":"fa4cc7969098ab1dec153bae139e89309ec5948d","messageTitle":"Add mainstream OS glossary definition","messageBody":"","fileTypesAndContributionMap":{"docs":{"insertions":1,"deletions":0}}},{"hash":"33e24f3deec74a0ae10b130afea869d0c8d94805","messageTitle":"Update AboutUs to match prev changes","messageBody":"","fileTypesAndContributionMap":{"docs":{"insertions":1,"deletions":1}}}]},{"date":"2022-10-04","commitResults":[{"hash":"f6e6d30e0ba971020fdcb8c8fdd31c28f5a14413","messageTitle":"Add skeletal version of Meeting and its stubs","messageBody":"","fileTypesAndContributionMap":{"functional-code":{"insertions":135,"deletions":0}}},{"hash":"e0f7de29ef2564bd540ea43d9a1e4f02759a296c","messageTitle":"Add more flesh to Meeting and its composited class","messageBody":"","fileTypesAndContributionMap":{"functional-code":{"insertions":80,"deletions":1}}},{"hash":"d2577030557603d514b3d56ed64347c4646bacdb","messageTitle":"Add UniqueMeetingList","messageBody":"","fileTypesAndContributionMap":{"functional-code":{"insertions":155,"deletions":0}}},{"hash":"bfabc804089fe60ee929beda0fd195a29893b59e","messageTitle":"Replace UniqueMeetingList with NoConflictMeetingList","messageBody":"A UniqueMeetingList does not serve a neccessary purpose of the list\npreventing any conflicting meetings from added.\n\nLet\u0027s replace UniqueMeetingList with NoConflictMeetingList. Most of the\nconflicts checking is done via the contains method, which invokes the\nMeeting#willConflict method. contains will check specifically for any\nconflicting meetings. For remove, conflicts checking is done by an even\nstricter remove methods (which uses equals method by java conventions) to enforce no wrongful removal of a Meeting.\n","fileTypesAndContributionMap":{"functional-code":{"insertions":18,"deletions":25},"other":{"insertions":28,"deletions":26}}}]},{"date":"2022-10-05","commitResults":[{"hash":"7307b66acea66721547b69895bb8e9ce9faba0ac","messageTitle":"Fix setMeeting","messageBody":"The original setMeeting will have prevented any existing meetings from\nbeing edited if they have the same time and date.\n\nBy checking if the editedMeeting DOES conflict with the originalMeeting\n(and only with the originalMeeting since NoConflictMeetingList enforces\nzero conflicts), we can tell if the editedMeeting is the same as the\noriginalMeeting only with non timing changes (e.g., description\nchanges).\n\nLet\u0027s add a condition to check for conflicts with the original timing.\nIf the contains evaluates to true, and the conflict is actually with the\noriginalMeeting\u0027s timing, then there is no conflicts as it is just\na simple update to the same exact meeting.\n","fileTypesAndContributionMap":{"functional-code":{"insertions":2,"deletions":1}}}]}],"junweimoo":[{"date":"2022-09-30","commitResults":[{"hash":"94ed9828bb9f7314dea8aa5e0d5c74049ae0d8fb","messageTitle":"Add DG and UG links to README","messageBody":"","fileTypesAndContributionMap":{"docs":{"insertions":5,"deletions":0}}},{"hash":"0b2859982156c5afff2c0a80307941c4b6ded951","messageTitle":"Add acknowledgements to README","messageBody":"","fileTypesAndContributionMap":{"docs":{"insertions":4,"deletions":2}}},{"hash":"504d3091bb33d92e3f7f2164012874acfbeeb609","messageTitle":"Add newline at EOF in README","messageBody":"","fileTypesAndContributionMap":{"docs":{"insertions":1,"deletions":1}}},{"hash":"8c665f5c7db3b577937c2d5484f5fcc285f45d89","messageTitle":"Add NFRs to the developer guide","messageBody":"","fileTypesAndContributionMap":{"docs":{"insertions":3,"deletions":2}}}]},{"date":"2022-10-01","commitResults":[{"hash":"696c22162e4c87c2503ae1c6e044ec1643f47874","messageTitle":"Ammend NFR for clarification","messageBody":"","fileTypesAndContributionMap":{"docs":{"insertions":1,"deletions":1}}},{"hash":"7199eba66c1ede716ad1f5f74f20a5171a68ebca","messageTitle":"Add use case to DG for view client","messageBody":"","fileTypesAndContributionMap":{"docs":{"insertions":19,"deletions":2}}},{"hash":"72e26806b1eadeea7979e15142914417baa03fe0","messageTitle":"Add use case to DG for list client","messageBody":"","fileTypesAndContributionMap":{"docs":{"insertions":11,"deletions":2}}}]},{"date":"2022-10-02","commitResults":[{"hash":"8f98b92c58263ac4b057ee60a238184acbcf0504","messageTitle":"Add portfolio page and profile picture","messageBody":"","fileTypesAndContributionMap":{"docs":{"insertions":29,"deletions":0}}}]},{"date":"2022-10-04","commitResults":[{"hash":"059e42c06083635446a234c4c5086253599fa774","messageTitle":"Add skeletal classes for new JSON adapted objects","messageBody":"","fileTypesAndContributionMap":{"functional-code":{"insertions":60,"deletions":0}}},{"hash":"a671356de8e83964ba663d7403adb0158a44b3f3","messageTitle":"Add skeletal classes to handle storage","messageBody":"","fileTypesAndContributionMap":{"functional-code":{"insertions":41,"deletions":1}}},{"hash":"020bc4f86436ec69e3856dd94602b9ef627f99a4","messageTitle":"Add methods for converting json adapted objects to model objects","messageBody":"","fileTypesAndContributionMap":{"functional-code":{"insertions":24,"deletions":8}}}]},{"date":"2022-10-05","commitResults":[{"hash":"d833cbd6184663c38b59c1ad197e5c39bed732c4","messageTitle":"Add constructor to JsonAdaptedMeeting for deserialization","messageBody":"","fileTypesAndContributionMap":{"functional-code":{"insertions":12,"deletions":0}}},{"hash":"30ed1e1e884f0db393b5b5eeef2293c076beb60f","messageTitle":"Add javadoc comments for JsonAdaptedMeeting","messageBody":"","fileTypesAndContributionMap":{"functional-code":{"insertions":16,"deletions":1}}},{"hash":"e494e1be84c136e43fbb5cf70e3674d164162f11","messageTitle":"Fix package name","messageBody":"","fileTypesAndContributionMap":{"functional-code":{"insertions":1,"deletions":1}}},{"hash":"b672bf19620560a2d5256e5998634151d7dab766","messageTitle":"Fix style errors","messageBody":"","fileTypesAndContributionMap":{"functional-code":{"insertions":7,"deletions":7}}},{"hash":"aa8d9902832d594e3e2ae6a5c30eadaca3a878de","messageTitle":"Add meeting field to Client","messageBody":"","fileTypesAndContributionMap":{"functional-code":{"insertions":10,"deletions":0}}},{"hash":"897c85af92e24e4a2661c920e51fbec806471c3d","messageTitle":"Add meeting field to JsonAdaptedClient","messageBody":"","fileTypesAndContributionMap":{"functional-code":{"insertions":19,"deletions":3}}},{"hash":"5271ecf086de1f83eec2099978eeaf5e5d94de70","messageTitle":"Fix serialization and deserialization of meetings","messageBody":"","fileTypesAndContributionMap":{"functional-code":{"insertions":13,"deletions":6}}},{"hash":"ccbb24e7b8d63a1a57dd5c6d25a1ae1a35444ffa","messageTitle":"Update test cases","messageBody":"","fileTypesAndContributionMap":{"test-code":{"insertions":9,"deletions":9}}},{"hash":"a78dc5aa38003e9466eb7f782b4d644807d8459f","messageTitle":"Update test cases for storage classes","messageBody":"","fileTypesAndContributionMap":{"functional-code":{"insertions":5,"deletions":0},"test-code":{"insertions":12,"deletions":6}}},{"hash":"db279a63aad28386bc0eb35fc85e00f3d7146802","messageTitle":"Fix json adapted classes","messageBody":"","fileTypesAndContributionMap":{"functional-code":{"insertions":69,"deletions":26}}},{"hash":"a1dc577e9f41d2b7b152ff5df753a7a635f5fabc","messageTitle":"Enable parsing of meeting date and time in json file","messageBody":"","fileTypesAndContributionMap":{"functional-code":{"insertions":25,"deletions":5}}}]}],"rexong":[{"date":"2022-09-27","commitResults":[{"hash":"a3720587d3fcb4352d5cc004b0e2559b5c7e2a34","messageTitle":"Add a skeletal PPP without description","messageBody":"","fileTypesAndContributionMap":{"docs":{"insertions":27,"deletions":0}}}]},{"date":"2022-09-29","commitResults":[{"hash":"6881ad5bb788b7302ddba578d632dcb10095fc09","messageTitle":"Edit image src in AboutUs.md","messageBody":"","fileTypesAndContributionMap":{"docs":{"insertions":1,"deletions":1}}},{"hash":"8ec6c5fbece302d2037850c716cca6d7403b875d","messageTitle":"Add ppp","messageBody":"","fileTypesAndContributionMap":{"docs":{"insertions":13,"deletions":9}}},{"hash":"5d4b713ca570979e8baca74be4baf7ff6409cb71","messageTitle":"Update rexong.md style","messageBody":"","fileTypesAndContributionMap":{"docs":{"insertions":5,"deletions":5}}},{"hash":"e1196017b98897cfe5eb6c0b57e9f70a8a13bcd6","messageTitle":"Update usage in README.md","messageBody":"","fileTypesAndContributionMap":{"docs":{"insertions":3,"deletions":3}}},{"hash":"3afe15ac10f25f9406e0f235c955c5533aa2269e","messageTitle":"Update Product Scope in DG","messageBody":"","fileTypesAndContributionMap":{"docs":{"insertions":8,"deletions":1}}},{"hash":"387815212fb1fa87a31aafd3251414b35aa915bb","messageTitle":"Change contact to information","messageBody":"","fileTypesAndContributionMap":{"docs":{"insertions":1,"deletions":1}}},{"hash":"1b43044139dc7003b46ce477626d8689bbb2e561","messageTitle":"Update Command Format in UG","messageBody":"","fileTypesAndContributionMap":{"docs":{"insertions":8,"deletions":11}}},{"hash":"8787dc3079e223ea3900ee30c80410cc50cd0b91","messageTitle":"Add addMeeting Feature in UG","messageBody":"","fileTypesAndContributionMap":{"docs":{"insertions":14,"deletions":0}}},{"hash":"b064c351aa8be85f549d53712efb5b40a2fe0e70","messageTitle":"Change John to John Tan","messageBody":"","fileTypesAndContributionMap":{"docs":{"insertions":2,"deletions":2}}},{"hash":"fb99220e57b6571c965a7501c58f05a4a2515881","messageTitle":"Add delMeeting Feature in UG","messageBody":"","fileTypesAndContributionMap":{"docs":{"insertions":13,"deletions":0}}},{"hash":"8c3f35c772ae9d85bdfc112ec48a076d3ae68939","messageTitle":"Change delete to deletes","messageBody":"","fileTypesAndContributionMap":{"docs":{"insertions":2,"deletions":2}}},{"hash":"25728791d9bd888e32fcf2e6ede5050b1d79582f","messageTitle":"Change add to adds","messageBody":"","fileTypesAndContributionMap":{"docs":{"insertions":1,"deletions":1}}}]},{"date":"2022-09-30","commitResults":[{"hash":"8df8af0083c933c89e7daca6d41c4db1192ba8a3","messageTitle":"Add Use Case index","messageBody":"","fileTypesAndContributionMap":{"docs":{"insertions":2,"deletions":2}}},{"hash":"06571762be1e4b7f62508f3a1fdd67378a297ac5","messageTitle":"Add Use Case for delete meeting","messageBody":"","fileTypesAndContributionMap":{"docs":{"insertions":14,"deletions":2}}},{"hash":"727a998e2a01c6b246235cbaf4ea77a560878967","messageTitle":"Change the Actor from user to insurance agent","messageBody":"","fileTypesAndContributionMap":{"docs":{"insertions":1,"deletions":1}}}]},{"date":"2022-10-04","commitResults":[{"hash":"c55e83e85e8a267fe04389d9d85c9893e94e3a85","messageTitle":"Refactor Person to Client in resources/view","messageBody":"","fileTypesAndContributionMap":{"other":{"insertions":1,"deletions":1}}}]},{"date":"2022-10-05","commitResults":[{"hash":"409e7279fc8e259a2eb336e0c842b18e258e5d78","messageTitle":"Add meeting attribute to client with getter/setter","messageBody":"","fileTypesAndContributionMap":{"functional-code":{"insertions":10,"deletions":0}}},{"hash":"03231daadd5712111ed428a3d71c266252938063","messageTitle":"Refactor Client and Address Book to MyInsuRec","messageBody":"","fileTypesAndContributionMap":{"functional-code":{"insertions":177,"deletions":177},"other":{"insertions":89,"deletions":89},"test-code":{"insertions":250,"deletions":250}}}]}],"ThomasHoooo":[{"date":"2022-09-29","commitResults":[{"hash":"23123ac9b91c8e06ff683098e19c97f6231e131a","messageTitle":"Add profile pic to AboutUs","messageBody":"","fileTypesAndContributionMap":{"docs":{"insertions":1,"deletions":1}}},{"hash":"090fd4bfb8b4dc42640c619699d841542ea77c79","messageTitle":"Add skeleton ppp","messageBody":"","fileTypesAndContributionMap":{"docs":{"insertions":31,"deletions":46}}},{"hash":"b395792d8a1a88c4b396488e3a1186aa41c3a0a3","messageTitle":"Update glossary","messageBody":"","fileTypesAndContributionMap":{"docs":{"insertions":1,"deletions":2}}},{"hash":"0a06e44363e1ededb790c078ab769689ff10ee7e","messageTitle":"Update the link of the GitHub Actions build status badge","messageBody":"","fileTypesAndContributionMap":{"docs":{"insertions":1,"deletions":1}}},{"hash":"1e0deba1d00b370b4b2b2b2d9ef659f0b05a1b49","messageTitle":"Update naming history in README","messageBody":"","fileTypesAndContributionMap":{"docs":{"insertions":1,"deletions":1}}}]},{"date":"2022-10-02","commitResults":[{"hash":"b28e76fdbf870e6bdfd9f1d54e1f4bb3e50fcb35","messageTitle":"Update README to remove traces of AB-3","messageBody":"","fileTypesAndContributionMap":{"docs":{"insertions":0,"deletions":6}}}]},{"date":"2022-10-05","commitResults":[{"hash":"1f96998f90b3daec14e04c50bc304fc4385a13fe","messageTitle":"Add tests for Meeting","messageBody":"","fileTypesAndContributionMap":{"functional-code":{"insertions":13,"deletions":11},"test-code":{"insertions":244,"deletions":6}}},{"hash":"f33b45016fa6f898c442a722804cba428dc6e9e5","messageTitle":"Fix checkstyles","messageBody":"","fileTypesAndContributionMap":{"test-code":{"insertions":20,"deletions":17}}}]}]},"authorFileTypeContributionMap":{"Thing1Thing2":{"docs":94,"functional-code":380,"test-code":636},"sikai00":{"docs":116,"functional-code":354,"test-code":0},"junweimoo":{"docs":65,"functional-code":171,"test-code":15},"rexong":{"docs":78,"functional-code":231,"test-code":291},"ThomasHoooo":{"docs":35,"functional-code":13,"test-code":239,"other":1}},"authorContributionVariance":{"Thing1Thing2":672022.3,"sikai00":9685.119,"junweimoo":3438.492,"rexong":45035.71,"ThomasHoooo":4221.38},"authorDisplayNameMap":{"Thing1Thing2":"CS2103T-W16-4 TINA..RWAL","sikai00":"CS2103T-W16-4 CHAN.. KAI","junweimoo":"CS2103T-W16-4 MOO .. WEI","rexong":"CS2103T-W16-4 ONG .. WEI","ThomasHoooo":"CS2103T-W16-4 HO L.. WAH"}}
