{"authorDailyContributionsMap":{"Elben85":[],"Rachel-AG":[],"aarontangr":[],"JustinS00":[],"sugiyem":[]},"authorFileTypeContributionMap":{"Elben85":{"docs":0,"functional-code":0,"test-code":0},"Rachel-AG":{"docs":0,"functional-code":0,"test-code":0},"aarontangr":{"docs":0,"functional-code":0,"test-code":0},"JustinS00":{"docs":0,"functional-code":0,"test-code":0},"sugiyem":{"docs":0,"functional-code":0,"test-code":0}},"authorContributionVariance":{"Elben85":0.0,"Rachel-AG":0.0,"aarontangr":0.0,"JustinS00":0.0,"sugiyem":0.0},"authorDisplayNameMap":{"Elben85":"CS2103T-W17-4 ELBE..DICT","Rachel-AG":"CS2103T-W17-4 RACH..AWAN","aarontangr":"CS2103T-W17-4 AARO..RONG","JustinS00":"CS2103T-W17-4 JUST..SIAW","sugiyem":"CS2103T-W17-4 FARR..ALIM"}}
