{"authorDailyContributionsMap":{"Elben85":[{"date":"2022-09-27","commitResults":[{"hash":"9b7ca8ce5d353f150af4e4af08b7f00b2d374665","messageTitle":"Add PPP","messageBody":"","fileTypesAndContributionMap":{"docs":{"insertions":33,"deletions":0}}},{"hash":"8d3bacd47d7a38351b6c821b4de69a51267f8324","messageTitle":"Update UserGuide.md","messageBody":"","fileTypesAndContributionMap":{"docs":{"insertions":12,"deletions":11}}},{"hash":"b9cc995ce776685da5205f235cdbcf4d79a2408b","messageTitle":"Update AboutUs.md","messageBody":"","fileTypesAndContributionMap":{"docs":{"insertions":4,"deletions":5}}},{"hash":"9e694abc1e6e1dbab71953850456a9e95c019323","messageTitle":"Update DeveloperGuide.md","messageBody":"","fileTypesAndContributionMap":{"docs":{"insertions":33,"deletions":6}}},{"hash":"835f52deb9d9a22df39ab73d16cdff7399b53dc1","messageTitle":"Change Linebreaks to \\n","messageBody":"","fileTypesAndContributionMap":{"docs":{"insertions":33,"deletions":33}}}]},{"date":"2022-10-10","commitResults":[{"hash":"e4d1f98d09dea6411aeeedc7ee5a243db96face1","messageTitle":"Modify Find Command","messageBody":"","fileTypesAndContributionMap":{"functional-code":{"insertions":215,"deletions":12}}},{"hash":"cbee997402ecc4a8e4a8dc5a5a970c9a4f1688a5","messageTitle":"Modify Some Equal Methods","messageBody":"","fileTypesAndContributionMap":{"functional-code":{"insertions":33,"deletions":8}}},{"hash":"76cd8e548575ab3fafd7ccd9d1151743f70cc833","messageTitle":"Modify Find Command Description","messageBody":"","fileTypesAndContributionMap":{"functional-code":{"insertions":2,"deletions":2}}}]},{"date":"2022-10-11","commitResults":[{"hash":"fe525caf9621394f2bead297c12c2cc2f214d979","messageTitle":"Change /r/n to /n","messageBody":"","fileTypesAndContributionMap":{"functional-code":{"insertions":185,"deletions":185}}},{"hash":"f754f68f3b27f8b9e0c793b75d078d48f8f6a8fa","messageTitle":"Fix Find Date Issue","messageBody":"","fileTypesAndContributionMap":{"functional-code":{"insertions":22,"deletions":1}}},{"hash":"5474bb46ec6a60263cb474230cedc713c31d59da","messageTitle":"Fix Docs","messageBody":"","fileTypesAndContributionMap":{"docs":{"insertions":6,"deletions":1}}},{"hash":"6dfca4b4e5f1944fae57d206e94ee0df1c60882e","messageTitle":"Change /r/n to /n 2","messageBody":"","fileTypesAndContributionMap":{"functional-code":{"insertions":9,"deletions":9}}},{"hash":"d6260817a499d51ca9650f0b92b3dcf87a574a89","messageTitle":"Fix Styling Issues","messageBody":"","fileTypesAndContributionMap":{"functional-code":{"insertions":82,"deletions":18}}}]},{"date":"2022-10-12","commitResults":[{"hash":"28f2daf6c7cd5067b44fc54d5f7d0fd68f823a0a","messageTitle":"Temporarily Disable Broken Tests","messageBody":"","fileTypesAndContributionMap":{"test-code":{"insertions":63,"deletions":63}}},{"hash":"f5238bd7b4268e223fe28a0ea34c762a9e58f05d","messageTitle":"Add Keyword Tests","messageBody":"","fileTypesAndContributionMap":{"functional-code":{"insertions":6,"deletions":1},"test-code":{"insertions":237,"deletions":103}}}]},{"date":"2022-10-13","commitResults":[{"hash":"fe115db59f760eb5f68aee550205da3ff5976c2b","messageTitle":"Add Find Command Tests","messageBody":"","fileTypesAndContributionMap":{"functional-code":{"insertions":2,"deletions":2},"test-code":{"insertions":357,"deletions":146}}},{"hash":"001c6f70d6955cd27598ca2b263c732c530130e7","messageTitle":"Change /r/n to /n","messageBody":"","fileTypesAndContributionMap":{"test-code":{"insertions":65,"deletions":65}}},{"hash":"4276420b665da8c0ab0a6685900722d0ade14c6d","messageTitle":"Fix Test Code Styling","messageBody":"","fileTypesAndContributionMap":{"test-code":{"insertions":37,"deletions":36}}}]},{"date":"2022-10-15","commitResults":[{"hash":"32a16f87d363b01bec92f55f9b5214aab162a6c8","messageTitle":"Update Docs","messageBody":"","fileTypesAndContributionMap":{"docs":{"insertions":34,"deletions":3}}}]},{"date":"2022-10-19","commitResults":[{"hash":"6ed020f338dd43d1e7832283874f445404e21ea7","messageTitle":"Update DG For Find Command","messageBody":"","fileTypesAndContributionMap":{"functional-code":{"insertions":1,"deletions":1},"docs":{"insertions":82,"deletions":0}}},{"hash":"c6cad5c6df25e42a930d226fdfb6f26ac310b87a","messageTitle":"Fix Errors","messageBody":"","fileTypesAndContributionMap":{"functional-code":{"insertions":1,"deletions":1},"docs":{"insertions":54,"deletions":54}}}]},{"date":"2022-10-20","commitResults":[{"hash":"8be81950f9631ddf5a354a07f99fbda1cef2b9c3","messageTitle":"Add New Box For Statistic","messageBody":"","fileTypesAndContributionMap":{"functional-code":{"insertions":9,"deletions":1}}}]},{"date":"2022-10-21","commitResults":[{"hash":"904729688c336a4ccebf83c1fcda37d94f5feed7","messageTitle":"Add Statistic Bar","messageBody":"","fileTypesAndContributionMap":{"functional-code":{"insertions":339,"deletions":5}}},{"hash":"ddaec130916738e3c4c006878d920290639562da","messageTitle":"Add newline at EOF","messageBody":"","fileTypesAndContributionMap":{"functional-code":{"insertions":1,"deletions":1}}},{"hash":"94da7a3f3b7bd438e6df47969e8b9e29b4a9c71a","messageTitle":"Fix Code Style","messageBody":"","fileTypesAndContributionMap":{"functional-code":{"insertions":27,"deletions":26}}},{"hash":"23c2cd5b068b9175e4c6cfc0381a4d87f6b9aaad","messageTitle":"Add Java Docs","messageBody":"","fileTypesAndContributionMap":{"functional-code":{"insertions":33,"deletions":0}}},{"hash":"89252ff3f455113fb0ddab4783c6bce990ee6010","messageTitle":"Edit PPP","messageBody":"","fileTypesAndContributionMap":{"docs":{"insertions":3,"deletions":7}}},{"hash":"81d6d0d281e2287af9e4d9d9e70b034b7d923060","messageTitle":"Fix UML Sequence Diagram","messageBody":"","fileTypesAndContributionMap":{"docs":{"insertions":37,"deletions":7}}},{"hash":"4ff56f3452ccf44dea11609fc4b3cc4d857fd791","messageTitle":"Fix UI Bug","messageBody":"","fileTypesAndContributionMap":{"functional-code":{"insertions":5,"deletions":1}}}]},{"date":"2022-10-25","commitResults":[{"hash":"d5ba9cc90c159f2d2445db3aa4ae9cf431abf73d","messageTitle":"Update Statistic UG","messageBody":"","fileTypesAndContributionMap":{"docs":{"insertions":10,"deletions":0}}}]},{"date":"2022-10-26","commitResults":[{"hash":"da38b8a9f97338b7adb78e5d85c38ccb7abb1073","messageTitle":"Update Statistic DG","messageBody":"","fileTypesAndContributionMap":{"docs":{"insertions":75,"deletions":0}}},{"hash":"6b72a356125d65cd04ac232f6e01826d07848007","messageTitle":"Slightly refactor Statistic and StackedBarPanel","messageBody":"","fileTypesAndContributionMap":{"functional-code":{"insertions":4,"deletions":8}}},{"hash":"1ec4146d0f41a28014f7aa88c407c343b1fb7ba9","messageTitle":"Add Prefix Summary","messageBody":"","fileTypesAndContributionMap":{"docs":{"insertions":16,"deletions":0}}}]},{"date":"2022-10-30","commitResults":[{"hash":"50c6f9da6a68a2eeb47f843b9c95a50f7eeb3b4a","messageTitle":"Add Help Window Min Size","messageBody":"","fileTypesAndContributionMap":{"functional-code":{"insertions":1,"deletions":1}}},{"hash":"6117ee125cb327cfb41d07086f5ffeafba8cdff5","messageTitle":"Add-Application Process Validation For Find","messageBody":"","fileTypesAndContributionMap":{"functional-code":{"insertions":28,"deletions":2},"test-code":{"insertions":1,"deletions":1}}},{"hash":"70a3eb233a540980a66c7c42b0a59c71ae354b77","messageTitle":"Fix Code Styling","messageBody":"","fileTypesAndContributionMap":{"functional-code":{"insertions":7,"deletions":4}}},{"hash":"b0a950a6e1d2221b24acb523cce1ea54cc737a72","messageTitle":"Fix Test Cases","messageBody":"","fileTypesAndContributionMap":{"test-code":{"insertions":61,"deletions":14}}}]},{"date":"2022-10-31","commitResults":[{"hash":"17870e3e9774164c9976d47241b5731f2b0c270a","messageTitle":"Update Find Command UG","messageBody":"","fileTypesAndContributionMap":{"docs":{"insertions":2,"deletions":0}}}]},{"date":"2022-11-01","commitResults":[{"hash":"222ff288a2b903710f00c601ffbda2b54178e0c1","messageTitle":"Add Guide To Manually Edit Save File","messageBody":"","fileTypesAndContributionMap":{"docs":{"insertions":84,"deletions":0}}},{"hash":"d6f99ba2f71b0935a524d3477ab53243ddedfe46","messageTitle":"Change JSON to Save File","messageBody":"","fileTypesAndContributionMap":{"docs":{"insertions":1,"deletions":1}}}]},{"date":"2022-11-02","commitResults":[{"hash":"2899286d26cf243f20eb15513a5381cacc0012a4","messageTitle":"Update Elbert\u0027s PPP","messageBody":"","fileTypesAndContributionMap":{"docs":{"insertions":11,"deletions":3}}}]}],"Rachel-AG":[{"date":"2022-09-23","commitResults":[{"hash":"b905a7398024c4f584c2c9098eb680a480f660be","messageTitle":"Add model classses: ApplicationProcess, Date, Position, Website","messageBody":"","fileTypesAndContributionMap":{"functional-code":{"insertions":218,"deletions":0}}},{"hash":"32fe9e28633452ddacacbffccd8e49f00411b812","messageTitle":"Modify Person Class members and methods to include: ApplicationProcess, Date, Position, Website","messageBody":"","fileTypesAndContributionMap":{"functional-code":{"insertions":47,"deletions":12}}},{"hash":"bc899af27669356e079839c69cca3baf0de07109","messageTitle":"Modify the following classes according to changes in Person class: AddCommand, EditCommand, AddCommandParser, CliSyntax, ParserUtil, SampleDataUtil, JsonAdaptedPerson","messageBody":"","fileTypesAndContributionMap":{"functional-code":{"insertions":166,"deletions":43}}},{"hash":"431262e1923e897bdd9bcd5d09018ee314e469e1","messageTitle":"Modify PersonCard and PersonListCard to display ApplicationProcess, Date, Position, Website","messageBody":"","fileTypesAndContributionMap":{"functional-code":{"insertions":16,"deletions":0}}}]},{"date":"2022-09-24","commitResults":[{"hash":"648db07eee36b0c0638d58cbf6989755d7ceb69d","messageTitle":"Update PPP and User Guide","messageBody":"","fileTypesAndContributionMap":{"docs":{"insertions":38,"deletions":7}}},{"hash":"997c230370ab61dbf17e972263a3c4fabcc37ab2","messageTitle":"Add documentation and fix checkstyle violations","messageBody":"","fileTypesAndContributionMap":{"functional-code":{"insertions":131,"deletions":49}}}]},{"date":"2022-09-25","commitResults":[{"hash":"bd72ffcd526186a151b5d008350dcea4fb0dd135","messageTitle":"Modify relevant test cases to support the updated Person class","messageBody":"","fileTypesAndContributionMap":{"functional-code":{"insertions":0,"deletions":1},"test-code":{"insertions":160,"deletions":62}}},{"hash":"eaaa87a400e2eef8060fc53f5a52aacd1181f4f8","messageTitle":"Fix checkstyle error","messageBody":"","fileTypesAndContributionMap":{"functional-code":{"insertions":0,"deletions":1},"test-code":{"insertions":42,"deletions":10}}}]},{"date":"2022-09-26","commitResults":[{"hash":"38a15b81f0810348c324bbb9d4fe66fcd0b63ca9","messageTitle":"Modify AboutUs","messageBody":"","fileTypesAndContributionMap":{"docs":{"insertions":4,"deletions":4}}},{"hash":"237b6add7feae23b855bbe8fe609b447cc9be09a","messageTitle":"Modify DeveloperGuide: user profile, use case","messageBody":"","fileTypesAndContributionMap":{"docs":{"insertions":28,"deletions":3}}},{"hash":"60bdfcb38eb3550fad76db501e3bbf62b5ca528f","messageTitle":"Modify file names to lower case","messageBody":"","fileTypesAndContributionMap":{"docs":{"insertions":2,"deletions":2}}}]},{"date":"2022-10-09","commitResults":[{"hash":"dd7c9de7f74d403a9a960796876fbcdcd6bffe28","messageTitle":"Add command: modify email and phone to become optional parameters, refactor address to remark","messageBody":"Email, phone, and address are mandatory parameters.\n\nEmail and phone are not crucial information for an internship application, thus making them\noptional parameters is more suitable. When email or phone is not supplied by the users, they\nwill take the default value which is \"NA\". Address is refactored to remark because address\nis irrelevant for an internship application. Remark is also optional parameters.\n\nLet\u0027s,\n* make email, phone, and address optional parameters in add command\n* refactor address to remark\n* improve GUI to display the details in a more readable format\n* modify test cases to support the changes in add command\n* fix checkstyle errors\n","fileTypesAndContributionMap":{"functional-code":{"insertions":149,"deletions":158},"test-code":{"insertions":50,"deletions":93}}},{"hash":"20f5ce9d31cdba90b0693433dee24537cb36e825","messageTitle":"Disable some edit command test cases","messageBody":"","fileTypesAndContributionMap":{"test-code":{"insertions":5,"deletions":0}}}]},{"date":"2022-10-12","commitResults":[{"hash":"f1c4cadde7a7a11ea6b8ed5c4340e49a2fbbd61b","messageTitle":"Fix javadocs and modify user guide for add command","messageBody":"","fileTypesAndContributionMap":{"functional-code":{"insertions":10,"deletions":10},"docs":{"insertions":9,"deletions":3}}}]},{"date":"2022-10-13","commitResults":[{"hash":"43e8da46084b2d06be6fa8622a233781faf189d9","messageTitle":"Update profile docs","messageBody":"","fileTypesAndContributionMap":{"docs":{"insertions":18,"deletions":4}}},{"hash":"f25e7a689efb84549773fa77e8ecd58f19ac679c","messageTitle":"Add test cases for ApplicationProcess, Date, Position, and Website class","messageBody":"","fileTypesAndContributionMap":{"functional-code":{"insertions":1,"deletions":0},"test-code":{"insertions":170,"deletions":0}}}]},{"date":"2022-10-14","commitResults":[{"hash":"ae3b6d9387434a413ce2186feb8c5564d1ec67bb","messageTitle":"Modify add command test cases","messageBody":"","fileTypesAndContributionMap":{"test-code":{"insertions":191,"deletions":98}}},{"hash":"e1267ec5f879484c10ad4a29c520266b629de554","messageTitle":"Fix checkstyle errors","messageBody":"","fileTypesAndContributionMap":{"test-code":{"insertions":17,"deletions":12}}},{"hash":"6ab447345bdd00bbd5b9134d0ab55c42afbd0c31","messageTitle":"Update project portofolio page","messageBody":"","fileTypesAndContributionMap":{"docs":{"insertions":39,"deletions":25}}}]},{"date":"2022-10-18","commitResults":[{"hash":"06e89c39e4d44d485fd229a78ecee64d0ecaf276","messageTitle":"Modify help command: display summary \u0026 automatically executed for first-time user","messageBody":"","fileTypesAndContributionMap":{"functional-code":{"insertions":77,"deletions":19}}}]},{"date":"2022-10-20","commitResults":[{"hash":"7b9dc07ee061c762af64b06ec851e9e373ca233b","messageTitle":"Update model component section, use case for add and help command","messageBody":"","fileTypesAndContributionMap":{"docs":{"insertions":54,"deletions":35}}}]},{"date":"2022-10-22","commitResults":[{"hash":"af584fca3f2236eb8830cd26af10faedc2e4de24","messageTitle":"Make help window resizable and scrollable","messageBody":"","fileTypesAndContributionMap":{"functional-code":{"insertions":64,"deletions":45}}},{"hash":"d68e30e7195fd101afcb73f9f1f94155edc769fa","messageTitle":"Change scroll bar theme","messageBody":"","fileTypesAndContributionMap":{"functional-code":{"insertions":40,"deletions":17}}},{"hash":"ff62f35d54da978669da32ece2216d91db944262","messageTitle":"Add undo and redo to command summary","messageBody":"","fileTypesAndContributionMap":{"functional-code":{"insertions":7,"deletions":2}}}]},{"date":"2022-10-24","commitResults":[{"hash":"5a83c933832791f8b9a863cfe6ff62692bfe9d60","messageTitle":"Update diagram and developer guide: test cases for add and help command, value proposition","messageBody":"","fileTypesAndContributionMap":{"docs":{"insertions":63,"deletions":15}}}]},{"date":"2022-10-25","commitResults":[{"hash":"5dd9855a8528017957bb9f72677bbcb78047724a","messageTitle":"Modify UI","messageBody":"","fileTypesAndContributionMap":{"functional-code":{"insertions":50,"deletions":35}}},{"hash":"ab03c1cb03bfd1aaf0c5ee857a3652eb01b18ad4","messageTitle":"Change font color","messageBody":"","fileTypesAndContributionMap":{"functional-code":{"insertions":8,"deletions":8}}}]},{"date":"2022-10-26","commitResults":[{"hash":"2c5245702400a40d8ba5f0be9938aba2503bbf4f","messageTitle":"Add glossary and undo compatibility for command summary","messageBody":"","fileTypesAndContributionMap":{"docs":{"insertions":23,"deletions":13}}},{"hash":"3fb227361f8f6917e51b010dca7b87acb70407f7","messageTitle":"Fix error in command summary","messageBody":"","fileTypesAndContributionMap":{"docs":{"insertions":1,"deletions":1}}},{"hash":"d822040e1f5d6dad79f88df38f856fb97671e509","messageTitle":"Add copy command details for help window","messageBody":"","fileTypesAndContributionMap":{"functional-code":{"insertions":2,"deletions":0},"docs":{"insertions":1,"deletions":2}}},{"hash":"6f7b1917b4450e1b0f4a1a5cf987afb61356abaa","messageTitle":"Bind shortcuts for Help window, modify Help window display and update UG","messageBody":"","fileTypesAndContributionMap":{"functional-code":{"insertions":60,"deletions":39},"docs":{"insertions":13,"deletions":2}}}]},{"date":"2022-10-27","commitResults":[{"hash":"9db3650c1a621f20c685fd49f90b59477b16c5a5","messageTitle":"Add add command implementation in DG, fix typo","messageBody":"","fileTypesAndContributionMap":{"docs":{"insertions":121,"deletions":9}}},{"hash":"9e37d94655e484e59ecc1a5090e531de99bd420a","messageTitle":"Fix typo","messageBody":"","fileTypesAndContributionMap":{"functional-code":{"insertions":1,"deletions":1}}}]},{"date":"2022-10-28","commitResults":[{"hash":"a842f6e90bc805de00858b7ddb52ab86aaf1bc44","messageTitle":"Adjust model diagram size","messageBody":"","fileTypesAndContributionMap":{"docs":{"insertions":1,"deletions":1}}},{"hash":"a7f0327dd888fafc9e66489d34001b059cff580c","messageTitle":"Add missing exit command in command summary, add newline to error message for consistency","messageBody":"","fileTypesAndContributionMap":{"functional-code":{"insertions":3,"deletions":1}}},{"hash":"c1c4794bb6afef8f6f07c6bfcf491e6872ef4c8f","messageTitle":"Change exit in command summary to present tense","messageBody":"","fileTypesAndContributionMap":{"functional-code":{"insertions":1,"deletions":1}}}]},{"date":"2022-10-29","commitResults":[{"hash":"9509fa85cf53e7a8a1df055cb81d579c22e2e301","messageTitle":"Change date validation to strict","messageBody":"","fileTypesAndContributionMap":{"functional-code":{"insertions":5,"deletions":3},"test-code":{"insertions":6,"deletions":2}}}]},{"date":"2022-10-30","commitResults":[{"hash":"88b582c8c0e0d40c70083428726bcc6e6bede61c","messageTitle":"Modify phone number validation","messageBody":"","fileTypesAndContributionMap":{"functional-code":{"insertions":11,"deletions":2},"test-code":{"insertions":16,"deletions":3}}},{"hash":"f330943344e98aa1572df9b8309e8af837812b88","messageTitle":"Fix test case and phone error message","messageBody":"","fileTypesAndContributionMap":{"functional-code":{"insertions":1,"deletions":1},"test-code":{"insertions":2,"deletions":2}}},{"hash":"ca7c7bbfc41840d449c0fd233681a4f4858b5f90","messageTitle":"Modify equals for Name and Position to ignore case","messageBody":"","fileTypesAndContributionMap":{"functional-code":{"insertions":2,"deletions":2}}},{"hash":"72ee6e1eccf1a51246922ea4b7e32588c4d15e22","messageTitle":"Fix test case for Internship","messageBody":"","fileTypesAndContributionMap":{"test-code":{"insertions":16,"deletions":9}}},{"hash":"d8814fde258cd50a427ed7f3c22e9d87398a1649","messageTitle":"Fix checkstyle error","messageBody":"","fileTypesAndContributionMap":{"test-code":{"insertions":9,"deletions":1}}},{"hash":"4da5c1e75bf3503e41f28157981a0104f8c7ad52","messageTitle":"Fix email validation: must include at least 2 domain label","messageBody":"","fileTypesAndContributionMap":{"functional-code":{"insertions":6,"deletions":4},"test-code":{"insertions":6,"deletions":3}}},{"hash":"a5189f34e8d95f899cfb90da7736d27b55bd054d","messageTitle":"Make whitespace between country code and phone number compulsory","messageBody":"","fileTypesAndContributionMap":{"functional-code":{"insertions":2,"deletions":2},"test-code":{"insertions":2,"deletions":2}}},{"hash":"e203a49bdb6fb9cd3a5af8d71ebd34ea69d4c3ce","messageTitle":"Set maximum length for email address","messageBody":"","fileTypesAndContributionMap":{"functional-code":{"insertions":4,"deletions":3}}},{"hash":"e5de70a886e79d2783419dfb5504a738e85f9463","messageTitle":"Fix checkstyle error","messageBody":"","fileTypesAndContributionMap":{"functional-code":{"insertions":2,"deletions":1}}},{"hash":"dc7539660b584530977222d5fc0be8adb4126d4e","messageTitle":"Change top domain level requirements","messageBody":"","fileTypesAndContributionMap":{"functional-code":{"insertions":3,"deletions":1},"test-code":{"insertions":3,"deletions":1}}},{"hash":"b0d2f234417ab39ba494193701290ee36958b3ee","messageTitle":"Fix checkstyle error","messageBody":"","fileTypesAndContributionMap":{"functional-code":{"insertions":4,"deletions":2},"test-code":{"insertions":1,"deletions":0}}},{"hash":"a55f5719888632753801b89424b12654be84f81f","messageTitle":"Fix web validation","messageBody":"","fileTypesAndContributionMap":{"functional-code":{"insertions":23,"deletions":7},"test-code":{"insertions":19,"deletions":3}}},{"hash":"2cf81d33355807618ac16f5c644ee7132b47df89","messageTitle":"Fix error message and fix TLD requirement","messageBody":"","fileTypesAndContributionMap":{"functional-code":{"insertions":4,"deletions":4},"test-code":{"insertions":4,"deletions":3}}}]},{"date":"2022-10-31","commitResults":[{"hash":"89265450967dc7b4dc58260f54f4165dcf0f4b6b","messageTitle":"Fix checkstyle error","messageBody":"","fileTypesAndContributionMap":{"functional-code":{"insertions":11,"deletions":11}}},{"hash":"bdee6e351f65c584e6dcb63d64c5748558180741","messageTitle":"Fix regex","messageBody":"","fileTypesAndContributionMap":{"functional-code":{"insertions":2,"deletions":2},"test-code":{"insertions":4,"deletions":0}}}]},{"date":"2022-11-02","commitResults":[{"hash":"7711be74fbff3159822ca4ee4b5dce5b4de410e1","messageTitle":"Update PPP","messageBody":"","fileTypesAndContributionMap":{"docs":{"insertions":27,"deletions":7}}}]}],"aarontangr":[{"date":"2022-09-25","commitResults":[{"hash":"7f1fd2229a404a28ab1be5c3e78bca65ac821bca","messageTitle":"Update `view` command in user guide","messageBody":"","fileTypesAndContributionMap":{"docs":{"insertions":12,"deletions":10}}},{"hash":"c2acf8d16789dc79b51415f3e0e6283d29c66af7","messageTitle":"Add skeleton PPP","messageBody":"","fileTypesAndContributionMap":{"docs":{"insertions":25,"deletions":0}}}]},{"date":"2022-09-26","commitResults":[{"hash":"f285becb5732f64e0cd75353ae2c5ec31b56682f","messageTitle":"Update about us page","messageBody":"","fileTypesAndContributionMap":{"docs":{"insertions":4,"deletions":6}}}]},{"date":"2022-09-28","commitResults":[{"hash":"50e5997f1ff5f70096cb60bd13a8abca7b204e7c","messageTitle":"Update DeveloperGuide.md to include `view`","messageBody":"","fileTypesAndContributionMap":{"docs":{"insertions":11,"deletions":0}}}]},{"date":"2022-10-12","commitResults":[{"hash":"405d2425dd9f5666d5e4bf532acc23c0053f7943","messageTitle":"Add view command","messageBody":"","fileTypesAndContributionMap":{"functional-code":{"insertions":90,"deletions":0}}}]},{"date":"2022-10-14","commitResults":[{"hash":"acbbf3f7eed138bd95bd42e3dc0a22716c72b15f","messageTitle":"Fix issue where `view` returns multiple Internships of same name","messageBody":"","fileTypesAndContributionMap":{"functional-code":{"insertions":36,"deletions":3}}},{"hash":"06c9535cb8b7ae9ac2f25bb941889655988f3686","messageTitle":"Update user guide for modified `view`","messageBody":"","fileTypesAndContributionMap":{"docs":{"insertions":8,"deletions":12}}},{"hash":"6703cec86d9dcc03f193b64a09cd58dffc48131a","messageTitle":"Add tests for `view` command","messageBody":"","fileTypesAndContributionMap":{"functional-code":{"insertions":26,"deletions":5},"test-code":{"insertions":122,"deletions":0}}},{"hash":"418c7428536e6d7dab17ac87279c609c97c717c4","messageTitle":"Improve javadocs","messageBody":"","fileTypesAndContributionMap":{"functional-code":{"insertions":6,"deletions":3}}}]},{"date":"2022-10-18","commitResults":[{"hash":"d8c5887cb4047acff28fb38e552a1fafdbc5b586","messageTitle":"Add new VBox for view command","messageBody":"","fileTypesAndContributionMap":{"functional-code":{"insertions":300,"deletions":28}}},{"hash":"e6f6e19fe9fd01f2db2b234c6d9d9e05fbcf31dc","messageTitle":"Update default window size","messageBody":"","fileTypesAndContributionMap":{"functional-code":{"insertions":2,"deletions":2}}}]},{"date":"2022-10-19","commitResults":[{"hash":"935a1349f372cd513b1dfde5f2565d0aefa94bef","messageTitle":"Cleanup unused code","messageBody":"","fileTypesAndContributionMap":{"functional-code":{"insertions":4,"deletions":32},"test-code":{"insertions":10,"deletions":0}}},{"hash":"c1e493b3d42e58c8b886ff3102b3b6f589712433","messageTitle":"Add newline to EOF in ViewCommandPanel.fxml","messageBody":"","fileTypesAndContributionMap":{"functional-code":{"insertions":1,"deletions":1},"docs":{"insertions":1,"deletions":1}}},{"hash":"52564818985e7551900f7ab25d8730712ad399a6","messageTitle":"Fix and add tests to ViewCommand","messageBody":"","fileTypesAndContributionMap":{"functional-code":{"insertions":1,"deletions":1},"test-code":{"insertions":43,"deletions":8}}},{"hash":"c665be668e5c02faf708aecc24163c9a7d91d54d","messageTitle":"Fix import order in ViewCommandTest.java","messageBody":"","fileTypesAndContributionMap":{"test-code":{"insertions":7,"deletions":7}}},{"hash":"1db7461611a4c180ccc11f0199adcaa794188935","messageTitle":"Remove wildcard imports in *.fxml","messageBody":"","fileTypesAndContributionMap":{"functional-code":{"insertions":14,"deletions":7}}},{"hash":"41b36a50b0096f5b2b4dc91b64255ba6b0c68a0a","messageTitle":"Add more tests for ViewCommand","messageBody":"","fileTypesAndContributionMap":{"test-code":{"insertions":10,"deletions":2}}},{"hash":"72ef003c8d8273d6ea0e7c7045ced1f60e20e3bb","messageTitle":"Allow resizing of window","messageBody":"","fileTypesAndContributionMap":{"functional-code":{"insertions":11,"deletions":11}}},{"hash":"116c38d32d613bd7277c5737b516cba73a701938","messageTitle":"Remove unnecessary comments in UiManager.java","messageBody":"","fileTypesAndContributionMap":{"functional-code":{"insertions":0,"deletions":1}}},{"hash":"891d1d3ca25c2b9789c81cb6300df2ecca460af2","messageTitle":"Fix tests in ViewCommandTest.java","messageBody":"","fileTypesAndContributionMap":{"test-code":{"insertions":4,"deletions":2}}},{"hash":"f7264baad3a4d450ad773ccf04328618bc053142","messageTitle":"Change color of hyperlinks to default blue","messageBody":"","fileTypesAndContributionMap":{"functional-code":{"insertions":4,"deletions":0}}},{"hash":"fd7cd3219b4f269927b54fc6219d3e0f3c7072a1","messageTitle":"Add hyperlink to ViewCommandCard","messageBody":"","fileTypesAndContributionMap":{"functional-code":{"insertions":48,"deletions":14}}},{"hash":"d072b59ca81aeb0e1abf83d63904808ca6469ba6","messageTitle":"Update default values for Gui size","messageBody":"","fileTypesAndContributionMap":{"functional-code":{"insertions":2,"deletions":2}}},{"hash":"b737a89f82f12dc43ab4c51f9eea4d033a1175c5","messageTitle":"Add descriptors to values in ViewCommandCard.java","messageBody":"","fileTypesAndContributionMap":{"functional-code":{"insertions":6,"deletions":5}}},{"hash":"d3abfb8b0f1a7f9fedafb11728aa0ef0afc39e9e","messageTitle":"Add newline to EOF in Extensions.css","messageBody":"","fileTypesAndContributionMap":{"functional-code":{"insertions":1,"deletions":1}}},{"hash":"46d295ba8b9dd05aeb8e2fd28c557ca7c3788fe0","messageTitle":"Update to ensure website descriptor is not part of the hyperlink","messageBody":"","fileTypesAndContributionMap":{"functional-code":{"insertions":10,"deletions":6}}},{"hash":"84139cc5682355db2a4b532336609f13df42be46","messageTitle":"Capitalize label descriptors","messageBody":"","fileTypesAndContributionMap":{"functional-code":{"insertions":5,"deletions":5}}},{"hash":"6d751e51a39334162b4e3a051664bd897c749f34","messageTitle":"Capitalize website descriptor","messageBody":"","fileTypesAndContributionMap":{"functional-code":{"insertions":1,"deletions":1}}},{"hash":"b8063eb3e729e300ceec2a0107d9a5ab9edf2e16","messageTitle":"Enable assertions in build.gradle","messageBody":"","fileTypesAndContributionMap":{"other":{"insertions":4,"deletions":0}}}]},{"date":"2022-10-20","commitResults":[{"hash":"feb0584d7c56dcbcb5c23db5cdcdbaf6c221fffa","messageTitle":"Update DG for `view`","messageBody":"","fileTypesAndContributionMap":{"docs":{"insertions":26,"deletions":2}}}]},{"date":"2022-10-21","commitResults":[{"hash":"ae58d9bd030ff462b38dda2042b323859653d184","messageTitle":"Set remark text in view UI to wrap","messageBody":"","fileTypesAndContributionMap":{"functional-code":{"insertions":1,"deletions":1}}},{"hash":"2983459c1bdb59b25d57b91b4cd1cc7b1e3e9722","messageTitle":"Remove status bar","messageBody":"","fileTypesAndContributionMap":{"functional-code":{"insertions":0,"deletions":7}}}]},{"date":"2022-10-22","commitResults":[{"hash":"876bb9cd5b89fc0134afa0a67b252917ba3d3bc6","messageTitle":"Format Internship::toString to include line breaks instead of `;`","messageBody":"","fileTypesAndContributionMap":{"functional-code":{"insertions":10,"deletions":9}}},{"hash":"c946f2b6dcbf1801efd7499a5616361cfb511340","messageTitle":"Add copy command functionality","messageBody":"","fileTypesAndContributionMap":{"functional-code":{"insertions":109,"deletions":0}}},{"hash":"712b6499b4950e1c018166cacc1e0424042ff416","messageTitle":"Add assertions for ViewCommand","messageBody":"","fileTypesAndContributionMap":{"functional-code":{"insertions":4,"deletions":3}}},{"hash":"6e74051027f965948eca09b2f6d3525b71ca151c","messageTitle":"Add tests for `CopyCommand`, `CopyCommandParser`","messageBody":"","fileTypesAndContributionMap":{"test-code":{"insertions":161,"deletions":0}}},{"hash":"330bfb9dce1a30c0ca3238aa0e6352199e136f31","messageTitle":"Add various tests","messageBody":"","fileTypesAndContributionMap":{"test-code":{"insertions":35,"deletions":1}}},{"hash":"14a30555ab2ae21780dd8264e2a8a30b6a656b77","messageTitle":"Remove unused imports","messageBody":"","fileTypesAndContributionMap":{"test-code":{"insertions":0,"deletions":1}}},{"hash":"7a8360f36bbfce606f4e1b28b1e76755dffc844d","messageTitle":"Set headless mode to false in CopyCommandTests","messageBody":"","fileTypesAndContributionMap":{"test-code":{"insertions":3,"deletions":0}}},{"hash":"1d0cdb707ff5599f93150a762428432a860a42f8","messageTitle":"Catch headless exception in copy test","messageBody":"","fileTypesAndContributionMap":{"test-code":{"insertions":40,"deletions":28}}},{"hash":"078f6f05b3059b5f1e2c2abc37daad0800beb523","messageTitle":"Fix checkstyle in CopyCommandTest.java","messageBody":"","fileTypesAndContributionMap":{"test-code":{"insertions":3,"deletions":6}}},{"hash":"b97977a2aab3a0fa383cb6159bed04e43706dc69","messageTitle":"Cleanup code in CopyCommand.java","messageBody":"","fileTypesAndContributionMap":{"functional-code":{"insertions":3,"deletions":4}}},{"hash":"a7b1085bf65da6c7436e85ca47405f288ef6c21b","messageTitle":"Update javadocs","messageBody":"","fileTypesAndContributionMap":{"functional-code":{"insertions":4,"deletions":4}}}]},{"date":"2022-10-24","commitResults":[{"hash":"29af2494ef68b593832c55b4cbf5ea2ee7d047ad","messageTitle":"Add exception handling for Copy command invalid parameters","messageBody":"","fileTypesAndContributionMap":{"functional-code":{"insertions":3,"deletions":0}}},{"hash":"acb63ad2b95c7893926a78c0a7dc7187898a6c0b","messageTitle":"Add exception handling for View command invalid parameters","messageBody":"","fileTypesAndContributionMap":{"functional-code":{"insertions":3,"deletions":0}}},{"hash":"37576603861c46e0b8f216feef1f01d1289b14c8","messageTitle":"Add tests for more invalid input cases","messageBody":"","fileTypesAndContributionMap":{"test-code":{"insertions":15,"deletions":0}}},{"hash":"98a1abe7ed10dc2b040cbbe32d8b8e578c27c308","messageTitle":"Remove unused imports","messageBody":"","fileTypesAndContributionMap":{"test-code":{"insertions":0,"deletions":1}}}]},{"date":"2022-10-25","commitResults":[{"hash":"c35a2b90a582cc8334f4fca3dfe7150799e4c490","messageTitle":"Update DG for `view`","messageBody":"","fileTypesAndContributionMap":{"docs":{"insertions":39,"deletions":1}}},{"hash":"22f8269c14d8f953d06cf2121cb08e14d9ceba2f","messageTitle":"Update DG for `copy`","messageBody":"","fileTypesAndContributionMap":{"docs":{"insertions":34,"deletions":4}}},{"hash":"f3ebbdf353eb109cf2a9f189a07babd012cc7355","messageTitle":"Update UG of `copy`","messageBody":"","fileTypesAndContributionMap":{"docs":{"insertions":10,"deletions":1}}},{"hash":"f4cd6ecedf84beed6c3b44d58a8cb039c8870ecd","messageTitle":"Cleanup UG","messageBody":"","fileTypesAndContributionMap":{"docs":{"insertions":12,"deletions":9}}}]},{"date":"2022-10-26","commitResults":[{"hash":"72c657c84bb951f18fd14741a14a7f22c5893296","messageTitle":"Add `view` sequence diagram","messageBody":"","fileTypesAndContributionMap":{"docs":{"insertions":77,"deletions":0}}},{"hash":"da41531445c7dc6e8904d29d388819c4cf460f75","messageTitle":"Add `copy` sequence diagram","messageBody":"","fileTypesAndContributionMap":{"docs":{"insertions":80,"deletions":1}}},{"hash":"1e05b519cce97d2d0368fc85e1e7faaa888b67de","messageTitle":"Remove TODOs in DG","messageBody":"","fileTypesAndContributionMap":{"docs":{"insertions":2,"deletions":2}}},{"hash":"d6a9fb695daada60a4505021de063ad6007ba909","messageTitle":"Change Address to Internship","messageBody":"","fileTypesAndContributionMap":{"docs":{"insertions":20,"deletions":20}}},{"hash":"e9c3fe9f7ac9dcdde5f75e1a13d62d6442bb5697","messageTitle":"Update sequence diagrams","messageBody":"","fileTypesAndContributionMap":{"docs":{"insertions":9,"deletions":8}}},{"hash":"c8693e00d373ddc72b92df7b1cf8c8ee490ce64e","messageTitle":"Update UI class diagram","messageBody":"","fileTypesAndContributionMap":{"docs":{"insertions":25,"deletions":16}}},{"hash":"3303dafc5c0533e1538f6b4d817089da14743e2a","messageTitle":"Update variable names","messageBody":"","fileTypesAndContributionMap":{"functional-code":{"insertions":5,"deletions":5}}}]},{"date":"2022-10-27","commitResults":[{"hash":"fe6c36d97188e9c15bf34aea8aa11d4a92bb8c74","messageTitle":"Update DG for UI component","messageBody":"","fileTypesAndContributionMap":{"docs":{"insertions":1,"deletions":1}}},{"hash":"1de28f8b967722fd32445d298ce8d90677b22312","messageTitle":"Increase `CommandBox` size","messageBody":"","fileTypesAndContributionMap":{"functional-code":{"insertions":2,"deletions":2}}},{"hash":"edec491d178b5a47ebf697628e4a65d23689fe73","messageTitle":"Standardise font sizes","messageBody":"","fileTypesAndContributionMap":{"functional-code":{"insertions":3,"deletions":3}}},{"hash":"859d7ffd4c6f34ce161a1614c4b78f8467d0ff16","messageTitle":"Set text in `ResultDisplay` to wrap","messageBody":"","fileTypesAndContributionMap":{"functional-code":{"insertions":1,"deletions":0}}},{"hash":"c15beda82a7d4e82d0a8aa963c10c2fa6a5c4957","messageTitle":"Reduce top padding in application status from 10px to 5px","messageBody":"","fileTypesAndContributionMap":{"functional-code":{"insertions":1,"deletions":1}}},{"hash":"67af49cf77b05892a86a9b0a7f4c7b3f12df1057","messageTitle":"Reduce font sizes, capitalise legend for statistics","messageBody":"","fileTypesAndContributionMap":{"functional-code":{"insertions":8,"deletions":8}}},{"hash":"f284a09a3a9216f07eb0306cdeeee2d109c28ae8","messageTitle":"Remove newline in between remarks and others in `view`","messageBody":"","fileTypesAndContributionMap":{"functional-code":{"insertions":1,"deletions":6}}},{"hash":"1673fcf8079b5d4528c8d1b5ab43057926cb31b3","messageTitle":"Resize GridPane","messageBody":"","fileTypesAndContributionMap":{"functional-code":{"insertions":6,"deletions":6}}}]},{"date":"2022-10-30","commitResults":[{"hash":"61b4f0743856f16cbfa7d799436b7bc598f4d0d8","messageTitle":"Remove unused Labels in InternshipCard.java","messageBody":"","fileTypesAndContributionMap":{"functional-code":{"insertions":0,"deletions":16}}},{"hash":"178e1aa68dfc2e7361c1fd4aacccbda9fbf250f8","messageTitle":"Add \"Remark: \" text to remark label","messageBody":"","fileTypesAndContributionMap":{"functional-code":{"insertions":1,"deletions":1}}},{"hash":"5ae5c22c72228561a344e3833bb01449bda88180","messageTitle":"Add whitespace before \u0027\\n\u0027 in Internship::toString","messageBody":"","fileTypesAndContributionMap":{"functional-code":{"insertions":7,"deletions":7}}},{"hash":"a6fb69e3cb07f8c32e8ee408b151e0ef4aefced4","messageTitle":"Set text to wrap on extremely long cases","messageBody":"","fileTypesAndContributionMap":{"functional-code":{"insertions":63,"deletions":56}}},{"hash":"2640555606e718c6ff7df4f96b0e3b9f2becfcfa","messageTitle":"Set max length of Tag to be 20 characters","messageBody":"","fileTypesAndContributionMap":{"functional-code":{"insertions":4,"deletions":0}}},{"hash":"3bd996e949b66dcb5efa2c591ff90c1384f2ac20","messageTitle":"Add whitespace before Tags are displayed on Internship::toString","messageBody":"","fileTypesAndContributionMap":{"functional-code":{"insertions":1,"deletions":1}}},{"hash":"57ea24bdfc5085f8a4f23ee7b4cf4c0d95b0367a","messageTitle":"Remove magic numbers in Tag","messageBody":"","fileTypesAndContributionMap":{"functional-code":{"insertions":3,"deletions":2}}},{"hash":"970f3025d98b6aa23df3d91ef943620c943a7626","messageTitle":"Add tests for invalid tag length","messageBody":"","fileTypesAndContributionMap":{"test-code":{"insertions":8,"deletions":0}}}]}],"JustinS00":[{"date":"2022-09-22","commitResults":[{"hash":"41910dd6cf53e37fefcd9c3923df085897837c4b","messageTitle":"Add list sort","messageBody":"","fileTypesAndContributionMap":{"functional-code":{"insertions":184,"deletions":3}}},{"hash":"b67ec902283915a06482b6c727e1c92a64272f46","messageTitle":"Update javadocs for list","messageBody":"","fileTypesAndContributionMap":{"functional-code":{"insertions":27,"deletions":23}}},{"hash":"896e7595e5750b8634bbfa2a94a83c0c73c3c001","messageTitle":"Refactor code for list command","messageBody":"","fileTypesAndContributionMap":{"functional-code":{"insertions":34,"deletions":12},"test-code":{"insertions":23,"deletions":5}}},{"hash":"8501e3feef9e200082b66d9a23f8c123cac4938a","messageTitle":"Update CategoryParser","messageBody":"","fileTypesAndContributionMap":{"functional-code":{"insertions":32,"deletions":15}}},{"hash":"0ef9f341028b137e55b3da06957f40d658105eb4","messageTitle":"Fix styling","messageBody":"","fileTypesAndContributionMap":{"functional-code":{"insertions":3,"deletions":3},"test-code":{"insertions":6,"deletions":1}}}]},{"date":"2022-09-24","commitResults":[{"hash":"82547e12bde6d24ba8b0426b2652c1c77e246146","messageTitle":"Update docs","messageBody":"","fileTypesAndContributionMap":{"docs":{"insertions":49,"deletions":12}}},{"hash":"4d75cafbc203f4cd7caa17ebbad7bd73aed7cecf","messageTitle":"docs: Fix EOF error","messageBody":"","fileTypesAndContributionMap":{"docs":{"insertions":1,"deletions":2}}}]},{"date":"2022-09-28","commitResults":[{"hash":"b56351e1d0f61f2805315ec870356ba9f4704647","messageTitle":"Update AboutUs.md \u0026 UserGuide.md","messageBody":"","fileTypesAndContributionMap":{"docs":{"insertions":49,"deletions":54}}},{"hash":"f7396ff145973e93d9eef90105b1ff5d3d1fd53e","messageTitle":"Update README.md","messageBody":"","fileTypesAndContributionMap":{"docs":{"insertions":5,"deletions":9}}},{"hash":"a4b0e78f5a51188db49c9d8dc6343a17ac3f5796","messageTitle":"Update DeveloperGuide.md","messageBody":"","fileTypesAndContributionMap":{"docs":{"insertions":24,"deletions":12}}},{"hash":"4413831c4a55403eaf96be1856b9c760357078c6","messageTitle":"Update README.md","messageBody":"","fileTypesAndContributionMap":{"docs":{"insertions":37,"deletions":5}}},{"hash":"2e0fc3f7c039a4b669f484cc7a059ba3e305d068","messageTitle":"Fix UserGuide styling","messageBody":"","fileTypesAndContributionMap":{"docs":{"insertions":10,"deletions":14}}}]},{"date":"2022-10-05","commitResults":[{"hash":"9aeac75b8c0ff33b2d9db9305af46778a63f1262","messageTitle":"Fix README.md headings","messageBody":"","fileTypesAndContributionMap":{"docs":{"insertions":3,"deletions":3}}},{"hash":"b19242c0993829e488e876ce80a76775f0954ba7","messageTitle":"UserGuide.md: update command summary for list","messageBody":"","fileTypesAndContributionMap":{"docs":{"insertions":6,"deletions":4}}}]},{"date":"2022-10-09","commitResults":[{"hash":"264a1790d0238acbe2e425512f892b47031398f4","messageTitle":"Add comparable categories","messageBody":"","fileTypesAndContributionMap":{"functional-code":{"insertions":80,"deletions":47},"other":{"insertions":13,"deletions":16},"test-code":{"insertions":2,"deletions":1}}},{"hash":"df3338dbeaa1df5481b2fba39c81a1c186f33638","messageTitle":"Fix styling issues","messageBody":"","fileTypesAndContributionMap":{"functional-code":{"insertions":20,"deletions":5}}},{"hash":"6f5381acc488f08f852abf92e2d4b756247e63b0","messageTitle":"Remove unused imports","messageBody":"","fileTypesAndContributionMap":{"test-code":{"insertions":0,"deletions":1}}},{"hash":"a0b0ba926cb1ff6afa4e0ec661e6e029362d6859","messageTitle":"Add test case for list command","messageBody":"","fileTypesAndContributionMap":{"test-code":{"insertions":16,"deletions":0}}}]},{"date":"2022-10-12","commitResults":[{"hash":"468719e4161ce9d1fcc5e686bb827b4c8bb91913","messageTitle":"Fix styling issues","messageBody":"","fileTypesAndContributionMap":{"test-code":{"insertions":20,"deletions":23}}}]},{"date":"2022-10-13","commitResults":[{"hash":"20a0d13303cc666bb11ab8b1aad58a06a818c3ed","messageTitle":"Update docs","messageBody":"","fileTypesAndContributionMap":{"docs":{"insertions":6,"deletions":5}}},{"hash":"5e6b88c6b1c390cea2a5b54476a5c528b84e7742","messageTitle":"Rename Address and Person to Internships","messageBody":"","fileTypesAndContributionMap":{"functional-code":{"insertions":953,"deletions":946},"other":{"insertions":1130,"deletions":1120},"docs":{"insertions":14,"deletions":14},"test-code":{"insertions":1764,"deletions":1739}}},{"hash":"6dbd0b32143f7d6e77d5023d49a4e6375e91adcb","messageTitle":"Fix styling issues","messageBody":"","fileTypesAndContributionMap":{"functional-code":{"insertions":1,"deletions":0},"test-code":{"insertions":7,"deletions":25}}},{"hash":"e6a8ddbd186afdb9532197cce9b2322e0cd5a1fc","messageTitle":"Change list command behaviour","messageBody":"","fileTypesAndContributionMap":{"functional-code":{"insertions":16,"deletions":20}}},{"hash":"19ecf15a38c5ee488c82e5782c7b03ffa15b711a","messageTitle":"Update list command behaviour and previous test case","messageBody":"","fileTypesAndContributionMap":{"functional-code":{"insertions":7,"deletions":5},"test-code":{"insertions":1,"deletions":1}}},{"hash":"31565b2e44b5670071f83986c633160a422b280f","messageTitle":"Update list command message","messageBody":"","fileTypesAndContributionMap":{"functional-code":{"insertions":4,"deletions":3}}}]},{"date":"2022-10-14","commitResults":[{"hash":"36e72d17b6d3344140a91382ec1ac73bd87d74e8","messageTitle":"Add more test cases for list command","messageBody":"","fileTypesAndContributionMap":{"test-code":{"insertions":76,"deletions":2}}},{"hash":"4e4ba40a3a7dedebdc86ff37bc39d9b52ae91f83","messageTitle":"Add equals method for list command, test cases for list command parser","messageBody":"","fileTypesAndContributionMap":{"functional-code":{"insertions":18,"deletions":0},"test-code":{"insertions":42,"deletions":0}}},{"hash":"2ff106294ecaf5833a84810e34a15bf0dcd59efb","messageTitle":"Fix styling issues","messageBody":"","fileTypesAndContributionMap":{"test-code":{"insertions":10,"deletions":8}}},{"hash":"45e142a83ff5a7def91f7da4b0fbabd52ab51a4b","messageTitle":"Update product description","messageBody":"","fileTypesAndContributionMap":{"docs":{"insertions":32,"deletions":6}}},{"hash":"628666a6b907dc673d2a8db02b106d746bb8af40","messageTitle":"Update user guide for list command\u0027","messageBody":"","fileTypesAndContributionMap":{"functional-code":{"insertions":1,"deletions":1},"docs":{"insertions":12,"deletions":7}}},{"hash":"df98f38dc44b88ab0f8fb1a5314d87deb1e9a186","messageTitle":"Update Justin\u0027s PPP","messageBody":"","fileTypesAndContributionMap":{"docs":{"insertions":12,"deletions":12}}}]},{"date":"2022-10-16","commitResults":[{"hash":"14f05bb59129a6d92cfbd75aef2d16a73d34ce86","messageTitle":"Update ListCommandParser:","messageBody":"","fileTypesAndContributionMap":{"functional-code":{"insertions":57,"deletions":68},"test-code":{"insertions":58,"deletions":23}}},{"hash":"831a2d1852b3ffb803debf9b643988b062e84929","messageTitle":"Update UserGuide","messageBody":"","fileTypesAndContributionMap":{"docs":{"insertions":1,"deletions":1}}},{"hash":"db03f56601a7725e31750b3da100a7a7c17ae38f","messageTitle":"Update Icon","messageBody":"","fileTypesAndContributionMap":{"functional-code":{"insertions":3,"deletions":3}}}]},{"date":"2022-10-17","commitResults":[{"hash":"d5d151e93d5345c4ca82db9f4f922c29d2191d39","messageTitle":"Update InternshipCard and UI","messageBody":"","fileTypesAndContributionMap":{"functional-code":{"insertions":55,"deletions":10}}},{"hash":"96cd55327fb0d18f09266e4a52b009a6bab79ead","messageTitle":"MainApp.java: Update version number","messageBody":"","tags":["v1.2.1"],"fileTypesAndContributionMap":{"functional-code":{"insertions":1,"deletions":1}}}]},{"date":"2022-10-19","commitResults":[{"hash":"d3ebb1e04c9ae4331ecfb8f9ec3145b0f8b0218e","messageTitle":"User Guide: Update storage file name","messageBody":"","fileTypesAndContributionMap":{"docs":{"insertions":1,"deletions":1}}}]},{"date":"2022-10-20","commitResults":[{"hash":"f641669a586a9737f38fc72565e7bb67791c21c2","messageTitle":"Update DG for `list` command","messageBody":"","fileTypesAndContributionMap":{"docs":{"insertions":111,"deletions":33}}},{"hash":"7a4e75cfe284ddda6c3c8014a233641c74fda729","messageTitle":"Update ListSequenceDiagram","messageBody":"","fileTypesAndContributionMap":{"docs":{"insertions":83,"deletions":0}}},{"hash":"1b3cf3fa932510967718a2b21c0b38030bb5718b","messageTitle":"Update test case names","messageBody":"","fileTypesAndContributionMap":{"test-code":{"insertions":574,"deletions":547}}},{"hash":"58a70b61b69d0c08a62d3f08fa37a7de348c308f","messageTitle":"Add ReminderBar skeleton","messageBody":"","fileTypesAndContributionMap":{"functional-code":{"insertions":61,"deletions":1}}},{"hash":"215fbb985fa8dd853438cac10b1546f7350df1c3","messageTitle":"Rename test cases tagging","messageBody":"","fileTypesAndContributionMap":{"test-code":{"insertions":76,"deletions":76}}}]},{"date":"2022-10-21","commitResults":[{"hash":"a76f2cc73838a82fc79b855d181ed7886b6c22af","messageTitle":"Add functionality for reminder","messageBody":"","fileTypesAndContributionMap":{"functional-code":{"insertions":25,"deletions":7}}},{"hash":"43a24d1fe5070fbdb6410972fd5fcf0ed980bd9d","messageTitle":"ReminderBarFooter: Fix bugs","messageBody":"","fileTypesAndContributionMap":{"functional-code":{"insertions":3,"deletions":3}}},{"hash":"05e2fd8843f92c466b1a67f766b1bac9da173101","messageTitle":"Add reminder icon","messageBody":"","fileTypesAndContributionMap":{"functional-code":{"insertions":21,"deletions":4}}},{"hash":"4c332986d1f20d1096d7210f29cdc2ac032263b5","messageTitle":"ReminderBarFooter: Add Offer","messageBody":"","fileTypesAndContributionMap":{"functional-code":{"insertions":10,"deletions":9}}}]},{"date":"2022-10-24","commitResults":[{"hash":"b06e07ead2658bba08ef3e09b8626e85b3fe4ddb","messageTitle":"SampleDataUtil: Update data","messageBody":"","fileTypesAndContributionMap":{"functional-code":{"insertions":19,"deletions":19}}},{"hash":"3b9e0cfd224bdbf249fcd6e11fe16344e14bf1a0","messageTitle":"Fix whitespace error","messageBody":"","fileTypesAndContributionMap":{"functional-code":{"insertions":1,"deletions":1}}},{"hash":"3f74e237dc6e680222137763207bfb0217200187","messageTitle":"Add SampleUtilTest","messageBody":"","fileTypesAndContributionMap":{"test-code":{"insertions":23,"deletions":0}}},{"hash":"355d1f36a433f9fdc193d3d06ae774eaafc6c970","messageTitle":"Add test case for GuiSettings and UserPrefs","messageBody":"","fileTypesAndContributionMap":{"test-code":{"insertions":44,"deletions":0}}},{"hash":"b58363c07f554d32f381b6146522b5dfe3a49678","messageTitle":"Fix styling issues","messageBody":"","fileTypesAndContributionMap":{"test-code":{"insertions":8,"deletions":6}}},{"hash":"a08fdb3d50593dedd182cde95ef4289605c41e99","messageTitle":"Add test case for Config","messageBody":"","fileTypesAndContributionMap":{"test-code":{"insertions":27,"deletions":0}}},{"hash":"b868c108381a164c65d8198bb4ba2542374b5c8a","messageTitle":"Update README.md","messageBody":"","fileTypesAndContributionMap":{"docs":{"insertions":7,"deletions":6}}},{"hash":"04498e654e189ed274f35d484d9fb347caeb6d63","messageTitle":"Update .jar file name","messageBody":"","fileTypesAndContributionMap":{"other":{"insertions":1,"deletions":1}}},{"hash":"af75ec18c1eb02b407d7c4d7dd2508e95177ec5c","messageTitle":"DG: Update Storage, README.md: Reformat AboutUs","messageBody":"","fileTypesAndContributionMap":{"docs":{"insertions":21,"deletions":25}}},{"hash":"725408563d58fb95eeaeb62898c4334ee5d71e04","messageTitle":"User Guide: Add about user guide and nagivation section","messageBody":"","fileTypesAndContributionMap":{"docs":{"insertions":44,"deletions":7}}},{"hash":"a5258c8798c1d87a18fba92a7d8f8a11620cba65","messageTitle":"Fix EOF error","messageBody":"","fileTypesAndContributionMap":{"docs":{"insertions":4,"deletions":4}}},{"hash":"74adf343c12d53feb2c1f4d0da4ba2cdc6d51af0","messageTitle":"Guides: Update Tip Box","messageBody":"","fileTypesAndContributionMap":{"docs":{"insertions":5,"deletions":5}}},{"hash":"14aa618cde58c5cbef83705b62d05d84bab58841","messageTitle":"UserGuide: Update list guide","messageBody":"","fileTypesAndContributionMap":{"docs":{"insertions":7,"deletions":4}}}]},{"date":"2022-10-25","commitResults":[{"hash":"315f8a921e2110781c62392da2d724a502753903","messageTitle":"Rename \u0027apply\u0027 to \u0027applied\u0027","messageBody":"","fileTypesAndContributionMap":{"functional-code":{"insertions":9,"deletions":9},"docs":{"insertions":8,"deletions":8},"test-code":{"insertions":12,"deletions":12}}},{"hash":"bdffebd5d5582c7f1c6feee56fe357138071b094","messageTitle":"Update DG","messageBody":"","fileTypesAndContributionMap":{"docs":{"insertions":2,"deletions":2}}}]},{"date":"2022-10-26","commitResults":[{"hash":"abd76a937e225107ec446994695e3ada74ab5d2c","messageTitle":"UserGuide.md: Add section on GUI navigation","messageBody":"","fileTypesAndContributionMap":{"docs":{"insertions":50,"deletions":10}}},{"hash":"bada25a4532a84fa10184823ba21700ebd469d45","messageTitle":"UserGuide.md: Change AddressBook to PleaseHireUs","messageBody":"","fileTypesAndContributionMap":{"docs":{"insertions":3,"deletions":3}}}]},{"date":"2022-10-27","commitResults":[{"hash":"ec3aa5e7b1e6346ec21344bd90675289331cd302","messageTitle":"Update UG and DG","messageBody":"","fileTypesAndContributionMap":{"docs":{"insertions":45,"deletions":12}}},{"hash":"0aeb330610c654b610d5a0ec59463cb5f63179ee","messageTitle":"Refactor tags to tag for consistency","messageBody":"","fileTypesAndContributionMap":{"functional-code":{"insertions":5,"deletions":5},"test-code":{"insertions":4,"deletions":4}}},{"hash":"d10987e90eb87ad7e93c28f25c556ec47add22a7","messageTitle":"Fix typos","messageBody":"","fileTypesAndContributionMap":{"docs":{"insertions":2,"deletions":2}}},{"hash":"db000e91e194e4301406f4bf15f18961f703833f","messageTitle":"UserGuide: Fix typo in `list` section","messageBody":"","fileTypesAndContributionMap":{"docs":{"insertions":1,"deletions":1}}},{"hash":"118637f8f5dd93968fe37e746c7f2fd44456bc0b","messageTitle":"Fix styling and typos in DG","messageBody":"","fileTypesAndContributionMap":{"docs":{"insertions":25,"deletions":7}}}]},{"date":"2022-10-28","commitResults":[{"hash":"07ab95798cee8b7399da756ca183dfa4e67dd3c3","messageTitle":"Update hyperlinks","messageBody":"","fileTypesAndContributionMap":{"docs":{"insertions":2,"deletions":2}}},{"hash":"19ca43b0a3026a9c19dac98ac0c678fdc0936262","messageTitle":"Fix some outstanding issues in formatting","messageBody":"","fileTypesAndContributionMap":{"docs":{"insertions":16,"deletions":20}}},{"hash":"45f6efda47c8341b54c32bdcf25fb59b3299cc71","messageTitle":"Add phu icon","messageBody":"","fileTypesAndContributionMap":{"docs":{"insertions":6,"deletions":8}}},{"hash":"fd8623bdc0f8892d5c2b48fbc78d88cde20effb6","messageTitle":"Update icon","messageBody":"","fileTypesAndContributionMap":{"docs":{"insertions":4,"deletions":3}}},{"hash":"509cbd4c7ce3592c092d37cae0ef5c6fa995ff14","messageTitle":"Link commands to respective sections of UG","messageBody":"","fileTypesAndContributionMap":{"docs":{"insertions":37,"deletions":29}}},{"hash":"7615443ad663026cdf43e62cf544e98488029b69","messageTitle":"Reordered Command Summary to follow structure of UG","messageBody":"","fileTypesAndContributionMap":{"docs":{"insertions":28,"deletions":28}}},{"hash":"a6776835a49eacee42073fa53645e875ec60f4cb","messageTitle":"Fix EOF","messageBody":"","fileTypesAndContributionMap":{"docs":{"insertions":1,"deletions":1}}},{"hash":"1b7c5e99bf8b03c071ef158edbf7d06a766498a2","messageTitle":"UG: Fix QuickStart section","messageBody":"","fileTypesAndContributionMap":{"docs":{"insertions":1,"deletions":1}}},{"hash":"843c8f41715f15222fcbd3087e65f10912b56b0d","messageTitle":"UG: Reformat QuickStart","messageBody":"","fileTypesAndContributionMap":{"docs":{"insertions":10,"deletions":10}}},{"hash":"a630794d852cc84e6fbc00b9aadd476d94798815","messageTitle":"UG: \u0027list\u0027 and \u0027find\u0027 update tip boxes","messageBody":"","fileTypesAndContributionMap":{"docs":{"insertions":30,"deletions":25}}},{"hash":"08aaf0d7e6165c0b92700f103b0226fb76dcf97e","messageTitle":"UG: Fix tip box for `list`","messageBody":"","fileTypesAndContributionMap":{"docs":{"insertions":7,"deletions":5}}},{"hash":"27d1ea3bfeefe8fc5b5cddf5337a9f7ab6feb0c8","messageTitle":"UG: Fix QuickStart bug","messageBody":"","fileTypesAndContributionMap":{"docs":{"insertions":2,"deletions":1}}},{"hash":"760b2cdb715b33cd95311eb4dd6d79eed7ab1c8d","messageTitle":"UG: Reformat QuickStart","messageBody":"","fileTypesAndContributionMap":{"docs":{"insertions":1,"deletions":5}}},{"hash":"4be32510d97b44e239e84b9bd6f43718ae7b638f","messageTitle":"UG: Reordered steps","messageBody":"","fileTypesAndContributionMap":{"docs":{"insertions":2,"deletions":1}}}]},{"date":"2022-10-29","commitResults":[{"hash":"7737c14f7cc74c63c68e362d471b873a079e38eb","messageTitle":"UG: Fix short-form for company_name","messageBody":"","fileTypesAndContributionMap":{"docs":{"insertions":4,"deletions":2}}},{"hash":"4a12129f7ada52e2aedc6395a596f567649a2549","messageTitle":"Update Guides to include missing sections","messageBody":"","fileTypesAndContributionMap":{"docs":{"insertions":71,"deletions":21}}}]},{"date":"2022-10-30","commitResults":[{"hash":"3243bbde7a48be44f1fbb90ec7f0ec6f94e9eb7f","messageTitle":"Update DG","messageBody":"","fileTypesAndContributionMap":{"docs":{"insertions":69,"deletions":99}}},{"hash":"eef9c1184f1feb8c52d2b5cf3f2c320661e04160","messageTitle":"Fix typos","messageBody":"","fileTypesAndContributionMap":{"docs":{"insertions":9,"deletions":4}}},{"hash":"601aaf859546f086b3cdd26329d73457e28583ca","messageTitle":"DG: Update Navigating DG/Highlights","messageBody":"","fileTypesAndContributionMap":{"docs":{"insertions":1,"deletions":1}}},{"hash":"bf8961281f391b719ae66491d6cc7c18c76d7ded","messageTitle":"Guides: Update acknowledgements","messageBody":"","fileTypesAndContributionMap":{"docs":{"insertions":2,"deletions":2}}},{"hash":"533fed05bc60841e9d54d53d37fa65817fead018","messageTitle":"Add parameters requirement table","messageBody":"","fileTypesAndContributionMap":{"docs":{"insertions":33,"deletions":27}}},{"hash":"e5b3d1c724e19a09822537d2bdc3160bea31ce3b","messageTitle":"Fix typo in UG","messageBody":"","fileTypesAndContributionMap":{"docs":{"insertions":1,"deletions":1}}},{"hash":"29e31574cef935806b1e0136fa3cec9d544d71ed","messageTitle":"Fix typos, add `view` png","messageBody":"","fileTypesAndContributionMap":{"docs":{"insertions":12,"deletions":4}}},{"hash":"59934956b43a611bd2717fffd1443f736b1aecba","messageTitle":"UG: Add line breaks (test)","messageBody":"","fileTypesAndContributionMap":{"docs":{"insertions":5,"deletions":0}}},{"hash":"b7cd0586c36ed492a00b0f43d041e3043f245f2b","messageTitle":"UG: Add line breaks","messageBody":"","fileTypesAndContributionMap":{"docs":{"insertions":26,"deletions":4}}},{"hash":"1dd4fc0420bd3832ba8fa48146fbd957e359d4af","messageTitle":"UG: Add more line breaks","messageBody":"","fileTypesAndContributionMap":{"docs":{"insertions":5,"deletions":1}}},{"hash":"eb6a1aed64f75d36763253b84a01a80d442724be","messageTitle":"Fix line breaks","messageBody":"","fileTypesAndContributionMap":{"docs":{"insertions":6,"deletions":0}}}]},{"date":"2022-10-31","commitResults":[{"hash":"c8a857d482c1250b4cbcc60f7480ab1e8bd137e0","messageTitle":"Fix typo","messageBody":"","fileTypesAndContributionMap":{"docs":{"insertions":13,"deletions":13}}},{"hash":"8492611c08155e145ebca73dcbc59e7abb155b16","messageTitle":"Fix typo","messageBody":"","fileTypesAndContributionMap":{"docs":{"insertions":1,"deletions":1}}},{"hash":"e61f5683ccefad8c6199fdaa21bcbed2c3a6b90c","messageTitle":"UG: Reorder Sections","messageBody":"","fileTypesAndContributionMap":{"docs":{"insertions":93,"deletions":85}}},{"hash":"570fa96fff52b22fc5eaeed68e757130f2509354","messageTitle":"UG: Reorder Glossary Section to be in lexicographical order","messageBody":"","fileTypesAndContributionMap":{"docs":{"insertions":4,"deletions":4}}},{"hash":"cf413a4c639df1ce31c67c154aa37be64b8ad874","messageTitle":"UG: Rephrase wordings for some sections","messageBody":"","fileTypesAndContributionMap":{"docs":{"insertions":41,"deletions":39}}},{"hash":"6f4a4315832a259f7cb29e97cb78354ca174f9e1","messageTitle":"UG: Fix line breaks","messageBody":"","fileTypesAndContributionMap":{"docs":{"insertions":7,"deletions":5}}},{"hash":"cd21aa8c521b85ac978069b92b27efa0e8117b17","messageTitle":"Fix typos","messageBody":"","fileTypesAndContributionMap":{"docs":{"insertions":2,"deletions":2}}},{"hash":"cdff4b1fe2171ba35ddcee41f522bfab9390926d","messageTitle":"UG: Fix grammatical error","messageBody":"","fileTypesAndContributionMap":{"docs":{"insertions":3,"deletions":2}}},{"hash":"699f21fa016e38b47fb78c3f682a5b0fb942f51d","messageTitle":"Update Justin\u0027s PPP","messageBody":"","fileTypesAndContributionMap":{"docs":{"insertions":18,"deletions":6}}},{"hash":"f6dd894af91c29ebb1bfb9b8791182ab7fe3bdb5","messageTitle":"UG: Update phrasing","messageBody":"","fileTypesAndContributionMap":{"docs":{"insertions":4,"deletions":4}}}]},{"date":"2022-11-01","commitResults":[{"hash":"72b24d43e07423778eefbc14052f2a7915008364","messageTitle":"UG: Update pharsing from reviews","messageBody":"","fileTypesAndContributionMap":{"docs":{"insertions":4,"deletions":4}}},{"hash":"48f366792aff0f9dd035a8fea11cc166e3c8bdae","messageTitle":"Add hyperlinks to Justin\u0027s PPP","messageBody":"","fileTypesAndContributionMap":{"docs":{"insertions":10,"deletions":10}}},{"hash":"b62dd598f03d0df92d6ef0b2a490c318ea24c7d8","messageTitle":"UG: Update Parameters Requirement","messageBody":"","fileTypesAndContributionMap":{"docs":{"insertions":13,"deletions":13}}}]},{"date":"2022-11-02","commitResults":[{"hash":"bff574f4e67623778f7ddfc3d0fd3086f62cf61f","messageTitle":"UG: Shift `view` feature up","messageBody":"","fileTypesAndContributionMap":{"docs":{"insertions":15,"deletions":15}}},{"hash":"2ee38f506c740b58ead2882b641bb720e0df7cc6","messageTitle":"src: Modified HelpWindow, docs/UG:Add images for most features","messageBody":"","fileTypesAndContributionMap":{"functional-code":{"insertions":9,"deletions":9},"docs":{"insertions":45,"deletions":13}}},{"hash":"f04fce77086729a7519c49e6770303aa48f13cf3","messageTitle":"Update UG","messageBody":"","fileTypesAndContributionMap":{"docs":{"insertions":76,"deletions":67}}},{"hash":"6e8deae2555275332f2ff38cf88304f394e256a3","messageTitle":"UG: Added line breaks","messageBody":"","fileTypesAndContributionMap":{"docs":{"insertions":12,"deletions":1}}},{"hash":"58a0afa6d721d7cb6bbc932a18ff6aa0c108e331","messageTitle":"UG: Modified line breaks for pagination","messageBody":"","fileTypesAndContributionMap":{"docs":{"insertions":6,"deletions":7}}},{"hash":"aba318450cb7dfa0c43e8a103c5cd795d21b37e0","messageTitle":"UG: Reformat Appendix: Manually Editing the Save File","messageBody":"","fileTypesAndContributionMap":{"docs":{"insertions":33,"deletions":39}}},{"hash":"b8d9fe52183e2812c8e1c540c3a570f83f71f438","messageTitle":"UG:Shift Appendix: Manually Editing the Save File to new page","messageBody":"","fileTypesAndContributionMap":{"docs":{"insertions":1,"deletions":0}}},{"hash":"0be3d3b712ac4b615b501e603f4250bb6bb02775","messageTitle":"UG/Appendix: Replace CS terminologies","messageBody":"","fileTypesAndContributionMap":{"docs":{"insertions":15,"deletions":15}}},{"hash":"87810a331d0868efdd40d2b3834d46cd09efbf4c","messageTitle":"UG/Appendix: Change `number` to `phone number`","messageBody":"","fileTypesAndContributionMap":{"docs":{"insertions":1,"deletions":1}}}]}],"sugiyem":[{"date":"2022-09-22","commitResults":[{"hash":"93e5e69a87e3a9a0071fdf922a29fb3f453b82f1","messageTitle":"Add custom toString method for UniquePersonList","messageBody":"","fileTypesAndContributionMap":{"functional-code":{"insertions":16,"deletions":0}}},{"hash":"3bf658f26476994b6ff9039d37cef5f69406a9b5","messageTitle":"Modify delete command to enable multiple removal","messageBody":"","fileTypesAndContributionMap":{"functional-code":{"insertions":36,"deletions":16}}},{"hash":"5edd5bf497a0f473e16d590c20175dbcd6c459de","messageTitle":"Modify showPersonAtIndex to make it more general","messageBody":"","fileTypesAndContributionMap":{"test-code":{"insertions":13,"deletions":7}}},{"hash":"e41c51865582fc3420133cb845f26a197ab7028f","messageTitle":"Update tests related to delete command","messageBody":"","fileTypesAndContributionMap":{"test-code":{"insertions":114,"deletions":19}}},{"hash":"b20e3abac44bebe51233a5066ffb05b4a761219e","messageTitle":"Fix typo at delete command success message","messageBody":"","fileTypesAndContributionMap":{"functional-code":{"insertions":1,"deletions":1}}},{"hash":"eb4b650b4e2014e4502e1fcd99f1893e9239c86b","messageTitle":"Fix checkstyle at DeleteCommandTest","messageBody":"","fileTypesAndContributionMap":{"test-code":{"insertions":5,"deletions":6}}},{"hash":"e1d791577a17369455090dc4575a6acb71b849ed","messageTitle":"Update the delete section at UserGuide.md","messageBody":"","fileTypesAndContributionMap":{"docs":{"insertions":10,"deletions":9}}}]},{"date":"2022-09-23","commitResults":[{"hash":"f05a4c8f7366d401aacd35de4af6d4078583a12c","messageTitle":"Add skeletal PPP","messageBody":"","fileTypesAndContributionMap":{"docs":{"insertions":35,"deletions":0}}}]},{"date":"2022-09-24","commitResults":[{"hash":"c845cbdf6733801832da0c050a06396350c8a389","messageTitle":"Fix failed DeleteCommand test","messageBody":"","fileTypesAndContributionMap":{"test-code":{"insertions":15,"deletions":14}}}]},{"date":"2022-09-26","commitResults":[{"hash":"60a156a0790fbbb20eca28d6dc6be7c109c78fdc","messageTitle":"Update DeveloperGuide.md","messageBody":"","fileTypesAndContributionMap":{"docs":{"insertions":24,"deletions":19}}},{"hash":"a5f2b565c6012f556d3d35e4b4545831bc8e54ff","messageTitle":"Update AboutUs and add personal image","messageBody":"","fileTypesAndContributionMap":{"docs":{"insertions":3,"deletions":4}}}]},{"date":"2022-10-05","commitResults":[{"hash":"297ddeae52cd8a6c4b97bb4cf1e9dd3cd4815a91","messageTitle":"Create Indexes class","messageBody":"","fileTypesAndContributionMap":{"functional-code":{"insertions":68,"deletions":21}}},{"hash":"f6a8701e702aad5d9a4b290deb3e59bbe726efdd","messageTitle":"Add custom equals method for Indexes class","messageBody":"","fileTypesAndContributionMap":{"functional-code":{"insertions":13,"deletions":1}}},{"hash":"38180dab12ba6a00f34f126fe4f6e78877abfbde","messageTitle":"Modify test cases","messageBody":"","fileTypesAndContributionMap":{"test-code":{"insertions":32,"deletions":27}}}]},{"date":"2022-10-09","commitResults":[{"hash":"191b62052c266edc48e8b27fda17ad289f9177b7","messageTitle":"Update edit command","messageBody":"","fileTypesAndContributionMap":{"functional-code":{"insertions":93,"deletions":8}}},{"hash":"44a666d944158b13f9f9684a3cd7c3b56605dfc3","messageTitle":"Update tests related to edit command","messageBody":"","fileTypesAndContributionMap":{"test-code":{"insertions":141,"deletions":9}}}]},{"date":"2022-10-14","commitResults":[{"hash":"2888a03576c01e080086bd10d8fd36894a28abf0","messageTitle":"Add tests for Indexes class","messageBody":"","fileTypesAndContributionMap":{"test-code":{"insertions":87,"deletions":0}}},{"hash":"3d1a0b35a3a2aa0ebdc00e400409d6e4bafc1038","messageTitle":"Update documentation for 1.2","messageBody":"","fileTypesAndContributionMap":{"docs":{"insertions":89,"deletions":24}}}]},{"date":"2022-10-17","commitResults":[{"hash":"5c0856c71755d4aeb2d66c0dd55de8df4d9b7912","messageTitle":"Add VersionedInternshipBook class","messageBody":"","fileTypesAndContributionMap":{"functional-code":{"insertions":120,"deletions":0}}},{"hash":"9b2b09fd8ca083e0959907ee17a9b16c804ea07f","messageTitle":"Update model so that it use VersionedInternshipBook","messageBody":"","fileTypesAndContributionMap":{"functional-code":{"insertions":68,"deletions":12}}},{"hash":"1e45321d6bf5e334f4138a2fcc5ec0a8b7926073","messageTitle":"Add CommandHistory class","messageBody":"","fileTypesAndContributionMap":{"functional-code":{"insertions":83,"deletions":0}}},{"hash":"481a411c44ca9e44c17f46b794234b8c3759d999","messageTitle":"Update execute method in Command subclasses","messageBody":"","fileTypesAndContributionMap":{"functional-code":{"insertions":25,"deletions":10}}},{"hash":"cfbb328ce47a644108d0e9dd337e6ad9c9e08355","messageTitle":"Update LogicManager so that it use CommandHistory","messageBody":"","fileTypesAndContributionMap":{"functional-code":{"insertions":5,"deletions":1}}},{"hash":"3bf983f372716640de54d58c692e404b70bbf01d","messageTitle":"Add Undo and Redo command","messageBody":"","fileTypesAndContributionMap":{"functional-code":{"insertions":80,"deletions":0}}}]},{"date":"2022-10-18","commitResults":[{"hash":"ff26acd4415afdbd5328a695862255fa31a86e12","messageTitle":"Add copy constructor and equals method to CommandHistory class","messageBody":"","fileTypesAndContributionMap":{"functional-code":{"insertions":32,"deletions":0}}},{"hash":"44c5ba55cfd51cfe99ca9cf6faf77767d8a304e5","messageTitle":"Update sort and reverse in VersionedInternshipBook","messageBody":"","fileTypesAndContributionMap":{"functional-code":{"insertions":16,"deletions":1}}},{"hash":"71e1d579d4add15b4801147820f3099bbe1146fa","messageTitle":"Fix error in test cases","messageBody":"","fileTypesAndContributionMap":{"test-code":{"insertions":124,"deletions":52}}},{"hash":"471f8009efc3a67f1ad9be0a21df90481f209852","messageTitle":"Add more tests for ModelManager class","messageBody":"","fileTypesAndContributionMap":{"test-code":{"insertions":49,"deletions":1}}},{"hash":"aed357d6118d5ff8f6187abd474aaaa76b34c8e1","messageTitle":"Add tests for VersionedInternshipBook class","messageBody":"","fileTypesAndContributionMap":{"test-code":{"insertions":372,"deletions":0}}},{"hash":"506c4725e2ee2bac85118075de4feab65f3bd5d7","messageTitle":"Add getter method for CommandHistory class","messageBody":"","fileTypesAndContributionMap":{"functional-code":{"insertions":12,"deletions":0}}},{"hash":"3a4d7d628c85d993ee3d73bbfb4f04776b95ba31","messageTitle":"Add tests for CommandHistory class","messageBody":"","fileTypesAndContributionMap":{"test-code":{"insertions":128,"deletions":0}}},{"hash":"12c94033d1a0b10700ddaa5b1f8dd11976524556","messageTitle":"Add more tests related to Undo and Redo command","messageBody":"","fileTypesAndContributionMap":{"test-code":{"insertions":212,"deletions":0}}},{"hash":"60d3ea4d708feb5ab07cc6d5583705763df7d421","messageTitle":"Remove unnecessary test case","messageBody":"","fileTypesAndContributionMap":{"test-code":{"insertions":0,"deletions":8}}}]},{"date":"2022-10-21","commitResults":[{"hash":"b9d44e34b6a9431869b6ea9fd6ee9936721d8504","messageTitle":"Add get-previous-command feature","messageBody":"","fileTypesAndContributionMap":{"functional-code":{"insertions":121,"deletions":1}}}]},{"date":"2022-10-22","commitResults":[{"hash":"aa2a7b0809c41f1f519b034a4f1f6ec4c1fb0a45","messageTitle":"Add undo/redo command to user guide and PPP","messageBody":"","fileTypesAndContributionMap":{"docs":{"insertions":25,"deletions":9}}},{"hash":"ee6f8ec070c7942a4e3cfb99c322198dba9a1668","messageTitle":"Add undo/redo command to developer\u0027s guide","messageBody":"","fileTypesAndContributionMap":{"docs":{"insertions":207,"deletions":66}}}]},{"date":"2022-10-25","commitResults":[{"hash":"705e6af012c4eba0c0ad326830d3c0cf4d9a8ad2","messageTitle":"Fix caret position","messageBody":"","fileTypesAndContributionMap":{"functional-code":{"insertions":10,"deletions":2}}},{"hash":"50b6cbdb01fb9d64ae8cd123accaa8dc0217c347","messageTitle":"Update logic-related diagrams","messageBody":"","fileTypesAndContributionMap":{"docs":{"insertions":23,"deletions":20}}},{"hash":"846a232fe3648b8efefe4e3e788807038c374992","messageTitle":"Rename address to internship","messageBody":"","fileTypesAndContributionMap":{"docs":{"insertions":2,"deletions":2}}},{"hash":"3971f1f4736905430426e2cf75ca0c36384f5cd3","messageTitle":"Update model-related diagrams","messageBody":"","fileTypesAndContributionMap":{"docs":{"insertions":6,"deletions":4}}}]},{"date":"2022-10-27","commitResults":[{"hash":"1a2c04f835324d871f26a281dc781db19e8d1dff","messageTitle":"Add more details to edit implementation","messageBody":"","fileTypesAndContributionMap":{"docs":{"insertions":105,"deletions":0}}},{"hash":"ae1dfd282a6a6451dd88bffb561ff2ec1d7b3993","messageTitle":"Add more details to delete implementation","messageBody":"","fileTypesAndContributionMap":{"docs":{"insertions":93,"deletions":0}}}]},{"date":"2022-10-29","commitResults":[{"hash":"7a2c94cc7df8f99a9f6b722850ee23035817879e","messageTitle":"Update edit details in UG","messageBody":"","fileTypesAndContributionMap":{"docs":{"insertions":2,"deletions":1}}},{"hash":"87ea44972baa90a23764b32a00f01e365187ec11","messageTitle":"Add testfx to build.gradle","messageBody":"","fileTypesAndContributionMap":{"other":{"insertions":4,"deletions":1}}},{"hash":"13d20d3daf8f702d78c9cf0531e1bf37612965a2","messageTitle":"Setup classes required for ui testing","messageBody":"","fileTypesAndContributionMap":{"test-code":{"insertions":86,"deletions":0}}},{"hash":"6e132e6b8debd07703823df76bcf1fac270e2487","messageTitle":"Add test cases for ResultDisplay","messageBody":"","fileTypesAndContributionMap":{"test-code":{"insertions":39,"deletions":0}}},{"hash":"89c56736f50b72fe64635278c63d8b45f3a03af3","messageTitle":"Add test cases for CommandBox","messageBody":"","fileTypesAndContributionMap":{"test-code":{"insertions":100,"deletions":0}}},{"hash":"3635d12fbad4c255b2414edcac006b56ebdec254","messageTitle":"Add test cases for InternshipCard","messageBody":"","fileTypesAndContributionMap":{"test-code":{"insertions":82,"deletions":0}}},{"hash":"c3f1c005a8b1967813f655dc177074f959d9edca","messageTitle":"Fix typo in build.gradle","messageBody":"","fileTypesAndContributionMap":{"other":{"insertions":1,"deletions":1}}},{"hash":"cc6d664d7ba4f42eee4eb51b1c72727a806e3b4c","messageTitle":"Add custom hashCode for Indexes class","messageBody":"","fileTypesAndContributionMap":{"functional-code":{"insertions":7,"deletions":0}}},{"hash":"581d3e33f30d56ec2c05a01c7c7bca98ade65632","messageTitle":"Add more tests to Index and Indexes class","messageBody":"","fileTypesAndContributionMap":{"test-code":{"insertions":22,"deletions":0}}},{"hash":"8d2514b4828f698b16d38238536b82745540fab8","messageTitle":"Update build.gradle","messageBody":"","fileTypesAndContributionMap":{"other":{"insertions":55,"deletions":0}}},{"hash":"6b67191b72d895c348bc31a20aa5e644d4ecb598","messageTitle":"Set GUI testing to headless","messageBody":"","fileTypesAndContributionMap":{"test-code":{"insertions":10,"deletions":0}}},{"hash":"1f0d11dc682a8c75147b6850c69045e938938332","messageTitle":"Update openjfx-monocle version","messageBody":"","fileTypesAndContributionMap":{"other":{"insertions":1,"deletions":1}}}]},{"date":"2022-11-02","commitResults":[{"hash":"1370b9432c3b55286fa9d7f031606674e5e8bb0e","messageTitle":"Update PPP 1.4","messageBody":"","fileTypesAndContributionMap":{"docs":{"insertions":15,"deletions":9}}}]}]},"authorFileTypeContributionMap":{"Elben85":{"docs":310,"functional-code":666,"test-code":390},"Rachel-AG":{"docs":328,"functional-code":754,"test-code":342},"aarontangr":{"docs":307,"functional-code":584,"test-code":402,"other":4},"JustinS00":{"docs":873,"functional-code":1928,"test-code":2685,"other":2},"sugiyem":{"docs":535,"functional-code":722,"test-code":1279,"other":57}},"authorContributionVariance":{"Elben85":24960.586,"Rachel-AG":14641.247,"aarontangr":9703.909,"JustinS00":1259195.8,"sugiyem":30012.656},"authorDisplayNameMap":{"Elben85":"CS2103T-W17-4 ELBE..DICT","Rachel-AG":"CS2103T-W17-4 RACH..AWAN","aarontangr":"CS2103T-W17-4 AARO..RONG","JustinS00":"CS2103T-W17-4 JUST..SIAW","sugiyem":"CS2103T-W17-4 FARR..ALIM"}}
