{"authorDailyContributionsMap":{"nehcuy":[{"date":"2022-10-01","commitResults":[{"hash":"0272e5aab0d95ddb338b04bad596fbf4d6769af7","messageTitle":"Update User Guide","messageBody":"","fileTypesAndContributionMap":{"docs":{"insertions":23,"deletions":1}}},{"hash":"6622db8c66aee9d793c7d425b6cf18d48511b004","messageTitle":"Add skeletal PPP","messageBody":"","fileTypesAndContributionMap":{"docs":{"insertions":28,"deletions":0}}}]},{"date":"2022-10-02","commitResults":[{"hash":"56896953979c4b131b8bd1ffc9f0a63afaada350","messageTitle":"Wrap up Week7 v1.1","messageBody":"","fileTypesAndContributionMap":{"docs":{"insertions":30,"deletions":14}}}]},{"date":"2022-10-10","commitResults":[{"hash":"3c410432765d615b119e5618454874c40798ebd9","messageTitle":"Implement get /fn command","messageBody":"","fileTypesAndContributionMap":{"functional-code":{"insertions":115,"deletions":5}}},{"hash":"f9b8e2caab192924b62668560d061ae27c291c45","messageTitle":"Fix checkstyle errors","messageBody":"","fileTypesAndContributionMap":{"functional-code":{"insertions":26,"deletions":13}}}]},{"date":"2022-10-11","commitResults":[{"hash":"654d3a82927618d0062d39dba35f4123cab8a41e","messageTitle":"Redo GetCommand logic","messageBody":"Moved all previously implemented get commands\n- GetInpatientCommand\n- GetOutpatientCommand\n- GetFloorNumberCommand\n- GetHospitalWingCommand\n\ninto GetCommand superclass.\n","fileTypesAndContributionMap":{"functional-code":{"insertions":102,"deletions":44},"other":{"insertions":44,"deletions":25}}},{"hash":"7da27ca799b9950b4626714c4155c8c482f113bc","messageTitle":"Implement get /wn","messageBody":"","fileTypesAndContributionMap":{"functional-code":{"insertions":131,"deletions":16},"other":{"insertions":1,"deletions":1}}},{"hash":"eceb1f4070a56d4e36e2494c7333e54801618a8d","messageTitle":"Fix code consistency issues","messageBody":"Changes made:\n- Predicate subclasses now store the literal values instead of the information type\n- Rename predicates which checks for matching integers instead of keywords\n","fileTypesAndContributionMap":{"functional-code":{"insertions":61,"deletions":46},"other":{"insertions":6,"deletions":6}}},{"hash":"ef5673745195adb15c91adc40c7ea2d39366f943","messageTitle":"Fix checkstyle errors","messageBody":"","fileTypesAndContributionMap":{"functional-code":{"insertions":19,"deletions":10}}}]},{"date":"2022-10-13","commitResults":[{"hash":"8e3924b02a54faf3d61b2346aa16c136e96e3b85","messageTitle":"Implement get /n","messageBody":"","fileTypesAndContributionMap":{"functional-code":{"insertions":83,"deletions":2},"other":{"insertions":1,"deletions":1}}},{"hash":"6c0e903d11c755d2ff3915da130555c53fc0b25a","messageTitle":"Fix checkstyle errors","messageBody":"","fileTypesAndContributionMap":{"functional-code":{"insertions":18,"deletions":9}}}]},{"date":"2022-10-14","commitResults":[{"hash":"076b08aa7169159804a4233bd0f966e6f396d31d","messageTitle":"Fix checkstyle error","messageBody":"","fileTypesAndContributionMap":{"functional-code":{"insertions":1,"deletions":1}}}]},{"date":"2022-10-16","commitResults":[{"hash":"ed860f0850aaac29d74c3e48831d85f8d31d3451","messageTitle":"Implement restrictions on WardNumber","messageBody":"","fileTypesAndContributionMap":{"functional-code":{"insertions":33,"deletions":49}}},{"hash":"ca7e7f9d50cc230d629dbadfb006dbe6da8f0032","messageTitle":"Fix checkstyle error","messageBody":"","fileTypesAndContributionMap":{"functional-code":{"insertions":6,"deletions":7}}},{"hash":"5b4721830bb73801f485230d77665d53c8662d5e","messageTitle":"Update TestCases","messageBody":"","fileTypesAndContributionMap":{"test-code":{"insertions":14,"deletions":14}}}]},{"date":"2022-10-17","commitResults":[{"hash":"c79aa9ca6ac58cbcc45a7464871670586a2b6e3b","messageTitle":"Fix gradle build failure","messageBody":"","fileTypesAndContributionMap":{"functional-code":{"insertions":1,"deletions":1}}},{"hash":"6c8f34ffb77aa5bb4dba5828d7e891b76b29282c","messageTitle":"Fix gradle failed test cases","messageBody":"","fileTypesAndContributionMap":{"functional-code":{"insertions":2,"deletions":2},"test-code":{"insertions":4,"deletions":4}}},{"hash":"9572c5efe5cc5a9fc5df670be9cfbb4aac394b53","messageTitle":"Fix test case checkstyle errors","messageBody":"","fileTypesAndContributionMap":{"test-code":{"insertions":2,"deletions":1}}},{"hash":"12baceafcb706cfce75a373a18ac0340182a0aa4","messageTitle":"Implement get /m","messageBody":"","fileTypesAndContributionMap":{"functional-code":{"insertions":110,"deletions":4}}}]},{"date":"2022-10-18","commitResults":[{"hash":"ba2f050c9ea4a29b602d618b705f257a5d4cd903","messageTitle":"Fix checkstyle errors","messageBody":"","fileTypesAndContributionMap":{"functional-code":{"insertions":49,"deletions":39},"test-code":{"insertions":4,"deletions":4}}}]},{"date":"2022-10-22","commitResults":[{"hash":"2e34541b900a5097cd80b75b53efa37375e9198c","messageTitle":"Update DG draft","messageBody":"","fileTypesAndContributionMap":{"docs":{"insertions":61,"deletions":0}}},{"hash":"b59463084d7f9c7bfef437076771fedde8d663c7","messageTitle":"Fix gradle build failure","messageBody":"","fileTypesAndContributionMap":{"docs":{"insertions":5,"deletions":5}}},{"hash":"35dc321412447535056cfc5da4c706f144109d9a","messageTitle":"Fix checkstyle error","messageBody":"","fileTypesAndContributionMap":{"docs":{"insertions":1,"deletions":1}}},{"hash":"c6494eb59ad44550bd85238895355206ac44cb26","messageTitle":"Include /nok and /fn in DG","messageBody":"","fileTypesAndContributionMap":{"docs":{"insertions":34,"deletions":10}}}]},{"date":"2022-10-27","commitResults":[{"hash":"9f49144b8b9c1e892f3b95970db4915fd77c67fd","messageTitle":"Add GetFloorNumberCommand test and fix PR issue","messageBody":"","fileTypesAndContributionMap":{"functional-code":{"insertions":9,"deletions":6},"test-code":{"insertions":91,"deletions":0}}},{"hash":"b5a52440abc61423616d74d143eff8bfd48c7558","messageTitle":"Add testcases for GetWardNumberCommand","messageBody":"","fileTypesAndContributionMap":{"test-code":{"insertions":86,"deletions":0}}},{"hash":"355391d71bcb915b93e2e00d386180d578674e78","messageTitle":"Add testcases for GetCommandParser","messageBody":"","fileTypesAndContributionMap":{"functional-code":{"insertions":7,"deletions":0},"test-code":{"insertions":132,"deletions":0}}},{"hash":"d4b64007e27146781ce860884cfe5d0f9519425f","messageTitle":"Update HospitalWing restrictions and logic","messageBody":"","fileTypesAndContributionMap":{"functional-code":{"insertions":23,"deletions":24},"test-code":{"insertions":5,"deletions":5}}},{"hash":"6dd8ba85641a30ac0e7c9d10543029a37d567e46","messageTitle":"Integrate and ensure all testcases work","messageBody":"","fileTypesAndContributionMap":{"functional-code":{"insertions":2,"deletions":3},"test-code":{"insertions":7,"deletions":7}}},{"hash":"21c3ee79b6fe26ef50af606e4dfe6accf9c6eaf7","messageTitle":"Include testcases for GetCommand","messageBody":"","fileTypesAndContributionMap":{"test-code":{"insertions":21,"deletions":0}}}]},{"date":"2022-10-28","commitResults":[{"hash":"7b11efea0de82fe19a0859a64362f15619bae201","messageTitle":"Include borders and icon image in PersonViewPanel","messageBody":"","fileTypesAndContributionMap":{"functional-code":{"insertions":84,"deletions":30}}},{"hash":"874a44bacdb198c8902c43c80bbbf2438bf7379f","messageTitle":"Fix ContactListCard not displaying types of NOK information","messageBody":"","fileTypesAndContributionMap":{"functional-code":{"insertions":5,"deletions":5}}},{"hash":"b49567445f69927440c5e61e3951017b73d7fc6e","messageTitle":"Fix checkstyle errors","messageBody":"","fileTypesAndContributionMap":{"functional-code":{"insertions":4,"deletions":2}}}]},{"date":"2022-10-30","commitResults":[{"hash":"59e2e6b9419ad949ba625ebcdda38208cbbd5333","messageTitle":"Include testing for GetInpatientCommand and GetOutpatientCommand","messageBody":"","fileTypesAndContributionMap":{"test-code":{"insertions":61,"deletions":0}}},{"hash":"36799d7de85e0b7547caebe864b78a2918106b4b","messageTitle":"Include GetMedicationCommandTest","messageBody":"","fileTypesAndContributionMap":{"test-code":{"insertions":81,"deletions":0}}},{"hash":"1e913657f638145749ff69855b9d831359a22f87","messageTitle":"Complete cleaning of UG","messageBody":"","fileTypesAndContributionMap":{"docs":{"insertions":63,"deletions":57}}},{"hash":"dc39800d24e79c6e7ec6d7e2d0ffd0030e80676e","messageTitle":"Edit exit command in UG","messageBody":"","fileTypesAndContributionMap":{"docs":{"insertions":1,"deletions":1}}}]},{"date":"2022-11-02","commitResults":[{"hash":"82e6f27430f36e3e9735535b5a9978d9aad9d5f7","messageTitle":"Include Ward Number command and parser tests","messageBody":"Also cleaned up Hospital Wing related tests\n","fileTypesAndContributionMap":{"test-code":{"insertions":86,"deletions":6}}},{"hash":"a554f32a70b9356d0fce05814059026c030104a9","messageTitle":"Implement WardNumber class tests","messageBody":"","fileTypesAndContributionMap":{"test-code":{"insertions":99,"deletions":0}}},{"hash":"097c6a354e099c87fe47be6382f8a0b8d1284cf4","messageTitle":"Update WardNumberTest.java","messageBody":"Include testing for hashcode.\n","fileTypesAndContributionMap":{"test-code":{"insertions":20,"deletions":1}}}]},{"date":"2022-11-04","commitResults":[{"hash":"2c8239f56123a39027bd981c94d64c90fb6cf5c4","messageTitle":"Update PPP to include personal implementation details","messageBody":"","fileTypesAndContributionMap":{"docs":{"insertions":69,"deletions":13}}},{"hash":"b5fe138d8696809acc392199bb12952a221935a4","messageTitle":"Fix checkstyle errors","messageBody":"","fileTypesAndContributionMap":{"test-code":{"insertions":14,"deletions":15}}},{"hash":"0b4eb6f3c06b1afce1aa0555b59dfda30061d39c","messageTitle":"Implement relevant changes to PPP and testcases","messageBody":"","fileTypesAndContributionMap":{"docs":{"insertions":3,"deletions":3},"test-code":{"insertions":5,"deletions":5}}}]},{"date":"2022-11-05","commitResults":[{"hash":"2b79b361767753df23ae3c97ad2a4ffea4fd2195","messageTitle":"Include Floor Number testcases","messageBody":"","fileTypesAndContributionMap":{"test-code":{"insertions":168,"deletions":0}}},{"hash":"eeca2ffd5f50bc1c725317dde9499a3d67afaa50","messageTitle":"Include Medication testcases","messageBody":"","fileTypesAndContributionMap":{"test-code":{"insertions":83,"deletions":11}}},{"hash":"c67b94c41ac944f45f23c95a14c8f6a5df761d46","messageTitle":"Polish HospitalWing test coverage","messageBody":"","fileTypesAndContributionMap":{"test-code":{"insertions":70,"deletions":5}}},{"hash":"607c53b4f71ecac6d828120373f6675d893edb69","messageTitle":"Polish Name class tests","messageBody":"","fileTypesAndContributionMap":{"test-code":{"insertions":114,"deletions":0}}},{"hash":"51e011b84bdcc5d8c774d4ade8c7055023061778","messageTitle":"Include GetPastAppointment related testcases","messageBody":"","fileTypesAndContributionMap":{"test-code":{"insertions":117,"deletions":0}}},{"hash":"0eddcd844332d5da5bfb130ddf62058cb2d71756","messageTitle":"Include DeletePastAppointment related testcases","messageBody":"Additions:\n- Override equals method in DeletePastAppointmentCommand.java\n- Polish GetPastAppointment related tests to use testutil typical indexes\n","fileTypesAndContributionMap":{"functional-code":{"insertions":7,"deletions":0},"test-code":{"insertions":145,"deletions":8}}},{"hash":"1f4668fec3536eb6ce0837c0c2fc5232ebd4ff50","messageTitle":"Fix checkstyle errors","messageBody":"","fileTypesAndContributionMap":{"test-code":{"insertions":48,"deletions":45}}}]},{"date":"2022-11-06","commitResults":[{"hash":"c1f3f27d2dd245eb344323738b9691caf03f037b","messageTitle":"Update HospitalWingTest.java","messageBody":"","fileTypesAndContributionMap":{"test-code":{"insertions":1,"deletions":0}}}]}],"Charles1026":[{"date":"2022-09-30","commitResults":[{"hash":"0e60200ba0e444099e26975cab34cafa3354a43a","messageTitle":"Added Skeletal PPP for ZH","messageBody":"","fileTypesAndContributionMap":{"docs":{"insertions":6,"deletions":0}}},{"hash":"eba226b9ba30f2fb35519b284d866fc8cc864c59","messageTitle":"PPP Skeleton and Profile Photo","messageBody":"","fileTypesAndContributionMap":{"docs":{"insertions":0,"deletions":0}}},{"hash":"eb7fce2b999b9d7b83ac1e92554d589ccdb3c49e","messageTitle":"PPP Skeleton and Profile Photo and about me","messageBody":"","fileTypesAndContributionMap":{"docs":{"insertions":5,"deletions":4}}},{"hash":"2e0daac54f89df55211476c8c430ecd6e0e219a3","messageTitle":"fk u run-checks.sh","messageBody":"","fileTypesAndContributionMap":{"docs":{"insertions":1,"deletions":2}}},{"hash":"f2dab1ca02375e6e311214bbdd8ba2a4b99fedfc","messageTitle":"fk u run-checks.sh pt 2","messageBody":"","fileTypesAndContributionMap":{"docs":{"insertions":3,"deletions":2}}},{"hash":"1d0917143680139a67e0263989449eda8a3af54a","messageTitle":"thank you peiyee","messageBody":"","fileTypesAndContributionMap":{"docs":{"insertions":1,"deletions":1}}},{"hash":"873895c573067b69e0f032554874ac0073d2ac95","messageTitle":"Add Skeletal PPP for ZH","messageBody":"","fileTypesAndContributionMap":{"docs":{"insertions":6,"deletions":0}}},{"hash":"25cdfebd562ff2480f574edd52c3207524e84efd","messageTitle":"Add Profile Photo","messageBody":"","fileTypesAndContributionMap":{"docs":{"insertions":0,"deletions":0}}},{"hash":"90cac274ff8ea85ec14457277ea24b552cda784b","messageTitle":"Add about me","messageBody":"","fileTypesAndContributionMap":{"docs":{"insertions":5,"deletions":4}}},{"hash":"a2c52235b6b5f077220f01f4becbbca7bfd09742","messageTitle":"Fix checks.sh bugs","messageBody":"Fix check.sh bugs try 1\n\nFix check.sh bugs try 2\n\nFix check.sh bugs try 3\n","fileTypesAndContributionMap":{"docs":{"insertions":14,"deletions":16}}},{"hash":"5ab4c5fcf67794f2ba4bc70258eac14b39ae47c7","messageTitle":"Add Skeletal PPP for ZH","messageBody":"\tnew file:   docs/team/Charles1026.md\n","fileTypesAndContributionMap":{"docs":{"insertions":6,"deletions":0}}},{"hash":"68954c008fdec164ce3cf98418da17a98c6cfa4c","messageTitle":"Add Profile Photo","messageBody":"","fileTypesAndContributionMap":{"docs":{"insertions":3,"deletions":3}}},{"hash":"2093c148f9f7634bc75538ae0fc25e73de764d44","messageTitle":"Add about me","messageBody":"","fileTypesAndContributionMap":{"docs":{"insertions":1,"deletions":9}}},{"hash":"1e0fc661a891ec1a27685c9a05f56278c818801b","messageTitle":"Fix merge issues","messageBody":"","fileTypesAndContributionMap":{"docs":{"insertions":10,"deletions":0}}},{"hash":"50dca0f1a38b9f51cb8fb855468ce29db085d0b9","messageTitle":"Fix merge issues","messageBody":"","fileTypesAndContributionMap":{"docs":{"insertions":9,"deletions":2}}},{"hash":"7cea97c205be74fe140951b13210df44b6dac098","messageTitle":"Fix merge issues","messageBody":"","fileTypesAndContributionMap":{"docs":{"insertions":2,"deletions":2}}},{"hash":"a1dd57baf1a37044069a7428025eff153611279e","messageTitle":"Fix merge issues","messageBody":"","fileTypesAndContributionMap":{"docs":{"insertions":0,"deletions":6}}},{"hash":"f135c62d0ae3d7f3553ca1ae1ced4ed655b95348","messageTitle":"Fix merge issues","messageBody":"","fileTypesAndContributionMap":{"docs":{"insertions":5,"deletions":22}}},{"hash":"96e2aae53ec10c9123d415ed2f5e6b040888a2ce","messageTitle":"Fix merge issues","messageBody":"","fileTypesAndContributionMap":{"docs":{"insertions":3,"deletions":1}}}]},{"date":"2022-10-04","commitResults":[{"hash":"d6a98fa30b3133fc997f7a161faafa78deb58172","messageTitle":"Add Required Person Fields","messageBody":"Add Next-of-Kin, Patient Type, Floor Number, Ward Number and Medication fields to Person\n","fileTypesAndContributionMap":{"functional-code":{"insertions":460,"deletions":189},"other":{"insertions":13,"deletions":12}}}]},{"date":"2022-10-05","commitResults":[{"hash":"e7851aa4736e050db5b60e0f5f962c7c1d48b47e","messageTitle":"Update Parsers","messageBody":"Update AddCommandParser AddCommand EditCommandParser EditCommand to support the new patient fields\n","fileTypesAndContributionMap":{"functional-code":{"insertions":309,"deletions":95},"other":{"insertions":0,"deletions":0},"test-code":{"insertions":64,"deletions":23}}},{"hash":"5fecd791f7c1e41f100878e6e25d0b775073187a","messageTitle":"Update Storage and Made Fields Optional in Person","messageBody":"Update Storage to support new fields\nMake Hospital Wing, Floor Number and Ward Number Optional in Person\n","fileTypesAndContributionMap":{"functional-code":{"insertions":42,"deletions":31}}},{"hash":"e082d143952e4159b856b686d3f758b6294ba6db","messageTitle":"Fix Load from JSON Bug","messageBody":"","fileTypesAndContributionMap":{"functional-code":{"insertions":12,"deletions":5}}},{"hash":"eb0236a54005a3ddfc271d3cadfe07d1038396ff","messageTitle":"Fix Edit Command Bug","messageBody":"User Can now edit hospital wing, floor number and ward number individually.\n","fileTypesAndContributionMap":{"functional-code":{"insertions":65,"deletions":56}}}]},{"date":"2022-10-06","commitResults":[{"hash":"3a0b3ef35fd48d002ff3bb3cb210fd2131fda9c1","messageTitle":"Update Tests","messageBody":"Updated all tests to support new person fields\n","fileTypesAndContributionMap":{"test-code":{"insertions":627,"deletions":332}}},{"hash":"62863fe01f36845c8ea850eacd7a05e2252bc995","messageTitle":"Fix Codecov Bugs","messageBody":"","fileTypesAndContributionMap":{"test-code":{"insertions":18,"deletions":18}}},{"hash":"838cac05a353c3facf5624f2a6b85d52b8fd4117","messageTitle":"Fix Codecov Bugs","messageBody":"","fileTypesAndContributionMap":{"docs":{"insertions":6,"deletions":6}}},{"hash":"5ddc7f2179ff74f8070879a3229f8d7fc5026321","messageTitle":"Fix Checkstyle Issues","messageBody":"","fileTypesAndContributionMap":{"functional-code":{"insertions":50,"deletions":25}}},{"hash":"8e89cb68e7f1db20ccf3b9a9321455f050bc0317","messageTitle":"Fix Test Bugs","messageBody":"","fileTypesAndContributionMap":{"other":{"insertions":4,"deletions":4},"test-code":{"insertions":28,"deletions":13}}},{"hash":"0d3efbe2fbdda3b8182d9c646eb0d7809f24a2e2","messageTitle":"Fix Checkstyle Issues","messageBody":"","fileTypesAndContributionMap":{"test-code":{"insertions":34,"deletions":33}}},{"hash":"4ba0cd7419f80a37804db2b6e9817b82d0116871","messageTitle":"Fix Person Equals Bug","messageBody":"","fileTypesAndContributionMap":{"functional-code":{"insertions":8,"deletions":4},"test-code":{"insertions":6,"deletions":6}}},{"hash":"3bdf8a5caee70f977b0d759fdd635b43d75b3d7d","messageTitle":"Fix Test Module Bugs","messageBody":"Update and fix test cases to handle the new fields accurately\n","fileTypesAndContributionMap":{"functional-code":{"insertions":15,"deletions":22},"test-code":{"insertions":123,"deletions":67}}},{"hash":"4d7284129238e07e2d1da492f1120853ce1aee2f","messageTitle":"Remove Unused Import","messageBody":"","fileTypesAndContributionMap":{"test-code":{"insertions":8,"deletions":9}}},{"hash":"ce143c8548292801f152f5ba48d4dbcf312d35ec","messageTitle":"Fix Checkstyle Issues","messageBody":"","fileTypesAndContributionMap":{"test-code":{"insertions":6,"deletions":8}}},{"hash":"8342c86584bda86ef39fe6a6f46cc727d66d8730","messageTitle":"Fix Test Case Bugs","messageBody":"","fileTypesAndContributionMap":{"functional-code":{"insertions":2,"deletions":2},"test-code":{"insertions":6,"deletions":5}}}]},{"date":"2022-10-22","commitResults":[{"hash":"a19f8f06b8b403765f70312e283561e754d0bb93","messageTitle":"Update DeveloperGuide.md","messageBody":"","fileTypesAndContributionMap":{"docs":{"insertions":14,"deletions":0}}}]},{"date":"2022-10-26","commitResults":[{"hash":"1eea9e73df1c0dc8c09b3eab8d2f5bd246c44cd6","messageTitle":"Add View Command","messageBody":"","fileTypesAndContributionMap":{"functional-code":{"insertions":125,"deletions":7}}},{"hash":"0c8dfc118ebff1aeb1ac38608c8877fdbec63acf","messageTitle":"Add View GUI Component","messageBody":"","fileTypesAndContributionMap":{"functional-code":{"insertions":204,"deletions":1}}}]},{"date":"2022-10-27","commitResults":[{"hash":"85d77a58839f4dc3cbea797b7ae937bc297f289d","messageTitle":"Add View GUI Component","messageBody":"","fileTypesAndContributionMap":{"functional-code":{"insertions":85,"deletions":71}}},{"hash":"d7e9da200e23553a2feb3c702be38bc12276f8fc","messageTitle":"Fix Update Bug","messageBody":"Bug where edit and delete don\u0027t update detailed person view fixed\n","fileTypesAndContributionMap":{"functional-code":{"insertions":26,"deletions":17}}},{"hash":"54f25b531e0e701887ceb96d3127c3eaee58ce1f","messageTitle":"Add Test Cases","messageBody":"Test Cases Added for View Command and its Parser\n","fileTypesAndContributionMap":{"functional-code":{"insertions":35,"deletions":29},"test-code":{"insertions":115,"deletions":0}}},{"hash":"abbabe54fb50e4c000551268d58e5bf76273f59a","messageTitle":"Fix Checkstyle Issues","messageBody":"","fileTypesAndContributionMap":{"test-code":{"insertions":2,"deletions":2}}},{"hash":"4ebdf3b0f98583b3cc366a8f565b560bc3819585","messageTitle":"Fix Checkstyle Issues","messageBody":"","fileTypesAndContributionMap":{"functional-code":{"insertions":32,"deletions":11}}},{"hash":"cba6ab8834e1fe4aaa637633a8f2eef26be0ad6f","messageTitle":"Fix Checkstyle Issues","messageBody":"","fileTypesAndContributionMap":{"functional-code":{"insertions":0,"deletions":1}}},{"hash":"7b313df285f992b339597490312b913e52588ff5","messageTitle":"Fix Checkstyle Issues","messageBody":"","fileTypesAndContributionMap":{"test-code":{"insertions":4,"deletions":8}}},{"hash":"3b4b1d4085f62d7c52c04a951a5e226f3393ff3b","messageTitle":"Fix Count Command TestCase","messageBody":"","fileTypesAndContributionMap":{"test-code":{"insertions":4,"deletions":2}}},{"hash":"7f3cc48fb35418f1f6f6f4c1dc5e8a4a037d29d8","messageTitle":"Fix Checkstyle Issues","messageBody":"","fileTypesAndContributionMap":{"test-code":{"insertions":1,"deletions":1}}},{"hash":"e36f7c5ed3915be206bb1770602d5fb9e96217dc","messageTitle":"Add Edit Command Text Capability","messageBody":"","fileTypesAndContributionMap":{"functional-code":{"insertions":44,"deletions":2}}}]},{"date":"2022-10-28","commitResults":[{"hash":"34312cb4415e5fe2dcd314f3c00ffd7b336a2f77","messageTitle":"Add Index to Currently Viewed Person in Model","messageBody":"","fileTypesAndContributionMap":{"functional-code":{"insertions":115,"deletions":42},"test-code":{"insertions":7,"deletions":1}}},{"hash":"deafa05af4bb1feff48f0cd750f1044197d6a81d","messageTitle":"Add Edit Person Particulars Clickability Function","messageBody":"","fileTypesAndContributionMap":{"functional-code":{"insertions":6,"deletions":1}}},{"hash":"ac621c9009cc979195b4112548a28475bf994896","messageTitle":"Fix Bug Detailed Person View Bug","messageBody":"Bug where detailed person view does not render when adding the first person in the address book is fixed\n","fileTypesAndContributionMap":{"functional-code":{"insertions":6,"deletions":2}}},{"hash":"3233e212a174e2658d8bf62ff2e9c6e9707d05cd","messageTitle":"Fix Bug Detailed Person View Bug","messageBody":"Bug where an empty upcoming appointment was not caught via optional\n","fileTypesAndContributionMap":{"functional-code":{"insertions":4,"deletions":2}}},{"hash":"9d5f8e285480600311fd04fd7ca0833f710caaf2","messageTitle":"Fix Ward Number Message Constraint","messageBody":"Updated to reflect the fact that only capital alphabets are accepted\n","fileTypesAndContributionMap":{"functional-code":{"insertions":2,"deletions":2}}},{"hash":"c47613d569deac0efd43942a551e63e086824a9c","messageTitle":"Add Hide For Detailed Person View","messageBody":"Person View Panel now hides when there is no currently selected person\n","fileTypesAndContributionMap":{"functional-code":{"insertions":13,"deletions":6}}},{"hash":"6acbe726c671085b6cbeb8938f21583e45812526","messageTitle":"Removed Unused Imports","messageBody":"","fileTypesAndContributionMap":{"functional-code":{"insertions":2,"deletions":7}}},{"hash":"3a8d9cb1ba5b37f9971d3a10fb204645554f82b0","messageTitle":"Simplified Code Implementation","messageBody":"Added A VBox to NOK items under PersonViewPanel to simplify onclick handling\n","fileTypesAndContributionMap":{"functional-code":{"insertions":10,"deletions":6}}},{"hash":"e1cd1d43f46535471ab266f952ec7846ca184cbf","messageTitle":"Fixed Checkstyle Issues","messageBody":"","fileTypesAndContributionMap":{"functional-code":{"insertions":29,"deletions":15}}},{"hash":"11ee5d37b07d940d6dc797916bafc189425b2a01","messageTitle":"AddCommand Update and Bug Fix","messageBody":"AddCommand now supports the setting of an upcoming appointment\n\nUpcomingAppointment now rejects dates before today and vice versa for PastAppointment\n","fileTypesAndContributionMap":{"functional-code":{"insertions":36,"deletions":7}}},{"hash":"1a063d672d11bed9bad4bfd0b65a5b2809662507","messageTitle":"Improved PersonView Focus","messageBody":"PersonView now focuses on the most recently edited or added person automatically\n","fileTypesAndContributionMap":{"functional-code":{"insertions":4,"deletions":8},"test-code":{"insertions":2,"deletions":2}}},{"hash":"112be24748f45b6c4b6e566fbdc76bb2feabdb39","messageTitle":"Fix SampleDataUtil and TypicalPersons to Reflect Appointment Changes","messageBody":"","fileTypesAndContributionMap":{"functional-code":{"insertions":10,"deletions":5}}},{"hash":"7497f8972cbc1f7b51765028eb751b6f0effba3f","messageTitle":"Fix JavaFx Version","messageBody":"","fileTypesAndContributionMap":{"functional-code":{"insertions":2,"deletions":2}}},{"hash":"85e29053248ef62ab9cc0e8ca9645cb6ee35170c","messageTitle":"Fix TestCase Issues","messageBody":"","fileTypesAndContributionMap":{"functional-code":{"insertions":10,"deletions":4},"test-code":{"insertions":1,"deletions":1}}},{"hash":"a6dd7594388125b3b5e49710550913d1f4f19dad","messageTitle":"Add Delete Appointment Capabilities","messageBody":"","fileTypesAndContributionMap":{"functional-code":{"insertions":82,"deletions":0}}},{"hash":"d67e1638e6961f5b73d703d23d4b81d3c01354db","messageTitle":"Add Keyboard Shortcuts for Typing","messageBody":"Up and Down go to next and previous commands\nCtrl+Shift+C Clears the command\n","fileTypesAndContributionMap":{"functional-code":{"insertions":87,"deletions":0}}},{"hash":"fe743ef092beb843a034427f79c08fe6b79a0f73","messageTitle":"Fix Checkstyle Issues","messageBody":"","fileTypesAndContributionMap":{"functional-code":{"insertions":42,"deletions":17}}},{"hash":"1da65a29470d996a542404094086366cc96d6122","messageTitle":"Add Consult Function","messageBody":"","fileTypesAndContributionMap":{"functional-code":{"insertions":139,"deletions":4}}},{"hash":"f77ce989b68ffc44f856076f890598446ba26e1d","messageTitle":"Fix JavaDocs","messageBody":"","fileTypesAndContributionMap":{"functional-code":{"insertions":1,"deletions":1}}},{"hash":"9a21451460566bdc94e011610a128c383f72c15f","messageTitle":"Fix Checkstyle Issues","messageBody":"","fileTypesAndContributionMap":{"functional-code":{"insertions":21,"deletions":16}}},{"hash":"2d5a23dbdeb2a0fd8230ba4ff2725c78a13156d6","messageTitle":"Update UG","messageBody":"","fileTypesAndContributionMap":{"functional-code":{"insertions":0,"deletions":3},"docs":{"insertions":124,"deletions":57}}},{"hash":"5b83c7b52343b2380acc510fe0ec5f5c648a5e0a","messageTitle":"Update UG","messageBody":"","fileTypesAndContributionMap":{"docs":{"insertions":26,"deletions":25}}},{"hash":"e54316e44b4c69a358900cbbb9c939d500968b6d","messageTitle":"Update UG","messageBody":"","fileTypesAndContributionMap":{"docs":{"insertions":1,"deletions":2}}},{"hash":"21dd707b6f4ddbb9cbd744978fffa8f3934ca71f","messageTitle":"Update UG","messageBody":"","fileTypesAndContributionMap":{"docs":{"insertions":23,"deletions":23}}}]},{"date":"2022-10-29","commitResults":[{"hash":"78c8a32b5317e1875132c126c556a86143d75572","messageTitle":"Update UG","messageBody":"","fileTypesAndContributionMap":{"docs":{"insertions":27,"deletions":27}}},{"hash":"61707ad73ebbfadeb7ce73fc13ba04efe64384f2","messageTitle":"Fix Bug For Clickability","messageBody":"Now only double left click works instead of any mousebutton click\n","fileTypesAndContributionMap":{"functional-code":{"insertions":18,"deletions":10}}},{"hash":"0d736ac349a42782030922639ee952a6a524a907","messageTitle":"Refactor and Add Images to UG","messageBody":"","fileTypesAndContributionMap":{"docs":{"insertions":13,"deletions":6}}}]},{"date":"2022-10-30","commitResults":[{"hash":"06ab1774351d2b5a290a18cc833ed48abb4bb2ca","messageTitle":"Add Edit Command Result Box","messageBody":"","fileTypesAndContributionMap":{"docs":{"insertions":3,"deletions":0}}},{"hash":"cd3ae355adf69190465d4094e29d1e07e42ea5ad","messageTitle":"Updated UG","messageBody":"UG now has images showing the command result for each command\n\nUG now has the consult command\n\nUG now has a section for GUI Interactions\n\nUG now has collapsable tabs to make everything more organised\n","fileTypesAndContributionMap":{"docs":{"insertions":194,"deletions":55}}}]},{"date":"2022-11-01","commitResults":[{"hash":"524ec05b989ec8edb9492a75d8aa9daaefc7643d","messageTitle":"Fix Bug for Person Details Panel","messageBody":"Patient Details Panel now also clears when the clear command is entered.\n","fileTypesAndContributionMap":{"functional-code":{"insertions":11,"deletions":5}}}]},{"date":"2022-11-02","commitResults":[{"hash":"6848c5fbdc1bce175d807a7bfa6b12acbcf68e50","messageTitle":"Fix Bug for Duplicate Patient","messageBody":"Check for duplicate patient is now case insensitive when comparing their names\n","fileTypesAndContributionMap":{"functional-code":{"insertions":3,"deletions":1}}},{"hash":"4dff2a0bbb8a2f24af64cb6580bf763fab8b0381","messageTitle":"Update UG","messageBody":"Changed the gifs for mouse interactions to images\n\nMade the Ui-explanations.png text bigger\n","fileTypesAndContributionMap":{"docs":{"insertions":5,"deletions":5}}},{"hash":"20c5fc81c89ffae62cc3b9b0cb9bb42b1e2cb8f4","messageTitle":"Fix Bug for Consult and Create Past Appointment","messageBody":"CreatePastAppointmentCommand now checks to ensure no there are no duplicate past appointments and throws an exception if that is the case.\n","fileTypesAndContributionMap":{"functional-code":{"insertions":31,"deletions":12}}},{"hash":"56132566ef7aeccaeb6b412a2ab8623c72fb666f","messageTitle":"Fix Checkstyle Issues","messageBody":"","fileTypesAndContributionMap":{"functional-code":{"insertions":8,"deletions":5}}},{"hash":"a2c4b1b41206067c48e60db5e08cfddde61772eb","messageTitle":"Fix Checkstyle Issues","messageBody":"","fileTypesAndContributionMap":{"functional-code":{"insertions":1,"deletions":2}}},{"hash":"285e9024f41fd49dbb31b58125b112d1e3bebeb0","messageTitle":"Fix Test Case Issues","messageBody":"","fileTypesAndContributionMap":{"test-code":{"insertions":22,"deletions":3}}},{"hash":"e63e75226240b33137da79ec36680c08ff5a8170","messageTitle":"Fix Test Case Issues","messageBody":"","fileTypesAndContributionMap":{"test-code":{"insertions":8,"deletions":4}}},{"hash":"6c8b2e6da2fedf66b58a1c08ce2e35392f735f07","messageTitle":"Fix Checkstyle Issues","messageBody":"","fileTypesAndContributionMap":{"test-code":{"insertions":0,"deletions":5}}}]},{"date":"2022-11-05","commitResults":[{"hash":"ba533a2a5bb0c5617ca0d4f90bbaf2457d895d0c","messageTitle":"Add Hyperlinks to UG (incomplete)","messageBody":"","fileTypesAndContributionMap":{"docs":{"insertions":13,"deletions":0}}},{"hash":"071eb01b2624911050cc7d67fc3fd42360948a0d","messageTitle":"Add Hyperlinks to UG","messageBody":"","fileTypesAndContributionMap":{"docs":{"insertions":44,"deletions":2}}},{"hash":"f7be8460d711f47e6caa171f5abfa7cc02045a39","messageTitle":"Fix UG Hyperlinks","messageBody":"","fileTypesAndContributionMap":{"docs":{"insertions":1,"deletions":0}}},{"hash":"b3e4488063c37a38068c94b82bdc93ef24035566","messageTitle":"Update UG Hyperlinks","messageBody":"","fileTypesAndContributionMap":{"docs":{"insertions":23,"deletions":13}}},{"hash":"e0ec242ed0f2d67ed5672bb8a0f4661a308650ac","messageTitle":"Update DG UI Component and Add Command","messageBody":"","fileTypesAndContributionMap":{"docs":{"insertions":156,"deletions":20}}},{"hash":"acfb4d5892eb74eb55f756c4e371ee55622c24b2","messageTitle":"Update DG DelApptCommand","messageBody":"","fileTypesAndContributionMap":{"docs":{"insertions":107,"deletions":9}}},{"hash":"adbc5be3502f69fc30cab86881ea36bc5d5795b6","messageTitle":"Update DG for Consult, Edit and View Commands, as well as Command History and Patient Details Panel","messageBody":"","fileTypesAndContributionMap":{"docs":{"insertions":487,"deletions":13}}},{"hash":"4444436d681dd9c90e2a1693fd6929579ada1c2f","messageTitle":"Update DG","messageBody":"","fileTypesAndContributionMap":{"docs":{"insertions":85,"deletions":83}}},{"hash":"c0e21f509784c6d808605a6835a1b84297e09564","messageTitle":"Update DG with user stories, use cases and manual testing","messageBody":"","fileTypesAndContributionMap":{"docs":{"insertions":212,"deletions":27}}},{"hash":"357c138da49b828e6934e676d5197170f6e851b9","messageTitle":"Fix Checkstyle Errors","messageBody":"","fileTypesAndContributionMap":{"docs":{"insertions":8,"deletions":8}}},{"hash":"cbdf451c32dd92b40dbc395d09011b2ab57ebcfe","messageTitle":"Update UG hyperlinks","messageBody":"","fileTypesAndContributionMap":{"docs":{"insertions":20,"deletions":20}}}]},{"date":"2022-11-06","commitResults":[{"hash":"3df0694bdd8ee7a7da08a90740867592d363eaae","messageTitle":"Correct DG typos and remove unused images","messageBody":"","fileTypesAndContributionMap":{"docs":{"insertions":109,"deletions":9}}},{"hash":"8439190abae1ba9910896b13771a58a4e5252b01","messageTitle":"Fix UiClassDiagram.puml Model","messageBody":"","fileTypesAndContributionMap":{"docs":{"insertions":96,"deletions":27}}},{"hash":"97462af69751edc719bccf65d3490639ed813d11","messageTitle":"Update PPP","messageBody":"","fileTypesAndContributionMap":{"docs":{"insertions":10,"deletions":4}}},{"hash":"99548bd53ba59e669df6084274850902bb223cb8","messageTitle":"Fix Grammer for PPP","messageBody":"","fileTypesAndContributionMap":{"docs":{"insertions":2,"deletions":2}}},{"hash":"fbc1e7c5288b7dc8b42a2c4ba1ec5906ad7346eb","messageTitle":"Fix Grammer for DG","messageBody":"","fileTypesAndContributionMap":{"docs":{"insertions":1,"deletions":1}}}]}],"PeiYee88":[{"date":"2022-09-28","commitResults":[{"hash":"49be5d9b85722b96914db818bd4b7b13fe7d6c01","messageTitle":"Update GitHub Actions build status badge","messageBody":"","fileTypesAndContributionMap":{"docs":{"insertions":1,"deletions":1}}},{"hash":"1da95d6024d961debed853ab3cafd6f39ab2c435","messageTitle":"Add acknowledgement to ReadMe","messageBody":"","fileTypesAndContributionMap":{"docs":{"insertions":2,"deletions":0}}},{"hash":"63b61f63978f1732f0550b98626f4eedc7a002e0","messageTitle":"Update User Guide","messageBody":"Add get /nok and get /hw features.","fileTypesAndContributionMap":{"docs":{"insertions":47,"deletions":60}}}]},{"date":"2022-09-30","commitResults":[{"hash":"e6386787e12840a61b532596582322d6b88d75ea","messageTitle":"Update AboutUs.md","messageBody":"","fileTypesAndContributionMap":{"docs":{"insertions":6,"deletions":7}}},{"hash":"e61ab11ccf31aab376cb7ea7023ae473b13e29db","messageTitle":"Create peiyee88.md","messageBody":"Add my own portfolio page\n","fileTypesAndContributionMap":{"docs":{"insertions":10,"deletions":0}}},{"hash":"5422aa9bf2077835e47622b59156b2fed9d2f07f","messageTitle":"Update peiyee88.md","messageBody":"","fileTypesAndContributionMap":{"docs":{"insertions":1,"deletions":3}}},{"hash":"35197d0624f69c0d0d0961ed300e9e53923a97dd","messageTitle":"Remove trailing white spaces","messageBody":"","fileTypesAndContributionMap":{"docs":{"insertions":13,"deletions":17}}},{"hash":"59197c506ea09994cf251462a6314467002dcf0d","messageTitle":"Update GitHub Actions build status badge","messageBody":"","fileTypesAndContributionMap":{"docs":{"insertions":1,"deletions":1}}},{"hash":"f25977521aca73a66835ed830962bdb64c369402","messageTitle":"Add acknowledgement to ReadMe","messageBody":"","fileTypesAndContributionMap":{"docs":{"insertions":2,"deletions":0}}},{"hash":"a9655a81594acc0fe15262f2ba7d58a6c81cf57e","messageTitle":"Update User Guide","messageBody":"Add get /nok and get /hw features.","fileTypesAndContributionMap":{"docs":{"insertions":47,"deletions":60}}},{"hash":"b7e8382983fc5b44b04a2527621c51dd211e2599","messageTitle":"Create peiyee88.md","messageBody":"Add my own portfolio page\n","fileTypesAndContributionMap":{"docs":{"insertions":10,"deletions":0}}},{"hash":"c2973c2214ad716445d4705cbb3026119d9bffe2","messageTitle":"Update peiyee88.md","messageBody":"","fileTypesAndContributionMap":{"docs":{"insertions":1,"deletions":3}}},{"hash":"3984175fd61dcd41fcf28534cbf8ef0d0760fd2c","messageTitle":"Remove trailing white spaces","messageBody":"","fileTypesAndContributionMap":{"docs":{"insertions":13,"deletions":17}}},{"hash":"16776fef54c0d8bebd6c210c4ef8e8461af6554c","messageTitle":"Update DeveloperGuide.md","messageBody":"","fileTypesAndContributionMap":{"docs":{"insertions":20,"deletions":13}}},{"hash":"2327831a9a6b9dcde0205d8d7d31c837eebd2817","messageTitle":"Update DeveloperGuide.md","messageBody":"","fileTypesAndContributionMap":{"docs":{"insertions":4,"deletions":4}}},{"hash":"90851626ab2db3465ab1e3206e03afa7efaf6385","messageTitle":"Update DeveloperGuide.md","messageBody":"Add user stories, value propositions.\r\nEdit use cases.","fileTypesAndContributionMap":{"docs":{"insertions":1,"deletions":1}}}]},{"date":"2022-10-02","commitResults":[{"hash":"71abed12dc586f9c4f8610dd84d190fcdd557713","messageTitle":"Update README.md","messageBody":"Remove traces of AB3","fileTypesAndContributionMap":{"docs":{"insertions":4,"deletions":11}}}]},{"date":"2022-10-04","commitResults":[{"hash":"b66faf966cf487c7b00f3b274ffc5f4f244473b3","messageTitle":"Add hospital wing field","messageBody":"Currently hospital wing field\n1. has prefix hw/\n2. appear as purple label in desktop app\n3. is a compulsory field\n4. accepts any input except blank\n\nThings to add on later:\n1. Test cases\n","fileTypesAndContributionMap":{"functional-code":{"insertions":163,"deletions":29},"test-code":{"insertions":11,"deletions":9}}},{"hash":"fe24ded613c62643e780638cb1d9ca317995d675","messageTitle":"Add EOF","messageBody":"","fileTypesAndContributionMap":{"functional-code":{"insertions":2,"deletions":2}}},{"hash":"50d25eb7416ecdcbcb2f0d7f15535f793580104b","messageTitle":"Fix checkstyle error","messageBody":"","fileTypesAndContributionMap":{"functional-code":{"insertions":26,"deletions":22}}},{"hash":"3d4d4753fc1e5174979afad3b7caacff094af2a4","messageTitle":"Fix test cases","messageBody":"","fileTypesAndContributionMap":{"test-code":{"insertions":53,"deletions":17}}},{"hash":"cd05f929b4ee78f08de8589cb2ff12271973afe8","messageTitle":"Fix checkstyle for tests","messageBody":"","fileTypesAndContributionMap":{"test-code":{"insertions":26,"deletions":16}}},{"hash":"8524b669f5ccc4f81b2620cf8b2baa2709922aee","messageTitle":"Update AddCommandParserTest.java","messageBody":"","fileTypesAndContributionMap":{"test-code":{"insertions":39,"deletions":19}}},{"hash":"2e6728e539c8254b8c81b1f48c01e8c351c9bcca","messageTitle":"Update AddCommandParserTest.java","messageBody":"","fileTypesAndContributionMap":{"test-code":{"insertions":2,"deletions":1}}},{"hash":"e981bd7e624cde662b116f3583ea7bcb6c2051c0","messageTitle":"Update LogicManagerTest.java","messageBody":"add hospital wing field to the test\n","fileTypesAndContributionMap":{"test-code":{"insertions":2,"deletions":1}}},{"hash":"19ab665bd24da4f78c4cff8ae177108c34f2c83a","messageTitle":"Update AddCommandParserTest.java","messageBody":"","fileTypesAndContributionMap":{"test-code":{"insertions":2,"deletions":1}}},{"hash":"2951537d4f424bb1f6712ffdce5f61ab9dcf8220","messageTitle":"Update PersonUtil.java","messageBody":"1. Change PersonUtil.java to append hospital wing field\n","fileTypesAndContributionMap":{"test-code":{"insertions":3,"deletions":0}}},{"hash":"df84bdb0c0ac9443f7391214e2717d96bfbffb07","messageTitle":"Fix checkstyle error","messageBody":"Update PersonUtil.java\n","fileTypesAndContributionMap":{"test-code":{"insertions":2,"deletions":1}}},{"hash":"3ba98934cdbcad2ca5fc5978674636f0b285d870","messageTitle":"Update edit command to enable edits to hospital wing","messageBody":"","fileTypesAndContributionMap":{"functional-code":{"insertions":8,"deletions":2},"test-code":{"insertions":1,"deletions":1}}},{"hash":"121a11b3ff02a601c39284a10fd8b0d2b912f1c7","messageTitle":"Add get hospital wing feature","messageBody":"Command word: get/hw\n","fileTypesAndContributionMap":{"functional-code":{"insertions":114,"deletions":1}}},{"hash":"fcb503bfcce0985eaaa1f5373d75b78c4463a318","messageTitle":"fix checkstyle problems","messageBody":"","fileTypesAndContributionMap":{"functional-code":{"insertions":1,"deletions":1}}},{"hash":"beabd273e50b6ef7489f6975a9716e6b0cba4753","messageTitle":"Change header of methods","messageBody":"","fileTypesAndContributionMap":{"functional-code":{"insertions":4,"deletions":4}}}]},{"date":"2022-10-05","commitResults":[{"hash":"d8779ccca226a5b99f70d0dd3b3b18ca260144d6","messageTitle":"Modify get/hw feature to get /hw","messageBody":"Currently, the get command can only support prefixes that has 2-3 characters.\n\nget /hw [HOSPITAL_WING]\nget /nn [NAME]\n** the prefixes for add and edit name command I still stick to n/ (single character)\n","fileTypesAndContributionMap":{"functional-code":{"insertions":54,"deletions":33}}},{"hash":"b6d6f546a0149431c1142b893e69117d66307494","messageTitle":"Fix trailing white spaces","messageBody":"","fileTypesAndContributionMap":{"functional-code":{"insertions":1,"deletions":1}}},{"hash":"89dfb3f8453d2128b8ceae0df1b115d20b863529","messageTitle":"checkstyle","messageBody":"","fileTypesAndContributionMap":{"functional-code":{"insertions":4,"deletions":4}}}]},{"date":"2022-10-07","commitResults":[{"hash":"8452cfc25b33cfaf7cb24f68cc7fa0d33b2bcfe9","messageTitle":"Minor edits to hospital wing field to match optional field","messageBody":"","fileTypesAndContributionMap":{"functional-code":{"insertions":2,"deletions":1}}}]},{"date":"2022-10-09","commitResults":[{"hash":"3ee2a095044a7104c6e176b539544cfb5f1a489f","messageTitle":"Modify get hospital wing command","messageBody":"to filter within inpatients only\n","fileTypesAndContributionMap":{"functional-code":{"insertions":11,"deletions":1}}},{"hash":"342f5fc42874b839316ee5abd5b48b51748e130b","messageTitle":"Remove unused import statements","messageBody":"","fileTypesAndContributionMap":{"functional-code":{"insertions":0,"deletions":1}}}]},{"date":"2022-10-16","commitResults":[{"hash":"4584e8a8d60d7dafabb75a2a6dfb8947b0c2e483","messageTitle":"Implement get/nok feature","messageBody":"whereby we can retrieve a patient\u0027s next-of-kin data\n","fileTypesAndContributionMap":{"functional-code":{"insertions":118,"deletions":0}}},{"hash":"68abad4d44ccda7f90356ff57afcafe3e049ec2e","messageTitle":"Update GetCommandParser.java","messageBody":"Change import order\n","fileTypesAndContributionMap":{"functional-code":{"insertions":1,"deletions":1}}},{"hash":"b22fd024e8de372cf83865fe075eb853dc3c8d8d","messageTitle":"Update GetNextOfKinCommand.java","messageBody":"Remove unused import statements\n","fileTypesAndContributionMap":{"functional-code":{"insertions":0,"deletions":1}}}]},{"date":"2022-10-22","commitResults":[{"hash":"3e2e46e8149bc7cf02eb79818ac62e85be58ab58","messageTitle":"Implement get appointment by date feature","messageBody":"Command format:\n`get /apptbd [DATE]`\nExample:\n`get /apptbd 21-12-2002`\n","fileTypesAndContributionMap":{"functional-code":{"insertions":226,"deletions":0}}},{"hash":"9cc5cf68553e36ca7e2a860c533f93b5ee7d2917","messageTitle":"Fix checkstyle issues","messageBody":"Update AppointmentByDatePredicate.java\n","fileTypesAndContributionMap":{"functional-code":{"insertions":5,"deletions":7}}},{"hash":"3811427686e828d13614bcf0dd946b3c3d518210","messageTitle":"Update AppointmentByDatePredicate.java","messageBody":"","fileTypesAndContributionMap":{"functional-code":{"insertions":2,"deletions":1}}},{"hash":"2e1b698324ee25d481f699899c5f9b3f42ce6e05","messageTitle":"Abstract away all unnecessary fields for get/nok","messageBody":"Fields that are visible:\nNext-of-kin name, relationship, phone number\n\nUse a contact card instead of person card when get /nok is invoked\n","fileTypesAndContributionMap":{"functional-code":{"insertions":166,"deletions":6}}},{"hash":"d728fcadcca82c8bfdd7aadd45f56f6ff397b7d5","messageTitle":"Change command to appton","messageBody":"","fileTypesAndContributionMap":{"functional-code":{"insertions":11,"deletions":6}}},{"hash":"71a6cd93eeb3303c55cfbced4e0525f4d45c1c6c","messageTitle":"Update appt predicate","messageBody":"","fileTypesAndContributionMap":{"functional-code":{"insertions":12,"deletions":7}}},{"hash":"6ba841d101ef7b0970e18fec50cc9cdde0a4f9fb","messageTitle":"Fixes checkstyle issues","messageBody":"","fileTypesAndContributionMap":{"functional-code":{"insertions":4,"deletions":7}}},{"hash":"55bf790fb6b92a753b39d57dd89a3bf82ba5ca5a","messageTitle":"Update get /appt","messageBody":"","fileTypesAndContributionMap":{"functional-code":{"insertions":0,"deletions":22}}},{"hash":"3ac411e37a589eb8a93beb75da2fda9e9933caa8","messageTitle":"Update UpcomingAppointment.java","messageBody":"","fileTypesAndContributionMap":{"functional-code":{"insertions":1,"deletions":0}}},{"hash":"cd384f30fa875d4239d59063c5bc96716882ccb4","messageTitle":"Update UpcomingAppointment.java","messageBody":"","fileTypesAndContributionMap":{"functional-code":{"insertions":0,"deletions":1}}},{"hash":"d7b3766d4d5eea9a4d493cf9ec422ab5352d29b2","messageTitle":"Add javadoc","messageBody":"for upcoming appointment\n","fileTypesAndContributionMap":{"functional-code":{"insertions":5,"deletions":0}}},{"hash":"ab4a78b1724dfab6f1ae4b4f4e1cd770396a16ff","messageTitle":"Update developer guide","messageBody":"Include sequence diagrams for\n`get /hw`\n`get /nok`\n`get /appton`\n","fileTypesAndContributionMap":{"docs":{"insertions":243,"deletions":0}}},{"hash":"c18c83d1bc6ff73684f91c14f5a718cdb6def3a8","messageTitle":"Fix checkstyle issues","messageBody":"","fileTypesAndContributionMap":{"docs":{"insertions":3,"deletions":3}}}]},{"date":"2022-10-25","commitResults":[{"hash":"d68db0c8f6bdf92ced54ad933dd7f9af780d904b","messageTitle":"Add testing","messageBody":"To the following features\n`get /appton`\n`get /nok`\n`get /hw`\n","fileTypesAndContributionMap":{"test-code":{"insertions":260,"deletions":0}}},{"hash":"29d4d3dd724b3310d300268ea9b6171f83ddd591","messageTitle":"Add new line at end of file","messageBody":"","fileTypesAndContributionMap":{"test-code":{"insertions":1,"deletions":1}}},{"hash":"d7839ba18d4d0411b3cdac30216f823083cd436f","messageTitle":"Fix checkstyle errors","messageBody":"","fileTypesAndContributionMap":{"test-code":{"insertions":3,"deletions":2}}},{"hash":"82474af4749736fca2ce345752e39a164a42b5a8","messageTitle":"Update GetAppointmentByDateCommandTest.java","messageBody":"","fileTypesAndContributionMap":{"test-code":{"insertions":2,"deletions":2}}},{"hash":"cdd50f7f3fbda47565bd551018a82a5ec01ba89b","messageTitle":"Add more testing","messageBody":"","fileTypesAndContributionMap":{"functional-code":{"insertions":21,"deletions":10},"test-code":{"insertions":105,"deletions":20}}},{"hash":"5808e7f62ab6f9e87c022cbc9a73eb6f113c52f4","messageTitle":"Checkstyles","messageBody":"","fileTypesAndContributionMap":{"functional-code":{"insertions":3,"deletions":7}}},{"hash":"dd4ca7f2e6434282adc190ac51a39e427a98b610","messageTitle":"Update portfolio","messageBody":"","fileTypesAndContributionMap":{"docs":{"insertions":53,"deletions":2}}},{"hash":"6c407f772e081a6fdbe59b4ea085d4cf302e1999","messageTitle":"Add more testing and restrictions to patient\u0027s fields","messageBody":"Add test-cases to\n1. `Parsers` for `get /hw` `get /nok` `get /appton`\n2. `Patient\u0027s field Predicate` for `hospital wing` `appointment by date predicate`\n\nRestricts hospital wing to only accept values of {east, west, south, north; case-insensitive} only\n\nReconsider implementation of AppointmentByDatePredicate to include cases where past appointments is null\n\n`get /nok` accepts multiple inputs\n`get /hw` accepts only one input\n`get /appton` accepts multiple inputs : which allows medical staffs to be able to retrieve multiple appointment dates in a single command\n","fileTypesAndContributionMap":{"functional-code":{"insertions":71,"deletions":19},"test-code":{"insertions":394,"deletions":0}}}]},{"date":"2022-10-26","commitResults":[{"hash":"a19abf662f5917673e7cc86f8019e53d32a6471a","messageTitle":"Edit hospital wing predicate","messageBody":"","fileTypesAndContributionMap":{"functional-code":{"insertions":14,"deletions":13}}},{"hash":"6562cf32451681e95e9f118bb75b2fcd30746bb4","messageTitle":"Edits test cases","messageBody":"","fileTypesAndContributionMap":{"functional-code":{"insertions":3,"deletions":3},"test-code":{"insertions":21,"deletions":24}}},{"hash":"fc764901d07094a4eab75aa05eb4c9a094e4d38e","messageTitle":"Update HospitalWing.java","messageBody":"","fileTypesAndContributionMap":{"functional-code":{"insertions":3,"deletions":3}}},{"hash":"b555bdd685ee2de595c2048483bafa506d283f59","messageTitle":"Update ParserUtilTest.java","messageBody":"","fileTypesAndContributionMap":{"test-code":{"insertions":2,"deletions":2}}}]},{"date":"2022-10-27","commitResults":[{"hash":"5d4a1d0baf196d29ca425b121375065f6d2d2ce5","messageTitle":"Finalize color schemes used","messageBody":"","fileTypesAndContributionMap":{"functional-code":{"insertions":42,"deletions":42}}},{"hash":"ca125a4c1b2197c7e72da886614ae2b9a52d7c7e","messageTitle":"Update DarkTheme.css","messageBody":"","fileTypesAndContributionMap":{"functional-code":{"insertions":1,"deletions":1}}},{"hash":"9f6eb459e25000a44b83d0b50d0e6d289c36f285","messageTitle":"Update user guide","messageBody":"","fileTypesAndContributionMap":{"functional-code":{"insertions":3,"deletions":1},"docs":{"insertions":79,"deletions":34}}},{"hash":"7d5f8ee023dc28023129a1ac8ae405c5865da1bb","messageTitle":"Update GetHospitalWingCommand.java","messageBody":"","fileTypesAndContributionMap":{"functional-code":{"insertions":0,"deletions":1}}},{"hash":"6c76f264e37beb44b2d7b94b969f208a2e4f215c","messageTitle":"Update HospitalWing.java","messageBody":"","fileTypesAndContributionMap":{"functional-code":{"insertions":1,"deletions":1}}}]},{"date":"2022-10-28","commitResults":[{"hash":"f8ac25084c8b986826ecfeb0b3451107f03008b7","messageTitle":"Change color scheme","messageBody":"","fileTypesAndContributionMap":{"functional-code":{"insertions":15,"deletions":13}}},{"hash":"9bec2a26cac91e2e0914e0d3992b4d52f42c2003","messageTitle":"Adds get /appt to message usage","messageBody":"","fileTypesAndContributionMap":{"functional-code":{"insertions":9,"deletions":6}}},{"hash":"9cae902280f70ea84a4f6cb2fec2159b784510c1","messageTitle":"Update GetCommand.java","messageBody":"","fileTypesAndContributionMap":{"functional-code":{"insertions":2,"deletions":1}}},{"hash":"31d2408c4702c9ad618d46712e1c681a863612c0","messageTitle":"Edit import statements","messageBody":"","fileTypesAndContributionMap":{"functional-code":{"insertions":1,"deletions":2}}}]},{"date":"2022-10-29","commitResults":[{"hash":"d44f83843ee1e26febc36ee2f0ffe3221773ec26","messageTitle":"Updates user guide","messageBody":"so that formatting is consistent\n","fileTypesAndContributionMap":{"docs":{"insertions":66,"deletions":55}}},{"hash":"da1e7b9717d69fc00f3d42e2f2557b6dd0d6dd00","messageTitle":"Adds glossary to user guide","messageBody":"","fileTypesAndContributionMap":{"docs":{"insertions":17,"deletions":6}}},{"hash":"56429d5616e2ff6dfe562bc243b2e8060a632934","messageTitle":"Updates glossary","messageBody":"","fileTypesAndContributionMap":{"docs":{"insertions":1,"deletions":1}}},{"hash":"2ea8f87767cea9e18c2db35d44b4b91755865d55","messageTitle":"Sorts glossary in alphabetical order","messageBody":"to improve readibility\n","fileTypesAndContributionMap":{"docs":{"insertions":7,"deletions":6}}},{"hash":"29fac1b53240c5cda0d29fbf3d1de036141fb3a6","messageTitle":"Remove unnecessary bullet","messageBody":"","fileTypesAndContributionMap":{"docs":{"insertions":1,"deletions":1}}},{"hash":"940833b6a50db31fd5e806e99b2a39f9e0489c84","messageTitle":"Update UserGuide.md","messageBody":"","fileTypesAndContributionMap":{"docs":{"insertions":1,"deletions":1}}},{"hash":"7824df03543e6613c633fd53d3fabb5a4ea9b206","messageTitle":"Updates user guide","messageBody":"Replaces person with patient\n","fileTypesAndContributionMap":{"docs":{"insertions":19,"deletions":19}}},{"hash":"1d7d8bf778238c63a2da35a787af400756217d60","messageTitle":"Fix get appointment by date bugs","messageBody":"","fileTypesAndContributionMap":{"functional-code":{"insertions":5,"deletions":5}}},{"hash":"e3f1d6699fc3d6c49174031d7977d22db66d297a","messageTitle":"Fix checkstyle","messageBody":"","fileTypesAndContributionMap":{"functional-code":{"insertions":1,"deletions":1}}},{"hash":"ce5487c78a07a146d80e1e777cedecf804e0d4ce","messageTitle":"Updates get /appton test cases","messageBody":"","fileTypesAndContributionMap":{"functional-code":{"insertions":1,"deletions":1},"test-code":{"insertions":5,"deletions":3}}},{"hash":"8805844b97dd32c8e55ed93e0f2acfd1ff4fb580","messageTitle":"Updates address book json","messageBody":"","fileTypesAndContributionMap":{"test-code":{"insertions":2,"deletions":3}}},{"hash":"c5c32e788ac5a7457e64dd5e6270361142611a31","messageTitle":"Update TypicalPersons.java","messageBody":"","fileTypesAndContributionMap":{"test-code":{"insertions":1,"deletions":2}}}]},{"date":"2022-11-02","commitResults":[{"hash":"04b80fc2e431e1744681d4e37db65982a0917b36","messageTitle":"Edit introduction of user guide","messageBody":"","fileTypesAndContributionMap":{"docs":{"insertions":16,"deletions":16}}},{"hash":"810db87b683675b5c0cf8ad93c8541f9890de09f","messageTitle":"Update UserGuide.md","messageBody":"","fileTypesAndContributionMap":{"docs":{"insertions":39,"deletions":3}}},{"hash":"29065f35d2f397b6a8b702fea14fce98e210a99d","messageTitle":"Add troubleshooting section","messageBody":"","fileTypesAndContributionMap":{"docs":{"insertions":14,"deletions":11}}},{"hash":"a0cefaad80cef5b14edb1f32149a1fe053253a52","messageTitle":"Edits introduction","messageBody":"Adds\r\n1. installation guide\r\n2. troubleshooting section","fileTypesAndContributionMap":{"docs":{"insertions":2,"deletions":2}}},{"hash":"37374faa7d7857378e50204356047c1079e7ae31","messageTitle":"adds line break","messageBody":"","fileTypesAndContributionMap":{"docs":{"insertions":1,"deletions":1}}}]},{"date":"2022-11-04","commitResults":[{"hash":"b794fc9a4418f681c265bafbcda1a48a3a3085c1","messageTitle":"Add test coverage","messageBody":"For the following\n1. Next Of Kin\n2. Hospital Wing\n\nReconsider next of kin regex to prevent user from providing blank input with comma\n","fileTypesAndContributionMap":{"functional-code":{"insertions":2,"deletions":2},"test-code":{"insertions":264,"deletions":50}}}]},{"date":"2022-11-05","commitResults":[{"hash":"0878c2fd6da98d3a91619c65a61df8a026d7b5cd","messageTitle":"Adds test coverage","messageBody":"To the following class\n1. NextOfKin\n2. NextOfKinPredicate\n3.HospitalWing\n4.HospitalWIngPredicate\n5.AppointmentByDatePredicate\n","fileTypesAndContributionMap":{"functional-code":{"insertions":17,"deletions":4},"test-code":{"insertions":71,"deletions":56}}},{"hash":"0ac7e7e02e7c5f0bd66130773aecb04f23cec982","messageTitle":"Adds test cases","messageBody":"to commands and parsers.\n","fileTypesAndContributionMap":{"functional-code":{"insertions":1,"deletions":3},"test-code":{"insertions":227,"deletions":92}}},{"hash":"79b1ec60e2bf665eff7b3adbadafc85ece396bba","messageTitle":"Updates storage component","messageBody":"Updates class diagram for Storage\n","fileTypesAndContributionMap":{"docs":{"insertions":4,"deletions":2}}},{"hash":"1879266da6731ca6996da6e9ef6255a56115d680","messageTitle":"Updates developer guide","messageBody":"","fileTypesAndContributionMap":{"docs":{"insertions":16,"deletions":36}}}]},{"date":"2022-11-06","commitResults":[{"hash":"671aa7cb1203e6ac749410cf8cc2e224466e8331","messageTitle":"Edits test cases","messageBody":"","fileTypesAndContributionMap":{"functional-code":{"insertions":9,"deletions":10},"test-code":{"insertions":1,"deletions":1}}},{"hash":"87eb0f59010bd552f1cf518101e68fe8fc82f3ac","messageTitle":"Resolves null pointer issue in consult","messageBody":"","fileTypesAndContributionMap":{"functional-code":{"insertions":8,"deletions":2}}},{"hash":"d97b4061842c43c393bafbb508123c117397de12","messageTitle":"Fix checkstyle","messageBody":"","fileTypesAndContributionMap":{"functional-code":{"insertions":2,"deletions":2}}},{"hash":"a15d4a64ffb97f6301df0256249592bdffa29fd7","messageTitle":"Adds manual testing","messageBody":"for `get /appton` and `get /hw`\n","fileTypesAndContributionMap":{"docs":{"insertions":37,"deletions":8}}},{"hash":"eccc4c0880608d5551bbd3b39368dee1ae03dcb6","messageTitle":"Adds manual testing","messageBody":"for get /appton\n","fileTypesAndContributionMap":{"docs":{"insertions":11,"deletions":6}}}]}],"kxrt":[{"date":"2022-09-16","commitResults":[{"hash":"e43436a4f4e03c002608f2266471d7a38552294e","messageTitle":"Update index.md","messageBody":"","fileTypesAndContributionMap":{"docs":{"insertions":2,"deletions":2}}},{"hash":"4df3d679edd1b9c99a417d832d956e168d1ec7af","messageTitle":"Update index.md","messageBody":"","fileTypesAndContributionMap":{"docs":{"insertions":1,"deletions":1}}}]},{"date":"2022-09-30","commitResults":[{"hash":"d746cc72547d00871d1b86b516ef753c03459650","messageTitle":"Update AboutUs with personal details","messageBody":"","fileTypesAndContributionMap":{"docs":{"insertions":15,"deletions":6}}},{"hash":"a172ff5802b9d9eb407874c016007f6f449be583","messageTitle":"Fix trailing whitespace","messageBody":"","fileTypesAndContributionMap":{"docs":{"insertions":2,"deletions":2}}},{"hash":"6a35de24f778da27cc322118acff153a929fd4e9","messageTitle":"Update PPP","messageBody":"","fileTypesAndContributionMap":{"docs":{"insertions":1,"deletions":1}}},{"hash":"eb216aa52ee42cbdf010e881156065d297f9bcdd","messageTitle":"Update PPP, update image format","messageBody":"","fileTypesAndContributionMap":{"docs":{"insertions":27,"deletions":2}}},{"hash":"0953173ff0514ce6f8676bca4a17ded506465b31","messageTitle":"Rename image","messageBody":"","fileTypesAndContributionMap":{"docs":{"insertions":1,"deletions":1}}},{"hash":"d9a86d98d70cf9c31ac9fcffd37763dd1ab6cbe7","messageTitle":"Update index.md","messageBody":"","fileTypesAndContributionMap":{"docs":{"insertions":2,"deletions":2}}},{"hash":"86d2a42df2d0d24a81b47f6f99554e784409bb81","messageTitle":"Update index.md","messageBody":"","fileTypesAndContributionMap":{"docs":{"insertions":1,"deletions":1}}},{"hash":"364a82a380d9cbd8b7ed844f2b5e78aec22a59da","messageTitle":"Update AboutUs with personal details","messageBody":"","fileTypesAndContributionMap":{"docs":{"insertions":19,"deletions":1}}},{"hash":"9ef8dcf7c48033346dcf4d2a52fef45a5ec1ef18","messageTitle":"Fix trailing whitespace","messageBody":"","fileTypesAndContributionMap":{"docs":{"insertions":2,"deletions":2}}},{"hash":"58242c40dd2fd9dca9b6d5bd2b1fa7d8f4ce8c01","messageTitle":"Update PPP","messageBody":"","fileTypesAndContributionMap":{"docs":{"insertions":1,"deletions":1}}},{"hash":"f52014b08b972441b818bac7b49836fcd4aa64db","messageTitle":"Update AboutUs with personal details","messageBody":"","fileTypesAndContributionMap":{"docs":{"insertions":10,"deletions":0}}},{"hash":"0227b009bae2abd66150948fb845ef2d90691aed","messageTitle":"Fix trailing whitespace","messageBody":"","fileTypesAndContributionMap":{"docs":{"insertions":1,"deletions":1}}},{"hash":"629747fa1dd87951409feadffd79d4a1fbb23c83","messageTitle":"Update PPP","messageBody":"","fileTypesAndContributionMap":{"docs":{"insertions":0,"deletions":10}}}]},{"date":"2022-10-02","commitResults":[{"hash":"f169965430917a49f616012e30cc3a43af227c53","messageTitle":"Update project documentation","messageBody":"- Update Developer Guide glossary to include hospital staff/administrator.\n- Update User Guide to include `count`, and standardise references of\n  `person(s)` to `patient(s)`.\n- Update CI Status and CodeCov badges in `index.md`.\n- Update PPP with contribution details.\n","fileTypesAndContributionMap":{"docs":{"insertions":41,"deletions":16}}},{"hash":"912406af725c023cf8e6f5874d207c23b5a19a37","messageTitle":"Update index.md to replace AB3 details with checkUp","messageBody":"","fileTypesAndContributionMap":{"docs":{"insertions":4,"deletions":4}}}]},{"date":"2022-10-09","commitResults":[{"hash":"dbc7088d6156decc8289b3af4f2a6604db692185","messageTitle":"Create count command, add related test","messageBody":"","fileTypesAndContributionMap":{"functional-code":{"insertions":42,"deletions":0},"test-code":{"insertions":26,"deletions":0}}},{"hash":"25d739f2defd293c251dd3a8bb534908d5b390e6","messageTitle":"Add newline","messageBody":"","fileTypesAndContributionMap":{"test-code":{"insertions":1,"deletions":1}}},{"hash":"0ae7c914f0b89b68e7c60134417f10a82df13990","messageTitle":"Fix import order","messageBody":"","fileTypesAndContributionMap":{"test-code":{"insertions":3,"deletions":3}}}]},{"date":"2022-10-11","commitResults":[{"hash":"29b118b630fb31b26adbc9a017d62175b188295d","messageTitle":"Add CodeCov badge to README","messageBody":"","fileTypesAndContributionMap":{"docs":{"insertions":1,"deletions":0}}},{"hash":"8a6c1e7028fc6693005f23aaff037f969effb0bf","messageTitle":"Update responsibilities in AboutUs","messageBody":"","fileTypesAndContributionMap":{"docs":{"insertions":7,"deletions":4}}},{"hash":"4ba387d155f973d0ecc22ca9bb607cd035171bb4","messageTitle":"Create Appointment classes","messageBody":"","fileTypesAndContributionMap":{"functional-code":{"insertions":85,"deletions":0}}},{"hash":"53615c781702bd39ab2a2f1d47aae2a461b07012","messageTitle":"Create enum for types of appointment","messageBody":"","fileTypesAndContributionMap":{"functional-code":{"insertions":38,"deletions":0}}}]},{"date":"2022-10-12","commitResults":[{"hash":"ef20528e4d716245d59e60e769aa36845130e219","messageTitle":"Initialise Appointment creation","messageBody":"Right now, patients have a medication field attached to them. There\nis no proper use of this field, and we should aim to replace it\nwith \"Upcoming Appointment\" and \"Past Appointment\" fields. For this\nto be possible, we need to create the relevent Appointment classes.\n\nAs such, the following changes are recommended:\n- Create abstract Appointment class\n- Create enum to differentiate between types of appointments\n- Create PastAppointment and UpcomingAppointment classes\n- Add parsing instructions for PastAppointments\n\nCurrently, PastAppointments aren\u0027t tagged to a person, and this will\nbe fixed in a future commit. Future commits will also address\nparsing instructions for UpcomingAppointment.\n","fileTypesAndContributionMap":{"functional-code":{"insertions":146,"deletions":6}}}]},{"date":"2022-10-13","commitResults":[{"hash":"ac8c1a609853415b0800db72ae44ade080dc2d39","messageTitle":"Add created PastAppointments to Person","messageBody":"","fileTypesAndContributionMap":{"functional-code":{"insertions":36,"deletions":4}}},{"hash":"2fddfff4dbb25a5e777421c9e1ec7da3b5a99f2e","messageTitle":"Add PastAppointments to UI, fix UI styling","messageBody":"","fileTypesAndContributionMap":{"functional-code":{"insertions":6,"deletions":2}}},{"hash":"8d817003a72a8f5dc7261e100715aaede8354b80","messageTitle":"Create appointment field","messageBody":"","fileTypesAndContributionMap":{"functional-code":{"insertions":2,"deletions":0}}},{"hash":"d71dc4ba6271997515765fcb441e3203fbb47aa5","messageTitle":"Better abstraction","messageBody":"","fileTypesAndContributionMap":{"functional-code":{"insertions":1,"deletions":1}}},{"hash":"275f1fb07ae8c7929c7bb08ed79492da8260f320","messageTitle":"Implement storage of PastAppointments","messageBody":"- Create JsonAdaptedPastAppointment for a Jackson-friendly model\n  of storage\n- Update source code and test code to reflect this change\n","fileTypesAndContributionMap":{"functional-code":{"insertions":118,"deletions":16},"test-code":{"insertions":36,"deletions":10}}},{"hash":"7abe392f8cf1042e42781485088566584665802d","messageTitle":"Update sample data to include PastAppointments","messageBody":"","fileTypesAndContributionMap":{"functional-code":{"insertions":2,"deletions":2},"test-code":{"insertions":2,"deletions":1}}},{"hash":"11fbcac9981d3883971ee4c84ca3e5512bffb390","messageTitle":"Fix checkstyle issues","messageBody":"","fileTypesAndContributionMap":{"test-code":{"insertions":24,"deletions":11}}}]},{"date":"2022-10-14","commitResults":[{"hash":"22ea29fc2dc98f199f1fc89016dc46c360ec7cfa","messageTitle":"Implement UpcomingAppointments in UI","messageBody":"- Modify all classes that are affected as encessary\n- Update UI model to include UpcomingAppointments\n- Add unit test for invalid UpcomingAppointment\n","fileTypesAndContributionMap":{"functional-code":{"insertions":136,"deletions":17},"test-code":{"insertions":48,"deletions":16}}},{"hash":"322bfbf56590dc4430fe4213e59ded586b492d46","messageTitle":"Remove unused imports","messageBody":"","fileTypesAndContributionMap":{"functional-code":{"insertions":0,"deletions":2}}}]},{"date":"2022-10-16","commitResults":[{"hash":"29145ab31ae6f3626f1f25a9f6184b3fd0923dc1","messageTitle":"Fix date format inconsistency","messageBody":"Currently, there is an issue with date formats where some code has\nthe requirement listed as \"ddMMyy\" and some code has it lasted as\n\"dd-MM-yyyy\". This needs to be standardised, and hence:\n\n- Change all instances of \"ddMMyy\" to \"dd-MM-yyyy\"\n- Update test clauses to reflect this\n- This also has the added advantage of allowing dates before\n  01-01-2000 to be added (thanks to @nehcuy for noticing!)\n","fileTypesAndContributionMap":{"functional-code":{"insertions":20,"deletions":15},"test-code":{"insertions":5,"deletions":4}}},{"hash":"83cf798045947a7fd44048c0ec9a18aa03f231f9","messageTitle":"Update UserGuide with Appointment details","messageBody":"- Also update documentation for \"Exit\", \"Saving data\" and \"Editing\n  the saved data file\" headings.\n","fileTypesAndContributionMap":{"docs":{"insertions":68,"deletions":37}}}]},{"date":"2022-10-17","commitResults":[{"hash":"3600f784f4fc7699e64051a54caef690885a0636","messageTitle":"Enable assertions, rename .jar filename","messageBody":"","fileTypesAndContributionMap":{"other":{"insertions":5,"deletions":1}}}]},{"date":"2022-10-21","commitResults":[{"hash":"272a40e2131db89b55fb4e1b88ae21ab47f63aa5","messageTitle":"Add appt documentation, fix date parsing for appts","messageBody":"- Add basic documentation for appt to Developer Guide\n- Move UpcomingAppointment#isValidDate() to Appointment so that it\n  can be used for parsing PastAppointments too.\n- Check for the presence of date and/or diagnosis tags when past\n  and/or upcoming appointments are generated.\n","fileTypesAndContributionMap":{"functional-code":{"insertions":37,"deletions":23},"docs":{"insertions":22,"deletions":0}}}]},{"date":"2022-10-22","commitResults":[{"hash":"f56f39226cf624055a0091e0ebd2763baf1ce3da","messageTitle":"Create class diagram for Appointments","messageBody":"","fileTypesAndContributionMap":{"docs":{"insertions":57,"deletions":0}}},{"hash":"e08ec4851930207b99c7e88178098d0664604548","messageTitle":"Update dev guide with object and class diagrams","messageBody":"The diagrams are referenced during sample usage of the Appointment\nfeature.\n","fileTypesAndContributionMap":{"docs":{"insertions":181,"deletions":44}}},{"hash":"9227313aaa17eafba966bb779a0fae5f9121872e","messageTitle":"Fix checkstyle issues","messageBody":"","fileTypesAndContributionMap":{"docs":{"insertions":9,"deletions":9}}},{"hash":"3f844020c50f8c26e7194985aed1e073c39b02cf","messageTitle":"Add missing newline between diagram and text","messageBody":"","fileTypesAndContributionMap":{"docs":{"insertions":1,"deletions":0}}},{"hash":"4960b44fab3b9c416a833f4afd5189e398dbc82c","messageTitle":"Remove unintended method added during merge conflict resolution","messageBody":"","fileTypesAndContributionMap":{"functional-code":{"insertions":0,"deletions":15}}},{"hash":"4f5d2e0db96ca077f4109b906d76878f017935f2","messageTitle":"Update version number","messageBody":"","fileTypesAndContributionMap":{"functional-code":{"insertions":1,"deletions":1}}}]},{"date":"2022-10-24","commitResults":[{"hash":"7f9f15e5e6c9ada318c51250605ffb2f47dcf0f6","messageTitle":"Refactor code for better SLAP","messageBody":"","fileTypesAndContributionMap":{"functional-code":{"insertions":33,"deletions":6}}},{"hash":"a1f0f43875fd72d69a9837fbe8122a25cf2ac0ec","messageTitle":"Refactor CountCommand to create new window","messageBody":"The count command needs to be expanded to show census statistics\nfrom the application, and hence having its own window would be\nhelpful to save users from incessant scrolling. Hence,\n\n- Create new files for CountWindow (.java, .fxml, .css)\n- Refactor logic, model and medication to integrate CountWindow\n- Update unit tests to reflect new changes\n\nAdditional changes:\n- Remove AppointmentType enum as it will be unused\n- Shift conversion of medication set to Person.java for better SLAP\n","fileTypesAndContributionMap":{"functional-code":{"insertions":280,"deletions":57},"test-code":{"insertions":27,"deletions":3}}},{"hash":"a70fee11cd57406e30f396f7c4c2dfe550db7544","messageTitle":"Remove unused method","messageBody":"","fileTypesAndContributionMap":{"functional-code":{"insertions":0,"deletions":11},"test-code":{"insertions":0,"deletions":5}}},{"hash":"446b9cb1d128335af42041c8417ea5a488409527","messageTitle":"Restructure Medication::getMedicationMap, remove unused parameter","messageBody":"","fileTypesAndContributionMap":{"functional-code":{"insertions":10,"deletions":14},"test-code":{"insertions":3,"deletions":3}}}]},{"date":"2022-10-25","commitResults":[{"hash":"ac1395e169c6f48c16d9aa1a60d4b78177977fa0","messageTitle":"Shift UI, add unit tests for past appointments","messageBody":"","fileTypesAndContributionMap":{"functional-code":{"insertions":49,"deletions":28},"test-code":{"insertions":82,"deletions":4}}},{"hash":"fb4fe7492692964475a66afa5c8bedb4736ffbdf","messageTitle":"Fix checkstyle issues","messageBody":"","fileTypesAndContributionMap":{"functional-code":{"insertions":4,"deletions":3}}},{"hash":"6a5fbd5632a4e131a1425e1e3da34048e17fcc32","messageTitle":"Fix failing test cases caused by improper teardown","messageBody":"","fileTypesAndContributionMap":{"functional-code":{"insertions":7,"deletions":0},"test-code":{"insertions":9,"deletions":3}}}]},{"date":"2022-10-26","commitResults":[{"hash":"04824992e2af80e9bab09a448a9234647b0b62a1","messageTitle":"Fix updating of census on patient deletion","messageBody":"","fileTypesAndContributionMap":{"functional-code":{"insertions":19,"deletions":0}}}]},{"date":"2022-10-27","commitResults":[{"hash":"7451f07d8e2f4d780817b77eedd0a12c708418f6","messageTitle":"Refactor static Medication map object","messageBody":"The map persisted whenever new AddressBook objects were\ninitialised and this led to inconsistencies from certain commands.\n\nHence.\n- Refactor static map object into MedicationMap.java\n- Update dependencies to use new class\n- Update relevant test cases\n","fileTypesAndContributionMap":{"functional-code":{"insertions":120,"deletions":47},"test-code":{"insertions":8,"deletions":2}}},{"hash":"cec69c7e9ea78c6a3cdd6951a5023b509f2cc5c8","messageTitle":"Rename methods and refactor spacer in MedicationMap for readability","messageBody":"","fileTypesAndContributionMap":{"functional-code":{"insertions":24,"deletions":13},"test-code":{"insertions":2,"deletions":4}}},{"hash":"40e682a6b55980e46f096f8112c09982574c653a","messageTitle":"Fix incorrect variable name","messageBody":"","fileTypesAndContributionMap":{"functional-code":{"insertions":3,"deletions":3}}},{"hash":"7631c753a5df728c047541f5d64e0c7918723b15","messageTitle":"Fix UI bug, add support for no upcoming appointment","messageBody":"","fileTypesAndContributionMap":{"functional-code":{"insertions":32,"deletions":5}}},{"hash":"745092409d96172126c48563d007e235e3c00bf3","messageTitle":"Add support for empty UpcomingAppointment date strings in json","messageBody":"","fileTypesAndContributionMap":{"functional-code":{"insertions":1,"deletions":1}}},{"hash":"c568bd91641fbf5b35f9d8e571aeab45de6eb331","messageTitle":"Remove unnecessary console logging statement","messageBody":"","fileTypesAndContributionMap":{"functional-code":{"insertions":0,"deletions":1}}},{"hash":"577292b5c021d7bbdedff4edafd15ad00c1f757d","messageTitle":"Style PersonViewPanel, fix critical bug","messageBody":"Critical bug: On editing a person, their past appointments were\ndeleted. This was due to the wrong person object\u0027s fields being\naccessed to pull past appointments from.\n","fileTypesAndContributionMap":{"functional-code":{"insertions":41,"deletions":29},"test-code":{"insertions":3,"deletions":5}}}]},{"date":"2022-10-28","commitResults":[{"hash":"cf2579e666895af9d5c8874377b6d3d9fa839afd","messageTitle":"Fix checkstyle issues","messageBody":"","fileTypesAndContributionMap":{"test-code":{"insertions":0,"deletions":1}}},{"hash":"1112e7f1571a355a426e942c16a5de83a12b55a0","messageTitle":"Update User Guide for v1.3.1","messageBody":"Additionally, catch error when the \"delappt\" command is used on\npatients with no past appointments.\n","fileTypesAndContributionMap":{"functional-code":{"insertions":8,"deletions":2},"docs":{"insertions":60,"deletions":12}}},{"hash":"8baae6f98f6a2f8ba4b265d74f2d1ad513f112e2","messageTitle":"Update UG","messageBody":"","fileTypesAndContributionMap":{"docs":{"insertions":16,"deletions":13}}},{"hash":"2de1d3e8df14b5907a78a74bbb2c6afcef772e51","messageTitle":"Remove unused import","messageBody":"","fileTypesAndContributionMap":{"functional-code":{"insertions":0,"deletions":1}}},{"hash":"953ff3f3b7923783940c0adab730fe50906fde64","messageTitle":"Fix incorrect command prefix","messageBody":"","fileTypesAndContributionMap":{"docs":{"insertions":1,"deletions":1}}},{"hash":"371b79f4dfdeb157b6314c8bfe6304c6e55e2425","messageTitle":"Add table of contents to UG","messageBody":"","fileTypesAndContributionMap":{"docs":{"insertions":9,"deletions":3}}},{"hash":"d66480b1e7e81838f0dc176b7485af9b92fad7e4","messageTitle":"Add clickability info to UG","messageBody":"","fileTypesAndContributionMap":{"docs":{"insertions":4,"deletions":0}}},{"hash":"c9661a395ab9ee0b317af5488f314ef613a80e78","messageTitle":"Update application logo","messageBody":"","fileTypesAndContributionMap":{"functional-code":{"insertions":3,"deletions":3},"docs":{"insertions":2,"deletions":2},"test-code":{"insertions":2,"deletions":2}}},{"hash":"ee3dc44a3e0df6789e1c8566fc83bd52f52c90ac","messageTitle":"Add banner to UG","messageBody":"","fileTypesAndContributionMap":{"docs":{"insertions":41,"deletions":31}}},{"hash":"c289b38117675f45a94096f229ba2467f82a3f74","messageTitle":"Update startup instructions","messageBody":"","fileTypesAndContributionMap":{"docs":{"insertions":6,"deletions":6}}}]},{"date":"2022-10-29","commitResults":[{"hash":"c5b0d8a3804a364b285a4fe17e51f70f9d736a72","messageTitle":"Remove status bar","messageBody":"","fileTypesAndContributionMap":{"functional-code":{"insertions":51,"deletions":96}}},{"hash":"e7348650d6254a94447e2e35b4d50ad21b827c51","messageTitle":"Create table for symbols used in UG","messageBody":"","fileTypesAndContributionMap":{"docs":{"insertions":9,"deletions":5}}},{"hash":"19bce3d9680df9ec585d37959e7c805373950b05","messageTitle":"Create parameter lists for add and edit commands","messageBody":"","fileTypesAndContributionMap":{"docs":{"insertions":51,"deletions":15}}},{"hash":"9e0e87bed1aa422d9a068fefea43ac168fcb6203","messageTitle":"Shift table of contents below introductory text","messageBody":"","fileTypesAndContributionMap":{"docs":{"insertions":4,"deletions":2}}},{"hash":"350ebb9896d00057d69daf0269b72b77db462cd7","messageTitle":"Revert last commit","messageBody":"","fileTypesAndContributionMap":{"docs":{"insertions":2,"deletions":4}}},{"hash":"2953891a16246325c2d5dd0aa19369d15b5d52a2","messageTitle":"Fix formatting for symbols\u0027 table","messageBody":"","fileTypesAndContributionMap":{"docs":{"insertions":1,"deletions":0}}},{"hash":"3898e60fa437fdb1ee6dacb5594d53742eac5678","messageTitle":"Rework glossary table, move Ui.png back","messageBody":"","fileTypesAndContributionMap":{"docs":{"insertions":5,"deletions":5}}}]},{"date":"2022-10-30","commitResults":[{"hash":"69c8095bbf1bd0cdfac81d690b008848307530e5","messageTitle":"Fix vocabulary","messageBody":"","fileTypesAndContributionMap":{"docs":{"insertions":33,"deletions":19}}},{"hash":"6a8529b7f0233545cc3feafd673dd67f0cb3722c","messageTitle":"Remove expandible tabs, fix formatting issues","messageBody":"","fileTypesAndContributionMap":{"docs":{"insertions":26,"deletions":72}}},{"hash":"bc5b1e069d952811760aa2cb586e6894f2ffa6e3","messageTitle":"Fix broken headers","messageBody":"","fileTypesAndContributionMap":{"docs":{"insertions":10,"deletions":10}}},{"hash":"3d805d9bdff95994ecd5f956128d7ea5f365a426","messageTitle":"Add emojis for nuclear commands [delete, clear]","messageBody":"","fileTypesAndContributionMap":{"docs":{"insertions":10,"deletions":9}}},{"hash":"7af24cd074e76f449a77853b44f6cacdd46a97d1","messageTitle":"Add span boxes for dangerous commands","messageBody":"","fileTypesAndContributionMap":{"docs":{"insertions":20,"deletions":2}}},{"hash":"c87a0e5ebd785840ba2b33e4eacaabb1f8b8a141","messageTitle":"Update content","messageBody":"","fileTypesAndContributionMap":{"docs":{"insertions":11,"deletions":6}}},{"hash":"fd5c9a606d8191e41bee7eb52e6d0a3a49129a0f","messageTitle":"Fix formatting","messageBody":"","fileTypesAndContributionMap":{"docs":{"insertions":2,"deletions":2}}},{"hash":"4d2a76ce25461f94bf7e8f236ff55f9210124fbe","messageTitle":"Fix incorrect HTML tag parsing","messageBody":"","fileTypesAndContributionMap":{"docs":{"insertions":2,"deletions":2}}},{"hash":"657093e94d84ec5dfc45aeb939c3465c7deb2367","messageTitle":"Remove undesired headers in ToC","messageBody":"","fileTypesAndContributionMap":{"docs":{"insertions":16,"deletions":8}}},{"hash":"69796ee9a412e2e59f47eda1eb6b7be729bfaa84","messageTitle":"Write basic tests for static methods in Appointment class","messageBody":"","fileTypesAndContributionMap":{"functional-code":{"insertions":1,"deletions":1},"test-code":{"insertions":40,"deletions":0}}}]},{"date":"2022-10-31","commitResults":[{"hash":"aadd3484792c303a2eff635cbb47495ea3f8cfb3","messageTitle":"Add tests for Appointment and PastAppointment classes","messageBody":"","fileTypesAndContributionMap":{"functional-code":{"insertions":3,"deletions":0},"test-code":{"insertions":186,"deletions":3}}},{"hash":"1a5b216ded54a7b2d3d2f0c123d6ede46fac3161","messageTitle":"Add further tests for PastAppointment","messageBody":"","fileTypesAndContributionMap":{"test-code":{"insertions":45,"deletions":1}}},{"hash":"6176d118d18e75b5b097811da34d7eb1a32befda","messageTitle":"Add tests for UpcomingAppointment","messageBody":"","fileTypesAndContributionMap":{"test-code":{"insertions":41,"deletions":0}}},{"hash":"50e3d2b98be397c0c3a9446bbd6d34769df931c4","messageTitle":"Add tests for MedicationMap and CreatePastAppointmentCommandParser","messageBody":"","fileTypesAndContributionMap":{"test-code":{"insertions":76,"deletions":0}}},{"hash":"965465edfecc7758412c21aaaab9eb1aa3cd6d1d","messageTitle":"Add tests for SampleDataUtil","messageBody":"","fileTypesAndContributionMap":{"test-code":{"insertions":15,"deletions":0}}},{"hash":"2c7ec880fb40ffa8ede621c062188cd9db555bde","messageTitle":"Fix order of import statements","messageBody":"","fileTypesAndContributionMap":{"test-code":{"insertions":2,"deletions":2}}},{"hash":"bfc40a290194e5b490891fa0d9f352bda145eb50","messageTitle":"Add tests for appointment-related classes","messageBody":"","fileTypesAndContributionMap":{"test-code":{"insertions":43,"deletions":2}}},{"hash":"6be300b08904aaf3022970031f49105702c344e4","messageTitle":"Annotate conditions, add toString tests","messageBody":"","fileTypesAndContributionMap":{"test-code":{"insertions":12,"deletions":0}}},{"hash":"77b236c3355d05ff2841678bce730516d7c3af0d","messageTitle":"Add toString tests for MedicationMap","messageBody":"","fileTypesAndContributionMap":{"test-code":{"insertions":40,"deletions":4}}},{"hash":"3df9f6cdedee3d40178c8dac41deca38c869e023","messageTitle":"Increase coverage for PastAppointment class","messageBody":"","fileTypesAndContributionMap":{"test-code":{"insertions":24,"deletions":0}}},{"hash":"ebd96c526fefea90b8e9a51fffb4ea8ae9b827b1","messageTitle":"Fix incorrect capitalisation","messageBody":"","fileTypesAndContributionMap":{"test-code":{"insertions":1,"deletions":1}}},{"hash":"dd65920bb13b40642f7b4fc0ea2c3fbd2b792b0a","messageTitle":"Add negative test case for CreatePastAppointmentCommand#execute()","messageBody":"","fileTypesAndContributionMap":{"test-code":{"insertions":15,"deletions":10}}},{"hash":"12e84178bbd171b605ae34b512d3b27da1a94e43","messageTitle":"Add test for CountCommand#equals()","messageBody":"","fileTypesAndContributionMap":{"test-code":{"insertions":10,"deletions":1}}},{"hash":"ac7d90988c621f52ed4505319b3526dc10a89a01","messageTitle":"Add tests for CreatePastAppointmentCommandParser","messageBody":"","fileTypesAndContributionMap":{"test-code":{"insertions":34,"deletions":2}}}]},{"date":"2022-11-01","commitResults":[{"hash":"97308aaca889b313fd20005a8e7f75c4ab95d9b3","messageTitle":"Add tests for CreatePastAppointmentCommandParser","messageBody":"","fileTypesAndContributionMap":{"test-code":{"insertions":11,"deletions":0}}},{"hash":"939d8f8443a86db72de7e7ca46faa980ee456d87","messageTitle":"Add tests for MedicationMap","messageBody":"","fileTypesAndContributionMap":{"functional-code":{"insertions":7,"deletions":0},"test-code":{"insertions":41,"deletions":0}}},{"hash":"98d3010e011e32d6166d543463b39ec9393b7f40","messageTitle":"Add tests for Medication and annotate equals() tests","messageBody":"","fileTypesAndContributionMap":{"test-code":{"insertions":20,"deletions":6}}},{"hash":"cd167b636f6f4590bf2431ed1e1d4465bc2c2561","messageTitle":"Update PPP","messageBody":"","fileTypesAndContributionMap":{"docs":{"insertions":4,"deletions":0}}},{"hash":"4a8ab5de3b02e0775a843929ddd845f9591f258f","messageTitle":"Remove Find command","messageBody":"","fileTypesAndContributionMap":{"functional-code":{"insertions":0,"deletions":79},"docs":{"insertions":2,"deletions":2},"test-code":{"insertions":0,"deletions":131}}},{"hash":"8a83bde32fd224adb2441b2c08b349db689ec24d","messageTitle":"Remove latent feature proposal","messageBody":"","fileTypesAndContributionMap":{"docs":{"insertions":0,"deletions":102}}},{"hash":"723e253a136c44436bff216c15245043e9f9b90c","messageTitle":"Add general introduction and acknowledgements","messageBody":"","fileTypesAndContributionMap":{"docs":{"insertions":42,"deletions":7}}}]},{"date":"2022-11-02","commitResults":[{"hash":"2e624a50c1843bc34e3bc27a25db1d0677bb7101","messageTitle":"Update tests for better code quality","messageBody":"","fileTypesAndContributionMap":{"test-code":{"insertions":94,"deletions":58}}},{"hash":"d831cd14639f7b889aa52b2e8f7ea9b9c9aa5860","messageTitle":"Add basic sequence diagram for PastAppointment creation","messageBody":"","fileTypesAndContributionMap":{"docs":{"insertions":74,"deletions":0}}},{"hash":"c290124e34ea68f4dda38aac9e4e12c7cd296b5a","messageTitle":"Add newline at EOF","messageBody":"","fileTypesAndContributionMap":{"docs":{"insertions":2,"deletions":1}}},{"hash":"8930754f7e67b56e17040c330358088beeffbf10","messageTitle":"Add newline at EOF","messageBody":"","fileTypesAndContributionMap":{"docs":{"insertions":1,"deletions":1}}},{"hash":"1ea15cbae47762bf7eb9915916a1d8c44ed240ae","messageTitle":"Remove incorrect feature specification","messageBody":"","fileTypesAndContributionMap":{"docs":{"insertions":0,"deletions":1}}},{"hash":"1b1f0dc85919546b159990518dffac4327d17937","messageTitle":"Replace correct search feature specification","messageBody":"","fileTypesAndContributionMap":{"docs":{"insertions":2,"deletions":3}}},{"hash":"51e4e76e25803634bc1ec5a1033273acaefbd325","messageTitle":"Fix text duplication bug on printing person","messageBody":"","fileTypesAndContributionMap":{"functional-code":{"insertions":12,"deletions":12}}},{"hash":"a57578d4cf88354902d3fb4b88429258d61ea3ae","messageTitle":"Fix incorrect Optional::get calls","messageBody":"","fileTypesAndContributionMap":{"functional-code":{"insertions":4,"deletions":4}}},{"hash":"6cd51b25e5b4ab25b736c71cb5dabcf0f94cc5ad","messageTitle":"Enable stricter parsing to catch non-existent dates","messageBody":"","fileTypesAndContributionMap":{"functional-code":{"insertions":2,"deletions":1}}},{"hash":"9cbf20b5a6ee21523df7e1cbe2611184b6a9fad8","messageTitle":"Add tests for Appointment::isValidDate changes, update dates to dd-MM-uuuu","messageBody":"","fileTypesAndContributionMap":{"functional-code":{"insertions":19,"deletions":14},"test-code":{"insertions":18,"deletions":5}}},{"hash":"7f25575f6bf62ab134a643aa2dd4c9e9e0d5c98a","messageTitle":"Replace back original date format string shown to users","messageBody":"","fileTypesAndContributionMap":{"functional-code":{"insertions":4,"deletions":3}}}]},{"date":"2022-11-04","commitResults":[{"hash":"a4ac8a57f87be2818f5044509c83fc791d269bae","messageTitle":"Add basic CountCommand description","messageBody":"","fileTypesAndContributionMap":{"functional-code":{"insertions":4,"deletions":15},"docs":{"insertions":39,"deletions":22},"test-code":{"insertions":2,"deletions":7}}}]},{"date":"2022-11-05","commitResults":[{"hash":"dade0fab583f259bdcc024cbed70ca8f45da78ae","messageTitle":"Update Developer Guide","messageBody":"- Update Model description\n- Update Model class diagrams and create Person class diagram\n- Add use cases for appointment feature\n- Add manual testing instructions for appointment feature\n- Update CountCommand feature description\n- Add sequence diagram for CountCommand\n","fileTypesAndContributionMap":{"docs":{"insertions":282,"deletions":47}}},{"hash":"a369d456e90ac6f72f2f4c074cfa1836800689c0","messageTitle":"Add newline at EOF","messageBody":"","fileTypesAndContributionMap":{"docs":{"insertions":1,"deletions":1}}}]},{"date":"2022-11-06","commitResults":[{"hash":"529e0f612ea67fdbf105b05f09f9ccb4277a3da9","messageTitle":"Fix incorrect object in sequence diagram","messageBody":"","fileTypesAndContributionMap":{"docs":{"insertions":5,"deletions":5}}},{"hash":"b676c3666dda6c5f45f06241a548c1046e0ea133","messageTitle":"Fix incorrect arrow direction in UML diagrams","messageBody":"","fileTypesAndContributionMap":{"docs":{"insertions":19,"deletions":19}}},{"hash":"724a152cfcd6ea75018dcab974d072cd89bfab87","messageTitle":"Add email examples to UG","messageBody":"","fileTypesAndContributionMap":{"docs":{"insertions":17,"deletions":13}}},{"hash":"8db549666dd4c7354942abf0a32c220cddda3e7d","messageTitle":"Add user stories related to Appointment and Count features","messageBody":"","fileTypesAndContributionMap":{"docs":{"insertions":3,"deletions":0}}},{"hash":"6562a671fa0d5cac6343e28acd3fca9cb8e38934","messageTitle":"Update PPP","messageBody":"","fileTypesAndContributionMap":{"docs":{"insertions":18,"deletions":14}}},{"hash":"2609f9c40e806519f93c66dd3b68a941ee46e420","messageTitle":"Update field name for diagram","messageBody":"","fileTypesAndContributionMap":{"docs":{"insertions":4,"deletions":4}}},{"hash":"c95e20a22390c35257432596d3164d9f43e7feb8","messageTitle":"Add email format requirements for the edit command","messageBody":"","fileTypesAndContributionMap":{"docs":{"insertions":10,"deletions":5}}},{"hash":"37461086eb84f2af9df9d97c11b98b38d9cef767","messageTitle":"Update incorrect object name","messageBody":"","fileTypesAndContributionMap":{"docs":{"insertions":1,"deletions":1}}}]}],"Ryan-Tan00":[{"date":"2022-10-01","commitResults":[{"hash":"2541cecd98ff9d64e8584f65579d946234ceb0bb","messageTitle":"Update AboutUs","messageBody":"","fileTypesAndContributionMap":{"docs":{"insertions":5,"deletions":5}}},{"hash":"9669c7f3300039d0929b3ce4d46f4f859bf5ae86","messageTitle":"Add skeletal PPP","messageBody":"","fileTypesAndContributionMap":{"docs":{"insertions":22,"deletions":0}}}]},{"date":"2022-10-08","commitResults":[{"hash":"5c663b7b92f618b6ee261c969bac0088c8443773","messageTitle":"Add get /inp and get /outp","messageBody":"Implemented get /inp to get a list of all inpatients and get /outp to\nget a list of outpatients.\n","fileTypesAndContributionMap":{"functional-code":{"insertions":85,"deletions":2}}},{"hash":"64ba32db4468f36fd4cc7d331579e317cd7f5e30","messageTitle":"Fix checkstyle errors","messageBody":"","fileTypesAndContributionMap":{"functional-code":{"insertions":1,"deletions":1}}}]},{"date":"2022-10-16","commitResults":[{"hash":"06cf33431b868b30c9dcc0d7a5b68341cd5100e0","messageTitle":"Add documentation for get /inp and get /outp","messageBody":"","fileTypesAndContributionMap":{"docs":{"insertions":18,"deletions":0}}},{"hash":"52f3f6d09b01699526227f59beb268486446cb33","messageTitle":"Add documentation for edit command","messageBody":"","fileTypesAndContributionMap":{"docs":{"insertions":18,"deletions":2}}}]},{"date":"2022-10-17","commitResults":[{"hash":"0c92a4ccf5430ce088b77228f1b4877931a0fe34","messageTitle":"Edit command summary","messageBody":"","fileTypesAndContributionMap":{"docs":{"insertions":15,"deletions":15}}}]},{"date":"2022-10-18","commitResults":[{"hash":"b7d93608109c4ed5cbdd2f5800af5b63fc4656f9","messageTitle":"Implement rudimentary GetPastAppointmentCommand","messageBody":"Implemented a GetPastAppointmentCommand that prints out the current\nlist of past appointments in the command result.\n\nNeed to add sorting for appointments when they are added to a Person\nobject based on their dates.\nAlso need to create a better GUI to display previous appointments\nrather than displaying it in command results.\n","fileTypesAndContributionMap":{"functional-code":{"insertions":122,"deletions":30}}}]},{"date":"2022-10-21","commitResults":[{"hash":"2ff5c79fa4525ee5a41c117fc71f4eaf54b2aaef","messageTitle":"Edit DeveloperGuide.md","messageBody":"","fileTypesAndContributionMap":{"docs":{"insertions":17,"deletions":12}}}]},{"date":"2022-10-22","commitResults":[{"hash":"12ae002e04577f6ade46ea2da3d864fda6ff7029","messageTitle":"Add sorting for past appointments \u0026 edit developer guide","messageBody":"Adding a past appointment now checks the list if the appointment to be\nadded is more recent than any appointment currently in the appointment\nlist.\n\nAdded the implementation of get /inp and get /outp in the developer\nguide.\n\nFurther optimisation of the sorting for appointments is still required.\n","fileTypesAndContributionMap":{"functional-code":{"insertions":20,"deletions":4},"docs":{"insertions":87,"deletions":2}}},{"hash":"56273e4a65d226b294a28d281060f3b1a6aae622","messageTitle":"Add javadocs \u0026 shift organize import statements","messageBody":"","fileTypesAndContributionMap":{"functional-code":{"insertions":10,"deletions":6}}},{"hash":"aea5ede2b50e6ccfaafe4db069ec38ac8382bb9e","messageTitle":"Edit user stories table formatting","messageBody":"","fileTypesAndContributionMap":{"docs":{"insertions":1,"deletions":5}}}]},{"date":"2022-10-25","commitResults":[{"hash":"707e68a6a18861bce153af4515b22ea3ff1be2fa","messageTitle":"Rearrange GUI panels and add placeholder for detailed person card","messageBody":"Also edited usage message for get /appt.\n","fileTypesAndContributionMap":{"functional-code":{"insertions":26,"deletions":18}}},{"hash":"b578fd845d378fd71f4acc9a2c2b2fb7bea28a2e","messageTitle":"Rearrange GUI panels and add placeholder for detailed person card","messageBody":"Also edited usage message for get /appt.\n","fileTypesAndContributionMap":{"functional-code":{"insertions":2,"deletions":0}}},{"hash":"c0a22651f762bbb9f20b2ea2feb2aa8e3fb323dd","messageTitle":"Rearrange GUI panels and add placeholder for detailed person card","messageBody":"Also edited usage message for get /appt.\n","fileTypesAndContributionMap":{"functional-code":{"insertions":1,"deletions":0}}},{"hash":"766995131e13875a95f80921de2c93030ad31eaa","messageTitle":"Rearrange GUI panels and add placeholder for detailed person card","messageBody":"Also edited usage message for get /appt.\n","fileTypesAndContributionMap":{"functional-code":{"insertions":1,"deletions":1}}}]},{"date":"2022-10-27","commitResults":[{"hash":"4b61036751ce9839e0178fcd6fca5c5e3ff75ec0","messageTitle":"Implement clicking on a person card to get the person view card","messageBody":"Clicking on a person card in the person list panel will now update the\nperson view panel to the person that was clicked on.\n","fileTypesAndContributionMap":{"functional-code":{"insertions":25,"deletions":10}}}]},{"date":"2022-10-29","commitResults":[{"hash":"ef8f66e469a9b8abaf351aebbfad32ea0b4ff082","messageTitle":"Edit UserGuide.md","messageBody":"Edited the introduction paragraph to be more focused toward healthcare\nestablishments.\n\nEdited parameter list to have a restriction column instead of a\ndescription column.\n\nCompressing information to make the user guide more compact (i.e. moving\nup the information about what INDEX is from two pointers to one\nsentence in the description of the command).\n\nEdited the constraint message for ward numbers.\n","fileTypesAndContributionMap":{"functional-code":{"insertions":2,"deletions":2},"docs":{"insertions":60,"deletions":60}}},{"hash":"f4e8226dee0056b9809c4abde1f1c8da38ee062e","messageTitle":"Edit UserGuide.md","messageBody":"Edited the introduction paragraph to be more focused toward healthcare\nestablishments.\n\nEdited parameter list to have a restriction column instead of a\ndescription column.\n\nCompressing information to make the user guide more compact (i.e. moving\nup the information about what INDEX is from two pointers to one\nsentence in the description of the command).\n\nEdited the constraint message for ward numbers.\n","fileTypesAndContributionMap":{"docs":{"insertions":20,"deletions":16}}},{"hash":"86dedd56cca28b1014313ae72a64950dfd32c354","messageTitle":"Edit UserGuide.md","messageBody":"Edited the introduction paragraph to be more focused toward healthcare\nestablishments.\n\nEdited parameter list to have a restriction column instead of a\ndescription column.\n\nCompressing information to make the user guide more compact (i.e. moving\nup the information about what INDEX is from two pointers to one\nsentence in the description of the command).\n\nEdited the constraint message for ward numbers.\n","fileTypesAndContributionMap":{"docs":{"insertions":13,"deletions":13}}},{"hash":"41876bd9bafe920fe9c319f78fe42f13389f7cf0","messageTitle":"Edit UserGuide.md","messageBody":"Edited the introduction paragraph to be more focused toward healthcare\nestablishments.\n\nEdited parameter list to have a restriction column instead of a\ndescription column.\n\nCompressing information to make the user guide more compact (i.e. moving\nup the information about what INDEX is from two pointers to one\nsentence in the description of the command).\n\nEdited the constraint message for ward numbers.\n","fileTypesAndContributionMap":{"docs":{"insertions":95,"deletions":95}}}]},{"date":"2022-11-01","commitResults":[{"hash":"aacded571d5e2ec6e85cf4a3d9628cf0d462cde4","messageTitle":"Update DeveloperGuide.md","messageBody":"Edited all mentions of address book.\n\nChanged hyperlinks to direct to the tp repo instead of AB3 repo.\n","fileTypesAndContributionMap":{"docs":{"insertions":84,"deletions":39}}},{"hash":"636d8d1aa1cb1a635772c4054327e3d10ffa04a0","messageTitle":"Update DeveloperGuide.md","messageBody":"Edited all mentions of address book.\n\nChanged hyperlinks to direct to the tp repo instead of AB3 repo.\n\nEdit get /inp and get /outp to match the format of other get commands.\n\nAdded the implementation of get /appt\n","fileTypesAndContributionMap":{"docs":{"insertions":22,"deletions":15}}},{"hash":"970aae5845bd6ded72a87d396385d1cab9a9f5fb","messageTitle":"Add get command summary table in user guide","messageBody":"Add a get command summary table that lists all predicates, parameters\nand a rough description of every get command.\n\nReplaced all \u003ch4\u003e tags with bolding.\n\nChanged medication in get command to long term medication.\n","fileTypesAndContributionMap":{"docs":{"insertions":41,"deletions":28}}}]},{"date":"2022-11-05","commitResults":[{"hash":"bbdffc23c870cde517379fc8ab15b4915a617ee5","messageTitle":"Consolidate get commands \u0026 add user story","messageBody":"","fileTypesAndContributionMap":{"docs":{"insertions":56,"deletions":56}}},{"hash":"66367b1a25ad30416de6eb45c573e6e80a8fb63a","messageTitle":"Edit Logic component of DeveloperGuide.md","messageBody":"","fileTypesAndContributionMap":{"docs":{"insertions":7,"deletions":2}}},{"hash":"5a5d0c8d552f892fffd6e12b60f0cb037462e25b","messageTitle":"Add manual testing for DeveloperGuide.md","messageBody":"Add sorting patients by patient type.\n\nAdd displaying all past appointments of a patient.\n\nAdd sorting of past appointments.\n","fileTypesAndContributionMap":{"functional-code":{"insertions":0,"deletions":1},"docs":{"insertions":84,"deletions":0}}},{"hash":"a4d4a5320b9ec893078244e99cd235f370778b67","messageTitle":"Fix no newline","messageBody":"","fileTypesAndContributionMap":{"docs":{"insertions":7,"deletions":6}}},{"hash":"4d7f7338723afe590e4be726f9af73b6c799d5a2","messageTitle":"Edit PPP","messageBody":"","fileTypesAndContributionMap":{"docs":{"insertions":9,"deletions":1}}},{"hash":"6c061e19638677723f743fe15b73a68fd5e80289","messageTitle":"Edit DeveloperGuide.md to fix phrasing","messageBody":"","fileTypesAndContributionMap":{"docs":{"insertions":4,"deletions":4}}},{"hash":"117b43f64c6b5809b763f3db0f7b686a575e06f4","messageTitle":"Edit PPP","messageBody":"","fileTypesAndContributionMap":{"docs":{"insertions":30,"deletions":9}}},{"hash":"84f2c4029483bd747d24a4f1c0aeb39d2f05c1f5","messageTitle":"Edit PPP","messageBody":"","fileTypesAndContributionMap":{"docs":{"insertions":25,"deletions":3}}}]},{"date":"2022-11-06","commitResults":[{"hash":"f68a82d8898a500e27594d31da7cba02534227f7","messageTitle":"Edit PPP","messageBody":"","fileTypesAndContributionMap":{"docs":{"insertions":1,"deletions":1}}},{"hash":"cd8f79ed082aaea1716d1ee000b5137d3619166e","messageTitle":"Edit DeveloperGuide.md","messageBody":"","fileTypesAndContributionMap":{"docs":{"insertions":1,"deletions":1}}},{"hash":"f9c70103bdaf2f91de4f420e395b6008df7edf32","messageTitle":"Edit DeveloperGuide.md","messageBody":"","fileTypesAndContributionMap":{"docs":{"insertions":13,"deletions":25}}},{"hash":"81fd0676c429a7d39ca4f208332e6ec15e0d6329","messageTitle":"Edit DeveloperGuide.md","messageBody":"","fileTypesAndContributionMap":{"docs":{"insertions":9,"deletions":9}}}]}]},"authorFileTypeContributionMap":{"nehcuy":{"docs":248,"functional-code":684,"test-code":1334},"Charles1026":{"docs":1328,"functional-code":1670,"test-code":882},"PeiYee88":{"docs":440,"functional-code":803,"test-code":1060,"other":1},"kxrt":{"docs":773,"functional-code":1013,"test-code":864,"other":5},"Ryan-Tan00":{"docs":463,"functional-code":243,"test-code":0}},"authorContributionVariance":{"nehcuy":22144.664,"Charles1026":110156.01,"PeiYee88":39494.77,"kxrt":21636.664,"Ryan-Tan00":5773.805},"authorDisplayNameMap":{"nehcuy":"CS2103T-W16-3 HUAN..CHEN","Charles1026":"CS2103T-W16-3 XIAO..EHAO","PeiYee88":"CS2103T-W16-3 CHEN.. YEE","kxrt":"CS2103T-W16-3 KART..KEYA","Ryan-Tan00":"CS2103T-W16-3 RYAN.. WEI"}}
