[{"path":"docs/team/guowei42.md","fileType":"docs","lines":[{"lineNumber":1,"author":{"gitId":"guowei42"},"content":"---","lastModifiedDate":"2022-09-27"},{"lineNumber":2,"author":{"gitId":"guowei42"},"content":"layout: page","lastModifiedDate":"2022-09-27"},{"lineNumber":3,"author":{"gitId":"guowei42"},"content":"title: Guo Wei\u0027s Project Portfolio Page","lastModifiedDate":"2022-09-27"},{"lineNumber":4,"author":{"gitId":"guowei42"},"content":"---","lastModifiedDate":"2022-09-27"},{"lineNumber":5,"author":{"gitId":"guowei42"},"content":"","lastModifiedDate":"2022-09-27"},{"lineNumber":6,"author":{"gitId":"guowei42"},"content":"### Project: AddressBook Level 3","lastModifiedDate":"2022-09-27"},{"lineNumber":7,"author":{"gitId":"guowei42"},"content":"","lastModifiedDate":"2022-09-27"},{"lineNumber":8,"author":{"gitId":"guowei42"},"content":"AddressBook - Level 3 is a desktop address book application used for teaching Software Engineering principles. The user interacts with it using a CLI, and it has a GUI created with JavaFX. It is written in Java, and has about 10 kLoC.","lastModifiedDate":"2022-09-27"},{"lineNumber":9,"author":{"gitId":"guowei42"},"content":"","lastModifiedDate":"2022-09-27"},{"lineNumber":10,"author":{"gitId":"guowei42"},"content":"Given below are my contributions to the project.","lastModifiedDate":"2022-09-27"},{"lineNumber":11,"author":{"gitId":"guowei42"},"content":"","lastModifiedDate":"2022-09-27"},{"lineNumber":12,"author":{"gitId":"guowei42"},"content":"* **New Feature**: _{WIP}_","lastModifiedDate":"2022-09-27"},{"lineNumber":13,"author":{"gitId":"guowei42"},"content":"* **New Feature**: _{WIP}_","lastModifiedDate":"2022-09-27"},{"lineNumber":14,"author":{"gitId":"guowei42"},"content":"* **Code contributed**: [RepoSense link](https://nus-cs2103-ay2223s1.github.io/tp-dashboard/?search\u003dguowei42\u0026breakdown\u003dtrue)","lastModifiedDate":"2022-09-27"},{"lineNumber":15,"author":{"gitId":"guowei42"},"content":"","lastModifiedDate":"2022-09-27"},{"lineNumber":16,"author":{"gitId":"guowei42"},"content":"* **Project management**:","lastModifiedDate":"2022-09-27"},{"lineNumber":17,"author":{"gitId":"guowei42"},"content":"    * _{WIP}_","lastModifiedDate":"2022-09-27"},{"lineNumber":18,"author":{"gitId":"guowei42"},"content":"","lastModifiedDate":"2022-09-27"},{"lineNumber":19,"author":{"gitId":"guowei42"},"content":"* **Enhancements to existing features**:","lastModifiedDate":"2022-09-27"},{"lineNumber":20,"author":{"gitId":"guowei42"},"content":"    * _{WIP}_","lastModifiedDate":"2022-09-27"},{"lineNumber":21,"author":{"gitId":"guowei42"},"content":"","lastModifiedDate":"2022-09-27"},{"lineNumber":22,"author":{"gitId":"guowei42"},"content":"* **Documentation**:","lastModifiedDate":"2022-09-27"},{"lineNumber":23,"author":{"gitId":"guowei42"},"content":"    * User Guide:","lastModifiedDate":"2022-09-27"},{"lineNumber":24,"author":{"gitId":"guowei42"},"content":"        * _{WIP}_","lastModifiedDate":"2022-09-27"},{"lineNumber":25,"author":{"gitId":"guowei42"},"content":"    * Developer Guide:","lastModifiedDate":"2022-09-27"},{"lineNumber":26,"author":{"gitId":"guowei42"},"content":"        * _{WIP}_","lastModifiedDate":"2022-09-27"},{"lineNumber":27,"author":{"gitId":"guowei42"},"content":"","lastModifiedDate":"2022-09-27"},{"lineNumber":28,"author":{"gitId":"guowei42"},"content":"* **Community**:","lastModifiedDate":"2022-09-27"},{"lineNumber":29,"author":{"gitId":"guowei42"},"content":"    * _{WIP}_","lastModifiedDate":"2022-09-27"},{"lineNumber":30,"author":{"gitId":"guowei42"},"content":"","lastModifiedDate":"2022-09-27"},{"lineNumber":31,"author":{"gitId":"guowei42"},"content":"* **Tools**:","lastModifiedDate":"2022-09-27"},{"lineNumber":32,"author":{"gitId":"guowei42"},"content":"    * _{WIP}_","lastModifiedDate":"2022-09-27"},{"lineNumber":33,"author":{"gitId":"guowei42"},"content":"","lastModifiedDate":"2022-09-27"}],"authorContributionMap":{"guowei42":33}},{"path":"docs/team/kjunwei.md","fileType":"docs","lines":[{"lineNumber":1,"author":{"gitId":"KJunWei"},"content":"---","lastModifiedDate":"2022-09-27"},{"lineNumber":2,"author":{"gitId":"KJunWei"},"content":"layout: page","lastModifiedDate":"2022-09-27"},{"lineNumber":3,"author":{"gitId":"KJunWei"},"content":"title: Khor Jun Wei\u0027s Project Portfolio Page","lastModifiedDate":"2022-09-27"},{"lineNumber":4,"author":{"gitId":"KJunWei"},"content":"---","lastModifiedDate":"2022-09-27"},{"lineNumber":5,"author":{"gitId":"KJunWei"},"content":"","lastModifiedDate":"2022-09-27"},{"lineNumber":6,"author":{"gitId":"KJunWei"},"content":"### Project: TAB","lastModifiedDate":"2022-09-27"},{"lineNumber":7,"author":{"gitId":"KJunWei"},"content":"","lastModifiedDate":"2022-09-27"},{"lineNumber":8,"author":{"gitId":"KJunWei"},"content":"TAB (Teacher’s Address Book) is a desktop application for managing your students’ contact details. While it has a GUI, most of the user interactions happen using a CLI (Command Line Interface).","lastModifiedDate":"2022-09-27"},{"lineNumber":9,"author":{"gitId":"KJunWei"},"content":"","lastModifiedDate":"2022-09-27"},{"lineNumber":10,"author":{"gitId":"KJunWei"},"content":"Given below are my contributions to the project.","lastModifiedDate":"2022-09-27"},{"lineNumber":11,"author":{"gitId":"KJunWei"},"content":"","lastModifiedDate":"2022-09-27"},{"lineNumber":12,"author":{"gitId":"KJunWei"},"content":"* **New Feature**: ","lastModifiedDate":"2022-09-27"},{"lineNumber":13,"author":{"gitId":"KJunWei"},"content":"","lastModifiedDate":"2022-09-27"},{"lineNumber":14,"author":{"gitId":"KJunWei"},"content":"* **Code contributed**: [RepoSense link]()","lastModifiedDate":"2022-09-27"},{"lineNumber":15,"author":{"gitId":"KJunWei"},"content":"","lastModifiedDate":"2022-09-27"},{"lineNumber":16,"author":{"gitId":"KJunWei"},"content":"* **Project management**:","lastModifiedDate":"2022-09-27"},{"lineNumber":17,"author":{"gitId":"KJunWei"},"content":"","lastModifiedDate":"2022-09-27"},{"lineNumber":18,"author":{"gitId":"KJunWei"},"content":"* **Enhancements to existing features**:","lastModifiedDate":"2022-09-27"},{"lineNumber":19,"author":{"gitId":"KJunWei"},"content":"","lastModifiedDate":"2022-09-27"},{"lineNumber":20,"author":{"gitId":"KJunWei"},"content":"* **Documentation**:","lastModifiedDate":"2022-09-27"},{"lineNumber":21,"author":{"gitId":"KJunWei"},"content":"  * User Guide:","lastModifiedDate":"2022-09-27"},{"lineNumber":22,"author":{"gitId":"KJunWei"},"content":"","lastModifiedDate":"2022-09-27"},{"lineNumber":23,"author":{"gitId":"KJunWei"},"content":"  * Developer Guide:","lastModifiedDate":"2022-09-27"},{"lineNumber":24,"author":{"gitId":"KJunWei"},"content":"","lastModifiedDate":"2022-09-27"},{"lineNumber":25,"author":{"gitId":"KJunWei"},"content":"* **Community**:","lastModifiedDate":"2022-09-27"},{"lineNumber":26,"author":{"gitId":"KJunWei"},"content":"","lastModifiedDate":"2022-09-27"},{"lineNumber":27,"author":{"gitId":"KJunWei"},"content":"* **Tools**:","lastModifiedDate":"2022-09-27"}],"authorContributionMap":{"KJunWei":27}},{"path":"docs/team/vantemoon.md","fileType":"docs","lines":[{"lineNumber":1,"author":{"gitId":"vantemoon"},"content":"---","lastModifiedDate":"2022-09-27"},{"lineNumber":2,"author":{"gitId":"vantemoon"},"content":"layout: page","lastModifiedDate":"2022-09-27"},{"lineNumber":3,"author":{"gitId":"vantemoon"},"content":"title: Sun Ruoxin\u0027s Project Portfolio Page","lastModifiedDate":"2022-09-27"},{"lineNumber":4,"author":{"gitId":"vantemoon"},"content":"---","lastModifiedDate":"2022-09-27"},{"lineNumber":5,"author":{"gitId":"vantemoon"},"content":"","lastModifiedDate":"2022-09-27"},{"lineNumber":6,"author":{"gitId":"vantemoon"},"content":"### Project: Teacher’s Address Book (TAB)","lastModifiedDate":"2022-09-27"},{"lineNumber":7,"author":{"gitId":"vantemoon"},"content":"","lastModifiedDate":"2022-09-27"},{"lineNumber":8,"author":{"gitId":"vantemoon"},"content":"Teacher’s Address Book (TAB) is a desktop app made for teachers for managing contacts, optimized for use via a Command Line Interface (CLI) while still having the benefits of a Graphical User Interface (GUI).","lastModifiedDate":"2022-09-27"},{"lineNumber":9,"author":{"gitId":"vantemoon"},"content":"","lastModifiedDate":"2022-09-27"},{"lineNumber":10,"author":{"gitId":"vantemoon"},"content":"Given below are my contributions to the project.","lastModifiedDate":"2022-09-27"},{"lineNumber":11,"author":{"gitId":"vantemoon"},"content":"","lastModifiedDate":"2022-09-27"},{"lineNumber":12,"author":{"gitId":"vantemoon"},"content":"* **New Feature**: _{to be added soon}_","lastModifiedDate":"2022-09-27"},{"lineNumber":13,"author":{"gitId":"vantemoon"},"content":"","lastModifiedDate":"2022-09-27"},{"lineNumber":14,"author":{"gitId":"vantemoon"},"content":"* **New Feature**: _{to be added soon}_","lastModifiedDate":"2022-09-27"},{"lineNumber":15,"author":{"gitId":"vantemoon"},"content":"","lastModifiedDate":"2022-09-27"},{"lineNumber":16,"author":{"gitId":"vantemoon"},"content":"* **Code contributed**: [RepoSense link](https://nus-cs2103-ay2223s1.github.io/tp-dashboard/?search\u003dvantemoon\u0026breakdown\u003dtrue)","lastModifiedDate":"2022-09-27"},{"lineNumber":17,"author":{"gitId":"vantemoon"},"content":"","lastModifiedDate":"2022-09-27"},{"lineNumber":18,"author":{"gitId":"vantemoon"},"content":"* **Project management**:","lastModifiedDate":"2022-09-27"},{"lineNumber":19,"author":{"gitId":"vantemoon"},"content":"    * _{to be added soon}_","lastModifiedDate":"2022-09-27"},{"lineNumber":20,"author":{"gitId":"vantemoon"},"content":"","lastModifiedDate":"2022-09-27"},{"lineNumber":21,"author":{"gitId":"vantemoon"},"content":"* **Enhancements to existing features**:","lastModifiedDate":"2022-09-27"},{"lineNumber":22,"author":{"gitId":"vantemoon"},"content":"    * _{to be added soon}_","lastModifiedDate":"2022-09-27"},{"lineNumber":23,"author":{"gitId":"vantemoon"},"content":"","lastModifiedDate":"2022-09-27"},{"lineNumber":24,"author":{"gitId":"vantemoon"},"content":"* **Documentation**:","lastModifiedDate":"2022-09-27"},{"lineNumber":25,"author":{"gitId":"vantemoon"},"content":"    * User Guide:","lastModifiedDate":"2022-09-27"},{"lineNumber":26,"author":{"gitId":"vantemoon"},"content":"        * _{to be added soon}_","lastModifiedDate":"2022-09-27"},{"lineNumber":27,"author":{"gitId":"vantemoon"},"content":"    * Developer Guide:","lastModifiedDate":"2022-09-27"},{"lineNumber":28,"author":{"gitId":"vantemoon"},"content":"        * _{to be added soon}_","lastModifiedDate":"2022-09-27"},{"lineNumber":29,"author":{"gitId":"vantemoon"},"content":"","lastModifiedDate":"2022-09-27"},{"lineNumber":30,"author":{"gitId":"vantemoon"},"content":"* **Community**:","lastModifiedDate":"2022-09-27"},{"lineNumber":31,"author":{"gitId":"vantemoon"},"content":"    * _{to be added soon}_","lastModifiedDate":"2022-09-27"},{"lineNumber":32,"author":{"gitId":"vantemoon"},"content":"","lastModifiedDate":"2022-09-27"},{"lineNumber":33,"author":{"gitId":"vantemoon"},"content":"* **Tools**:","lastModifiedDate":"2022-09-27"},{"lineNumber":34,"author":{"gitId":"vantemoon"},"content":"    * _{to be added soon}_","lastModifiedDate":"2022-09-27"}],"authorContributionMap":{"vantemoon":34}},{"path":"docs/team/yellow-294.md","fileType":"docs","lines":[{"lineNumber":1,"author":{"gitId":"yellow-294"},"content":"---","lastModifiedDate":"2022-09-27"},{"lineNumber":2,"author":{"gitId":"yellow-294"},"content":"layout: page","lastModifiedDate":"2022-09-27"},{"lineNumber":3,"author":{"gitId":"yellow-294"},"content":"title: Wee Xin Yang, Markus\u0027 Project Portfolio Page","lastModifiedDate":"2022-09-27"},{"lineNumber":4,"author":{"gitId":"yellow-294"},"content":"---","lastModifiedDate":"2022-09-27"},{"lineNumber":5,"author":{"gitId":"yellow-294"},"content":"","lastModifiedDate":"2022-09-27"},{"lineNumber":6,"author":{"gitId":"yellow-294"},"content":"### Project: Teacher\u0027s Address Book (TAB)","lastModifiedDate":"2022-09-27"},{"lineNumber":7,"author":{"gitId":"yellow-294"},"content":"","lastModifiedDate":"2022-09-27"},{"lineNumber":8,"author":{"gitId":"yellow-294"},"content":"Teacher’s Address Book (TAB) is a **desktop app made for teachers for managing contacts, optimized for use via a Command Line Interface** (CLI) while still having the benefits of a Graphical User Interface (GUI).","lastModifiedDate":"2022-09-27"},{"lineNumber":9,"author":{"gitId":"yellow-294"},"content":"","lastModifiedDate":"2022-09-27"},{"lineNumber":10,"author":{"gitId":"yellow-294"},"content":"Given below are my contributions to the project.","lastModifiedDate":"2022-09-27"},{"lineNumber":11,"author":{"gitId":"yellow-294"},"content":"","lastModifiedDate":"2022-09-27"},{"lineNumber":12,"author":{"gitId":"yellow-294"},"content":"* **New Feature**: _{to be added soon...}_","lastModifiedDate":"2022-09-27"},{"lineNumber":13,"author":{"gitId":"yellow-294"},"content":"* **New Feature**: _{to be added soon...}_","lastModifiedDate":"2022-09-27"},{"lineNumber":14,"author":{"gitId":"yellow-294"},"content":"* **Code contributed**: [RepoSense link](https://nus-cs2103-ay2223s1.github.io/tp-dashboard/?search\u003dguowei42\u0026breakdown\u003dtrue)","lastModifiedDate":"2022-09-27"},{"lineNumber":15,"author":{"gitId":"yellow-294"},"content":"","lastModifiedDate":"2022-09-27"},{"lineNumber":16,"author":{"gitId":"yellow-294"},"content":"* **Project management**:","lastModifiedDate":"2022-09-27"},{"lineNumber":17,"author":{"gitId":"yellow-294"},"content":"    * _{to be added soon...}_","lastModifiedDate":"2022-09-27"},{"lineNumber":18,"author":{"gitId":"yellow-294"},"content":"","lastModifiedDate":"2022-09-27"},{"lineNumber":19,"author":{"gitId":"yellow-294"},"content":"* **Enhancements to existing features**:","lastModifiedDate":"2022-09-27"},{"lineNumber":20,"author":{"gitId":"yellow-294"},"content":"    * _{to be added soon...}_","lastModifiedDate":"2022-09-27"},{"lineNumber":21,"author":{"gitId":"yellow-294"},"content":"","lastModifiedDate":"2022-09-27"},{"lineNumber":22,"author":{"gitId":"yellow-294"},"content":"* **Documentation**:","lastModifiedDate":"2022-09-27"},{"lineNumber":23,"author":{"gitId":"yellow-294"},"content":"    * User Guide:","lastModifiedDate":"2022-09-27"},{"lineNumber":24,"author":{"gitId":"yellow-294"},"content":"        * _{to be added soon...}_","lastModifiedDate":"2022-09-27"},{"lineNumber":25,"author":{"gitId":"yellow-294"},"content":"    * Developer Guide:","lastModifiedDate":"2022-09-27"},{"lineNumber":26,"author":{"gitId":"yellow-294"},"content":"        * _{to be added soon...}_","lastModifiedDate":"2022-09-27"},{"lineNumber":27,"author":{"gitId":"yellow-294"},"content":"","lastModifiedDate":"2022-09-27"},{"lineNumber":28,"author":{"gitId":"yellow-294"},"content":"* **Community**:","lastModifiedDate":"2022-09-27"},{"lineNumber":29,"author":{"gitId":"yellow-294"},"content":"    * _{to be added soon...}_","lastModifiedDate":"2022-09-27"},{"lineNumber":30,"author":{"gitId":"yellow-294"},"content":"","lastModifiedDate":"2022-09-27"},{"lineNumber":31,"author":{"gitId":"yellow-294"},"content":"* **Tools**:","lastModifiedDate":"2022-09-27"},{"lineNumber":32,"author":{"gitId":"yellow-294"},"content":"    * _{to be added soon...}_","lastModifiedDate":"2022-09-27"}],"authorContributionMap":{"yellow-294":32}}]
