{"authorDailyContributionsMap":{"guowei42":[{"date":"2022-09-27","commitResults":[{"hash":"8703ed5b8661c6cc4c630aa3469b9b85fdde126e","messageTitle":"add skeletal PPP","messageBody":"","fileTypesAndContributionMap":{"docs":{"insertions":33,"deletions":0}}}]}],"KJunWei":[{"date":"2022-09-27","commitResults":[{"hash":"65dd66644721c60250c98d3a52cb06cd206fda27","messageTitle":"Add ppp (kjunwei.md)","messageBody":"","fileTypesAndContributionMap":{"docs":{"insertions":27,"deletions":0}}},{"hash":"ca8a1209ee0f4d477abcd4feec1207f0e8e00e7e","messageTitle":"Edit kjunwei.md","messageBody":"","fileTypesAndContributionMap":{"docs":{"insertions":1,"deletions":1}}}]}],"cxyterence":[],"yellow-294":[{"date":"2022-09-27","commitResults":[{"hash":"11db440ec606da6c7d20e1a62339b5c72cd7b5f6","messageTitle":"Add Skeletal PPP","messageBody":"","fileTypesAndContributionMap":{"docs":{"insertions":27,"deletions":0}}},{"hash":"78c558c9be1e866d11011f42ee937948ede90eda","messageTitle":"Add skeletal ppp","messageBody":"","fileTypesAndContributionMap":{"docs":{"insertions":18,"deletions":13}}},{"hash":"149d84e67eda7f2aea8a350874749f593311bc1f","messageTitle":"Add Skeletal PPP","messageBody":"","fileTypesAndContributionMap":{"docs":{"insertions":11,"deletions":11}}},{"hash":"0cc0820b17db100e2757f570c1634c934fb523c8","messageTitle":"Add Skeletal PPP","messageBody":"","fileTypesAndContributionMap":{"docs":{"insertions":1,"deletions":1}}}]}],"vantemoon":[{"date":"2022-09-27","commitResults":[{"hash":"17fabea2281130d7c42d0dbbeb9000bd993bed54","messageTitle":"Add skeletal ppp","messageBody":"","fileTypesAndContributionMap":{"docs":{"insertions":34,"deletions":0}}}]}]},"authorFileTypeContributionMap":{"guowei42":{"docs":33,"functional-code":0,"test-code":0},"KJunWei":{"docs":27,"functional-code":0,"test-code":0},"cxyterence":{"docs":0,"functional-code":0,"test-code":0},"yellow-294":{"docs":32,"functional-code":0,"test-code":0},"vantemoon":{"docs":34,"functional-code":0,"test-code":0}},"authorContributionVariance":{"guowei42":83.1875,"KJunWei":64.24306,"cxyterence":0.0,"yellow-294":513.63885,"vantemoon":88.30555},"authorDisplayNameMap":{"guowei42":"CS2103T-T17-1 GUO .. WEI","KJunWei":"CS2103T-T17-1 KHOR.. WEI","cxyterence":"CS2103T-T17-1 CHON..ENCE","yellow-294":"CS2103T-T17-1 WEE ..RKUS","vantemoon":"CS2103T-T17-1 SUN ..OXIN"}}
