{"authorDailyContributionsMap":{"connlim":[{"date":"2022-09-27","commitResults":[{"hash":"e1966fff3336df392b905f88009297049655d8ca","messageTitle":"Add Connor to About Us page.","messageBody":"Connor was not in the About Us page. This commit fixes\nthat by adding him to the profile page along with an\nimage and a skeletal PPP.\n","fileTypesAndContributionMap":{"docs":{"insertions":15,"deletions":4}}},{"hash":"0e7edb21d20d08557f7bfee768f3b04767000bb0","messageTitle":"Update the developer guide: user stories, glossary, NFRs, use cases","messageBody":"The current developer guide is made for AddressBook3. It does not\ncontain any ContactMation-specific details.\n\nThis adds the follow ContactMation-specific information:\n- User stories\n- Use cases\n- Non-functional requirements\n- Glossary\n\nThe developer guide will now be more specific to ContactMation.\n","fileTypesAndContributionMap":{"docs":{"insertions":139,"deletions":25}}}]},{"date":"2022-10-11","commitResults":[{"hash":"d118caf6c7a89b4a8e407da6edb8f798e69dc70f","messageTitle":"Add Tasks to model","messageBody":"Tasks do not currently exist in the model.\n\nThis commit adds Task and their corresponding functions and accessors into the model.\n\nThis will be useful when adding task commands later on.\n","fileTypesAndContributionMap":{"functional-code":{"insertions":352,"deletions":1}}},{"hash":"4ed0bb51981553d89cd6476edf4e371b4088d509","messageTitle":"Fix checkstyle issues","messageBody":"Adds javadoc comments and fixes imports to pass checkstyle.\n","fileTypesAndContributionMap":{"functional-code":{"insertions":58,"deletions":59}}},{"hash":"78faf85cd7d1f98fb3c439b16fa3b73280171fe9","messageTitle":"Fix more checkstyle errors","messageBody":"","fileTypesAndContributionMap":{"functional-code":{"insertions":16,"deletions":12}}},{"hash":"b8a61abed134fdd07864576926f2f5d628effab3","messageTitle":"Implement missing methods in model stub in uni test","messageBody":"","fileTypesAndContributionMap":{"test-code":{"insertions":15,"deletions":0}}}]},{"date":"2022-10-13","commitResults":[{"hash":"98fee756df5fac46fc59187ac1bc4cdc7019f73d","messageTitle":"Add task add command","messageBody":"The app currently does not support adding new tasks.\n\nThis commit adds the ability to add new tasks with the following\ncommand format as copied from the user guide:\n`task add t/\u003cTITLE\u003e g/\u003cGROUP\u003e [s/\u003cSTATUS\u003e]`\n\nCurrently untested as adding Groups has not been implemented yet.\n","fileTypesAndContributionMap":{"functional-code":{"insertions":209,"deletions":6}}}]},{"date":"2022-10-25","commitResults":[{"hash":"60cd7efd1de6ef7e39990365915dcb93d31a00f0","messageTitle":"Improve Task command keywords","messageBody":"Task command keyword were previously a randomly chosen with no clear\nformat. This commit changes Task commands to have the following format:\ntask [subcommand_word] [arguments]. This will make task commands make\nmore sense and easier to add new ones in the future.\n","fileTypesAndContributionMap":{"functional-code":{"insertions":174,"deletions":102},"other":{"insertions":30,"deletions":28}}}]}],"Eclipse-Dominator":[{"date":"2022-09-16","commitResults":[{"hash":"e7a93a357172d132ccc5b102965247cae8279f6f","messageTitle":"Update to use latest javafx version","messageBody":"","fileTypesAndContributionMap":{"other":{"insertions":6,"deletions":14}}}]},{"date":"2022-09-25","commitResults":[{"hash":"8b3894c011fced13e69991ead7e55bfbc3d0aac9","messageTitle":"Includes additional dependencies for other javaFx","messageBody":"","fileTypesAndContributionMap":{"other":{"insertions":13,"deletions":0}}},{"hash":"ff0fc2e7596a7e86af8f138651325825cc8ab4d1","messageTitle":"Fixes gradle dependencies","messageBody":"","fileTypesAndContributionMap":{"other":{"insertions":3,"deletions":8}}},{"hash":"2532abd6b245b93e3378816114ab07ec9251ec2c","messageTitle":"Removes trailing whitespace","messageBody":"","fileTypesAndContributionMap":{"other":{"insertions":2,"deletions":2}}},{"hash":"2ca8ee07cba23bf9730215e0761706f6b52f1f1e","messageTitle":"Updates Codecov badge in index.md","messageBody":"","fileTypesAndContributionMap":{"docs":{"insertions":4,"deletions":5}}}]},{"date":"2022-09-26","commitResults":[{"hash":"0ba50263cb7c0a60cb2f2dd439f62afc00dd086b","messageTitle":"Add skeletal PPP for Zhaoqi.","messageBody":"","fileTypesAndContributionMap":{"docs":{"insertions":10,"deletions":0}}},{"hash":"8400e4d5930046ee17735a96d550122d4ad527e1","messageTitle":"Link image and portfolio to about us page.","messageBody":"","fileTypesAndContributionMap":{"docs":{"insertions":14,"deletions":14}}}]},{"date":"2022-09-27","commitResults":[{"hash":"a68cc3c22f6a05721b86710e9fa3c71b459e1592","messageTitle":"Fix file naming to github username","messageBody":"","fileTypesAndContributionMap":{"docs":{"insertions":2,"deletions":2}}}]},{"date":"2022-10-10","commitResults":[{"hash":"711eb36df0e6a1666ae92237690712ad58c8a8e1","messageTitle":"Adds new models to Model - Abstracts out base displayable item - Switches Person to implement DisplayItem - Adds model for teams - Updates AddressBook to include teams","messageBody":"","fileTypesAndContributionMap":{"functional-code":{"insertions":475,"deletions":46}}},{"hash":"bfe826cb824b8b78ae14fc846ea7a3ba98c6e001","messageTitle":"Update to fit with checkstyle requirements","messageBody":"","fileTypesAndContributionMap":{"functional-code":{"insertions":47,"deletions":24}}},{"hash":"cbe0218a27a44bd8e7b074710ac37e6136ea00dc","messageTitle":"Adds to filter current uers based on context","messageBody":"","fileTypesAndContributionMap":{"functional-code":{"insertions":61,"deletions":1}}},{"hash":"8ff2de5d1691f8d887301b5e8934dde6439b90c1","messageTitle":"Adds team related operations to model","messageBody":"","fileTypesAndContributionMap":{"functional-code":{"insertions":65,"deletions":1}}},{"hash":"3acbbe40013abc08410cd239b2dc72cbd7ca5669","messageTitle":"Update test stub to fit with new interface","messageBody":"","fileTypesAndContributionMap":{"test-code":{"insertions":59,"deletions":3}}},{"hash":"c855eda77f245ed2b357efca6d8bac541c1a9b05","messageTitle":"Fix checkstyleTest spacing","messageBody":"","fileTypesAndContributionMap":{"test-code":{"insertions":3,"deletions":2}}},{"hash":"32c00780bbd199c4c1f9adf3c9af87b822d936fb","messageTitle":"Fix throwing of the wrong exception","messageBody":"","fileTypesAndContributionMap":{"functional-code":{"insertions":1,"deletions":1}}},{"hash":"44f9168ef44ddc66d2c952223ebc8b05c8777d8a","messageTitle":"Fixes bug where list is not filtered automatically","messageBody":"","fileTypesAndContributionMap":{"functional-code":{"insertions":1,"deletions":0}}}]},{"date":"2022-10-12","commitResults":[{"hash":"9190a7a014940da15382076cb44404207230bd00","messageTitle":"Add getter of filtered groups and context in Logic","messageBody":"","fileTypesAndContributionMap":{"functional-code":{"insertions":19,"deletions":0}}},{"hash":"29a707596aeb1fae6e9ccb59322d9be1407ecea3","messageTitle":"Adds dummy commands to test GUI changes","messageBody":"","fileTypesAndContributionMap":{"functional-code":{"insertions":119,"deletions":2}}},{"hash":"f985f0f2970866b2c2c8fb0cf9ce9158e6785095","messageTitle":"Adds dummy commands to parser","messageBody":"","fileTypesAndContributionMap":{"functional-code":{"insertions":8,"deletions":0}}},{"hash":"88a977a550344ee1881b514ba3c99a606bc1d450","messageTitle":"Rename parser to fit with rest of the code","messageBody":"","fileTypesAndContributionMap":{"functional-code":{"insertions":15,"deletions":1}}},{"hash":"c3ddd6a388376a551d7d270c4ec9c7a4fe0eed5e","messageTitle":"Adds getter for current context for models","messageBody":"","fileTypesAndContributionMap":{"functional-code":{"insertions":10,"deletions":0}}},{"hash":"51ac5b443a8dcfdfe0cc6ef2436decdb40b45430","messageTitle":"Adds GUI to display teams and current active team","messageBody":"","fileTypesAndContributionMap":{"functional-code":{"insertions":89,"deletions":18}}},{"hash":"429629149952e6e16165539ab0e79268f501846e","messageTitle":"Abstracted away tasklist in group","messageBody":"","fileTypesAndContributionMap":{"functional-code":{"insertions":17,"deletions":21}}},{"hash":"f402c2a259b7181660d3219fe316e57256d5b7d2","messageTitle":"Moves printing of full path to abstract container","messageBody":"","fileTypesAndContributionMap":{"functional-code":{"insertions":30,"deletions":7}}},{"hash":"0d3c4f5e82c93159e4350ea0f984e3b19caeb06c","messageTitle":"Update check isChild for nested relationships","messageBody":"","fileTypesAndContributionMap":{"functional-code":{"insertions":12,"deletions":1}}},{"hash":"7b6abf4577bc16bf737463dab5785a9662443cd1","messageTitle":"Adds java controller files for new javafx elements","messageBody":"","fileTypesAndContributionMap":{"functional-code":{"insertions":147,"deletions":2}}},{"hash":"8e3549d477f008a5f6b8d96c3c6de80ba08746fc","messageTitle":"Adds UI to display tasks","messageBody":"","fileTypesAndContributionMap":{"functional-code":{"insertions":229,"deletions":27},"test-code":{"insertions":5,"deletions":0}}}]},{"date":"2022-10-13","commitResults":[{"hash":"afa17cc5b9058c632f4c4139111f77bf3bce3935","messageTitle":"Adds more commands - Ability to mark task as compelte - Ability to umark task as incomplete - Ability to recursively delete teams - Ability to delete tasks Bug Fixes - Fixes errornous display of folders when 3 layer deep - fixes infinite loop in comparison in task - fixes wrong folder comparison logic","messageBody":"","fileTypesAndContributionMap":{"functional-code":{"insertions":659,"deletions":75}}},{"hash":"f95ba991111d9b1269393dfa063b670da1aaeabc","messageTitle":"Adds color to indicate task completion","messageBody":"","fileTypesAndContributionMap":{"functional-code":{"insertions":19,"deletions":1}}},{"hash":"c212cc0ffda48ba6dc75fd2fa502f072d0e14a35","messageTitle":"Updates files to fit with CheckStyle Standard","messageBody":"","fileTypesAndContributionMap":{"functional-code":{"insertions":115,"deletions":74},"test-code":{"insertions":31,"deletions":0}}},{"hash":"ccf166fa65801327ba909973c74ddf5a75cb48ff","messageTitle":"Fix merge errors","messageBody":"","fileTypesAndContributionMap":{"test-code":{"insertions":0,"deletions":31}}},{"hash":"70b52427a98d88d33c5b00cb88cfdbb4f5e03877","messageTitle":"Updates to align with checkstyle","messageBody":"","fileTypesAndContributionMap":{"functional-code":{"insertions":36,"deletions":38}}},{"hash":"5bd17434d4c3587dd0474799d09ce0b4db1fa008","messageTitle":"Removes trailing whitespace","messageBody":"","fileTypesAndContributionMap":{"functional-code":{"insertions":1,"deletions":1},"docs":{"insertions":8,"deletions":9}}},{"hash":"780163592993d9c27c05055f3607d00f49874336","messageTitle":"Fix invalid test case","messageBody":"","fileTypesAndContributionMap":{"test-code":{"insertions":1,"deletions":1}}},{"hash":"751f6ccbe0f3762b4244b7e7ba7a765983b8dee3","messageTitle":"Add addition user-group commands - command to assign existing user to teams - command to remove exisitng user from teams","messageBody":"","fileTypesAndContributionMap":{"functional-code":{"insertions":199,"deletions":2}}}]},{"date":"2022-10-14","commitResults":[{"hash":"703dc20cfc893518da8cd94135c04cbd7f6020d1","messageTitle":"Change ownership of changes for past PRs","messageBody":"","fileTypesAndContributionMap":{"functional-code":{"insertions":12,"deletions":0},"other":{"insertions":0,"deletions":0}}},{"hash":"4d762e804ff13c4eb6d6da9ea7df344c939ec3e4","messageTitle":"Tracks missing authorships","messageBody":"","fileTypesAndContributionMap":{"functional-code":{"insertions":14,"deletions":12}}}]},{"date":"2022-10-20","commitResults":[{"hash":"8b10da2b19511b8a1ea0c880eb1e3e07068f4dc7","messageTitle":"Updated build.gradle to enable assertions","messageBody":"","fileTypesAndContributionMap":{"other":{"insertions":5,"deletions":0}}},{"hash":"054775fdc63edd12c3d4b5af533d0bfefb38ff02","messageTitle":"Rename variables to be more suited in the context","messageBody":"","fileTypesAndContributionMap":{"functional-code":{"insertions":8,"deletions":8}}},{"hash":"a92b8a980beb581f8a83623c663053d7f5e9e221","messageTitle":"Updates model puml","messageBody":"","fileTypesAndContributionMap":{"docs":{"insertions":48,"deletions":19}}}]},{"date":"2022-10-21","commitResults":[{"hash":"5270c3d76f75250a8c267d187023ba722f212e50","messageTitle":"Fix color coding on undo diagrams","messageBody":"","fileTypesAndContributionMap":{"docs":{"insertions":6,"deletions":6}}},{"hash":"6389042cb765cf1c9eef0e9a559ac170285a4517","messageTitle":"Update Model Class diagram","messageBody":"","fileTypesAndContributionMap":{"docs":{"insertions":58,"deletions":41}}},{"hash":"36ff5edcc0f31c79ce4f4597654f1d86bea383bd","messageTitle":"Rename TeamCard to GroupCard","messageBody":"","fileTypesAndContributionMap":{"functional-code":{"insertions":3,"deletions":2},"other":{"insertions":10,"deletions":7}}},{"hash":"9344e0be183820c247939bbee6f6a149c398c9f3","messageTitle":"Update UI Class Diagram","messageBody":"","fileTypesAndContributionMap":{"docs":{"insertions":20,"deletions":2}}},{"hash":"9e7ac0a096f297bcf17298b8c1457bf285758367","messageTitle":"Remove trailing whitespace","messageBody":"","fileTypesAndContributionMap":{"docs":{"insertions":1,"deletions":1}}}]},{"date":"2022-10-22","commitResults":[{"hash":"952b137234bca452303d86c82eecf0b34e5a0848","messageTitle":"Adds sequence diagram related to UI models","messageBody":"","fileTypesAndContributionMap":{"docs":{"insertions":216,"deletions":86}}},{"hash":"fbe30916100521635741db9a461e6e021120528a","messageTitle":"Rephrase DG phrasing.","messageBody":"","fileTypesAndContributionMap":{"docs":{"insertions":2,"deletions":2}}},{"hash":"6e5c12db7218a0c43443e0d29e1caeaa84ec52ac","messageTitle":"Removes trailing whitespace","messageBody":"","fileTypesAndContributionMap":{"docs":{"insertions":2,"deletions":2}}},{"hash":"6c1f591c18494f454061333d89c0dd38185f97ea","messageTitle":"Rephrase dg","messageBody":"","fileTypesAndContributionMap":{"docs":{"insertions":5,"deletions":3}}}]},{"date":"2022-10-25","commitResults":[{"hash":"beed7ee63bac612a0430c8c75cbd36de87a16ee1","messageTitle":"Change design to better support of custom field - Dynamic card generation - More abstraction of object - Reduction of code duplication - Updated GUI to support new items - Task now supports setting Contacts and parents","messageBody":"","fileTypesAndContributionMap":{"functional-code":{"insertions":815,"deletions":593},"other":{"insertions":44,"deletions":59},"test-code":{"insertions":153,"deletions":138}}}]},{"date":"2022-10-26","commitResults":[{"hash":"71a73ed7099b3c610b435023022c8be6cc77fa23","messageTitle":"Fix checkStyle","messageBody":"","fileTypesAndContributionMap":{"functional-code":{"insertions":144,"deletions":101},"other":{"insertions":11,"deletions":15},"test-code":{"insertions":146,"deletions":75}}},{"hash":"0930c4fa26326339b9e6892fa8137dfa7bc19d6e","messageTitle":"Update attribute to handle custom styling","messageBody":"","fileTypesAndContributionMap":{"functional-code":{"insertions":107,"deletions":26}}},{"hash":"2b5cb7bd63e9f629b38a6a0b7119ab383873a287","messageTitle":"Fixes custom styling on attributes.","messageBody":"","fileTypesAndContributionMap":{"functional-code":{"insertions":45,"deletions":30}}},{"hash":"ca57c4a77e7d40b6d96723b928e03fd009aa90c6","messageTitle":"Implements toSaveableData to AbstractAttribute","messageBody":"","fileTypesAndContributionMap":{"functional-code":{"insertions":15,"deletions":31}}}]},{"date":"2022-10-27","commitResults":[{"hash":"71959f948194859c417445e9b72db48a3576fdd6","messageTitle":"Adds custom input to commands","messageBody":"","fileTypesAndContributionMap":{"functional-code":{"insertions":244,"deletions":68},"other":{"insertions":9,"deletions":3}}},{"hash":"079950ff50521420e33e5b835e941df710652124","messageTitle":"Adds a pure command interface","messageBody":"","fileTypesAndContributionMap":{"functional-code":{"insertions":26,"deletions":10},"other":{"insertions":1,"deletions":2}}},{"hash":"84ce4661d17090f1e2b0dcead975a216f73d2870","messageTitle":"Adds more logical checkers to Commands","messageBody":"","fileTypesAndContributionMap":{"functional-code":{"insertions":335,"deletions":2}}},{"hash":"81ddaf1296e328f483f24543d9f49977737ce10a","messageTitle":"Adds foreach loop support","messageBody":"","fileTypesAndContributionMap":{"functional-code":{"insertions":429,"deletions":124}}}]},{"date":"2022-10-28","commitResults":[{"hash":"38bcafc30b9b91685f39a0831e7ec531bcb54e3d","messageTitle":"Adds rename command","messageBody":"","fileTypesAndContributionMap":{"functional-code":{"insertions":288,"deletions":5}}},{"hash":"a2183bbb63130ff41631fc9fd13833031640cfb2","messageTitle":"Adds creation commands","messageBody":"","fileTypesAndContributionMap":{"functional-code":{"insertions":370,"deletions":498},"other":{"insertions":120,"deletions":72},"test-code":{"insertions":50,"deletions":566}}},{"hash":"b54b10736749b49cf914b34038508a8cf209a5a7","messageTitle":"removes case sensitivity on attribute comparisons","messageBody":"","fileTypesAndContributionMap":{"functional-code":{"insertions":3,"deletions":3}}},{"hash":"f174b935798d8d531e8e028e6ea0b912b6d05ca0","messageTitle":"Adds creation to parser","messageBody":"","fileTypesAndContributionMap":{"functional-code":{"insertions":58,"deletions":0}}},{"hash":"be74501322bc7f785212cbbd4c0417c20f7ab6c1","messageTitle":"Adds more functional commands","messageBody":"","fileTypesAndContributionMap":{"functional-code":{"insertions":275,"deletions":0}}},{"hash":"c494bcd6638ec4db92549f1f8ed1d12472c49845","messageTitle":"Moves commands to be parsed in a hashtable","messageBody":"","fileTypesAndContributionMap":{"functional-code":{"insertions":70,"deletions":70}}},{"hash":"d55b12a4981404bf8db125fe579ff482b58dcddb","messageTitle":"Adds aliasing and macro commands","messageBody":"","fileTypesAndContributionMap":{"functional-code":{"insertions":282,"deletions":11}}},{"hash":"20fb53e401644121825a96f963c06a203747ab1b","messageTitle":"fixes null ptr check","messageBody":"","fileTypesAndContributionMap":{"functional-code":{"insertions":2,"deletions":2}}},{"hash":"4d42cb4eb47c2e880436338be7f9d0e5453c5445","messageTitle":"Fix macro naming issue","messageBody":"","fileTypesAndContributionMap":{"functional-code":{"insertions":2,"deletions":4}}},{"hash":"85d9c49de9b9aa395b16d21b269a6fbf273583c1","messageTitle":"Adds update field commands","messageBody":"","fileTypesAndContributionMap":{"functional-code":{"insertions":231,"deletions":1}}},{"hash":"65eb772c2b7f976a770130d9cc5e70e93c2aeab2","messageTitle":"Adds field editing","messageBody":"","fileTypesAndContributionMap":{"functional-code":{"insertions":441,"deletions":144}}}]}],"jasonchristopher21":[{"date":"2022-09-27","commitResults":[{"hash":"725a25f69651fbeff137de3c9bf79e35fd856823","messageTitle":"Edit personal data in AboutUs.md","messageBody":"","fileTypesAndContributionMap":{"docs":{"insertions":9,"deletions":0}}}]},{"date":"2022-09-28","commitResults":[{"hash":"623fb2cb78d1dddda01c1e7d160d15de78fd4fd6","messageTitle":"Add Project Portfolio Page","messageBody":"","fileTypesAndContributionMap":{"docs":{"insertions":10,"deletions":0}}}]},{"date":"2022-09-29","commitResults":[{"hash":"c4381133b3bbee5158aeb9a77472bc57e995353d","messageTitle":"Add newline to EOF","messageBody":"","fileTypesAndContributionMap":{"docs":{"insertions":1,"deletions":1}}},{"hash":"2d39a3c1c1eefefc182180da77c2c1edd4653f61","messageTitle":"Update README.md","messageBody":"Update README.md to link the GitHub CI passing status to the current\nrepo and match the contents of README.md to project Contactmation\n","fileTypesAndContributionMap":{"docs":{"insertions":7,"deletions":11}}},{"hash":"2b604b06deae2e240b075d16e0782d488eb90105","messageTitle":"Update index.md","messageBody":"Update the contents of index.md to match project Contactmation that\nwill be reflected in the project website\n","fileTypesAndContributionMap":{"docs":{"insertions":5,"deletions":5}}},{"hash":"dd0741c3173461b5cbd8ed4e4f3d7655428e5d40","messageTitle":"Add new line at EOF of `README.md`","messageBody":"","fileTypesAndContributionMap":{"docs":{"insertions":1,"deletions":1}}}]},{"date":"2022-10-12","commitResults":[{"hash":"ce52ffc7185f48687a6303e5438930664e774b0c","messageTitle":"Add Field class","messageBody":"","fileTypesAndContributionMap":{"functional-code":{"insertions":105,"deletions":0}}},{"hash":"a0f642a885060870c74a1916a2ae686c8e296064","messageTitle":"Add Fields class","messageBody":"","fileTypesAndContributionMap":{"functional-code":{"insertions":97,"deletions":0}}},{"hash":"2cb9d0f7eaaa72cccb5091de7e26b68cca33066f","messageTitle":"Add FieldPrefixes class","messageBody":"Add FieldPrefixes class to store the prefixes for the custom\nfields\n","fileTypesAndContributionMap":{"functional-code":{"insertions":42,"deletions":0}}},{"hash":"3eb8b0b54136f0d0d31446055f5e4c8d0a70ab0f","messageTitle":"Create AddFieldCommand and the respective parser","messageBody":"","fileTypesAndContributionMap":{"functional-code":{"insertions":93,"deletions":9}}},{"hash":"be161ade5a4de1ca9d75bc7ed3e9b7ab9638aaf8","messageTitle":"Modify statements involving Person constructor","messageBody":"","fileTypesAndContributionMap":{"functional-code":{"insertions":38,"deletions":11}}},{"hash":"350eea1cfd5b2d9aa264af75703b0005555cc94c","messageTitle":"Fix Styling for AddFieldCommandParser","messageBody":"","fileTypesAndContributionMap":{"functional-code":{"insertions":5,"deletions":4}}}]},{"date":"2022-10-13","commitResults":[{"hash":"9ce72c520352e4d5e72e9edf5095ece12e593e1b","messageTitle":"Modify logic to add field to each Person object\u0027s Fields instance","messageBody":"","fileTypesAndContributionMap":{"functional-code":{"insertions":39,"deletions":1}}},{"hash":"9cb55e72ad391dc14433c53944c0cd9e32a7b553","messageTitle":"Implement UI","messageBody":"","fileTypesAndContributionMap":{"functional-code":{"insertions":33,"deletions":5}}},{"hash":"e5db28b1c06800d686064b925422c9c69ec4856a","messageTitle":"Modify ParserUtil","messageBody":"","fileTypesAndContributionMap":{"functional-code":{"insertions":9,"deletions":1}}},{"hash":"ce43d2fdf897a7f1c9b48b72e0669866c27d3622","messageTitle":"Fix Checkstyle issues","messageBody":"","fileTypesAndContributionMap":{"functional-code":{"insertions":82,"deletions":19}}},{"hash":"4ce98fe0c8f68492a93a0f3b342ec589c5727efa","messageTitle":"Modify test cases and stubs","messageBody":"","fileTypesAndContributionMap":{"test-code":{"insertions":23,"deletions":1}}},{"hash":"b8faa2f634b17b138019dc47b7ad65707b1d0cdc","messageTitle":"Fix bugs found during testing","messageBody":"","fileTypesAndContributionMap":{"functional-code":{"insertions":3,"deletions":1}}},{"hash":"67c6fe69c6c2e4431b0d289c47e1438f90244075","messageTitle":"Add JavaDoc comments","messageBody":"","fileTypesAndContributionMap":{"functional-code":{"insertions":5,"deletions":0}}},{"hash":"3e448a6d5e93c166d9f1d9b7cfede1090d4d8dbe","messageTitle":"Add RemoveFieldCommand","messageBody":"","fileTypesAndContributionMap":{"functional-code":{"insertions":132,"deletions":1}}},{"hash":"04cd15b375d0f04311bd8f78befcd62893adde5f","messageTitle":"Integrate RemoveFieldCommand with Parser","messageBody":"","fileTypesAndContributionMap":{"functional-code":{"insertions":32,"deletions":0}}},{"hash":"991a14f125b85f63d226997f5519783878d338ca","messageTitle":"Modify removeField method to fix concurrent exception bug","messageBody":"","fileTypesAndContributionMap":{"functional-code":{"insertions":3,"deletions":1}}},{"hash":"abbe864e634405a2dd2e4ae37d198ccc229c8a7c","messageTitle":"Fix checkstyle and integrate the testing stubs","messageBody":"","fileTypesAndContributionMap":{"functional-code":{"insertions":14,"deletions":7},"test-code":{"insertions":5,"deletions":0}}}]},{"date":"2022-10-14","commitResults":[{"hash":"98158dc332758d88719f4d15f88820a1a26ce7ac","messageTitle":"Fix bug on Field::equals","messageBody":"","fileTypesAndContributionMap":{"functional-code":{"insertions":15,"deletions":5}}},{"hash":"828d4ae7370f46f7253e0263066feb90689d1bb4","messageTitle":"Improve Remove Field logic","messageBody":"Improve logic for remove feild by enhancing Field::equals for edge\ncases where value can be null, and enhanced Fields::removeField\nusing Java streams.\n","fileTypesAndContributionMap":{"functional-code":{"insertions":19,"deletions":11}}},{"hash":"cececac92a459125e33ec1228f6c4f2831bfd462","messageTitle":"Integrate visibility of fields to UI","messageBody":"","fileTypesAndContributionMap":{"functional-code":{"insertions":25,"deletions":2}}},{"hash":"119c33d543129524dd32d8f5b11f7bd71a13f447","messageTitle":"Fix Checkstyle issues","messageBody":"","fileTypesAndContributionMap":{"functional-code":{"insertions":2,"deletions":5}}},{"hash":"def729847e399e1f06f9d82ecc8d6e7db46b3b80","messageTitle":"Enhance argument validation using Java Regex","messageBody":"","fileTypesAndContributionMap":{"functional-code":{"insertions":61,"deletions":12}}}]},{"date":"2022-10-22","commitResults":[{"hash":"671b1e3081f1af5b001ea34b0770255dd5b03079","messageTitle":"Add Sequence Diagram for AddFieldCommand","messageBody":"","fileTypesAndContributionMap":{"docs":{"insertions":115,"deletions":0}}},{"hash":"4f43baf429513a1a1177770ee8b2d2f2b6063cd1","messageTitle":"Update DeveloperGuide with implementation of Custom Fields","messageBody":"","fileTypesAndContributionMap":{"docs":{"insertions":28,"deletions":0}}},{"hash":"9eda4cb631079346c32f3ef29556f6d71a9f3aea","messageTitle":"Upgrade Version Number","messageBody":"","fileTypesAndContributionMap":{"functional-code":{"insertions":1,"deletions":1}}},{"hash":"47ebf8e27cfd4cee0cbd0d86b56bf5f7c51c9023","messageTitle":"Update Version Number","messageBody":"","fileTypesAndContributionMap":{"functional-code":{"insertions":1,"deletions":1}}}]},{"date":"2022-10-26","commitResults":[{"hash":"e16308b96645f0700a9d0899c5a0c0f31096aef9","messageTitle":"Implement Attribute to Person","messageBody":"","fileTypesAndContributionMap":{"functional-code":{"insertions":169,"deletions":13},"test-code":{"insertions":6,"deletions":6}}},{"hash":"b66e5cea7e024e38d6e1764448c0432e77cf6845","messageTitle":"Refine AbstractDisplayItem and Person","messageBody":"","fileTypesAndContributionMap":{"functional-code":{"insertions":20,"deletions":12}}}]},{"date":"2022-10-27","commitResults":[{"hash":"1a491039e217499422f796b57889a212441ac5af","messageTitle":"Integrate Attribute with Person and Group","messageBody":"","fileTypesAndContributionMap":{"functional-code":{"insertions":109,"deletions":37}}},{"hash":"e1337a41372a909e799b82bb4a9a02129a92a5ed","messageTitle":"Fix CheckStyle issues","messageBody":"","fileTypesAndContributionMap":{"functional-code":{"insertions":114,"deletions":21},"test-code":{"insertions":135,"deletions":112}}},{"hash":"b430864e88350a62fe6892a644a74a350009d356","messageTitle":"Fix AddAttributeCommand","messageBody":"Refactor AddFieldCommand to AddAttributeCommand, adapt\nAddAttributeCommand as an abstract class which provides the template\nfor Person, Task and Group Commands.\n","fileTypesAndContributionMap":{"functional-code":{"insertions":423,"deletions":184}}},{"hash":"41fbb61e4f08c2308ade9789dcb610d05d478e21","messageTitle":"Implement EditAttributeCommand","messageBody":"Implement EditAttributeCommand for Person, Group and Task\n","fileTypesAndContributionMap":{"functional-code":{"insertions":268,"deletions":39},"test-code":{"insertions":1,"deletions":1}}}]},{"date":"2022-10-28","commitResults":[{"hash":"0555432332631c7a61b72da7df60382d48c7b40a","messageTitle":"Fix bugs on storage of Fields and Attribute documentation","messageBody":"","fileTypesAndContributionMap":{"functional-code":{"insertions":33,"deletions":20},"test-code":{"insertions":3,"deletions":3}}},{"hash":"19ff0d26ed39304c7bef8661f1693a29a9fc4d3c","messageTitle":"Implement RemoveAttributeCommand for Person, Task and Group","messageBody":"","fileTypesAndContributionMap":{"functional-code":{"insertions":259,"deletions":79}}},{"hash":"87ab352440da2d083aa8fad98938af8773a39395","messageTitle":"Fix CheckStyle issues","messageBody":"","fileTypesAndContributionMap":{"functional-code":{"insertions":49,"deletions":42},"test-code":{"insertions":17,"deletions":40}}},{"hash":"be7047e5bc0e1eae2fce85db18321b4f421831e0","messageTitle":"Fix testcase errors","messageBody":"","fileTypesAndContributionMap":{"functional-code":{"insertions":4,"deletions":3},"test-code":{"insertions":139,"deletions":137}}},{"hash":"6ca1d456d72eb0c3d4dfdbd6e861eed8d40717fe","messageTitle":"Update user guide for v1.3","messageBody":"","fileTypesAndContributionMap":{"docs":{"insertions":104,"deletions":0}}},{"hash":"69c6aa595f66300087b4f8aaefe4f4cf09c5b4df","messageTitle":"Edit Task Implementation","messageBody":"","fileTypesAndContributionMap":{"functional-code":{"insertions":10,"deletions":0}}}]}],"autumn-sonata":[{"date":"2022-09-26","commitResults":[{"hash":"d9a4b7a2a2cbdb06803e1edc6270c80a80cf76ca","messageTitle":"Add skeletal version of PPP for autumn-sonata","messageBody":"","fileTypesAndContributionMap":{"docs":{"insertions":15,"deletions":5}}},{"hash":"3b1ee81396d3809f1ccf1b52b33656611571d7b0","messageTitle":"Modify portfolio for autumn-sonata","messageBody":"","fileTypesAndContributionMap":{"docs":{"insertions":1,"deletions":1}}},{"hash":"7588dffdac9fad6bf651946d7ebc61c2acaed778","messageTitle":"Add skeletal version of user guide","messageBody":"","fileTypesAndContributionMap":{"docs":{"insertions":170,"deletions":115}}},{"hash":"8e85bb3f1c0b15e1c24dc2224864ef24d034eca8","messageTitle":"Add new line at EOF","messageBody":"","fileTypesAndContributionMap":{"docs":{"insertions":2,"deletions":1}}},{"hash":"ba03786248f57c751080300893519213d86a4f54","messageTitle":"Add new line at EOF of ericleeyingyao.md","messageBody":"","fileTypesAndContributionMap":{"docs":{"insertions":2,"deletions":1}}},{"hash":"a3ce789c5f69c1e190aa739dbe7f3bbb7bedaae3","messageTitle":"Rename PPP to github username autumn-sonata","messageBody":"","fileTypesAndContributionMap":{"docs":{"insertions":1,"deletions":1}}}]},{"date":"2022-10-07","commitResults":[{"hash":"f87fe2db52daaa101c7630fa193d4ca66fc4130c","messageTitle":"Add skeletal TeamCommand","messageBody":"","fileTypesAndContributionMap":{"functional-code":{"insertions":7,"deletions":0}}},{"hash":"20d1ef89c8887992a8aeebae54b0e1f296bacb6c","messageTitle":"Nest TeamCommand into teams directory","messageBody":"","fileTypesAndContributionMap":{"other":{"insertions":1,"deletions":1}}}]},{"date":"2022-10-10","commitResults":[{"hash":"5183838fc2478db319ead56a10924aa62ffddf5e","messageTitle":"Add mkteam command parser and skeletal mkteam command","messageBody":"","fileTypesAndContributionMap":{"functional-code":{"insertions":149,"deletions":7}}},{"hash":"5eb400d64eed501209db3881ce030fd0c3b6d4a2","messageTitle":"Add change team command parser with skeletal command","messageBody":"","fileTypesAndContributionMap":{"functional-code":{"insertions":106,"deletions":10}}},{"hash":"1e390e28040447e7118f7566698352d488bf51ef","messageTitle":"Modify parse commands for abstraction","messageBody":"","fileTypesAndContributionMap":{"functional-code":{"insertions":118,"deletions":33}}},{"hash":"56ea4efc369cb99bc0b4b3c082f3058309b379c1","messageTitle":"Modify Path to fit leading and trailing backslashes","messageBody":"","fileTypesAndContributionMap":{"functional-code":{"insertions":24,"deletions":4},"test-code":{"insertions":13,"deletions":0}}},{"hash":"e060ad36f2db8249f442191ecefcc896e2f4727e","messageTitle":"Add test cases in ParserUtilTest.java","messageBody":"","fileTypesAndContributionMap":{"test-code":{"insertions":24,"deletions":5}}}]},{"date":"2022-10-11","commitResults":[{"hash":"f70ec3e3d59780f1e2988af4255bdedfa45c9745","messageTitle":"Modify AddGroupCommand to use proper models","messageBody":"","fileTypesAndContributionMap":{"functional-code":{"insertions":97,"deletions":59},"other":{"insertions":10,"deletions":10},"test-code":{"insertions":48,"deletions":0}}}]},{"date":"2022-10-12","commitResults":[{"hash":"117c60fe728854c19668b7bc72f8119c06a10a7c","messageTitle":"Add ChangeTeamCommand and its parser","messageBody":"","fileTypesAndContributionMap":{"functional-code":{"insertions":153,"deletions":115},"test-code":{"insertions":1,"deletions":1}}},{"hash":"b57ee2b6f0d69626690a8b8859d149e1404d4ca1","messageTitle":"Add testing in ParserUtilTest","messageBody":"","fileTypesAndContributionMap":{"functional-code":{"insertions":8,"deletions":0},"test-code":{"insertions":43,"deletions":24}}},{"hash":"17e302284cc4dfbd0725857c23db800fcefdc8d7","messageTitle":"Rename ChangeTeamCommand to ChangeGroupCommand","messageBody":"","fileTypesAndContributionMap":{"functional-code":{"insertions":79,"deletions":60},"other":{"insertions":8,"deletions":8}}},{"hash":"ed4e4bf1cebd7218d230185d3950aee9f43e744b","messageTitle":"Fix further checkstyle errors","messageBody":"","fileTypesAndContributionMap":{"functional-code":{"insertions":1,"deletions":1},"docs":{"insertions":2,"deletions":2}}},{"hash":"313a0b0ac3c0d8401baf6878f1d0efd67a30c722","messageTitle":"Fix checkstyle errors","messageBody":"","fileTypesAndContributionMap":{"functional-code":{"insertions":38,"deletions":84}}},{"hash":"37c934377c4497737a876b88d4b5cad318d9ca68","messageTitle":"Add Javadocs","messageBody":"","fileTypesAndContributionMap":{"functional-code":{"insertions":2,"deletions":0}}},{"hash":"3792287392a8201749b1fc812e2f9e695201f0a6","messageTitle":"Remove import that was deleted","messageBody":"","fileTypesAndContributionMap":{"test-code":{"insertions":0,"deletions":1}}},{"hash":"22b928678e3f8e5bc8cbba7db032a38144b3ca89","messageTitle":"Fix checkstyle errors","messageBody":"","fileTypesAndContributionMap":{"test-code":{"insertions":4,"deletions":3}}}]},{"date":"2022-10-21","commitResults":[{"hash":"b0e166586c841fa167b29fe65c1e8e3876b0974e","messageTitle":"Update team section of developer guide","messageBody":"","fileTypesAndContributionMap":{"docs":{"insertions":87,"deletions":0}}},{"hash":"77055ef5ed0c70af380c5936e0348e74b7979f1d","messageTitle":"Add detailed class diagram for JsonSerializableAddressBook","messageBody":"","fileTypesAndContributionMap":{"docs":{"insertions":35,"deletions":23}}},{"hash":"ac2bb857e866f746b96f47c1fe606bf91fdcff9a","messageTitle":"Add storage description in developer guide","messageBody":"","fileTypesAndContributionMap":{"docs":{"insertions":56,"deletions":3}}},{"hash":"8020f99d004562083cbbb2dff2c033a98cf700f6","messageTitle":"Edit loop condition status in person retrieval diagram","messageBody":"","fileTypesAndContributionMap":{"docs":{"insertions":1,"deletions":1}}},{"hash":"06582482852cbfe34717220171134ad376ee0c75","messageTitle":"Edit bullet point error in developer guide","messageBody":"","fileTypesAndContributionMap":{"docs":{"insertions":1,"deletions":2}}}]},{"date":"2022-10-26","commitResults":[{"hash":"36ead4e9ee6a17f531330932841d74ebb2b936ee","messageTitle":"Make skeletal classes that are json adapt","messageBody":"","fileTypesAndContributionMap":{"functional-code":{"insertions":54,"deletions":20}}},{"hash":"f0bf6f4c11a93cec2996d483a03231c3c4ef2142","messageTitle":"Add JsonAdaptedField and JsonAdaptedFields","messageBody":"","fileTypesAndContributionMap":{"functional-code":{"insertions":106,"deletions":9}}},{"hash":"b60814d9a31a0b7cc9d94b59f85e0c999c1edc90","messageTitle":"Add json adapted group and task","messageBody":"","fileTypesAndContributionMap":{"functional-code":{"insertions":254,"deletions":83}}},{"hash":"72dfe08ff6ab9e4c197447804baeee7b48571cce","messageTitle":"Add saving of parents in storage","messageBody":"","fileTypesAndContributionMap":{"functional-code":{"insertions":55,"deletions":5}}},{"hash":"737f9c5bf883dcfcee9bbb5442f9af4c7a8cc09c","messageTitle":"Amend storage saving and loading","messageBody":"","fileTypesAndContributionMap":{"functional-code":{"insertions":106,"deletions":42}}},{"hash":"3beb273dd101add3ae15e8ff0b82e7247c1bb01a","messageTitle":"Change uid method","messageBody":"","fileTypesAndContributionMap":{"functional-code":{"insertions":16,"deletions":6},"test-code":{"insertions":91,"deletions":58}}}]},{"date":"2022-10-27","commitResults":[{"hash":"a29eae0a26aad7a4c6862a863c0d7c14e7b5d48d","messageTitle":"Fix storage loading sequence","messageBody":"","fileTypesAndContributionMap":{"functional-code":{"insertions":87,"deletions":43}}},{"hash":"dece07c0d3ccb7d832b3fe49cc5884fcc9afebdc","messageTitle":"Fix checkstyle issues","messageBody":"","fileTypesAndContributionMap":{"functional-code":{"insertions":81,"deletions":86},"test-code":{"insertions":348,"deletions":407}}},{"hash":"da343d4c65da5aacdab3b19526b0a6ede5d84970","messageTitle":"Remove whitespace and add new line to eof","messageBody":"","fileTypesAndContributionMap":{"docs":{"insertions":2,"deletions":2}}},{"hash":"3d8e9859de2093970cab532fbbe809e36681ded0","messageTitle":"Add java docs for storage classes","messageBody":"","fileTypesAndContributionMap":{"functional-code":{"insertions":128,"deletions":16}}}]},{"date":"2022-10-28","commitResults":[{"hash":"1939c61b730c6e981d1b336ee96e42e668c00e6c","messageTitle":"Fix checkstyle errors","messageBody":"","fileTypesAndContributionMap":{"functional-code":{"insertions":2,"deletions":7}}},{"hash":"2c39dadc4151618a07ebb4a5f6eab73f1cf1e646","messageTitle":"Make changes to user guide","messageBody":"","fileTypesAndContributionMap":{"docs":{"insertions":198,"deletions":123}}}]}],"mohamedsaf1":[{"date":"2022-09-27","commitResults":[{"hash":"3f44750b0c29094ca3f17113ba32c3c536a74957","messageTitle":"Adds PPP","messageBody":"","fileTypesAndContributionMap":{"docs":{"insertions":10,"deletions":0}}},{"hash":"08b49ac608529d427044e9d48207b18ed25d31f5","messageTitle":"Adds mohamedsaf1 details","messageBody":"","fileTypesAndContributionMap":{"docs":{"insertions":4,"deletions":4}}},{"hash":"6a27e2831a3b9d0e1322cd3920c23ac0a9b350cf","messageTitle":"Edits details","messageBody":"","fileTypesAndContributionMap":{"docs":{"insertions":1,"deletions":1}}},{"hash":"0aa293581978996781db21d3ba4346c80af45ed0","messageTitle":"Edits details on PPP for mohamedsaf1","messageBody":"","fileTypesAndContributionMap":{"docs":{"insertions":1,"deletions":1}}}]},{"date":"2022-10-13","commitResults":[{"hash":"9ebbefd4e8490e811de544e34d06237ae3a38440","messageTitle":"Add DeleteGroupCommand","messageBody":"","fileTypesAndContributionMap":{"functional-code":{"insertions":130,"deletions":1}}}]},{"date":"2022-10-17","commitResults":[{"hash":"744114c4f5bb44bff280bb00f9aab504d497927d","messageTitle":"Add DeleteGroupCommand in unused folder","messageBody":"","fileTypesAndContributionMap":{"other":{"insertions":50,"deletions":0}}},{"hash":"7659c05740e7aa7c59b1122d143c532e80026e64","messageTitle":"Edit AddressBookParser","messageBody":"","fileTypesAndContributionMap":{"functional-code":{"insertions":1,"deletions":3}}},{"hash":"21c1ef7f6c4acabeaa166d9a95be0a6dc823d119","messageTitle":"Fix bug in AddressBookParser","messageBody":"","fileTypesAndContributionMap":{"functional-code":{"insertions":2,"deletions":1}}},{"hash":"12102f50ce37e4cc869aa41cf8705725a3ba1b3a","messageTitle":"no message","messageBody":"","fileTypesAndContributionMap":{"functional-code":{"insertions":0,"deletions":79}}}]},{"date":"2022-10-22","commitResults":[{"hash":"343c52432355c65a629d6445bbefa911db4d72f9","messageTitle":"Update Developer Guide with implementation of Tasks in Model folder.","messageBody":"","fileTypesAndContributionMap":{"docs":{"insertions":16,"deletions":0}}},{"hash":"d315eb22d75afbbe8e8402fb4541bebbb6a194dc","messageTitle":"Fix bugs","messageBody":"","fileTypesAndContributionMap":{"other":{"insertions":1,"deletions":1}}},{"hash":"9d510826a60d9e191fc6fdedbf4ea417281f65a3","messageTitle":"no message","messageBody":"","fileTypesAndContributionMap":{"functional-code":{"insertions":1,"deletions":3}}},{"hash":"90f8c65eef426f901b597b227ac295f15d008c1a","messageTitle":"no message","messageBody":"","fileTypesAndContributionMap":{"functional-code":{"insertions":1,"deletions":0}}},{"hash":"c71b7a8f95ed9646985bf6254df2d77a34e30b81","messageTitle":"no message","messageBody":"","fileTypesAndContributionMap":{"functional-code":{"insertions":1,"deletions":0}}},{"hash":"da53209413628a74156de38003371822fc23e735","messageTitle":"Update Teams implementation on Developer Guide","messageBody":"","fileTypesAndContributionMap":{"docs":{"insertions":3,"deletions":2}}}]},{"date":"2022-10-26","commitResults":[{"hash":"5e9e8015446f14d33aff2710c9c27403d6e910a1","messageTitle":"Add UUID","messageBody":"","fileTypesAndContributionMap":{"functional-code":{"insertions":73,"deletions":6}}},{"hash":"651bae509641499547faede003e9720171e04f70","messageTitle":"Bugs fixed for UUID","messageBody":"","fileTypesAndContributionMap":{"functional-code":{"insertions":4,"deletions":5},"test-code":{"insertions":15,"deletions":5}}}]},{"date":"2022-10-27","commitResults":[{"hash":"50b5a6fd14bb4ed4632ef685b837261c998eab09","messageTitle":"Fix checkstyle bugs.","messageBody":"","fileTypesAndContributionMap":{"functional-code":{"insertions":33,"deletions":44}}},{"hash":"58fa2eaebd40b1ceb2de3575ad14dfd7b8e6f7a5","messageTitle":"Fix checkstyle bugs.","messageBody":"","fileTypesAndContributionMap":{"functional-code":{"insertions":10,"deletions":9}}},{"hash":"48aaba8f7bdefb5f1336377c8d5e51b0150424d3","messageTitle":"Add progress attribute for tasks.","messageBody":"","fileTypesAndContributionMap":{"functional-code":{"insertions":128,"deletions":16}}},{"hash":"bdce70ab5050b49cb2e176749e251be5fa824e0d","messageTitle":"Fix bugs for progress implementation","messageBody":"","fileTypesAndContributionMap":{"functional-code":{"insertions":5,"deletions":5}}},{"hash":"84d79b16d389ab211a5ed14943e820699f552147","messageTitle":"Fix bugs for progress command","messageBody":"","fileTypesAndContributionMap":{"functional-code":{"insertions":1,"deletions":1}}},{"hash":"592a660963711ec76d581b1649337167151e7ed9","messageTitle":"Fix checkstyle issues","messageBody":"","fileTypesAndContributionMap":{"functional-code":{"insertions":41,"deletions":14}}},{"hash":"c5f4e3a18200a7213e16aac5ccfd8a52f959d86a","messageTitle":"Fix checkstyle issues","messageBody":"","fileTypesAndContributionMap":{"functional-code":{"insertions":8,"deletions":3}}},{"hash":"33e01fa467efe61d3caa6103ed69e8506cb278cf","messageTitle":"Fix checkstyle issues","messageBody":"","fileTypesAndContributionMap":{"functional-code":{"insertions":9,"deletions":10}}},{"hash":"8daa092050347d61221e195f8fc6b09c294f1670","messageTitle":"Fix checstyle issues for imports","messageBody":"","fileTypesAndContributionMap":{"functional-code":{"insertions":18,"deletions":10}}},{"hash":"7a379727e8bb025a7bfa5f754f1174df688a84aa","messageTitle":"no message","messageBody":"","fileTypesAndContributionMap":{"functional-code":{"insertions":1,"deletions":0}}},{"hash":"8b3a9332456f9874ffad2b3b078126e8380718d1","messageTitle":"Fixes bugs for testing","messageBody":"","fileTypesAndContributionMap":{"test-code":{"insertions":0,"deletions":10}}}]},{"date":"2022-10-28","commitResults":[{"hash":"52801c3842a845e72eec8ce69f0971e332ac57d6","messageTitle":"Fix compilation errors","messageBody":"","fileTypesAndContributionMap":{"functional-code":{"insertions":15,"deletions":12}}},{"hash":"52f72ff25636b0ea319767b650df1bd08b2830aa","messageTitle":"Fix compilation bugs","messageBody":"","fileTypesAndContributionMap":{"functional-code":{"insertions":3,"deletions":3}}},{"hash":"2f2e23bfa2a2202b173975d74fa30f2c4db1850e","messageTitle":"Fix checkstyle bugs","messageBody":"","fileTypesAndContributionMap":{"functional-code":{"insertions":6,"deletions":11}}},{"hash":"f423e6188ad1f8605bcced86606fd6a45f920c58","messageTitle":"no message","messageBody":"","fileTypesAndContributionMap":{"functional-code":{"insertions":1,"deletions":1}}},{"hash":"42904b64c8d22b6a6138a406cd37f454428d222f","messageTitle":"Fix compileTest bugs","messageBody":"","fileTypesAndContributionMap":{"test-code":{"insertions":2,"deletions":2}}},{"hash":"a9ba647e0e75ed43178c758f84abe1b938228ec3","messageTitle":"test for fixing test errors","messageBody":"","fileTypesAndContributionMap":{"test-code":{"insertions":4,"deletions":4}}},{"hash":"d6689ca49eccdb82eb07089ca051837b4fb646c9","messageTitle":"Fix checkstyle errors for test bugs","messageBody":"","fileTypesAndContributionMap":{"test-code":{"insertions":8,"deletions":8}}},{"hash":"0774cb4fee6fa385a6b32174dad85afef6478e8e","messageTitle":"Fix test fail bugs","messageBody":"","fileTypesAndContributionMap":{"test-code":{"insertions":126,"deletions":126}}},{"hash":"4cf777d9fcb7f903223029cb8b291f0a2b59fa67","messageTitle":"Fix checkstyle bugs","messageBody":"","fileTypesAndContributionMap":{"test-code":{"insertions":15,"deletions":14}}},{"hash":"b20848e29f84b8eb03ad60237b82fc0f9669a229","messageTitle":"Fix checkstyle bugs","messageBody":"","fileTypesAndContributionMap":{"test-code":{"insertions":5,"deletions":8}}},{"hash":"2bb8cdcf48fe97b5f413bb5be46fae916c4e0f82","messageTitle":"Fix failing tests","messageBody":"","fileTypesAndContributionMap":{"test-code":{"insertions":12,"deletions":12}}},{"hash":"6d2e76e7bf29e85aab1db174a1d259c0a92b1562","messageTitle":"Fix checkstyle bugs","messageBody":"","fileTypesAndContributionMap":{"test-code":{"insertions":3,"deletions":5}}},{"hash":"60bf2a5fe1c3f5404ab07e6913754c09e0586964","messageTitle":"no message","messageBody":"","fileTypesAndContributionMap":{"test-code":{"insertions":5,"deletions":5}}},{"hash":"5e5cec0f6e04c1cc7fd1ff88c8730431b0477c71","messageTitle":"Edit DevGuide","messageBody":"","fileTypesAndContributionMap":{"docs":{"insertions":3,"deletions":4}}},{"hash":"a074ed4a6d15af8efa13905af18d3cf4b5880cc7","messageTitle":"Update UserGuide","messageBody":"","fileTypesAndContributionMap":{"docs":{"insertions":15,"deletions":0}}}]}]},"authorFileTypeContributionMap":{"connlim":{"docs":122,"functional-code":722,"test-code":15},"Eclipse-Dominator":{"docs":326,"functional-code":4998,"test-code":268,"other":21},"jasonchristopher21":{"docs":231,"functional-code":1834,"test-code":147},"autumn-sonata":{"docs":389,"functional-code":935,"test-code":177,"other":163},"mohamedsaf1":{"docs":37,"functional-code":380,"test-code":136,"other":61}},"authorContributionVariance":{"connlim":9730.047,"Eclipse-Dominator":427517.53,"jasonchristopher21":71498.78,"autumn-sonata":64571.36,"mohamedsaf1":8049.0195},"authorDisplayNameMap":{"connlim":"CS2103T-T11-1 CONN.. LIM","Eclipse-Dominator":"CS2103T-T11-1 LI Z..AOQI","jasonchristopher21":"CS2103T-T11-1 JASO..PHER","autumn-sonata":"CS2103T-T11-1 ERIC.. YAO","mohamedsaf1":"CS2103T-T11-1 MOHA..UMAN"}}
