{"authorDailyContributionsMap":{"ciaoosuuu":[{"date":"2022-09-25","commitResults":[{"hash":"dda0ecb185f80a18c9e5ef84f2ac372a6e6f7031","messageTitle":"Create AboutUs.md","messageBody":"","fileTypesAndContributionMap":{"docs":{"insertions":8,"deletions":8}}},{"hash":"47ce954bcdecddcbdc1bb4b67ea39c64690619d7","messageTitle":"Update AboutUs.md","messageBody":"","fileTypesAndContributionMap":{"docs":{"insertions":5,"deletions":5}}}]},{"date":"2022-09-26","commitResults":[{"hash":"d472493d83993a8bccf4eff7b0e69cfa8d3cf85f","messageTitle":"Add PPP and profile image","messageBody":"","fileTypesAndContributionMap":{"docs":{"insertions":34,"deletions":0}}}]}],"CFSY":[{"date":"2022-09-25","commitResults":[{"hash":"cde934beb96791e0d63709a5e9b76eed8bd63c38","messageTitle":"Update AboutUs.md","messageBody":"","fileTypesAndContributionMap":{"docs":{"insertions":6,"deletions":6}}},{"hash":"880a58e4989f156fe8f2e3c048d330e0635e23a3","messageTitle":"Add personal admin details","messageBody":"","fileTypesAndContributionMap":{"docs":{"insertions":50,"deletions":5}}}]},{"date":"2022-09-26","commitResults":[{"hash":"5d4c3f032e67d98f2e82a536eba75937aa81088a","messageTitle":"Add Codecov badge","messageBody":"","fileTypesAndContributionMap":{"docs":{"insertions":1,"deletions":2}}}]},{"date":"2022-10-04","commitResults":[{"hash":"11d779a9cbd6ecbd94d75efb61c1952c7041a02d","messageTitle":"Update about us","messageBody":"","fileTypesAndContributionMap":{"docs":{"insertions":3,"deletions":2}}},{"hash":"d5f82fa973a240b8060ccc3ada01bd5735c008ff","messageTitle":"Update README and index","messageBody":"","fileTypesAndContributionMap":{"docs":{"insertions":18,"deletions":11}}},{"hash":"ea95d2bf9a9b0b92998f9161f45b5bd810aa8a91","messageTitle":"Update README and index","messageBody":"","fileTypesAndContributionMap":{"docs":{"insertions":23,"deletions":11}}},{"hash":"0f74f86cfead8c23107c91b8be61cbe19d77d85d","messageTitle":"Update cfsy ppp","messageBody":"","fileTypesAndContributionMap":{"docs":{"insertions":13,"deletions":25}}},{"hash":"265c360ddf552a3f171c3b624883fbcb1b818e8a","messageTitle":"Update CI link","messageBody":"","fileTypesAndContributionMap":{"docs":{"insertions":2,"deletions":2}}}]},{"date":"2022-10-05","commitResults":[{"hash":"35a0e472366271e0ed079ac5e99932a5de049b37","messageTitle":"Update UserGuide","messageBody":"","fileTypesAndContributionMap":{"docs":{"insertions":33,"deletions":24}}},{"hash":"eaf19cee22ef1cb40c5de7bdd3d98abbc36ef133","messageTitle":"Update UserGuide","messageBody":"","fileTypesAndContributionMap":{"docs":{"insertions":28,"deletions":31}}},{"hash":"904e48979c0fea45944e4731d843df53da2c5e86","messageTitle":"Update DeveloperGuide","messageBody":"","fileTypesAndContributionMap":{"docs":{"insertions":29,"deletions":14}}},{"hash":"260ae4d1b681dfc05602677ca67c78bcdc0e4874","messageTitle":"Update DeveloperGuide","messageBody":"","fileTypesAndContributionMap":{"docs":{"insertions":22,"deletions":12}}}]}],"pewggls":[{"date":"2022-09-25","commitResults":[{"hash":"b5aa01eb53c1351fa1c243b02c0e7d8ff611df9a","messageTitle":"Update AboutUs","messageBody":"","fileTypesAndContributionMap":{"docs":{"insertions":3,"deletions":3}}}]},{"date":"2022-09-26","commitResults":[{"hash":"47d23cdd4555a39f2b9b2ad5588ec4c2b85fa65a","messageTitle":"Update AboutUs.md","messageBody":"","fileTypesAndContributionMap":{"docs":{"insertions":2,"deletions":2}}}]}],"ningtan11":[{"date":"2022-09-29","commitResults":[{"hash":"9c7dc6fa0257c4bc8bc6e63e3652a470a3ec287b","messageTitle":"﻿Update AboutUs.md Add ningtan11.md","messageBody":"","fileTypesAndContributionMap":{"docs":{"insertions":43,"deletions":0}}},{"hash":"a01aa2531ba3cf16355ed5c9a550ecfd6ab58117","messageTitle":"Update AboutUs.md","messageBody":"","fileTypesAndContributionMap":{"docs":{"insertions":4,"deletions":4}}}]},{"date":"2022-10-05","commitResults":[{"hash":"24be7ad4a3adadac9c48ad0e72c3a71fdb309d8c","messageTitle":"Add placeholder image ningtan11.png Edited AboutUs.md to include placeholder image","messageBody":"","fileTypesAndContributionMap":{"docs":{"insertions":2,"deletions":2}}},{"hash":"701750e9d424b69d6b14ba6dc1568f2094e749b8","messageTitle":"Add use case for Deleting an Itinerary Fix hyperlink in AboutUs.md","messageBody":"","fileTypesAndContributionMap":{"docs":{"insertions":18,"deletions":2}}}]}],"seox123":[{"date":"2022-09-28","commitResults":[{"hash":"2938e1e5a616c6e875174915bc922bcecf25fad4","messageTitle":"Update AboutUs.md","messageBody":"","fileTypesAndContributionMap":{"docs":{"insertions":36,"deletions":4}}}]},{"date":"2022-10-06","commitResults":[{"hash":"59bee7092ca06875c1eff003a033927a91e2850f","messageTitle":"Add \u0027Add an item to an itinerary\u0027 use case to DeveloperGuide.md","messageBody":"","fileTypesAndContributionMap":{"docs":{"insertions":18,"deletions":4}}}]}]},"authorFileTypeContributionMap":{"ciaoosuuu":{"docs":39,"functional-code":0,"test-code":0},"CFSY":{"docs":183,"functional-code":0,"test-code":0,"other":1},"pewggls":{"docs":4,"functional-code":0,"test-code":0},"ningtan11":{"docs":57,"functional-code":0,"test-code":0},"seox123":{"docs":49,"functional-code":0,"test-code":0}},"authorContributionVariance":{"ciaoosuuu":79.0748,"CFSY":2248.6577,"pewggls":2.2494328,"ningtan11":138.53062,"seox123":90.521545},"authorDisplayNameMap":{"ciaoosuuu":"CS2103T-W11-4 CHEN..SHUN","CFSY":"CS2103T-W11-4 FOO ..I YU","pewggls":"CS2103T-W11-4 HUI ..I LU","ningtan11":"CS2103T-W11-4 TAN ..NING","seox123":"CS2103T-W11-4 LAW ..MENG"}}
