{"authorDailyContributionsMap":{"ciaoosuuu":[{"date":"2022-09-25","commitResults":[{"hash":"dda0ecb185f80a18c9e5ef84f2ac372a6e6f7031","messageTitle":"Create AboutUs.md","messageBody":"","fileTypesAndContributionMap":{"docs":{"insertions":8,"deletions":8}}},{"hash":"47ce954bcdecddcbdc1bb4b67ea39c64690619d7","messageTitle":"Update AboutUs.md","messageBody":"","fileTypesAndContributionMap":{"docs":{"insertions":5,"deletions":5}}}]},{"date":"2022-09-26","commitResults":[{"hash":"d472493d83993a8bccf4eff7b0e69cfa8d3cf85f","messageTitle":"Add PPP and profile image","messageBody":"","fileTypesAndContributionMap":{"docs":{"insertions":34,"deletions":0}}}]},{"date":"2022-10-06","commitResults":[{"hash":"3c58ae703628ac891e912c7161829524a280d857","messageTitle":"Add \u0027View all items on an itinerary\u0027 use case","messageBody":"","fileTypesAndContributionMap":{"docs":{"insertions":26,"deletions":12}}},{"hash":"76119224b48a6eaf4f6b7e95f865e229088559bf","messageTitle":"Format use cases","messageBody":"","fileTypesAndContributionMap":{"docs":{"insertions":8,"deletions":5}}},{"hash":"afef7d145c041758e2b36350d15c03fe5de53b0e","messageTitle":"Update doc","messageBody":"","fileTypesAndContributionMap":{"docs":{"insertions":1,"deletions":1}}}]},{"date":"2022-10-10","commitResults":[{"hash":"ec71f93e8c601f804b67372b2052b594e085810a","messageTitle":"Create itinerary and related methods","messageBody":"","fileTypesAndContributionMap":{"functional-code":{"insertions":977,"deletions":870},"other":{"insertions":862,"deletions":851},"test-code":{"insertions":124,"deletions":124}}},{"hash":"8a2ff16aa05e738d41b3f2c783d5f94db153b6ff","messageTitle":"Add newline at EOF","messageBody":"","fileTypesAndContributionMap":{"functional-code":{"insertions":11,"deletions":11},"docs":{"insertions":2,"deletions":2}}},{"hash":"55001cbd0d7bb2ca44593c06015226621510bf7b","messageTitle":"Fix style","messageBody":"","fileTypesAndContributionMap":{"functional-code":{"insertions":10,"deletions":53}}},{"hash":"8ee346cf029495e3f5c484f187c9ca43ea556af8","messageTitle":"Fix style","messageBody":"","fileTypesAndContributionMap":{"functional-code":{"insertions":6,"deletions":9}}},{"hash":"e8b3798b039a27532a9f6d6d1ba3388fba2a71e3","messageTitle":"Remove test files","messageBody":"","fileTypesAndContributionMap":{"functional-code":{"insertions":0,"deletions":283},"test-code":{"insertions":0,"deletions":4731}}}]},{"date":"2022-10-11","commitResults":[{"hash":"c8f4aacf2f1d6fdf1c4acafb8c2d80a57a8bd9e5","messageTitle":"Add delete item feature","messageBody":"","fileTypesAndContributionMap":{"functional-code":{"insertions":135,"deletions":1}}},{"hash":"58efdb5cf9b12e730dbbfe13256803e424c86c18","messageTitle":"Fix style","messageBody":"","fileTypesAndContributionMap":{"functional-code":{"insertions":1,"deletions":9}}},{"hash":"c662cf348151ae874348616805985e0459ba9b54","messageTitle":"Fix style","messageBody":"","fileTypesAndContributionMap":{"functional-code":{"insertions":1,"deletions":0}}}]},{"date":"2022-10-12","commitResults":[{"hash":"3a63736e5015da0160f02aebb3df8fdb82cdd63c","messageTitle":"Update itinerary","messageBody":"","fileTypesAndContributionMap":{"functional-code":{"insertions":2,"deletions":2}}},{"hash":"a227fa98b5bfcb7b0ba622c9ef495458998c8f77","messageTitle":"Add comment","messageBody":"","fileTypesAndContributionMap":{"functional-code":{"insertions":1,"deletions":1}}}]},{"date":"2022-10-13","commitResults":[{"hash":"f975bcab998730c528cabad95b7c3d808a113f26","messageTitle":"Add initial test files","messageBody":"","fileTypesAndContributionMap":{"test-code":{"insertions":4719,"deletions":14}}}]},{"date":"2022-10-16","commitResults":[{"hash":"6fc0f7542f9bfbb7641b441bda225a4296e448fb","messageTitle":"Modify model test cases","messageBody":"","fileTypesAndContributionMap":{"other":{"insertions":22,"deletions":22},"test-code":{"insertions":513,"deletions":570}}}]},{"date":"2022-10-17","commitResults":[{"hash":"2f97ab581f72f494e4f3a360a3d7de9cf71dcdcd","messageTitle":"Fix test cases","messageBody":"","fileTypesAndContributionMap":{"test-code":{"insertions":7,"deletions":7}}}]},{"date":"2022-10-18","commitResults":[{"hash":"330490ff144a078800f71e06343a12eb91ca8a69","messageTitle":"Update version number","messageBody":"","fileTypesAndContributionMap":{"functional-code":{"insertions":1,"deletions":1},"other":{"insertions":1,"deletions":1}}},{"hash":"8d31f7ae13b7fec372080892c23a827bdfc2fe7f","messageTitle":"Update DG model","messageBody":"","fileTypesAndContributionMap":{"docs":{"insertions":3,"deletions":0}}},{"hash":"001a2df88256e5da12dfdcb000b4fd7307ad9628","messageTitle":"Add export implementation details in DG","messageBody":"","fileTypesAndContributionMap":{"docs":{"insertions":13,"deletions":11}}},{"hash":"0dfbf15489541a668e7745017d79930a352e3def","messageTitle":"Update ModelClassDiagram","messageBody":"","fileTypesAndContributionMap":{"docs":{"insertions":20,"deletions":21}}}]},{"date":"2022-10-21","commitResults":[{"hash":"18cec5f5ea65eda480550df987f4e9578e4cc375","messageTitle":"Add new class ItemContainer","messageBody":"","fileTypesAndContributionMap":{"functional-code":{"insertions":70,"deletions":0}}},{"hash":"5fe3cda1a6c01b6e3d5ae1fc154f742ab8b05242","messageTitle":"Edit style","messageBody":"","fileTypesAndContributionMap":{"functional-code":{"insertions":21,"deletions":7}}}]},{"date":"2022-10-22","commitResults":[{"hash":"3133e2b28f96510838d961d709d77eb91b2f39eb","messageTitle":"Edit itinerary class","messageBody":"","fileTypesAndContributionMap":{"functional-code":{"insertions":52,"deletions":11}}},{"hash":"420e15bafc9f1e916bfc2915264ff700dcb0695f","messageTitle":"Add itinerary methods","messageBody":"","fileTypesAndContributionMap":{"functional-code":{"insertions":33,"deletions":35}}},{"hash":"4d93292eaf396195d7aecea2f23571f32941f62b","messageTitle":"Fix style","messageBody":"","fileTypesAndContributionMap":{"functional-code":{"insertions":25,"deletions":26}}}]},{"date":"2022-10-23","commitResults":[{"hash":"8aada2999eaf7e9ed51868ed2408def2491d34a4","messageTitle":"Add itinerary methods","messageBody":"","fileTypesAndContributionMap":{"functional-code":{"insertions":49,"deletions":7}}},{"hash":"3dbca415e46a606d11e5590768ec056609be49b1","messageTitle":"Edit commands","messageBody":"","fileTypesAndContributionMap":{"functional-code":{"insertions":160,"deletions":47}}}]},{"date":"2022-10-25","commitResults":[{"hash":"058aea6f6199bff840aaed5b284e55ab1a0fd790","messageTitle":"Fix delete item command and item conflict logic","messageBody":"","fileTypesAndContributionMap":{"functional-code":{"insertions":21,"deletions":17}}},{"hash":"69b098314ef90957113b156754d77a1e09d89b34","messageTitle":"Enable assertion in gradle","messageBody":"","fileTypesAndContributionMap":{"other":{"insertions":4,"deletions":0}}},{"hash":"d31232ec50baadfd52a1b362bdbb9db8dc3593fc","messageTitle":"Fix edit item command and priority sorting bug","messageBody":"","fileTypesAndContributionMap":{"functional-code":{"insertions":8,"deletions":14}}},{"hash":"2ad0f13af1126848b27b9c44916b0d3a6e6dc3c8","messageTitle":"Fix command bugs","messageBody":"","fileTypesAndContributionMap":{"functional-code":{"insertions":12,"deletions":23}}},{"hash":"72152444e9fff8150d2165e4dd4113e8875bd985","messageTitle":"Add export pdf draft","messageBody":"","fileTypesAndContributionMap":{"functional-code":{"insertions":81,"deletions":21},"other":{"insertions":2,"deletions":0}}},{"hash":"01fd50948cd594472a226b2f03bec146b8cd3cf0","messageTitle":"Update unplan item","messageBody":"","fileTypesAndContributionMap":{"functional-code":{"insertions":1,"deletions":0}}}]},{"date":"2022-10-26","commitResults":[{"hash":"b4bace4f0e3aa970d23cfdfdf25fa6c0df1c2b66","messageTitle":"Change prefix","messageBody":"","fileTypesAndContributionMap":{"functional-code":{"insertions":2,"deletions":2}}},{"hash":"c1b07b63c553249f4c68eeff08f66993ad958886","messageTitle":"Change name class to description class","messageBody":"","fileTypesAndContributionMap":{"functional-code":{"insertions":118,"deletions":129},"test-code":{"insertions":72,"deletions":72}}}]},{"date":"2022-10-27","commitResults":[{"hash":"14c8bfa2c6afee3ae75f950a5a347b558aa8b944","messageTitle":"Edit add itinerary command to allow optional fields","messageBody":"","fileTypesAndContributionMap":{"functional-code":{"insertions":26,"deletions":5}}},{"hash":"02a3d25518dee557e527321db46237dc1f7db5e3","messageTitle":"Improve export feature","messageBody":"","fileTypesAndContributionMap":{"functional-code":{"insertions":150,"deletions":19}}},{"hash":"73771c5ae362548dc9ae5b0be1d3524370465c3b","messageTitle":"Fix typo","messageBody":"","fileTypesAndContributionMap":{"docs":{"insertions":16,"deletions":15}}},{"hash":"ef758f8c50801f35740d5adc1e7dd3243b015cca","messageTitle":"Fix export bug","messageBody":"","fileTypesAndContributionMap":{"functional-code":{"insertions":75,"deletions":28}}}]},{"date":"2022-11-01","commitResults":[{"hash":"5588dd6837e529dbe22b5525bac133b2d595655e","messageTitle":"Fix bugs","messageBody":"","fileTypesAndContributionMap":{"functional-code":{"insertions":5,"deletions":5},"docs":{"insertions":5,"deletions":1}}},{"hash":"bb991c81d65ea240935ddf560f4df32568fb4136","messageTitle":"Fix bugs","messageBody":"","fileTypesAndContributionMap":{"functional-code":{"insertions":19,"deletions":2},"docs":{"insertions":4,"deletions":0}}},{"hash":"fcc6bb923bde4b0f86a3345cf76665aaab7698c2","messageTitle":"Update ciaoosuuu\u0027s PPP","messageBody":"","fileTypesAndContributionMap":{"docs":{"insertions":21,"deletions":7}}}]}],"CFSY":[{"date":"2022-09-25","commitResults":[{"hash":"cde934beb96791e0d63709a5e9b76eed8bd63c38","messageTitle":"Update AboutUs.md","messageBody":"","fileTypesAndContributionMap":{"docs":{"insertions":6,"deletions":6}}},{"hash":"880a58e4989f156fe8f2e3c048d330e0635e23a3","messageTitle":"Add personal admin details","messageBody":"","fileTypesAndContributionMap":{"docs":{"insertions":50,"deletions":5}}}]},{"date":"2022-09-26","commitResults":[{"hash":"5d4c3f032e67d98f2e82a536eba75937aa81088a","messageTitle":"Add Codecov badge","messageBody":"","fileTypesAndContributionMap":{"docs":{"insertions":1,"deletions":2}}}]},{"date":"2022-10-04","commitResults":[{"hash":"11d779a9cbd6ecbd94d75efb61c1952c7041a02d","messageTitle":"Update about us","messageBody":"","fileTypesAndContributionMap":{"docs":{"insertions":3,"deletions":2}}},{"hash":"d5f82fa973a240b8060ccc3ada01bd5735c008ff","messageTitle":"Update README and index","messageBody":"","fileTypesAndContributionMap":{"docs":{"insertions":18,"deletions":11}}},{"hash":"ea95d2bf9a9b0b92998f9161f45b5bd810aa8a91","messageTitle":"Update README and index","messageBody":"","fileTypesAndContributionMap":{"docs":{"insertions":23,"deletions":11}}},{"hash":"0f74f86cfead8c23107c91b8be61cbe19d77d85d","messageTitle":"Update cfsy ppp","messageBody":"","fileTypesAndContributionMap":{"docs":{"insertions":13,"deletions":25}}},{"hash":"265c360ddf552a3f171c3b624883fbcb1b818e8a","messageTitle":"Update CI link","messageBody":"","fileTypesAndContributionMap":{"docs":{"insertions":2,"deletions":2}}}]},{"date":"2022-10-05","commitResults":[{"hash":"35a0e472366271e0ed079ac5e99932a5de049b37","messageTitle":"Update UserGuide","messageBody":"","fileTypesAndContributionMap":{"docs":{"insertions":33,"deletions":24}}},{"hash":"eaf19cee22ef1cb40c5de7bdd3d98abbc36ef133","messageTitle":"Update UserGuide","messageBody":"","fileTypesAndContributionMap":{"docs":{"insertions":28,"deletions":31}}},{"hash":"904e48979c0fea45944e4731d843df53da2c5e86","messageTitle":"Update DeveloperGuide","messageBody":"","fileTypesAndContributionMap":{"docs":{"insertions":29,"deletions":14}}},{"hash":"260ae4d1b681dfc05602677ca67c78bcdc0e4874","messageTitle":"Update DeveloperGuide","messageBody":"","fileTypesAndContributionMap":{"docs":{"insertions":22,"deletions":12}}}]},{"date":"2022-10-10","commitResults":[{"hash":"b5f79205dbb8d94bf0a64d7948d7c96e5d9950ea","messageTitle":"refector AB3 to Waddle","messageBody":"","fileTypesAndContributionMap":{"functional-code":{"insertions":233,"deletions":232},"other":{"insertions":104,"deletions":104},"docs":{"insertions":2,"deletions":2}}},{"hash":"aebe78102740c2cfd730c6480b92854312fc8e5b","messageTitle":"start implmenting PlanCommand","messageBody":"","fileTypesAndContributionMap":{"functional-code":{"insertions":124,"deletions":0},"other":{"insertions":0,"deletions":0}}}]},{"date":"2022-10-11","commitResults":[{"hash":"c2c9e5b2b816f9a9c9b659428750072cd13dfbd5","messageTitle":"Add Plan, Home and Stage commands","messageBody":"","fileTypesAndContributionMap":{"functional-code":{"insertions":289,"deletions":30}}},{"hash":"38350a657935cbf8e6a21b6efd7148a036e988d2","messageTitle":"checkstyle fix","messageBody":"","fileTypesAndContributionMap":{"functional-code":{"insertions":123,"deletions":82}}},{"hash":"425e809eec1988981968ce84557f2c5d15a6269f","messageTitle":"change .sh permission","messageBody":"","fileTypesAndContributionMap":{"functional-code":{"insertions":0,"deletions":1}}},{"hash":"14870b7ff88355b68b930982db41b6f104cd6f4d","messageTitle":".sh change","messageBody":"","fileTypesAndContributionMap":{"other":{"insertions":1,"deletions":1}}},{"hash":"efdcd146aefd30e68fc1cf452b09fd753edea085","messageTitle":"changed .sh permissions","messageBody":"","fileTypesAndContributionMap":{"functional-code":{"insertions":0,"deletions":0},"other":{"insertions":0,"deletions":0}}},{"hash":"a05115d5a9893ba9ab8660797c8e1294082e5eb6","messageTitle":"edit .sh","messageBody":"","fileTypesAndContributionMap":{"other":{"insertions":1,"deletions":1}}},{"hash":"8c28d1cfae45ef69b75649325dc7e5d251ed616d","messageTitle":"Create UI for wish stage","messageBody":"","fileTypesAndContributionMap":{"functional-code":{"insertions":154,"deletions":31},"other":{"insertions":4,"deletions":4}}}]},{"date":"2022-10-12","commitResults":[{"hash":"60e207e668e899650a3f03cee250c497997740d7","messageTitle":"fix add item success msg","messageBody":"","fileTypesAndContributionMap":{"functional-code":{"insertions":1,"deletions":1}}}]},{"date":"2022-10-16","commitResults":[{"hash":"5f8e46613d3f82803bd4738300ac6522e0c230bc","messageTitle":"Fix FindCommandTest","messageBody":"","fileTypesAndContributionMap":{"test-code":{"insertions":18,"deletions":18}}},{"hash":"bc053b2a5c6fda3fea4f0341ef1841c1b9e2ec8e","messageTitle":"Fix ListCommandTest","messageBody":"","fileTypesAndContributionMap":{"test-code":{"insertions":10,"deletions":5}}},{"hash":"79d8285503ae738f4ad323698be49da1d087d836","messageTitle":"Fix AddCommandParserTest","messageBody":"","fileTypesAndContributionMap":{"test-code":{"insertions":5,"deletions":5}}},{"hash":"65588e5aef613e08e261c85de94c784ec80e356a","messageTitle":"Fix EditCommandParserTest","messageBody":"","fileTypesAndContributionMap":{"test-code":{"insertions":0,"deletions":9}}},{"hash":"6272d1432eb8f50d3568abbdeb9d6676c2cf00a7","messageTitle":"Fix LogicManagerTest","messageBody":"","fileTypesAndContributionMap":{"test-code":{"insertions":29,"deletions":28}}},{"hash":"a4cc7c78d67851fed04189fbb959a1211eb1f600","messageTitle":"Fix People validation regex","messageBody":"","fileTypesAndContributionMap":{"functional-code":{"insertions":1,"deletions":1},"test-code":{"insertions":1,"deletions":1}}}]},{"date":"2022-10-17","commitResults":[{"hash":"d0f2a4e5ea86a46bbce1e7a5c811a9465f55e797","messageTitle":"Fix some tests","messageBody":"","fileTypesAndContributionMap":{"test-code":{"insertions":38,"deletions":41}}},{"hash":"80601e9b2b2f2080a464cda720ffce10d7ccb56d","messageTitle":"Fix JsonAdaptedItineraryTest","messageBody":"","fileTypesAndContributionMap":{"test-code":{"insertions":0,"deletions":23}}}]},{"date":"2022-10-18","commitResults":[{"hash":"50967a1e4083926f2c232560bdbac4c327c8a56f","messageTitle":"Update DG UI and diagrams","messageBody":"","fileTypesAndContributionMap":{"docs":{"insertions":48,"deletions":16}}},{"hash":"22bdf87701eee14562ef931eb47ce8c10f1d5953","messageTitle":"Include implementation of edit item in DG","messageBody":"","fileTypesAndContributionMap":{"docs":{"insertions":16,"deletions":1}}}]},{"date":"2022-10-22","commitResults":[{"hash":"7bca5e8cb9021a02f35b7fdcefeb47572343b6e1","messageTitle":"remove ItemContainer, add Day","messageBody":"","fileTypesAndContributionMap":{"functional-code":{"insertions":73,"deletions":89}}},{"hash":"72058e614431e4be0c16f1c2963ff32dfcd905a6","messageTitle":"Add Day methods","messageBody":"","fileTypesAndContributionMap":{"functional-code":{"insertions":93,"deletions":4}}},{"hash":"bc56bc5f5b37c6180d5720e25e69171a67ca8e6f","messageTitle":"Fix checkstyle","messageBody":"","fileTypesAndContributionMap":{"functional-code":{"insertions":19,"deletions":2}}},{"hash":"27a092d8f918f67a196ebf6278518225062f61e5","messageTitle":"Remove parentItinerary from Day","messageBody":"","fileTypesAndContributionMap":{"functional-code":{"insertions":3,"deletions":6}}},{"hash":"d2f9a7e8664aac6ecd013cc8a45f523327f7d2db","messageTitle":"Fix checkstyle","messageBody":"","fileTypesAndContributionMap":{"functional-code":{"insertions":0,"deletions":1}}},{"hash":"5d8b68c3c90ff812585fc928902c0a281e2465a8","messageTitle":"Add StartTime class","messageBody":"","fileTypesAndContributionMap":{"functional-code":{"insertions":52,"deletions":0}}}]},{"date":"2022-10-23","commitResults":[{"hash":"a3b70e8da2a5e9b6614cd5d33ba7b0f05dc8b538","messageTitle":"Add StartTime to EditItemCommand and EditItemCommandParser","messageBody":"","fileTypesAndContributionMap":{"functional-code":{"insertions":40,"deletions":4}}},{"hash":"1a6b31290991ee23d5f7564a2959606487737707","messageTitle":"Change PlanCommand to SelectCommand","messageBody":"","fileTypesAndContributionMap":{"functional-code":{"insertions":6,"deletions":6},"other":{"insertions":8,"deletions":8}}},{"hash":"8a99dfaeb45643054dae643bb85e171a63ae367a","messageTitle":"Add duration to ItineraryListCard.fxml","messageBody":"","fileTypesAndContributionMap":{"functional-code":{"insertions":1,"deletions":1}}},{"hash":"0d706af0bf8b8baf60ceed4ed063b6db1e9c377f","messageTitle":"Add basic UI for itinerary page","messageBody":"","fileTypesAndContributionMap":{"functional-code":{"insertions":162,"deletions":9}}},{"hash":"31125c3d5ce515c4a9eab302f04ee48ee7ae665d","messageTitle":"Slight change to UI","messageBody":"","fileTypesAndContributionMap":{"functional-code":{"insertions":11,"deletions":6}}},{"hash":"3237639d1b0dc06aa1a7b6033619bf9a402bbabb","messageTitle":"Fix checkstyle","messageBody":"","fileTypesAndContributionMap":{"functional-code":{"insertions":3,"deletions":0}}}]},{"date":"2022-10-25","commitResults":[{"hash":"14f33be3468daae38f27b0b6df69ae5d67f13de9","messageTitle":"Fix item index, make time Optional, make priority stars Integer","messageBody":"","fileTypesAndContributionMap":{"functional-code":{"insertions":70,"deletions":51}}},{"hash":"c6e1e8907dc15b13681412c5a8fed1499bc64a52","messageTitle":"Add cost to item ui","messageBody":"","fileTypesAndContributionMap":{"functional-code":{"insertions":19,"deletions":10}}},{"hash":"1311b63e26238a55631a2041cf16340aba732b07","messageTitle":"Add duration to item ui","messageBody":"","fileTypesAndContributionMap":{"functional-code":{"insertions":2,"deletions":1}}},{"hash":"4eff085c845d6dcf39aa30a9af77288b19d28705","messageTitle":"Fix Checkstyle","messageBody":"","fileTypesAndContributionMap":{"functional-code":{"insertions":9,"deletions":10}}},{"hash":"7b10f69b08d26d4d759461281f851b2b91b8d9cf","messageTitle":"Make time non Optional","messageBody":"","fileTypesAndContributionMap":{"functional-code":{"insertions":15,"deletions":16}}},{"hash":"f13584676ed3e2be2860cf055e6df06f85e9e9c1","messageTitle":"Improve UI","messageBody":"","fileTypesAndContributionMap":{"functional-code":{"insertions":162,"deletions":109},"test-code":{"insertions":1,"deletions":1}}},{"hash":"7e5b7ed2e1e8290357f77eb88849d5e25b2a5f88","messageTitle":"Update ui to include itinerary budget","messageBody":"","tags":["v1.3.1"],"fileTypesAndContributionMap":{"functional-code":{"insertions":14,"deletions":3}}}]},{"date":"2022-10-26","commitResults":[{"hash":"eb3025cee174414dcfbd61fffa6f1f72c4205a28","messageTitle":"Add Free Command, Fix time overflow","messageBody":"","fileTypesAndContributionMap":{"functional-code":{"insertions":124,"deletions":40}}},{"hash":"2e2614ae3af72b65d204718a19c8b0a6164ea90a","messageTitle":"Fix Checkstyle","messageBody":"","fileTypesAndContributionMap":{"functional-code":{"insertions":7,"deletions":3}}},{"hash":"7b35f4beb397adac135cb98a30549ea4f33b0d1a","messageTitle":"Remove StageCommand, Add unavailable command message","messageBody":"","fileTypesAndContributionMap":{"functional-code":{"insertions":18,"deletions":98}}},{"hash":"c984e3ea4a43fc9a8d19401c072f110a3e166dd1","messageTitle":"Add diagrams","messageBody":"","fileTypesAndContributionMap":{"functional-code":{"insertions":1,"deletions":1},"docs":{"insertions":278,"deletions":33}}},{"hash":"acde0e0159603200cce476f018094ca8cef35153","messageTitle":"Write Plan/Unplan implementation in DG","messageBody":"","fileTypesAndContributionMap":{"docs":{"insertions":28,"deletions":178}}},{"hash":"3505a0caf2515fbfe1c13ce2769df19d553ab3e0","messageTitle":"Write edit and edit item implementations in DG","messageBody":"","fileTypesAndContributionMap":{"docs":{"insertions":38,"deletions":41}}},{"hash":"0632161476d1140eb6ba3a3764a84e6e9c15c1f9","messageTitle":"Write porposed export implementation in DG","messageBody":"","fileTypesAndContributionMap":{"docs":{"insertions":6,"deletions":5}}}]},{"date":"2022-10-27","commitResults":[{"hash":"19d6b24c67caa8f10fcdd18ca4ad566470d94b90","messageTitle":"Update ui","messageBody":"","fileTypesAndContributionMap":{"functional-code":{"insertions":32,"deletions":12}}},{"hash":"42dc6be8580c5ea497f4e99622da7195118c3e8d","messageTitle":"Update ui","messageBody":"","fileTypesAndContributionMap":{"functional-code":{"insertions":15,"deletions":2}}},{"hash":"76f8fd71a3702e04321da994025962613075288d","messageTitle":"Update toString of Itinerary and Item","messageBody":"","fileTypesAndContributionMap":{"functional-code":{"insertions":125,"deletions":71},"test-code":{"insertions":6,"deletions":6}}},{"hash":"1fe6c4237570b7e29e636922216bcad25572c368","messageTitle":"Implement copy command, change export to pdf","messageBody":"","fileTypesAndContributionMap":{"functional-code":{"insertions":89,"deletions":6},"other":{"insertions":3,"deletions":3}}},{"hash":"cf1805220e8de6db249c7db00602299c8816a888","messageTitle":"Fix Checkstyle","messageBody":"","fileTypesAndContributionMap":{"functional-code":{"insertions":123,"deletions":104}}},{"hash":"aad1150be7348581fa4756a566d2b5d91b6c973d","messageTitle":"Fix cost $","messageBody":"","fileTypesAndContributionMap":{"functional-code":{"insertions":1,"deletions":1}}},{"hash":"47384f1835d3e255362f9b4859b1bcb3419a8135","messageTitle":"Fix pdf export diretory to Documents/Waddle","messageBody":"","fileTypesAndContributionMap":{"functional-code":{"insertions":22,"deletions":3},"other":{"insertions":1,"deletions":0}}},{"hash":"befc8a644eb60a6a208148a08f72860ea390a499","messageTitle":"Fix Checkstyle","messageBody":"","fileTypesAndContributionMap":{"functional-code":{"insertions":12,"deletions":9}}},{"hash":"8f556ee72fdab54862d8092ea81d7f297d235d63","messageTitle":"Update UI","messageBody":"","fileTypesAndContributionMap":{"functional-code":{"insertions":3,"deletions":1}}},{"hash":"2257a800024031777230ca285a448d79930bdcdb","messageTitle":"Update UG","messageBody":"","fileTypesAndContributionMap":{"docs":{"insertions":1,"deletions":1}}},{"hash":"d5a5ebbdc35e02cb34f070ff8640be563cdeb415","messageTitle":"Fix time conflict bugs","messageBody":"Prevent user from planning item that overflows past midnight\nAdded item past midnight error message.\nStart time will now reset if there is a time conflict when planning.\nFree now works properly with midnight reflected as 00:00 (next day).\nPeriod and Item has time getString methods since midnight of the previous day is LocalTime.Max but shown as 00:00 as a string.\n","fileTypesAndContributionMap":{"functional-code":{"insertions":71,"deletions":30}}},{"hash":"fb6f764f12c11c6c775961ad9d73e516e7cafe99","messageTitle":"Fix Checkstyle","messageBody":"","fileTypesAndContributionMap":{"functional-code":{"insertions":5,"deletions":6}}}]},{"date":"2022-11-01","commitResults":[{"hash":"a6354704261cb32571827992411e17f35bd9f43c","messageTitle":"Fix duration crashing problem, limit to 1-365 days","messageBody":"","fileTypesAndContributionMap":{"functional-code":{"insertions":10,"deletions":2},"docs":{"insertions":8,"deletions":7}}},{"hash":"a8c5dcf06b9f93e90bb6e15f83a224cf0f253600","messageTitle":"Update Copy section of UG","messageBody":"","fileTypesAndContributionMap":{"docs":{"insertions":13,"deletions":2}}},{"hash":"1190984843c1ed0424d0d635473dfabb71bc5a76","messageTitle":"Fix right click menu","messageBody":"","fileTypesAndContributionMap":{"functional-code":{"insertions":4,"deletions":4}}},{"hash":"2af7c54319b7f0b39141d6061a035f17c12992f2","messageTitle":"Fix budget range, 0 - 1billion","messageBody":"","fileTypesAndContributionMap":{"functional-code":{"insertions":15,"deletions":7},"docs":{"insertions":12,"deletions":7}}},{"hash":"48090ca64081c4cbb5ff940a1ebed8305e5892e5","messageTitle":"Fix budget update bug, budget and cost limited to 1-1000000","messageBody":"","fileTypesAndContributionMap":{"functional-code":{"insertions":74,"deletions":36},"docs":{"insertions":3,"deletions":3}}},{"hash":"afb8de0ea63610928d864be0d05e31ae0f5a6d78","messageTitle":"Fix over budget bug","messageBody":"","fileTypesAndContributionMap":{"functional-code":{"insertions":24,"deletions":2}}},{"hash":"4dcd309a4b65c80e015952012f859b00d20e122b","messageTitle":"Fix over budget bug","messageBody":"","fileTypesAndContributionMap":{"functional-code":{"insertions":6,"deletions":0},"docs":{"insertions":15,"deletions":0}}},{"hash":"2edad7cf59b2abdb0798d6305478bf5130b2e315","messageTitle":"Fix time overflow bug","messageBody":"","fileTypesAndContributionMap":{"functional-code":{"insertions":14,"deletions":12},"docs":{"insertions":10,"deletions":4}}},{"hash":"e027e8f39ce641693cecf6b0158a2d222d6f9a5f","messageTitle":"Change date format message","messageBody":"","fileTypesAndContributionMap":{"functional-code":{"insertions":1,"deletions":1}}},{"hash":"7154a0af837a79149560bec92b4cc82d1cf294d8","messageTitle":"Fix itinerary date validation","messageBody":"","fileTypesAndContributionMap":{"functional-code":{"insertions":7,"deletions":6}}},{"hash":"aad841e95b8db92ebe8abc6e35c162decaa63185","messageTitle":"Fix checkstyle","messageBody":"","fileTypesAndContributionMap":{"functional-code":{"insertions":13,"deletions":13}}}]}],"pewggls":[{"date":"2022-09-25","commitResults":[{"hash":"b5aa01eb53c1351fa1c243b02c0e7d8ff611df9a","messageTitle":"Update AboutUs","messageBody":"","fileTypesAndContributionMap":{"docs":{"insertions":3,"deletions":3}}}]},{"date":"2022-09-26","commitResults":[{"hash":"47d23cdd4555a39f2b9b2ad5588ec4c2b85fa65a","messageTitle":"Update AboutUs.md","messageBody":"","fileTypesAndContributionMap":{"docs":{"insertions":2,"deletions":2}}}]},{"date":"2022-10-05","commitResults":[{"hash":"6381ad2a10ea8a0a574058934b88e4e80f73fcec","messageTitle":"Add skeletal PPP","messageBody":"","fileTypesAndContributionMap":{"docs":{"insertions":34,"deletions":0}}},{"hash":"4be5154546090873e5ef2e77db1661c11568b843","messageTitle":"Add use case for Add an item to an itenerary to DeveloperGuide.md","messageBody":"","fileTypesAndContributionMap":{"docs":{"insertions":15,"deletions":0}}}]},{"date":"2022-10-06","commitResults":[{"hash":"ad357977a8bd5804bab44454df0b015dff3f60e3","messageTitle":"Update DeveloperGuide","messageBody":"","fileTypesAndContributionMap":{"docs":{"insertions":16,"deletions":33}}}]},{"date":"2022-10-11","commitResults":[{"hash":"e95108232c3203f98a84b960ececa10428c4e3e3","messageTitle":"Add an item list to the itinerary","messageBody":"","fileTypesAndContributionMap":{"functional-code":{"insertions":34,"deletions":0}}},{"hash":"c03f9e3d6f3be33683da432451a217331e9ae9d8","messageTitle":"Update ItemList implementation","messageBody":"","fileTypesAndContributionMap":{"functional-code":{"insertions":158,"deletions":3}}},{"hash":"a3c2b9287bb7a4acfc392d25fe733d9bbd37757a","messageTitle":"Add a command to add an item to an itinerary","messageBody":"","fileTypesAndContributionMap":{"functional-code":{"insertions":146,"deletions":12}}},{"hash":"386e00ef90f6b91b1281b54982755f1b750841ca","messageTitle":"Edit to pass checkstyle","messageBody":"","fileTypesAndContributionMap":{"functional-code":{"insertions":29,"deletions":11}}},{"hash":"6eb4d91554a529da0066ef152069cbc9fe5f64bd","messageTitle":"Add item list storage functionality","messageBody":"","fileTypesAndContributionMap":{"functional-code":{"insertions":82,"deletions":3}}},{"hash":"61f7b154a3082ed7b9d32a6a119c80c8810b4d96","messageTitle":"Edit for checkstyle","messageBody":"","fileTypesAndContributionMap":{"functional-code":{"insertions":7,"deletions":5}}}]},{"date":"2022-10-16","commitResults":[{"hash":"b278dc59ea2d7ce3f863077214e40e7502b34289","messageTitle":"Modify storage test cases","messageBody":"","fileTypesAndContributionMap":{"test-code":{"insertions":330,"deletions":317}}},{"hash":"eac2182d35dfbfa660752a6a8858c1fed533c217","messageTitle":"Modify testutil","messageBody":"","fileTypesAndContributionMap":{"test-code":{"insertions":5,"deletions":5}}}]},{"date":"2022-10-17","commitResults":[{"hash":"04695cd7c2201ed19caeca38792290e49226b3c6","messageTitle":"Fix JSON file names","messageBody":"","fileTypesAndContributionMap":{"test-code":{"insertions":1,"deletions":1}}},{"hash":"4cf5a2686f02346ba4bdd2421bd483d397cc933e","messageTitle":"Fix JsonUserPrefsStorageTest","messageBody":"","fileTypesAndContributionMap":{"test-code":{"insertions":1,"deletions":1}}}]},{"date":"2022-10-18","commitResults":[{"hash":"0489f25cb894f317eadd07d881f893979a76e31b","messageTitle":"Update DeveloperGuide","messageBody":"","fileTypesAndContributionMap":{"docs":{"insertions":13,"deletions":0}}}]},{"date":"2022-10-21","commitResults":[{"hash":"f2d77fc9bf96b27104d93a893e4abd490504a5d6","messageTitle":"Add budget to itinerary","messageBody":"","fileTypesAndContributionMap":{"functional-code":{"insertions":80,"deletions":9}}},{"hash":"54a2e1ec68818fbb69864cf4bbd7454dc351dca4","messageTitle":"Update JsonAdaptedItinerary","messageBody":"","fileTypesAndContributionMap":{"functional-code":{"insertions":14,"deletions":6}}},{"hash":"6fb487f5f3bd0473306588de52a414f6514e7a6d","messageTitle":"Update AddCommand and EditCommand","messageBody":"","fileTypesAndContributionMap":{"functional-code":{"insertions":46,"deletions":28}}},{"hash":"3d1dc354ae0a9d443d7021ab80ba768e1978259c","messageTitle":"Fix budget related bugs","messageBody":"","fileTypesAndContributionMap":{"functional-code":{"insertions":7,"deletions":12}}},{"hash":"261e1cdb8d0fe0b45176e1b3b279fd22e09ad113","messageTitle":"Remove endDate from and add Duration to itinerary","messageBody":"","fileTypesAndContributionMap":{"functional-code":{"insertions":124,"deletions":56}}},{"hash":"d23ca609d8d6d186a8962c986813456dc4b85722","messageTitle":"Fix checkstyle errors","messageBody":"","fileTypesAndContributionMap":{"functional-code":{"insertions":77,"deletions":20}}},{"hash":"35ae62399a6a32ecc22eacf0e23feb1e8239934e","messageTitle":"Fix AddCommandParserTest","messageBody":"","fileTypesAndContributionMap":{"test-code":{"insertions":147,"deletions":170}}},{"hash":"76c195af618d369a845970d067c5c68864e2e6f0","messageTitle":"Fix bugs in edit command","messageBody":"","fileTypesAndContributionMap":{"functional-code":{"insertions":7,"deletions":7},"test-code":{"insertions":35,"deletions":17}}},{"hash":"2785236296585c99cd4081e51e9f33e8959091b4","messageTitle":"Update storage test cases","messageBody":"","fileTypesAndContributionMap":{"test-code":{"insertions":3,"deletions":3}}},{"hash":"bf47d88d706c5dafc5ad292b278bb878d6a1191c","messageTitle":"Fix checkstyle errors","messageBody":"","fileTypesAndContributionMap":{"functional-code":{"insertions":6,"deletions":1},"test-code":{"insertions":81,"deletions":14}}}]},{"date":"2022-10-26","commitResults":[{"hash":"67c1fdb4380c7f5781b67f081a5435ec429ce4dc","messageTitle":"Update user guide quick start section","messageBody":"","fileTypesAndContributionMap":{"docs":{"insertions":5,"deletions":7}}},{"hash":"274b24d5ed1041d020e3e72d42b2197dce8744f8","messageTitle":"Update user guide command summary","messageBody":"","fileTypesAndContributionMap":{"docs":{"insertions":19,"deletions":11}}}]},{"date":"2022-10-27","commitResults":[{"hash":"b935f8a9fe6eb3be66356f9db8cc2490835b86d5","messageTitle":"Update UG","messageBody":"","fileTypesAndContributionMap":{"docs":{"insertions":1,"deletions":0}}},{"hash":"08a0ac67e9e3184ade48ec65b53f90fe17ebee5f","messageTitle":"Fix typos","messageBody":"","fileTypesAndContributionMap":{"docs":{"insertions":29,"deletions":32}}}]}],"ningtan11":[{"date":"2022-09-29","commitResults":[{"hash":"9c7dc6fa0257c4bc8bc6e63e3652a470a3ec287b","messageTitle":"﻿Update AboutUs.md Add ningtan11.md","messageBody":"","fileTypesAndContributionMap":{"docs":{"insertions":43,"deletions":0}}},{"hash":"a01aa2531ba3cf16355ed5c9a550ecfd6ab58117","messageTitle":"Update AboutUs.md","messageBody":"","fileTypesAndContributionMap":{"docs":{"insertions":4,"deletions":4}}}]},{"date":"2022-10-05","commitResults":[{"hash":"24be7ad4a3adadac9c48ad0e72c3a71fdb309d8c","messageTitle":"Add placeholder image ningtan11.png Edited AboutUs.md to include placeholder image","messageBody":"","fileTypesAndContributionMap":{"docs":{"insertions":2,"deletions":2}}},{"hash":"701750e9d424b69d6b14ba6dc1568f2094e749b8","messageTitle":"Add use case for Deleting an Itinerary Fix hyperlink in AboutUs.md","messageBody":"","fileTypesAndContributionMap":{"docs":{"insertions":18,"deletions":2}}}]},{"date":"2022-10-11","commitResults":[{"hash":"ae9594ffab88d81293b9d999d2540d9a06d88a9b","messageTitle":"Add ItemCard Add ItemListPanel Add getDescription() and other trivial methods to Item class Edit javadocs comments for ItineraryCard and ItineraryListPanel","messageBody":"","fileTypesAndContributionMap":{"functional-code":{"insertions":135,"deletions":5}}},{"hash":"ce029414acec7b5cecf2c1516bd9e9475a86ac9a","messageTitle":"no message","messageBody":"","fileTypesAndContributionMap":{"functional-code":{"insertions":7,"deletions":5}}},{"hash":"c96183f8b4f9902c4bf969372b5f4d9e2d64502b","messageTitle":"no message","messageBody":"","fileTypesAndContributionMap":{"functional-code":{"insertions":1,"deletions":1},"docs":{"insertions":1,"deletions":2}}},{"hash":"5ab996aef0008d05383ffcebc140187c14581cf1","messageTitle":"no message","messageBody":"","fileTypesAndContributionMap":{"functional-code":{"insertions":14,"deletions":0}}},{"hash":"192a38948e55c246b2672dfbfaed31bab2e3aa4d","messageTitle":"Add new line to end of file","messageBody":"","fileTypesAndContributionMap":{"functional-code":{"insertions":1,"deletions":1}}},{"hash":"b46fc802c8b3222d5401e8c740260aec8ba497c3","messageTitle":"Checkstyle","messageBody":"","fileTypesAndContributionMap":{"functional-code":{"insertions":2,"deletions":2}}},{"hash":"8198195a8a572b8bfa3666056f39166ed5f14117","messageTitle":"Add item package","messageBody":"","fileTypesAndContributionMap":{"functional-code":{"insertions":4,"deletions":2},"other":{"insertions":2,"deletions":2}}},{"hash":"2b8481090db9babe2cae4b43f094c189c7e25d8d","messageTitle":"no message","messageBody":"","fileTypesAndContributionMap":{"functional-code":{"insertions":2,"deletions":2}}}]},{"date":"2022-10-14","commitResults":[{"hash":"3550f3931823103c53d659dac7cf899c527cfddd","messageTitle":"Change testutil.PersonBuilder to ItineraryBuilder","messageBody":"","fileTypesAndContributionMap":{"test-code":{"insertions":96,"deletions":101}}},{"hash":"bb7e3d9f75f28b19478ad231bc782cb4adda7fc0","messageTitle":"Edit AddCommandTest","messageBody":"","fileTypesAndContributionMap":{"test-code":{"insertions":53,"deletions":51}}},{"hash":"816922c045136fe53269f61d6f7aebc389f2c2d9","messageTitle":"no message","messageBody":"","fileTypesAndContributionMap":{"test-code":{"insertions":311,"deletions":326}}},{"hash":"22d65784d494f00a7fbb9da77c833c0599eb2d03","messageTitle":"Merge branch \u0027master\u0027 of https://github.com/AY2223S1-CS2103T-W11-4/tp-test","messageBody":"# Conflicts:\n#\tsrc/test/java/seedu/waddle/logic/commands/CommandTestUtil.java\n#\tsrc/test/java/seedu/waddle/logic/commands/EditCommandTest.java\n#\tsrc/test/java/seedu/waddle/logic/commands/EditPersonDescriptorTest.java\n#\tsrc/test/java/seedu/waddle/logic/parser/EditCommandParserTest.java\n#\tsrc/test/java/seedu/waddle/logic/parser/WaddleParserTest.java\n#\tsrc/test/java/seedu/waddle/testutil/EditItineraryDescriptorBuilder.java\n#\tsrc/test/java/seedu/waddle/testutil/ItineraryBuilder.java\n","fileTypesAndContributionMap":{"test-code":{"insertions":227,"deletions":338}}},{"hash":"a4356c4ec59ed3ada3cb32988d395b17b808e0de","messageTitle":"no message","messageBody":"","fileTypesAndContributionMap":{"test-code":{"insertions":175,"deletions":72}}},{"hash":"48132eda7e1cd81b72fd902d0c79bf91129c5ace","messageTitle":"Fix conflicts","messageBody":"","fileTypesAndContributionMap":{"test-code":{"insertions":0,"deletions":17}}},{"hash":"2f39bc431c698cde37e098dae9fb6180fc22ed48","messageTitle":"no message","messageBody":"","fileTypesAndContributionMap":{"test-code":{"insertions":12,"deletions":21}}},{"hash":"fb6d114d587dfdb189d2e06275c6331bbe27a169","messageTitle":"Get rid of squiggly lines in test..command package","messageBody":"","fileTypesAndContributionMap":{"test-code":{"insertions":17,"deletions":17}}}]},{"date":"2022-10-17","commitResults":[{"hash":"ac3abb5b4c002c8e8ae5133bc383295c66de01cf","messageTitle":"Fix AddCommandParserTest","messageBody":"","fileTypesAndContributionMap":{"test-code":{"insertions":3,"deletions":3}}}]},{"date":"2022-10-18","commitResults":[{"hash":"bb2dd1161f79732f0dbe87c1a0bf6bbe7bdf7eb8","messageTitle":"Edit Design section of DG","messageBody":"","fileTypesAndContributionMap":{"docs":{"insertions":15,"deletions":15}}},{"hash":"f6c0ec379e6f4202289084dce7c061c682544b70","messageTitle":"no message","messageBody":"","fileTypesAndContributionMap":{"docs":{"insertions":5,"deletions":5}}},{"hash":"2bb663a5d13af18c784fa4bea5bf88f1284d3d7c","messageTitle":"Add Plan Item implementation in DG","messageBody":"","fileTypesAndContributionMap":{"docs":{"insertions":25,"deletions":0}}}]},{"date":"2022-10-19","commitResults":[{"hash":"a0792ade7b5b73492743c2c87f1829adb9894daa","messageTitle":"Add Cost and Duration to item package and class","messageBody":"","fileTypesAndContributionMap":{"functional-code":{"insertions":182,"deletions":14},"other":{"insertions":5,"deletions":2}}}]},{"date":"2022-10-22","commitResults":[{"hash":"94b821804b65b4b39ad6b791e180d03a551f9571","messageTitle":"Add optional parameters to EditItemCommand Update Javadocs for EditItemCommand and AddItemCommand","messageBody":"","fileTypesAndContributionMap":{"functional-code":{"insertions":60,"deletions":7}}}]},{"date":"2022-10-25","commitResults":[{"hash":"bd029a64a6ff644f151b05cedc3a98bbad30f57b","messageTitle":"Fix inconsistencies in UG Edit some prefixes (eg. make item duration and itinerary duration the same prefix since they wont be used in the same command, and it is more intuitive this way)","messageBody":"","fileTypesAndContributionMap":{"functional-code":{"insertions":16,"deletions":16},"docs":{"insertions":12,"deletions":13}}},{"hash":"0c22ce60d6799849fd8fa5e4d2eded66aff86b2a","messageTitle":"Fix more inconsistencies in UG","messageBody":"","fileTypesAndContributionMap":{"docs":{"insertions":8,"deletions":8}}},{"hash":"83381bdadceadce02c8c50ffd5f35d7f2f4bd831","messageTitle":"Add skeleton for item commands","messageBody":"","fileTypesAndContributionMap":{"docs":{"insertions":55,"deletions":11}}}]},{"date":"2022-10-27","commitResults":[{"hash":"63a58485e9755032a5e93eac8cc1010c7600673a","messageTitle":"Add pdf and copy commands to UG","messageBody":"","fileTypesAndContributionMap":{"docs":{"insertions":13,"deletions":4}}},{"hash":"b0ec71de8069b2159b861805b987231e5b5a65e0","messageTitle":"Fix typo","messageBody":"","fileTypesAndContributionMap":{"docs":{"insertions":1,"deletions":1}}},{"hash":"6f884e801cce63bc45e4e6f4b3b19566ed62e034","messageTitle":"Fix UG typo","messageBody":"","fileTypesAndContributionMap":{"docs":{"insertions":7,"deletions":3}}},{"hash":"6902bb2f7948a9b45f0a369a0d6fcf3c79590d26","messageTitle":"Update UserGuide.md","messageBody":"","fileTypesAndContributionMap":{"docs":{"insertions":1,"deletions":1}}},{"hash":"cede85c6c271f00abcf4a38ad449b30aee0eb894","messageTitle":"Update README.md","messageBody":"","fileTypesAndContributionMap":{"docs":{"insertions":3,"deletions":3}}},{"hash":"00d37ad041317d6b5af58c046f28cecef7b516c3","messageTitle":"Update README.md","messageBody":"","fileTypesAndContributionMap":{"docs":{"insertions":1,"deletions":1}}},{"hash":"dac73404434ee0370bd5e6f2036a189c354127b2","messageTitle":"Waddlefy","messageBody":"","fileTypesAndContributionMap":{"functional-code":{"insertions":1,"deletions":1}}}]}],"seox123":[{"date":"2022-09-28","commitResults":[{"hash":"2938e1e5a616c6e875174915bc922bcecf25fad4","messageTitle":"Update AboutUs.md","messageBody":"","fileTypesAndContributionMap":{"docs":{"insertions":36,"deletions":4}}}]},{"date":"2022-10-06","commitResults":[{"hash":"59bee7092ca06875c1eff003a033927a91e2850f","messageTitle":"Add \u0027Add an item to an itinerary\u0027 use case to DeveloperGuide.md","messageBody":"","fileTypesAndContributionMap":{"docs":{"insertions":18,"deletions":4}}}]},{"date":"2022-10-11","commitResults":[{"hash":"f7e52e90ed3d6fa195d7afa775f0d2b3e9668e0f","messageTitle":"Turn on codecov","messageBody":"","fileTypesAndContributionMap":{"test-code":{"insertions":14,"deletions":0}}}]},{"date":"2022-10-12","commitResults":[{"hash":"614110b895db14fce8540e5e44527c0a00e6123b","messageTitle":"Add edit item command","messageBody":"","fileTypesAndContributionMap":{"functional-code":{"insertions":210,"deletions":1},"other":{"insertions":1,"deletions":1}}},{"hash":"2c69ce2302ce49282a511748748e2d51a3c4b35e","messageTitle":"Add use cases to DeveloperGuide.md","messageBody":"","fileTypesAndContributionMap":{"docs":{"insertions":40,"deletions":4}}},{"hash":"7905ecfde24e267b95c954b58c4708a8076ed034","messageTitle":"Fix minor bug with error message on add item usage","messageBody":"","fileTypesAndContributionMap":{"functional-code":{"insertions":1,"deletions":1}}},{"hash":"91713357d5822c52604f128f27244f860e5447ea","messageTitle":"Fix checkstyle","messageBody":"","fileTypesAndContributionMap":{"functional-code":{"insertions":0,"deletions":1}}}]},{"date":"2022-10-13","commitResults":[{"hash":"ffa537971be2faadf4822bcce908a4f8402e0a93","messageTitle":"Change test module name to waddle","messageBody":"","fileTypesAndContributionMap":{"other":{"insertions":424,"deletions":424},"test-code":{"insertions":3,"deletions":3}}}]},{"date":"2022-10-14","commitResults":[{"hash":"0635695a32904f263cfe9641626929e745c2255c","messageTitle":"Fix parser test classes, and some testutil classes","messageBody":"","fileTypesAndContributionMap":{"other":{"insertions":14,"deletions":14},"test-code":{"insertions":620,"deletions":633}}}]},{"date":"2022-10-17","commitResults":[{"hash":"84a898efafce150545936c352c85a291b4b0db7e","messageTitle":"Fix test classes","messageBody":"","fileTypesAndContributionMap":{"functional-code":{"insertions":1,"deletions":1},"test-code":{"insertions":25,"deletions":28}}},{"hash":"cb0b8282edcc2bb7518bdbb5cdeffdfd20d98d41","messageTitle":"Fix checkstyle errors","messageBody":"","fileTypesAndContributionMap":{"test-code":{"insertions":74,"deletions":90}}}]},{"date":"2022-10-18","commitResults":[{"hash":"6450436425a5c20aeea748a8a4cab531c6d018a1","messageTitle":"Add Priority field to Item","messageBody":"","fileTypesAndContributionMap":{"functional-code":{"insertions":126,"deletions":20}}},{"hash":"b6405cb56b15b1edb091be4b4aa7fdca98f70195","messageTitle":"Add default priority and restrict priority to between 1 and 5","messageBody":"","fileTypesAndContributionMap":{"functional-code":{"insertions":9,"deletions":5}}},{"hash":"da856b5319103e9373f967e525a6f49f20464868","messageTitle":"Fix checkstyle error","messageBody":"","fileTypesAndContributionMap":{"functional-code":{"insertions":4,"deletions":0}}}]},{"date":"2022-10-19","commitResults":[{"hash":"5ef5828b2ed76f2e3624c7675c1fb23a29c391f5","messageTitle":"Add \u0027Unplan scheduled item\u0027 proposal","messageBody":"","fileTypesAndContributionMap":{"docs":{"insertions":11,"deletions":0},"test-code":{"insertions":17,"deletions":0}}}]},{"date":"2022-10-22","commitResults":[{"hash":"d011878c650ae0a6bd0e15e08ba824cbeb01f0d6","messageTitle":"Add MultiIndex class","messageBody":"","fileTypesAndContributionMap":{"functional-code":{"insertions":63,"deletions":0}}}]},{"date":"2022-10-23","commitResults":[{"hash":"02ef48de8e97e9dbf9b680927072c4500ecd44fb","messageTitle":"Fix MultiIndex class","messageBody":"","fileTypesAndContributionMap":{"functional-code":{"insertions":7,"deletions":9}}},{"hash":"a48c339a9fba9a2c131f5d0e5a9e05d9ab0587d7","messageTitle":"Change PlanCommandParser class to SelectCommandParser","messageBody":"","fileTypesAndContributionMap":{"functional-code":{"insertions":1,"deletions":1},"other":{"insertions":7,"deletions":7}}}]},{"date":"2022-10-24","commitResults":[{"hash":"206ec394bd3f77b2018e50627529516820559432","messageTitle":"Add plan command","messageBody":"","fileTypesAndContributionMap":{"functional-code":{"insertions":217,"deletions":11}}},{"hash":"d61d75490d4ce91f8f788f84b67f61c070053759","messageTitle":"Add unplan command","messageBody":"","fileTypesAndContributionMap":{"functional-code":{"insertions":115,"deletions":6}}}]},{"date":"2022-10-25","commitResults":[{"hash":"d0dca97c0784ed105e7fc2ab6d00090313176642","messageTitle":"Fix storage to allow Waddle to store day list and contained items","messageBody":"","fileTypesAndContributionMap":{"functional-code":{"insertions":114,"deletions":9},"test-code":{"insertions":11,"deletions":10}}},{"hash":"72bde5dae83adee82bb2a9c16711766851208ba9","messageTitle":"Add short TODO comment","messageBody":"","fileTypesAndContributionMap":{"functional-code":{"insertions":1,"deletions":0}}}]},{"date":"2022-10-26","commitResults":[{"hash":"11938e39c54ece8dfb4090163f5d019249559ab0","messageTitle":"Fix Json data used by test cases","messageBody":"","fileTypesAndContributionMap":{"test-code":{"insertions":2,"deletions":1}}},{"hash":"cf4841b22e8241c908ed64548b2a19898803f636","messageTitle":"Remove stray println statements","messageBody":"","fileTypesAndContributionMap":{"functional-code":{"insertions":0,"deletions":3}}},{"hash":"e13ae4c3d046f9369a41ddaa5e21d3c9ed5ac9ea","messageTitle":"Fix checkstyle error","messageBody":"","fileTypesAndContributionMap":{"test-code":{"insertions":1,"deletions":2}}}]},{"date":"2022-10-27","commitResults":[{"hash":"037397ece2709a1cb137aae538853d451d4649ba","messageTitle":"Update user guide and add new commands","messageBody":"","fileTypesAndContributionMap":{"docs":{"insertions":112,"deletions":59}}},{"hash":"ca290af216cea4b86e4507085c690374a75f1647","messageTitle":"Update user guide with more commands","messageBody":"","fileTypesAndContributionMap":{"docs":{"insertions":100,"deletions":62}}},{"hash":"469c66f1c074731450452298001c8ec747e57900","messageTitle":"Fix checkstyle error","messageBody":"","fileTypesAndContributionMap":{"docs":{"insertions":3,"deletions":3}}},{"hash":"a279c737af253ce2445d6c1f5eff5d47d1b2eb40","messageTitle":"Fix broken hyperlinks","messageBody":"","fileTypesAndContributionMap":{"docs":{"insertions":10,"deletions":11}}},{"hash":"70a3b279d44c07722b576c63e518b801636ef0a1","messageTitle":"Add Ui picture for item planning stage","messageBody":"","fileTypesAndContributionMap":{"docs":{"insertions":3,"deletions":0}}}]}]},"authorFileTypeContributionMap":{"ciaoosuuu":{"docs":86,"functional-code":1652,"test-code":1180,"other":7},"CFSY":{"docs":487,"functional-code":2001,"test-code":71,"other":2},"pewggls":{"docs":69,"functional-code":619,"test-code":496},"ningtan11":{"docs":122,"functional-code":340,"test-code":524},"seox123":{"docs":196,"functional-code":772,"test-code":366,"other":1}},"authorContributionVariance":{"ciaoosuuu":2082566.5,"CFSY":55006.504,"pewggls":32046.713,"ningtan11":70808.75,"seox123":52792.367},"authorDisplayNameMap":{"ciaoosuuu":"CS2103T-W11-4 CHEN..SHUN","CFSY":"CS2103T-W11-4 FOO ..I YU","pewggls":"CS2103T-W11-4 HUI ..I LU","ningtan11":"CS2103T-W11-4 TAN ..NING","seox123":"CS2103T-W11-4 LAW ..MENG"}}
