{"authorDailyContributionsMap":{"sprintaway":[{"date":"2022-09-18","commitResults":[{"hash":"f2169ee83a4887559fd2f281cb6419a29e681bb2","messageTitle":"update aboutus","messageBody":"","fileTypesAndContributionMap":{"docs":{"insertions":51,"deletions":6}}},{"hash":"8ce13fc421b75a541d3391357402b95b97b543f5","messageTitle":"Change names to lowercase","messageBody":"","fileTypesAndContributionMap":{"docs":{"insertions":2,"deletions":2}}},{"hash":"820a0457ac317bb48f203db0e44ed4a6d64435c8","messageTitle":"Rename all files to sprintaway instead","messageBody":"","fileTypesAndContributionMap":{"docs":{"insertions":2,"deletions":2}}},{"hash":"1844f8f2d7ba88e51b31e679bf03ba7954fc4fb5","messageTitle":"Edit UserGuide for return a book to list all books","messageBody":"","fileTypesAndContributionMap":{"docs":{"insertions":19,"deletions":25}}},{"hash":"8ced10f6b278a4436d44d63312f97c136eee0139","messageTitle":"Update PPP","messageBody":"","fileTypesAndContributionMap":{"docs":{"insertions":11,"deletions":30}}},{"hash":"b3676f221a8f9249e0190287cfbe202e1fbba354","messageTitle":"Fix checkstyle errors","messageBody":"","fileTypesAndContributionMap":{"docs":{"insertions":6,"deletions":7}}}]},{"date":"2022-09-19","commitResults":[{"hash":"ea728f71bddd1e6ba662bd549c771730775c573e","messageTitle":"Edit format to make it look better","messageBody":"","fileTypesAndContributionMap":{"docs":{"insertions":1,"deletions":1}}}]}],"parth-io":[{"date":"2022-09-18","commitResults":[{"hash":"afd326bf2478968e2dab47a053bb3fdc4613bca6","messageTitle":"Add parth-io\u0027s details to the About Us page","messageBody":"","fileTypesAndContributionMap":{"docs":{"insertions":8,"deletions":8}}},{"hash":"7bbfa38d1fafc1614c53af13632c218734d21bc5","messageTitle":"Add parth-io\u0027s details to the About Us page","messageBody":"","fileTypesAndContributionMap":{"docs":{"insertions":2,"deletions":2}}},{"hash":"b10eabc4941b589d21ff589d64b1e3de3ea7082b","messageTitle":"Change the user guide for the add and remove commands for #58","messageBody":"","fileTypesAndContributionMap":{"docs":{"insertions":28,"deletions":26}}}]}],"TYKCodes":[{"date":"2022-09-18","commitResults":[{"hash":"88d1d1b51665457739aaad4c78d1aa45c0f41d67","messageTitle":"Update AboutUs.md","messageBody":"Updates Jean Doe to Teh Yi Kuang with the respective details/hyperlinks","fileTypesAndContributionMap":{"docs":{"insertions":4,"deletions":4}}},{"hash":"d00a1846d53a68edfde3b30fbde13c0820f882db","messageTitle":"Update AboutUs.md","messageBody":"","fileTypesAndContributionMap":{"docs":{"insertions":1,"deletions":1}}},{"hash":"00abfd0cd5f5704fe9f2a1243a561f5d6f685d77","messageTitle":"Update README.md","messageBody":"Updates the content of the README.md file to match the our Team Project\u0027s description","fileTypesAndContributionMap":{"docs":{"insertions":4,"deletions":11}}},{"hash":"6674da400a740c0cffe6a8ae45d28beb40052e20","messageTitle":"Update user guide to include command summary","messageBody":"","fileTypesAndContributionMap":{"docs":{"insertions":13,"deletions":190}}},{"hash":"a765e1d406fc0bfa9128bb9f74ee20b6db6f9f5d","messageTitle":"Add Project Portfolio Page","messageBody":"","fileTypesAndContributionMap":{"docs":{"insertions":27,"deletions":0}}},{"hash":"b198034584c728d92f973eda3773b73811cff8f7","messageTitle":"Rename image file name and update AboutUs page","messageBody":"","fileTypesAndContributionMap":{"docs":{"insertions":1,"deletions":1}}}]}],"Edfernape":[{"date":"2022-09-18","commitResults":[{"hash":"9d000a537110c9383150800b7d78d024f0e3df24","messageTitle":"Add information about Edward.","messageBody":"","fileTypesAndContributionMap":{"docs":{"insertions":35,"deletions":3}}},{"hash":"16085d803d31df064076d28d3c37ecaa7034d00d","messageTitle":"Fix whitespace problem","messageBody":"","fileTypesAndContributionMap":{"docs":{"insertions":2,"deletions":14}}},{"hash":"b37d55e3bc8ccd3c7208934fbcbc7357af725c6e","messageTitle":"Update information about Edward","messageBody":"","fileTypesAndContributionMap":{"docs":{"insertions":2,"deletions":2}}},{"hash":"27a3de594c7085e7cb9840e9eb42ce57c19f389b","messageTitle":"Update user guide with features (list loans, clear all, exit) and FAQ","messageBody":"","fileTypesAndContributionMap":{"docs":{"insertions":8,"deletions":169}}},{"hash":"ebedcd094895f98fec393244d096f2438dbdbcfa","messageTitle":"Rename some files with proper naming conventions","messageBody":"","fileTypesAndContributionMap":{"docs":{"insertions":1,"deletions":1}}},{"hash":"12e6418f46e178d6163600e5a302877fa2dd51d6","messageTitle":"Update UserGuide with missing sections","messageBody":"","fileTypesAndContributionMap":{"docs":{"insertions":22,"deletions":16}}}]}],"kynapy":[{"date":"2022-09-18","commitResults":[{"hash":"5a7ba48c2c646c5a21731cd5afb6c32bcf4cb4ac","messageTitle":"Update AboutUs.md","messageBody":"","fileTypesAndContributionMap":{"docs":{"insertions":5,"deletions":5}}}]}]},"authorFileTypeContributionMap":{"sprintaway":{"docs":48,"functional-code":0,"test-code":0},"parth-io":{"docs":33,"functional-code":0,"test-code":0},"TYKCodes":{"docs":46,"functional-code":0,"test-code":0},"Edfernape":{"docs":41,"functional-code":0,"test-code":0},"kynapy":{"docs":5,"functional-code":0,"test-code":0}},"authorContributionVariance":{"sprintaway":4941.6875,"parth-io":1026.75,"TYKCodes":12384.1875,"Edfernape":14179.6875,"kynapy":18.75},"authorDisplayNameMap":{"sprintaway":"CS2103-F14-4 NG Y.. JIA","parth-io":"CS2103-F14-4 GUJA..LESH","TYKCodes":"CS2103-F14-4 TEH ..UANG","Edfernape":"CS2103-F14-4 EDWA..ALIM","kynapy":"CS2103-F14-4 ANG ..OUNG"}}
