{"authorDailyContributionsMap":{"sprintaway":[{"date":"2022-09-18","commitResults":[{"hash":"f2169ee83a4887559fd2f281cb6419a29e681bb2","messageTitle":"update aboutus","messageBody":"","fileTypesAndContributionMap":{"docs":{"insertions":51,"deletions":6}}},{"hash":"8ce13fc421b75a541d3391357402b95b97b543f5","messageTitle":"Change names to lowercase","messageBody":"","fileTypesAndContributionMap":{"docs":{"insertions":2,"deletions":2}}},{"hash":"820a0457ac317bb48f203db0e44ed4a6d64435c8","messageTitle":"Rename all files to sprintaway instead","messageBody":"","fileTypesAndContributionMap":{"docs":{"insertions":2,"deletions":2}}},{"hash":"1844f8f2d7ba88e51b31e679bf03ba7954fc4fb5","messageTitle":"Edit UserGuide for return a book to list all books","messageBody":"","fileTypesAndContributionMap":{"docs":{"insertions":19,"deletions":25}}},{"hash":"8ced10f6b278a4436d44d63312f97c136eee0139","messageTitle":"Update PPP","messageBody":"","fileTypesAndContributionMap":{"docs":{"insertions":11,"deletions":30}}},{"hash":"b3676f221a8f9249e0190287cfbe202e1fbba354","messageTitle":"Fix checkstyle errors","messageBody":"","fileTypesAndContributionMap":{"docs":{"insertions":6,"deletions":7}}}]},{"date":"2022-09-19","commitResults":[{"hash":"ea728f71bddd1e6ba662bd549c771730775c573e","messageTitle":"Edit format to make it look better","messageBody":"","fileTypesAndContributionMap":{"docs":{"insertions":1,"deletions":1}}}]},{"date":"2022-09-25","commitResults":[{"hash":"fee2829ad26152e3ee70f4404b73ed80540a250a","messageTitle":"Add use case 1 to developer guide","messageBody":"","fileTypesAndContributionMap":{"docs":{"insertions":8,"deletions":10}}},{"hash":"51191d3fa9578cc9a4bd2d2c1d5c40e508184fe5","messageTitle":"Specify use case","messageBody":"","fileTypesAndContributionMap":{"docs":{"insertions":1,"deletions":1}}},{"hash":"714b3b720ba3e57dececfcec423e9e73a9df2cd3","messageTitle":"Make changes as requested by reviewer","messageBody":"","fileTypesAndContributionMap":{"docs":{"insertions":1,"deletions":1}}}]},{"date":"2022-10-02","commitResults":[{"hash":"7278e5737babd46b4fb87f0fe09b0b9eb0ede1c4","messageTitle":"Delete all usages of address inside patrons(Person) Change Address App to BookFace Rename/refactor packages to BookFace Change save and load file location to data\\\\bookface.json through preferences.json Make add user command, delete user command, list users command Add listcommandparser class","messageBody":"","fileTypesAndContributionMap":{"functional-code":{"insertions":176,"deletions":172},"other":{"insertions":749,"deletions":902},"docs":{"insertions":8,"deletions":8},"test-code":{"insertions":434,"deletions":550}}},{"hash":"bcf698f5eb72a7f1e400e2120fadd4310af9541a","messageTitle":"Fix checkstyle issues","messageBody":"","fileTypesAndContributionMap":{"functional-code":{"insertions":32,"deletions":23}}},{"hash":"27e457ed1f306ebcc1f6c68e6534001fb5614aaf","messageTitle":"Fix checkstyle","messageBody":"","fileTypesAndContributionMap":{"functional-code":{"insertions":3,"deletions":4}}},{"hash":"b93e54c4316e1efe71256410cadbffdf7b95a15d","messageTitle":"Fix checkstyle","messageBody":"","fileTypesAndContributionMap":{"test-code":{"insertions":197,"deletions":125}}},{"hash":"87699a93a7b54ae2f2f761d2962b19a56f0bcffc","messageTitle":"Remove tests temporarily","messageBody":"","fileTypesAndContributionMap":{"test-code":{"insertions":4,"deletions":7}}},{"hash":"9b50a03ab12c25bb2fd5dd9faf49af7b36140a59","messageTitle":"Fix checkstyle issues","messageBody":"","fileTypesAndContributionMap":{"test-code":{"insertions":4,"deletions":4}}}]},{"date":"2022-10-03","commitResults":[{"hash":"232829195cba0de124565c6e033b4d8901c16c61","messageTitle":"Add removed tests back in resolved by Parth Add equals method to ListUsersCommand Add ListCommandParserTest test cases","messageBody":"","fileTypesAndContributionMap":{"functional-code":{"insertions":6,"deletions":3},"test-code":{"insertions":41,"deletions":6}}},{"hash":"482e0b8ddab5177ade14018d084040e92a4fd880","messageTitle":"Change some occurences of address book to user list and persons to users","messageBody":"","fileTypesAndContributionMap":{"functional-code":{"insertions":21,"deletions":21}}},{"hash":"28524ef6002f6f8afe43d9242b95352eedc4f05b","messageTitle":"Change help command link shown","messageBody":"","fileTypesAndContributionMap":{"functional-code":{"insertions":1,"deletions":2}}}]},{"date":"2022-10-05","commitResults":[{"hash":"56619e76f9fc95312ef8a0f96f528e0621111ea3","messageTitle":"Create separate test ui for books","messageBody":"","fileTypesAndContributionMap":{"functional-code":{"insertions":208,"deletions":9}}}]},{"date":"2022-10-08","commitResults":[{"hash":"0d0b563dbe6cb3dda844cafadd7e07e6fd7d8a30","messageTitle":"Readd back usage of observable list instead of array list (sorry Edward, I tried to use a wrapper through ``` private final ObservableList\u003cBook\u003e internalList \u003d FXCollections.observableArrayList(bookList); private final ObservableList\u003cBook\u003e internalUnmodifiableList \u003d             FXCollections.unmodifiableObservableList(internalList); ``` but it didnt work.","messageBody":"Add address change and add command under BookList\nto make changes show up.\n\nAdd some UI changes to make it more neat.\n\nThe Ui look is temporary and change if necessary.\n","fileTypesAndContributionMap":{"functional-code":{"insertions":305,"deletions":75},"other":{"insertions":17,"deletions":29}}},{"hash":"b6d1e952080d12768a90fc22b453ab34fe26daac","messageTitle":"Fix checkstyle error","messageBody":"Remove Loan class added on accident\n\nAdd some tests\n\nAdd some standard Book examples in test\n\nAdd parser for addbookcommand to throw respective error not following\ncorrect format\n","fileTypesAndContributionMap":{"functional-code":{"insertions":45,"deletions":31},"test-code":{"insertions":160,"deletions":0}}}]},{"date":"2022-10-09","commitResults":[{"hash":"10baadc6d37b32a59839a467444ded3b50fabd32","messageTitle":"Add loancommand and loancommandparser","messageBody":"Issues:\n1. Loan status is not saved/loaded properly.\n(ie. Upon restart, isLoaned statuses are all reset to default false)\n2. UI for loan status not set up.\n","fileTypesAndContributionMap":{"functional-code":{"insertions":159,"deletions":1},"test-code":{"insertions":5,"deletions":0}}},{"hash":"16191d12af350cc40d1e7f79970fc1ecb3df8631","messageTitle":"Fix tests","messageBody":"","fileTypesAndContributionMap":{"test-code":{"insertions":21,"deletions":0}}}]}],"parth-io":[{"date":"2022-09-18","commitResults":[{"hash":"afd326bf2478968e2dab47a053bb3fdc4613bca6","messageTitle":"Add parth-io\u0027s details to the About Us page","messageBody":"","fileTypesAndContributionMap":{"docs":{"insertions":8,"deletions":8}}},{"hash":"7bbfa38d1fafc1614c53af13632c218734d21bc5","messageTitle":"Add parth-io\u0027s details to the About Us page","messageBody":"","fileTypesAndContributionMap":{"docs":{"insertions":2,"deletions":2}}},{"hash":"b10eabc4941b589d21ff589d64b1e3de3ea7082b","messageTitle":"Change the user guide for the add and remove commands for #58","messageBody":"","fileTypesAndContributionMap":{"docs":{"insertions":28,"deletions":26}}}]},{"date":"2022-09-25","commitResults":[{"hash":"1e57aeb122b804cf0235b90604f3095a860fc294","messageTitle":"Add the glossary and non-functional requirements to the developer guide","messageBody":"","fileTypesAndContributionMap":{"docs":{"insertions":26,"deletions":9}}},{"hash":"f5a8d3129a55c9960b7de079eba12931365d8ff3","messageTitle":"Fix typo in BookFace","messageBody":"","fileTypesAndContributionMap":{"docs":{"insertions":3,"deletions":2}}}]},{"date":"2022-09-26","commitResults":[{"hash":"c196ab93449976e5cf8f2bf4a10eb4a8b9ff685f","messageTitle":"Fix table formatting for Glossary in Developer Guide","messageBody":"","fileTypesAndContributionMap":{"docs":{"insertions":31,"deletions":9}}}]},{"date":"2022-10-05","commitResults":[{"hash":"523b6ed1296dd38f2723c39b3b884cce0c7c7dcd","messageTitle":"Add command parsing: separate parsing of commands and arguments","messageBody":"Parsing of commands is through a three-step process - processing the first command word, then the arguments, and constructing the Command instance. The distinction between commands and arguments is not clear.\n\nLet\u0027s create additional interfaces to handle arguments and commands separately. Let\u0027s also implement the ability to parse subcommands of add with these interfaces.\n","fileTypesAndContributionMap":{"functional-code":{"insertions":108,"deletions":7},"other":{"insertions":23,"deletions":39}}},{"hash":"3b787264f54fe3ce17c03e9ebf375a173146cc13","messageTitle":"Let\u0027s update the tests","messageBody":"","fileTypesAndContributionMap":{"other":{"insertions":30,"deletions":32},"test-code":{"insertions":79,"deletions":37}}},{"hash":"c5d93d70b4ee12874b805cfc6f6b05c25094dee9","messageTitle":"Update the names of the methods in the docs","messageBody":"","fileTypesAndContributionMap":{"docs":{"insertions":8,"deletions":8}}},{"hash":"0ba26400ddeb2aebc45882ece92f467831390e5c","messageTitle":"AddCommandParser and AddressBookParser have similar logic. Furthermore, AddressBookParser has a very long method.","messageBody":"Code de-duplication will make it easier to extend for all commands. Simplifying the switch statements will enhance readability and code performance.\n\nLet\u0027s create enums to associate each the parse function with each possible command from the user. Let\u0027s also make CommandParser an abstract class so that other parsers can benefit from the shared parse function.\n\nUsing enums is more performant than using HashMap for a key-value storage, and is easy to modify. The abstract class contains the method parse which is final and is the driving code for the parsing logic. The parse method calls handleParsedCommand, which is implementd by the subclasses.\n","fileTypesAndContributionMap":{"functional-code":{"insertions":169,"deletions":114},"test-code":{"insertions":36,"deletions":58}}},{"hash":"abb7a2c476d8025200f0f59a78bcbd12ac444f9c","messageTitle":"Create subcommands for list and delete","messageBody":"","fileTypesAndContributionMap":{"functional-code":{"insertions":278,"deletions":177},"other":{"insertions":49,"deletions":47},"test-code":{"insertions":3,"deletions":4}}}]}],"TYKCodes":[{"date":"2022-09-18","commitResults":[{"hash":"88d1d1b51665457739aaad4c78d1aa45c0f41d67","messageTitle":"Update AboutUs.md","messageBody":"Updates Jean Doe to Teh Yi Kuang with the respective details/hyperlinks","fileTypesAndContributionMap":{"docs":{"insertions":4,"deletions":4}}},{"hash":"d00a1846d53a68edfde3b30fbde13c0820f882db","messageTitle":"Update AboutUs.md","messageBody":"","fileTypesAndContributionMap":{"docs":{"insertions":1,"deletions":1}}},{"hash":"00abfd0cd5f5704fe9f2a1243a561f5d6f685d77","messageTitle":"Update README.md","messageBody":"Updates the content of the README.md file to match the our Team Project\u0027s description","fileTypesAndContributionMap":{"docs":{"insertions":4,"deletions":11}}},{"hash":"6674da400a740c0cffe6a8ae45d28beb40052e20","messageTitle":"Update user guide to include command summary","messageBody":"","fileTypesAndContributionMap":{"docs":{"insertions":13,"deletions":190}}},{"hash":"a765e1d406fc0bfa9128bb9f74ee20b6db6f9f5d","messageTitle":"Add Project Portfolio Page","messageBody":"","fileTypesAndContributionMap":{"docs":{"insertions":27,"deletions":0}}},{"hash":"b198034584c728d92f973eda3773b73811cff8f7","messageTitle":"Rename image file name and update AboutUs page","messageBody":"","fileTypesAndContributionMap":{"docs":{"insertions":1,"deletions":1}}}]},{"date":"2022-09-25","commitResults":[{"hash":"8d0e9e4994ed7ef936aa80ca4f100046f7ab1c3b","messageTitle":"Add \u0027view books\u0027 use case to developer guide","messageBody":"","fileTypesAndContributionMap":{"docs":{"insertions":11,"deletions":17}}},{"hash":"96f242f706e6e6be596c8c07d58f11ef13c8b2a4","messageTitle":"Add list books use case to developer guide","messageBody":"","fileTypesAndContributionMap":{"docs":{"insertions":1,"deletions":2}}},{"hash":"62dc836c4f8f0ac0fd1acb89f19d9f86ae64425a","messageTitle":"Update DeveloperGuide.md","messageBody":"","fileTypesAndContributionMap":{"docs":{"insertions":23,"deletions":0}}},{"hash":"31d2cb3b63854dce3f7e0284ab8f22dc307efe35","messageTitle":"Update DeveloperGuide.md","messageBody":"","fileTypesAndContributionMap":{"docs":{"insertions":0,"deletions":4}}}]},{"date":"2022-10-05","commitResults":[{"hash":"b15a7c7ac5b569274b32a0c93390127ba0e1777a","messageTitle":"Add Book class","messageBody":"","fileTypesAndContributionMap":{"functional-code":{"insertions":216,"deletions":0}}}]}],"Edfernape":[{"date":"2022-09-18","commitResults":[{"hash":"9d000a537110c9383150800b7d78d024f0e3df24","messageTitle":"Add information about Edward.","messageBody":"","fileTypesAndContributionMap":{"docs":{"insertions":35,"deletions":3}}},{"hash":"16085d803d31df064076d28d3c37ecaa7034d00d","messageTitle":"Fix whitespace problem","messageBody":"","fileTypesAndContributionMap":{"docs":{"insertions":2,"deletions":14}}},{"hash":"b37d55e3bc8ccd3c7208934fbcbc7357af725c6e","messageTitle":"Update information about Edward","messageBody":"","fileTypesAndContributionMap":{"docs":{"insertions":2,"deletions":2}}},{"hash":"27a3de594c7085e7cb9840e9eb42ce57c19f389b","messageTitle":"Update user guide with features (list loans, clear all, exit) and FAQ","messageBody":"","fileTypesAndContributionMap":{"docs":{"insertions":8,"deletions":169}}},{"hash":"ebedcd094895f98fec393244d096f2438dbdbcfa","messageTitle":"Rename some files with proper naming conventions","messageBody":"","fileTypesAndContributionMap":{"docs":{"insertions":1,"deletions":1}}},{"hash":"12e6418f46e178d6163600e5a302877fa2dd51d6","messageTitle":"Update UserGuide with missing sections","messageBody":"","fileTypesAndContributionMap":{"docs":{"insertions":22,"deletions":16}}}]},{"date":"2022-09-25","commitResults":[{"hash":"64427060caffc1c62f429c749fa674e41a79e58c","messageTitle":"Add theme command logic.","messageBody":"The current application does not have a means of changing the UI theme.\nThis new command will eventually be able to change the aesthetics of\nour application.\n","fileTypesAndContributionMap":{"functional-code":{"insertions":82,"deletions":0}}},{"hash":"c77e323486b03c1444a1f4f0fc0313c0dd5d673f","messageTitle":"Add use case for add book in the developer guide.","messageBody":"","fileTypesAndContributionMap":{"functional-code":{"insertions":1,"deletions":1},"docs":{"insertions":22,"deletions":0}}},{"hash":"143b7ae58652d68d6de87bd039330fb0da76a06a","messageTitle":"Add missing javadoc for theme command.","messageBody":"","fileTypesAndContributionMap":{"functional-code":{"insertions":7,"deletions":1}}},{"hash":"f7eea9107e18eb2de35568cb4707681987cc3c89","messageTitle":"Remove theme command","messageBody":"","fileTypesAndContributionMap":{"functional-code":{"insertions":0,"deletions":81}}},{"hash":"49e47938db9c6acd09ce76804fc92a9becea1150","messageTitle":"Remove theme command fully","messageBody":"","fileTypesAndContributionMap":{"functional-code":{"insertions":0,"deletions":34}}},{"hash":"fd96fa3caf35460eacc52ea06a38693c4ab8fb64","messageTitle":"Add use case for adding a book in the developer guide.","messageBody":"","fileTypesAndContributionMap":{"docs":{"insertions":0,"deletions":1}}},{"hash":"8847da50abc9ecfe7221cd00b8498ef604799ca5","messageTitle":"Update developer guide for use case 3, add a book with correct formatting.","messageBody":"","fileTypesAndContributionMap":{"docs":{"insertions":2,"deletions":3}}}]},{"date":"2022-10-05","commitResults":[{"hash":"454514c70991139070d44d15e537a89c4e450283","messageTitle":"Add preliminary BookList class.","messageBody":"","fileTypesAndContributionMap":{"functional-code":{"insertions":77,"deletions":0}}}]},{"date":"2022-10-06","commitResults":[{"hash":"67416f518840cc98a1c44d89f6efb9f4a32f0ec0","messageTitle":"Add new prefixes author and title for the add book command.","messageBody":"","fileTypesAndContributionMap":{"functional-code":{"insertions":2,"deletions":0}}},{"hash":"2ca3b48821b24d9112072edc8b47fef73b24bb27","messageTitle":"Add simple loan functionality to the book class.","messageBody":"","fileTypesAndContributionMap":{"functional-code":{"insertions":24,"deletions":0}}},{"hash":"88c8ac76a553f9218880b5bab5353fc92c12f577","messageTitle":"Add the AddBookCommand class.","messageBody":"","fileTypesAndContributionMap":{"functional-code":{"insertions":71,"deletions":0},"test-code":{"insertions":6,"deletions":0}}},{"hash":"01b82fae7d76fa696aa39cd8a0e62bab7a133b39","messageTitle":"Fix checkstyle error","messageBody":"","fileTypesAndContributionMap":{"test-code":{"insertions":1,"deletions":1}}},{"hash":"52559d0b8db3fc39bbe78ab42899456d6940dc56","messageTitle":"Add changes requested by code review","messageBody":"","fileTypesAndContributionMap":{"functional-code":{"insertions":36,"deletions":6},"test-code":{"insertions":5,"deletions":0}}},{"hash":"31a13e2a3bc7ef0841a52fe3efa7550a562ff666","messageTitle":"Refactor addressbook directly to bookface.","messageBody":"","fileTypesAndContributionMap":{"functional-code":{"insertions":81,"deletions":79},"other":{"insertions":46,"deletions":44},"docs":{"insertions":1,"deletions":1},"test-code":{"insertions":71,"deletions":71}}},{"hash":"b7639cee32aa640e4b6f666f97f23cd007a4f13c","messageTitle":"Add working implementation of add book","messageBody":"","fileTypesAndContributionMap":{"functional-code":{"insertions":57,"deletions":4}}}]},{"date":"2022-10-07","commitResults":[{"hash":"e862cd08a2d1b846a270164dfc8d04efc0fb6d7d","messageTitle":"Fix naming: BookStubFace to BookFaceStub","messageBody":"","fileTypesAndContributionMap":{"test-code":{"insertions":3,"deletions":3}}}]}],"kynapy":[{"date":"2022-09-18","commitResults":[{"hash":"5a7ba48c2c646c5a21731cd5afb6c32bcf4cb4ac","messageTitle":"Update AboutUs.md","messageBody":"","fileTypesAndContributionMap":{"docs":{"insertions":5,"deletions":5}}}]},{"date":"2022-09-22","commitResults":[{"hash":"0ad9a7ae83bf30adfa02fe00e1507b0b05b9592e","messageTitle":"Add kynapy.md file and rename kynapy profile picture","messageBody":"","fileTypesAndContributionMap":{"docs":{"insertions":31,"deletions":1}}}]},{"date":"2022-09-25","commitResults":[{"hash":"bad3f5839c55d6a5fbb38087ec9959370b9d22da","messageTitle":"Update UserGuide.md","messageBody":"","fileTypesAndContributionMap":{"docs":{"insertions":20,"deletions":14}}},{"hash":"f49317c11ca05f1a62af3cf8abf11a0c1cc8e351","messageTitle":"Update TOC of UG, user stories, value proposition and user profile for DG","messageBody":"","fileTypesAndContributionMap":{"docs":{"insertions":32,"deletions":13}}},{"hash":"64418dcc1a82afa06d31a80a59eac04db493474b","messageTitle":"Strip trailing whitespace","messageBody":"","fileTypesAndContributionMap":{"docs":{"insertions":2,"deletions":3}}}]}]},"authorFileTypeContributionMap":{"sprintaway":{"docs":56,"functional-code":1016,"test-code":1041,"other":2},"parth-io":{"docs":86,"functional-code":437,"test-code":144},"TYKCodes":{"docs":65,"functional-code":216,"test-code":0},"Edfernape":{"docs":64,"functional-code":330,"test-code":116},"kynapy":{"docs":78,"functional-code":0,"test-code":0}},"authorContributionVariance":{"sprintaway":466196.12,"parth-io":67728.98,"TYKCodes":4346.693,"Edfernape":18552.666,"kynapy":313.27084},"authorDisplayNameMap":{"sprintaway":"CS2103-F14-4 NG Y.. JIA","parth-io":"CS2103-F14-4 GUJA..LESH","TYKCodes":"CS2103-F14-4 TEH ..UANG","Edfernape":"CS2103-F14-4 EDWA..ALIM","kynapy":"CS2103-F14-4 ANG ..OUNG"}}
