{"authorDailyContributionsMap":{"ReubenChay":[{"date":"2022-09-20","commitResults":[{"hash":"8d584e7dfed700fc4fcee3bb11223cda8c69b73b","messageTitle":"Create reubenchay.md","messageBody":"Created skeletal PPP","fileTypesAndContributionMap":{"docs":{"insertions":30,"deletions":0}}}]},{"date":"2022-09-22","commitResults":[{"hash":"944da31805c3450ef997df7dd7fed5ed5024ce16","messageTitle":"Update AboutUs.md","messageBody":"","fileTypesAndContributionMap":{"docs":{"insertions":5,"deletions":5}}},{"hash":"80e6915d3beeed0636778ebe7fa52c377edefd4e","messageTitle":"Update AboutUs.md","messageBody":"","fileTypesAndContributionMap":{"docs":{"insertions":1,"deletions":1}}},{"hash":"931402d250c75385adf487f472781dfe142a50cf","messageTitle":"Update UserGuide.md","messageBody":"","fileTypesAndContributionMap":{"docs":{"insertions":12,"deletions":3}}}]},{"date":"2022-09-24","commitResults":[{"hash":"7276d898228de3875242db019a9a3de0d2a9afb1","messageTitle":"Update DeveloperGuide.md","messageBody":"Added NFRs for Developer Guide","fileTypesAndContributionMap":{"docs":{"insertions":9,"deletions":2}}}]},{"date":"2022-09-30","commitResults":[{"hash":"c09b46de467f5755f299d320ca0ab797dac58186","messageTitle":"Add SortCommand.java","messageBody":"New command allowing for sorting based on user specified metrics introduced.\n","fileTypesAndContributionMap":{"functional-code":{"insertions":171,"deletions":1}}},{"hash":"d507af4ac23e87571c765f1092ddd845cdccbd67","messageTitle":"Fixed Checkstyle","messageBody":"","fileTypesAndContributionMap":{"functional-code":{"insertions":22,"deletions":9}}}]},{"date":"2022-10-01","commitResults":[{"hash":"f97c39e7b19608b6c123556140a790e557d9280d","messageTitle":"Added default sorting method by date/time added","messageBody":"","fileTypesAndContributionMap":{"functional-code":{"insertions":25,"deletions":9}}},{"hash":"12075655eef4d618830c7416743dda423c2e8b77","messageTitle":"Fixed Checkstyle Errors","messageBody":"","fileTypesAndContributionMap":{"functional-code":{"insertions":24,"deletions":20},"test-code":{"insertions":6,"deletions":0}}}]},{"date":"2022-10-05","commitResults":[{"hash":"733bcc1ab44299af6a399ecb7340124f44dab35b","messageTitle":"Remove command-line print message","messageBody":"","fileTypesAndContributionMap":{"functional-code":{"insertions":0,"deletions":4}}},{"hash":"9ca0d390591ecacd2884fe6f4b1260d056b7dd37","messageTitle":"Fix check style warnings","messageBody":"","fileTypesAndContributionMap":{"docs":{"insertions":7,"deletions":7}}}]},{"date":"2022-10-10","commitResults":[{"hash":"782a6f7f3669745ca573b0b8af349ab6e696e4a3","messageTitle":"Update sort command to work for Client class","messageBody":"","fileTypesAndContributionMap":{"functional-code":{"insertions":11,"deletions":1}}}]},{"date":"2022-10-11","commitResults":[{"hash":"cf451654cef3aa9fce8c43d6a9f40b71f1e4f4ad","messageTitle":"Revert \"Update sort command to work for Client class\"","messageBody":"","fileTypesAndContributionMap":{"functional-code":{"insertions":1,"deletions":11}}}]},{"date":"2022-10-17","commitResults":[{"hash":"6382bf3fadd401b5197cb1b382a9b688acf31c67","messageTitle":"Add more metrics for sort command.","messageBody":"Users can now sort client list by birthdays, income and risk appetite\n","fileTypesAndContributionMap":{"functional-code":{"insertions":66,"deletions":2}}},{"hash":"4676f36832d507bc307ce5ff1e9d52c85ded1d2d","messageTitle":"Fix checkstyle issues","messageBody":"","fileTypesAndContributionMap":{"functional-code":{"insertions":13,"deletions":16}}}]}],"loyhongshenggg":[{"date":"2022-09-23","commitResults":[{"hash":"158e193871210c2bd659362b9797037eb1f5559c","messageTitle":"Fundemental Ui changes","messageBody":"","fileTypesAndContributionMap":{"docs":{"insertions":17,"deletions":16}}},{"hash":"4b3986a02a587683f712c573bb43e20528d4fe74","messageTitle":"Merge branch \u0027master\u0027 of https://github.com/loyhongshenggg/tp","messageBody":"# Conflicts:\n#\tdocs/index.md\n","fileTypesAndContributionMap":{"docs":{"insertions":131,"deletions":17}}},{"hash":"c4948527dfd28d944779324801199e02f8a71b7a","messageTitle":"Administrative changes to docs","messageBody":"","fileTypesAndContributionMap":{"functional-code":{"insertions":3,"deletions":3},"docs":{"insertions":69,"deletions":20},"test-code":{"insertions":1,"deletions":1}}}]},{"date":"2022-09-30","commitResults":[{"hash":"61b93520176e4e12e1d70bdfcb53a401d8a8a6e4","messageTitle":"major UI/UX changes","messageBody":"","fileTypesAndContributionMap":{"functional-code":{"insertions":104,"deletions":73}}}]},{"date":"2022-10-01","commitResults":[{"hash":"bc6abbcabd683296ded5a44a46617cd218ec92e5","messageTitle":"remove onclick","messageBody":"","fileTypesAndContributionMap":{"functional-code":{"insertions":5,"deletions":5}}}]},{"date":"2022-10-04","commitResults":[{"hash":"bc76d6075c8b807215b7ccd396daeea5cd908bfe","messageTitle":"checkstyled","messageBody":"","fileTypesAndContributionMap":{"functional-code":{"insertions":1,"deletions":2}}}]},{"date":"2022-10-09","commitResults":[{"hash":"8670ec3623379e6a7fe7282be3fd9b748e1971f2","messageTitle":"pin feature with UI bug fix","messageBody":"","fileTypesAndContributionMap":{"functional-code":{"insertions":203,"deletions":23},"test-code":{"insertions":12,"deletions":9}}}]},{"date":"2022-10-10","commitResults":[{"hash":"9521c83e680681427ac89bb7535aea0332b7e6a1","messageTitle":"fix scrollable resultbox","messageBody":"","fileTypesAndContributionMap":{"functional-code":{"insertions":4,"deletions":9}}},{"hash":"c5a0f6f82c00ead514635ea58f0ea122647e11f5","messageTitle":"checkstyle","messageBody":"","fileTypesAndContributionMap":{"functional-code":{"insertions":23,"deletions":15},"docs":{"insertions":0,"deletions":1}}},{"hash":"9860482c8fbe009d7a03a894e68cc5e5e6bf03b2","messageTitle":"checkstyle","messageBody":"","fileTypesAndContributionMap":{"functional-code":{"insertions":9,"deletions":15},"other":{"insertions":2,"deletions":2}}}]}],"Ssatu":[{"date":"2022-09-27","commitResults":[{"hash":"76634e3151094c33e81cd71a5e1623e63670787a","messageTitle":"Add changes to About Us, PPP, User Guide and Developed Guide. Made some edits for Colin and Reuben\u0027s AboutUs/PPP too.","messageBody":"","fileTypesAndContributionMap":{"docs":{"insertions":132,"deletions":10}}}]},{"date":"2022-10-01","commitResults":[{"hash":"042d542e295129ada5e6b4fe37ddb97b90a092b1","messageTitle":"Create policy classes","messageBody":"","fileTypesAndContributionMap":{"functional-code":{"insertions":94,"deletions":0}}}]},{"date":"2022-10-03","commitResults":[{"hash":"43688ac064f1ab047de1ce9d92c0672762b27bc0","messageTitle":"Add policy class implementation and UI representation.","messageBody":"","fileTypesAndContributionMap":{"functional-code":{"insertions":1501,"deletions":72}}},{"hash":"ca8a8b29bea56a6e29ee68f3da44b9c0e1cad85d","messageTitle":"Stylechecks and minor bugfixes for policy class implementation.","messageBody":"","fileTypesAndContributionMap":{"functional-code":{"insertions":73,"deletions":65},"test-code":{"insertions":43,"deletions":3}}}]},{"date":"2022-10-11","commitResults":[{"hash":"6e2c8ebced2c3bafc06794341188a9d50808c4b4","messageTitle":"Add functionality to switch between showing policies and clients","messageBody":"","fileTypesAndContributionMap":{"functional-code":{"insertions":113,"deletions":48},"test-code":{"insertions":17,"deletions":12}}},{"hash":"63baa6496e96dddc1b478698778fdf598b08d025","messageTitle":"Resolve futher bugs with change to CommandResult implementation.","messageBody":"","fileTypesAndContributionMap":{"functional-code":{"insertions":4,"deletions":3}}},{"hash":"40c3da73a1c1a0cb692827750204cbdefc4b8d59","messageTitle":"Checkstyle fixes","messageBody":"","fileTypesAndContributionMap":{"functional-code":{"insertions":1,"deletions":1},"docs":{"insertions":31,"deletions":31}}}]},{"date":"2022-10-12","commitResults":[{"hash":"119fdddd3e1fb065fda2f71ce7531ffcae275b23","messageTitle":"Fix bug with exit command","messageBody":"","fileTypesAndContributionMap":{"functional-code":{"insertions":1,"deletions":1},"test-code":{"insertions":2,"deletions":1}}}]},{"date":"2022-10-18","commitResults":[{"hash":"a1814dceb0dbde5f4388a3c745030b32978b7b84","messageTitle":"Add policy list, delete commands. Refactor policyadd command.","messageBody":"","fileTypesAndContributionMap":{"functional-code":{"insertions":122,"deletions":4},"other":{"insertions":13,"deletions":13}}},{"hash":"2e6db5b753908d475021f56e52362c9a1d91a05b","messageTitle":"Add assigned policy functionality, minor changes to Person.","messageBody":"","fileTypesAndContributionMap":{"functional-code":{"insertions":516,"deletions":5},"other":{"insertions":23,"deletions":11},"test-code":{"insertions":12,"deletions":9}}}]}],"cowlinn":[{"date":"2022-09-22","commitResults":[{"hash":"26ce984dd264520fda8d87fb39ae12d67c2595d8","messageTitle":"Update AboutUs and Picture","messageBody":"","fileTypesAndContributionMap":{"docs":{"insertions":48,"deletions":5}}},{"hash":"860b82ecf0be83437875d4c49e1ea3e35fba97ac","messageTitle":"Update UserGuide","messageBody":"Added table of contents, updated description, added placeholder for new features (to be filled in by rest of group mates)\n","fileTypesAndContributionMap":{"docs":{"insertions":35,"deletions":12}}},{"hash":"54d7740d7fb626a6abc96c7beca98aa13363bf9c","messageTitle":"Updated Skeletal PPP","messageBody":"","fileTypesAndContributionMap":{"docs":{"insertions":8,"deletions":10}}}]},{"date":"2022-09-23","commitResults":[{"hash":"d7973984a0575f243c9f76b69efa5118cf9ca025","messageTitle":"Update AboutUs and DG","messageBody":"Added User stories for Developer guide, updated individual aboutUs role segment\n","fileTypesAndContributionMap":{"docs":{"insertions":17,"deletions":11}}}]},{"date":"2022-09-26","commitResults":[{"hash":"02761b262a255c8650aa43afa1e2105d9df56819","messageTitle":"Add functionality for new Client","messageBody":"The client inherits from Person, and is the main object our program will be dealing with\n\nThe Client currently has 3 additional attributes: Birthday, income and RiskLevel (Will add in notes seperately)\n\nWill add additional testing and checkstyle edits in a future commit\n","fileTypesAndContributionMap":{"functional-code":{"insertions":918,"deletions":2}}}]},{"date":"2022-09-28","commitResults":[{"hash":"1989118e665e9b4e59e8fab618f860d8c1eb1c8d","messageTitle":"Update Client to properly save in JSON","messageBody":"This update includes regex / input validation\n\nThe `client` function is now working, and sample data loads properly into JSON\n\nFuture Tests and checkstyle incoming\n","fileTypesAndContributionMap":{"functional-code":{"insertions":143,"deletions":84}}},{"hash":"0fa16621bb955b5ff0c64586860953e11e19203d","messageTitle":"Add toString to current classes","messageBody":"Tags a descriptive toString method to each class in Client\n","fileTypesAndContributionMap":{"functional-code":{"insertions":38,"deletions":6}}}]},{"date":"2022-09-29","commitResults":[{"hash":"6d80ccd690a78016a3c3c365049ff1d21cbec561","messageTitle":"Checkstyle fixes","messageBody":"Fixed checkstyle and general formatting\n\nAdded javadocs\n","fileTypesAndContributionMap":{"functional-code":{"insertions":146,"deletions":74}}}]},{"date":"2022-09-30","commitResults":[{"hash":"fc046296538eb62bdf6b30db20ed7655d4f0efca","messageTitle":"Add test case fixes","messageBody":"Fixed bugs in test cases where addressBook interface methods were not implemented\n","fileTypesAndContributionMap":{"test-code":{"insertions":42,"deletions":3}}},{"hash":"bc89d50fe746cbe5c880a36c26f6fc68e4c7a571","messageTitle":"Update JsonSerializableAddressBook test constructor","messageBody":"The constructor is updated to pass failing test case\n\nThe test case constructor will be updated upon migration\n","fileTypesAndContributionMap":{"functional-code":{"insertions":1,"deletions":3}}}]},{"date":"2022-10-02","commitResults":[{"hash":"f081b2001bbf8e559bc39aaacdba9b59a9ca4387","messageTitle":"Add DeleteClientCommand","messageBody":"For completion\u0027s sake, V1.2 will minimally allow a client to be added and deleted.\n\nThe remaining commands have yet to be integrated\n\nMessage Success/Failure has also been updated\n","fileTypesAndContributionMap":{"functional-code":{"insertions":78,"deletions":0}}}]},{"date":"2022-10-05","commitResults":[{"hash":"067c1cb731ef6062c3547dff60acf63af41377aa","messageTitle":"Checkstyle Whitespace fix","messageBody":"Removed trailing whitespace\n","fileTypesAndContributionMap":{"functional-code":{"insertions":0,"deletions":1}}}]},{"date":"2022-10-12","commitResults":[{"hash":"e322fca58710941d16f4657c849542be6962540c","messageTitle":"Initial change Client Back to Person","messageBody":"This change adds in the fields previously belonging to client into person\n\nWill ammend failing test cases\n","fileTypesAndContributionMap":{"functional-code":{"insertions":211,"deletions":826},"other":{"insertions":7,"deletions":7},"test-code":{"insertions":138,"deletions":291}}},{"hash":"0bcb607eb741280b34c46482f9cba1c7b4d1e6b2","messageTitle":"Policy Merge cleanup","messageBody":"","fileTypesAndContributionMap":{"functional-code":{"insertions":1,"deletions":5}}},{"hash":"ff9700dc2dd33e234cbb194bc60f3d418ca76599","messageTitle":"Merge branch \u0027master\u0027 into Convert-Client-BackTo-Person","messageBody":"fixes most of the merge conflicts\n","fileTypesAndContributionMap":{"functional-code":{"insertions":28,"deletions":1112},"test-code":{"insertions":3,"deletions":0}}},{"hash":"ae431e7ce6ecdf9eea15888a4c6f5590ad6d13b9","messageTitle":"Test Cases Fixes","messageBody":"Fixed client reference residue in test cases\n","fileTypesAndContributionMap":{"test-code":{"insertions":6,"deletions":33}}}]},{"date":"2022-10-13","commitResults":[{"hash":"33aa8d261b3a44fcac241cf409383f4ac552b23b","messageTitle":"Test case fixes","messageBody":"Clean up provided test cases to fit the new person class\n","fileTypesAndContributionMap":{"functional-code":{"insertions":7,"deletions":7},"test-code":{"insertions":100,"deletions":24}}},{"hash":"ccaff0be944394c4ec9d38a833f33a51bc5fd69c","messageTitle":"Add incomeBrackets","messageBody":"The income class can now classify a given income value into it\u0027s appropriate income bracket.\n","fileTypesAndContributionMap":{"functional-code":{"insertions":60,"deletions":3},"test-code":{"insertions":2,"deletions":2}}}]},{"date":"2022-10-14","commitResults":[{"hash":"44b7930951b9b8e65675b4605292e592b28b4cd5","messageTitle":"Fix test cases","messageBody":"In future iterations, will have to relook on these 3 test cases\n","fileTypesAndContributionMap":{"functional-code":{"insertions":2,"deletions":3},"test-code":{"insertions":13,"deletions":15}}}]},{"date":"2022-10-17","commitResults":[{"hash":"bbce43176bb263672baa73e36d5ae124e903c1a9","messageTitle":"Bugfixes with JsonAdaptedPerson","messageBody":"Bug fix where json file wasn\u0027t saving the correct attributes\n\nBug fix where editCommand wasn\u0027t editting the new fields properly\n","fileTypesAndContributionMap":{"functional-code":{"insertions":6,"deletions":7}}}]}],"marcusczh":[{"date":"2022-09-22","commitResults":[{"hash":"6304cb6f111bdd4b09d3733879d5cf378ac17b1b","messageTitle":"Update about us page","messageBody":"","fileTypesAndContributionMap":{"docs":{"insertions":10,"deletions":0}}},{"hash":"1902ba09c1e19eeb977a12d18972fe89768c358c","messageTitle":"Update user guide for find functionality","messageBody":"","fileTypesAndContributionMap":{"docs":{"insertions":18,"deletions":6}}},{"hash":"bf86a7effa1c4bb7bcb27652966a33df6c1e650a","messageTitle":"Add skeletal project portfolio page","messageBody":"","fileTypesAndContributionMap":{"docs":{"insertions":33,"deletions":0}}},{"hash":"dbc11025b3af9acbd73b656edfbbf1bcabc8740c","messageTitle":"Fix trailing whitespaces error","messageBody":"","fileTypesAndContributionMap":{"docs":{"insertions":8,"deletions":8}}},{"hash":"afcdbbcce1ce718ab69ac557080c26e84b6e153f","messageTitle":"Update about us page","messageBody":"","fileTypesAndContributionMap":{"docs":{"insertions":9,"deletions":10}}},{"hash":"0f74fdabbf5f2fdfc156ae4c32a2eafe50c7b338","messageTitle":"Update details for find command","messageBody":"","fileTypesAndContributionMap":{"docs":{"insertions":10,"deletions":6}}}]},{"date":"2022-09-23","commitResults":[{"hash":"1568849c95a61a93309da6cf628d8d9b123efa5d","messageTitle":"Update responsibilities in about us page","messageBody":"","fileTypesAndContributionMap":{"docs":{"insertions":2,"deletions":1}}},{"hash":"b573a49268a90d1e8499911d1a1a44924dab1fa1","messageTitle":"Add use cases","messageBody":"","fileTypesAndContributionMap":{"docs":{"insertions":51,"deletions":8}}}]},{"date":"2022-09-27","commitResults":[{"hash":"5239a049988b4d6179a12c735d49221b4de9e25b","messageTitle":"Remove placeholder text","messageBody":"","fileTypesAndContributionMap":{"docs":{"insertions":0,"deletions":10}}}]},{"date":"2022-10-05","commitResults":[{"hash":"c79e528215a5c8c2688ce3d121b89d1dc28a618c","messageTitle":"Tokenize argument inputs for find command","messageBody":"","fileTypesAndContributionMap":{"functional-code":{"insertions":27,"deletions":16}}},{"hash":"2112ff24e4635ad781bfb8e8f5b1b33f80605b60","messageTitle":"Extend find command to include phone numbers","messageBody":"","fileTypesAndContributionMap":{"functional-code":{"insertions":58,"deletions":1}}},{"hash":"dcfdfc125507ab64919ffb33b371200c671d50f7","messageTitle":"Extend find command to include addresses","messageBody":"","fileTypesAndContributionMap":{"functional-code":{"insertions":36,"deletions":3}}},{"hash":"bbb914b63655e7ef73afff6f4c88b732cd5267ec","messageTitle":"Extend find command to include email","messageBody":"","fileTypesAndContributionMap":{"functional-code":{"insertions":29,"deletions":3}}},{"hash":"276cb7ffd0ddd055dab8eda532b661605d28c1d5","messageTitle":"Extend find command to include tags","messageBody":"","fileTypesAndContributionMap":{"functional-code":{"insertions":45,"deletions":3}}},{"hash":"b4b1a6d0a46ce1fdb6b5ec2ce5bb01f622dc3f29","messageTitle":"Modify test cases for find command","messageBody":"","fileTypesAndContributionMap":{"test-code":{"insertions":3,"deletions":3}}},{"hash":"168931fc2dae56253d3f7e71840a9b50ab91dfb0","messageTitle":"Rename package","messageBody":"","fileTypesAndContributionMap":{"other":{"insertions":923,"deletions":926},"docs":{"insertions":14,"deletions":14},"test-code":{"insertions":3,"deletions":3}}},{"hash":"c573ef6f5be226ef3807eaa52982c939b9fee770","messageTitle":"Fix typos","messageBody":"","fileTypesAndContributionMap":{"functional-code":{"insertions":4,"deletions":2},"docs":{"insertions":2,"deletions":2},"test-code":{"insertions":8,"deletions":9}}}]},{"date":"2022-10-14","commitResults":[{"hash":"fd6a032a131679a8889263c51b8edfa51fe69c6f","messageTitle":"Package predicates for person model","messageBody":"","fileTypesAndContributionMap":{"functional-code":{"insertions":7,"deletions":7},"other":{"insertions":16,"deletions":6},"test-code":{"insertions":6,"deletions":5}}},{"hash":"4e7131e6629aff1d17aaa72ceca59b7c59c0bd9e","messageTitle":"Extend find command to work with multiple arguments","messageBody":"","fileTypesAndContributionMap":{"functional-code":{"insertions":26,"deletions":15},"test-code":{"insertions":9,"deletions":7}}},{"hash":"f6bfdaec9308156405ed40b8a4d83d26ad7443aa","messageTitle":"Increase scope of search for address and phone attributes","messageBody":"","fileTypesAndContributionMap":{"functional-code":{"insertions":2,"deletions":2}}},{"hash":"29a99f1bb24653e76680fea1f089ac838bdc0111","messageTitle":"Remove unused code","messageBody":"","fileTypesAndContributionMap":{"functional-code":{"insertions":0,"deletions":18}}}]},{"date":"2022-10-15","commitResults":[{"hash":"e1010807d212b686d3a5782e5e1814813e3d1286","messageTitle":"Enable assertions","messageBody":"","fileTypesAndContributionMap":{"other":{"insertions":4,"deletions":0}}}]},{"date":"2022-10-17","commitResults":[{"hash":"068daddd59453c830e6e23da9d42c6c8d2dfbafe","messageTitle":"Remove duplicate use case and fix numbering","messageBody":"","fileTypesAndContributionMap":{"docs":{"insertions":4,"deletions":26}}}]}]},"authorFileTypeContributionMap":{"ReubenChay":{"docs":42,"functional-code":249,"test-code":5},"loyhongshenggg":{"docs":126,"functional-code":261,"test-code":4,"other":1},"Ssatu":{"docs":114,"functional-code":2173,"test-code":69},"cowlinn":{"docs":49,"functional-code":597,"test-code":238},"marcusczh":{"docs":112,"functional-code":614,"test-code":440,"other":6}},"authorContributionVariance":{"ReubenChay":1595.1818,"loyhongshenggg":4756.933,"Ssatu":104357.88,"cowlinn":227594.39,"marcusczh":133757.53},"authorDisplayNameMap":{"ReubenChay":"CS2103T-W13-2 REUB.. ZHE","loyhongshenggg":"CS2103T-W13-2 LOY ..HENG","Ssatu":"CS2103T-W13-2 DAMI..JING","cowlinn":"CS2103T-W13-2 TOH ..OLIN","marcusczh":"CS2103T-W13-2 CHUA..RCUS"}}
