{"authorDailyContributionsMap":{"ReubenChay":[{"date":"2022-09-20","commitResults":[{"hash":"8d584e7dfed700fc4fcee3bb11223cda8c69b73b","messageTitle":"Create reubenchay.md","messageBody":"Created skeletal PPP","fileTypesAndContributionMap":{"docs":{"insertions":30,"deletions":0}}}]},{"date":"2022-09-22","commitResults":[{"hash":"944da31805c3450ef997df7dd7fed5ed5024ce16","messageTitle":"Update AboutUs.md","messageBody":"","fileTypesAndContributionMap":{"docs":{"insertions":5,"deletions":5}}},{"hash":"80e6915d3beeed0636778ebe7fa52c377edefd4e","messageTitle":"Update AboutUs.md","messageBody":"","fileTypesAndContributionMap":{"docs":{"insertions":1,"deletions":1}}},{"hash":"931402d250c75385adf487f472781dfe142a50cf","messageTitle":"Update UserGuide.md","messageBody":"","fileTypesAndContributionMap":{"docs":{"insertions":12,"deletions":3}}}]},{"date":"2022-09-24","commitResults":[{"hash":"7276d898228de3875242db019a9a3de0d2a9afb1","messageTitle":"Update DeveloperGuide.md","messageBody":"Added NFRs for Developer Guide","fileTypesAndContributionMap":{"docs":{"insertions":9,"deletions":2}}}]},{"date":"2022-09-30","commitResults":[{"hash":"c09b46de467f5755f299d320ca0ab797dac58186","messageTitle":"Add SortCommand.java","messageBody":"New command allowing for sorting based on user specified metrics introduced.\n","fileTypesAndContributionMap":{"functional-code":{"insertions":171,"deletions":1}}},{"hash":"d507af4ac23e87571c765f1092ddd845cdccbd67","messageTitle":"Fixed Checkstyle","messageBody":"","fileTypesAndContributionMap":{"functional-code":{"insertions":22,"deletions":9}}}]},{"date":"2022-10-01","commitResults":[{"hash":"f97c39e7b19608b6c123556140a790e557d9280d","messageTitle":"Added default sorting method by date/time added","messageBody":"","fileTypesAndContributionMap":{"functional-code":{"insertions":25,"deletions":9}}},{"hash":"12075655eef4d618830c7416743dda423c2e8b77","messageTitle":"Fixed Checkstyle Errors","messageBody":"","fileTypesAndContributionMap":{"functional-code":{"insertions":24,"deletions":20},"test-code":{"insertions":6,"deletions":0}}}]},{"date":"2022-10-05","commitResults":[{"hash":"733bcc1ab44299af6a399ecb7340124f44dab35b","messageTitle":"Remove command-line print message","messageBody":"","fileTypesAndContributionMap":{"functional-code":{"insertions":0,"deletions":4}}},{"hash":"9ca0d390591ecacd2884fe6f4b1260d056b7dd37","messageTitle":"Fix check style warnings","messageBody":"","fileTypesAndContributionMap":{"docs":{"insertions":7,"deletions":7}}}]},{"date":"2022-10-10","commitResults":[{"hash":"782a6f7f3669745ca573b0b8af349ab6e696e4a3","messageTitle":"Update sort command to work for Client class","messageBody":"","fileTypesAndContributionMap":{"functional-code":{"insertions":11,"deletions":1}}}]},{"date":"2022-10-11","commitResults":[{"hash":"cf451654cef3aa9fce8c43d6a9f40b71f1e4f4ad","messageTitle":"Revert \"Update sort command to work for Client class\"","messageBody":"","fileTypesAndContributionMap":{"functional-code":{"insertions":1,"deletions":11}}}]},{"date":"2022-10-17","commitResults":[{"hash":"6382bf3fadd401b5197cb1b382a9b688acf31c67","messageTitle":"Add more metrics for sort command.","messageBody":"Users can now sort client list by birthdays, income and risk appetite\n","fileTypesAndContributionMap":{"functional-code":{"insertions":66,"deletions":2}}},{"hash":"4676f36832d507bc307ce5ff1e9d52c85ded1d2d","messageTitle":"Fix checkstyle issues","messageBody":"","fileTypesAndContributionMap":{"functional-code":{"insertions":13,"deletions":16}}},{"hash":"31bc6e056854432e76a572dac5cab961f665f3ca","messageTitle":"Add DeleteEventCommand and CalendarCommand","messageBody":"","fileTypesAndContributionMap":{"functional-code":{"insertions":187,"deletions":9}}}]},{"date":"2022-10-18","commitResults":[{"hash":"f9a214398d5ef16fccabd53ff5492ed1e5969266","messageTitle":"Add Sort Feature Implementation in Developer Guide","messageBody":"","fileTypesAndContributionMap":{"docs":{"insertions":50,"deletions":0}}},{"hash":"337e6b4af12fc4dc26f7ab448e65c75b6283850e","messageTitle":"Add UI display for Event class and methods","messageBody":"","fileTypesAndContributionMap":{"functional-code":{"insertions":212,"deletions":21}}}]},{"date":"2022-10-19","commitResults":[{"hash":"f39eebdff1ab19455330f977806ded3f70b5ea2d","messageTitle":"Make event list sorted by default","messageBody":"","fileTypesAndContributionMap":{"functional-code":{"insertions":15,"deletions":1}}},{"hash":"b8f922f7b07c7cfebf12c1507c6f14592104dde5","messageTitle":"Fix checkstyle errors","messageBody":"","fileTypesAndContributionMap":{"functional-code":{"insertions":11,"deletions":24}}},{"hash":"be6070bbb765f6ad9326193b223eb1c1525a3045","messageTitle":"Fix checkstyle errors","messageBody":"","fileTypesAndContributionMap":{"test-code":{"insertions":4,"deletions":3}}},{"hash":"81be933b494b51d075884a7c26ca4dca7ea09955","messageTitle":"Update Developer Guide UI Component","messageBody":"","fileTypesAndContributionMap":{"docs":{"insertions":22,"deletions":6}}}]},{"date":"2022-10-20","commitResults":[{"hash":"53c6ccbae90e1df9fc04f890c782a7aed16e9f30","messageTitle":"Update Developer Guide UI Component and Sort Feature Diagrams","messageBody":"","fileTypesAndContributionMap":{"docs":{"insertions":90,"deletions":5}}},{"hash":"23878ae2a4bf5dccb28a66c0c3d334c8d34778de","messageTitle":"Fix Checkstyle errors","messageBody":"","fileTypesAndContributionMap":{"docs":{"insertions":1,"deletions":1}}},{"hash":"fcacb325e59457e91a9694b16328fca5f0080413","messageTitle":"Add tests for Sort feature","messageBody":"","fileTypesAndContributionMap":{"functional-code":{"insertions":7,"deletions":0},"test-code":{"insertions":215,"deletions":28}}},{"hash":"00f3a30207952665807fd572f3d9d293cfb2f318","messageTitle":"Improve code quality","messageBody":"","fileTypesAndContributionMap":{"functional-code":{"insertions":3,"deletions":3}}}]},{"date":"2022-10-21","commitResults":[{"hash":"a4ab009c15b97ed72ccc8b9b945481d73c5d8868","messageTitle":"Fix checkstyle errors","messageBody":"","fileTypesAndContributionMap":{"functional-code":{"insertions":5,"deletions":1}}},{"hash":"0a4307a92dace59b6175178d6e8cbfce5c53d23b","messageTitle":"Make minor bug and documentation fixes","messageBody":"","fileTypesAndContributionMap":{"functional-code":{"insertions":2,"deletions":2}}},{"hash":"1539883af9f68a9ec5b75f1ab6ba19d9071f7086","messageTitle":"Fix compilation errors for certain tests","messageBody":"","fileTypesAndContributionMap":{"test-code":{"insertions":7,"deletions":0}}},{"hash":"b4e2b73776aceae264c3afd622e508afa366bb76","messageTitle":"Fix checkstyle error","messageBody":"","fileTypesAndContributionMap":{"test-code":{"insertions":0,"deletions":1}}},{"hash":"0237bfae8b9ace1e8656c97e24a3c578a4b6f50c","messageTitle":"Fix failing tests","messageBody":"","fileTypesAndContributionMap":{"test-code":{"insertions":3,"deletions":0}}},{"hash":"8f470839764353b541ac6fa96b2b56196edf84d8","messageTitle":"Fix checkstyle error","messageBody":"","fileTypesAndContributionMap":{"test-code":{"insertions":4,"deletions":4}}}]},{"date":"2022-10-23","commitResults":[{"hash":"0c44d62eeb44a07d35e1a28eed564c5ba435cb42","messageTitle":"Update User Guide","messageBody":"","fileTypesAndContributionMap":{"docs":{"insertions":144,"deletions":47}}},{"hash":"5edc64e2409617cc86c5d673dc9ec8ccd5d4482c","messageTitle":"Update UG","messageBody":"","fileTypesAndContributionMap":{"docs":{"insertions":1,"deletions":1}}}]},{"date":"2022-10-30","commitResults":[{"hash":"e7b175d2cd2b6bcb04b58115f4bcb1230ba66dc1","messageTitle":"Fix UG and Sort Feature bugs","messageBody":"","fileTypesAndContributionMap":{"functional-code":{"insertions":4,"deletions":2},"docs":{"insertions":33,"deletions":13}}},{"hash":"184f5118d379e4d333ab090995c852f3a25af2b0","messageTitle":"Fix checkstyle errors","messageBody":"","fileTypesAndContributionMap":{"functional-code":{"insertions":4,"deletions":4}}}]},{"date":"2022-10-31","commitResults":[{"hash":"fe2dc05f34e83a8a63da354f72ef7d0d9ef86c83","messageTitle":"Fix PE-D bugs in UG","messageBody":"","fileTypesAndContributionMap":{"docs":{"insertions":71,"deletions":15}}},{"hash":"83c31680c555817b049a2479df8c073fd08b3ce3","messageTitle":"Add hyperlinks for Glossary","messageBody":"","fileTypesAndContributionMap":{"docs":{"insertions":3,"deletions":3}}},{"hash":"bec637140e5bfa2ec4a9a4750369cbe9d7cf87a0","messageTitle":"Fix minor hyperlink bugs","messageBody":"","fileTypesAndContributionMap":{"docs":{"insertions":2,"deletions":1}}},{"hash":"d35acc4459833c8f15a94b5b29ba9a70ad978e26","messageTitle":"PPP Update","messageBody":"","fileTypesAndContributionMap":{"docs":{"insertions":13,"deletions":11}}}]},{"date":"2022-11-01","commitResults":[{"hash":"be3f8ee835b2eb0acedb4ff69eadad8f70ad8f4f","messageTitle":"Add tests for Event class and its respective commands","messageBody":"","fileTypesAndContributionMap":{"functional-code":{"insertions":8,"deletions":7},"test-code":{"insertions":934,"deletions":0}}},{"hash":"5e79604805203446f891e869711e86ea6d2262dc","messageTitle":"Add more test for Event class and its commands","messageBody":"","fileTypesAndContributionMap":{"functional-code":{"insertions":1,"deletions":1},"other":{"insertions":10,"deletions":13},"test-code":{"insertions":91,"deletions":27}}},{"hash":"eeed4ac29953f13ee03974bbcaf36dd8fcbd330b","messageTitle":"Fix failing test case","messageBody":"","fileTypesAndContributionMap":{"functional-code":{"insertions":1,"deletions":1}}}]},{"date":"2022-11-04","commitResults":[{"hash":"1ee3b9bb5e6b4b0a7c0cf0b8231c229021fedad2","messageTitle":"Update UG","messageBody":"","fileTypesAndContributionMap":{"docs":{"insertions":5,"deletions":1}}},{"hash":"ffb8ad0498b2f5722e7eb72c35bd99344b3febf7","messageTitle":"Add tests for Event exceptions Update UG FAQ","messageBody":"","fileTypesAndContributionMap":{"functional-code":{"insertions":1,"deletions":1},"docs":{"insertions":2,"deletions":2},"test-code":{"insertions":55,"deletions":0}}}]}],"loyhongshenggg":[{"date":"2022-09-23","commitResults":[{"hash":"158e193871210c2bd659362b9797037eb1f5559c","messageTitle":"Fundemental Ui changes","messageBody":"","fileTypesAndContributionMap":{"docs":{"insertions":17,"deletions":16}}},{"hash":"4b3986a02a587683f712c573bb43e20528d4fe74","messageTitle":"Merge branch \u0027master\u0027 of https://github.com/loyhongshenggg/tp","messageBody":"# Conflicts:\n#\tdocs/index.md\n","fileTypesAndContributionMap":{"docs":{"insertions":131,"deletions":17}}},{"hash":"c4948527dfd28d944779324801199e02f8a71b7a","messageTitle":"Administrative changes to docs","messageBody":"","fileTypesAndContributionMap":{"functional-code":{"insertions":3,"deletions":3},"docs":{"insertions":69,"deletions":20},"test-code":{"insertions":1,"deletions":1}}}]},{"date":"2022-09-30","commitResults":[{"hash":"61b93520176e4e12e1d70bdfcb53a401d8a8a6e4","messageTitle":"major UI/UX changes","messageBody":"","fileTypesAndContributionMap":{"functional-code":{"insertions":104,"deletions":73}}}]},{"date":"2022-10-01","commitResults":[{"hash":"bc6abbcabd683296ded5a44a46617cd218ec92e5","messageTitle":"remove onclick","messageBody":"","fileTypesAndContributionMap":{"functional-code":{"insertions":5,"deletions":5}}}]},{"date":"2022-10-04","commitResults":[{"hash":"bc76d6075c8b807215b7ccd396daeea5cd908bfe","messageTitle":"checkstyled","messageBody":"","fileTypesAndContributionMap":{"functional-code":{"insertions":1,"deletions":2}}}]},{"date":"2022-10-09","commitResults":[{"hash":"8670ec3623379e6a7fe7282be3fd9b748e1971f2","messageTitle":"pin feature with UI bug fix","messageBody":"","fileTypesAndContributionMap":{"functional-code":{"insertions":203,"deletions":23},"test-code":{"insertions":12,"deletions":9}}}]},{"date":"2022-10-10","commitResults":[{"hash":"9521c83e680681427ac89bb7535aea0332b7e6a1","messageTitle":"fix scrollable resultbox","messageBody":"","fileTypesAndContributionMap":{"functional-code":{"insertions":4,"deletions":9}}},{"hash":"c5a0f6f82c00ead514635ea58f0ea122647e11f5","messageTitle":"checkstyle","messageBody":"","fileTypesAndContributionMap":{"functional-code":{"insertions":23,"deletions":15},"docs":{"insertions":0,"deletions":1}}},{"hash":"9860482c8fbe009d7a03a894e68cc5e5e6bf03b2","messageTitle":"checkstyle","messageBody":"","fileTypesAndContributionMap":{"functional-code":{"insertions":9,"deletions":15},"other":{"insertions":2,"deletions":2}}}]},{"date":"2022-10-18","commitResults":[{"hash":"c25841c971b9055647bcc00072fe3e95073ad347","messageTitle":"Minor UI fixes","messageBody":"","fileTypesAndContributionMap":{"functional-code":{"insertions":24,"deletions":12}}}]},{"date":"2022-10-20","commitResults":[{"hash":"1fba5b4a847ae5acca2381bf5298d24c2342af38","messageTitle":"viewIncome feature","messageBody":"","fileTypesAndContributionMap":{"functional-code":{"insertions":340,"deletions":58},"docs":{"insertions":166,"deletions":5}}},{"hash":"26e0f24ba93654f05332963ccb3def9f8fab3531","messageTitle":"checkstyle","messageBody":"","fileTypesAndContributionMap":{"functional-code":{"insertions":1,"deletions":1}}},{"hash":"eb75789eb75947c60de06d2da55fbe17b764357b","messageTitle":"checkstyle","messageBody":"","fileTypesAndContributionMap":{"functional-code":{"insertions":2,"deletions":1}}},{"hash":"fcc02581148d50324c2d18a18a21c4cba4f7b520","messageTitle":"checkstyle","messageBody":"","fileTypesAndContributionMap":{"functional-code":{"insertions":29,"deletions":4}}},{"hash":"6c9da4c94befde60be52fdeb81a1ddf2feec9c38","messageTitle":"checkstyle","messageBody":"","fileTypesAndContributionMap":{"functional-code":{"insertions":3,"deletions":2}}},{"hash":"4cdc0ca321ea8b97d9bbab9fa8b33163931ba526","messageTitle":"checkstyle","messageBody":"","fileTypesAndContributionMap":{"functional-code":{"insertions":1,"deletions":1},"test-code":{"insertions":18,"deletions":14}}},{"hash":"9a7e62da8315cbff1cd145aa203e752724c7e4d7","messageTitle":"checkstyle","messageBody":"","fileTypesAndContributionMap":{"test-code":{"insertions":2,"deletions":2}}}]},{"date":"2022-10-25","commitResults":[{"hash":"9f0005d4631340b99922412697e9c91ef4954433","messageTitle":"mainwindow fxml","messageBody":"","fileTypesAndContributionMap":{"functional-code":{"insertions":0,"deletions":1}}},{"hash":"b1d6ee6fad6f6e8d92b94c65e443a1ca618a23ef","messageTitle":"viewIncome input validation","messageBody":"","fileTypesAndContributionMap":{"functional-code":{"insertions":47,"deletions":21}}}]},{"date":"2022-10-26","commitResults":[{"hash":"d00da48c70ffbe262f0cce6d5091a6306dd2c051","messageTitle":"userguide","messageBody":"","fileTypesAndContributionMap":{"functional-code":{"insertions":16,"deletions":13},"docs":{"insertions":94,"deletions":22}}},{"hash":"7f4614d01a87e89ada122b83e70b900f024cf085","messageTitle":"checkstyle","messageBody":"","fileTypesAndContributionMap":{"docs":{"insertions":41,"deletions":62}}},{"hash":"2fe80aa2d27965c14a28a231629a3b8d0b59dcee","messageTitle":"checkstyle","messageBody":"","fileTypesAndContributionMap":{"functional-code":{"insertions":1,"deletions":3}}},{"hash":"a6a6c23fc83579a5511ae4218b7a809f20764e65","messageTitle":"viewIncome diagram","messageBody":"","fileTypesAndContributionMap":{"docs":{"insertions":4,"deletions":0}}}]},{"date":"2022-10-28","commitResults":[{"hash":"5b5f9cda98ec6db9f1202497f770a81450233774","messageTitle":"UG change for client","messageBody":"","fileTypesAndContributionMap":{"docs":{"insertions":9,"deletions":7}}},{"hash":"33d4e9acba0c3cd808bb33e2c8764293b1b168e3","messageTitle":"UG debug","messageBody":"","fileTypesAndContributionMap":{"docs":{"insertions":15,"deletions":1}}},{"hash":"d5a87de1e84fa9f7b3fc0786397beca40c377fe3","messageTitle":"UG bug fixes","messageBody":"","fileTypesAndContributionMap":{"docs":{"insertions":24,"deletions":56}}},{"hash":"8c4b765c5671f0a0dc461c9e843a8f4b9c3ab4cc","messageTitle":"UG","messageBody":"","fileTypesAndContributionMap":{"docs":{"insertions":6,"deletions":5}}},{"hash":"220cc77d315327442de497ad52fa1dd3dfac6df3","messageTitle":"ug fix","messageBody":"","fileTypesAndContributionMap":{"docs":{"insertions":24,"deletions":41}}},{"hash":"08f4f09367758cf66696dd8c34d5a3c5a32b91d5","messageTitle":"UG","messageBody":"","fileTypesAndContributionMap":{"docs":{"insertions":41,"deletions":24}}},{"hash":"5ae528ac862ed71bacb7e39720c009253d451247","messageTitle":"UG fixes","messageBody":"","fileTypesAndContributionMap":{"docs":{"insertions":12,"deletions":13}}},{"hash":"1931db48e4d3d789f638c1da8e2c856e621b09e9","messageTitle":"UG summary table","messageBody":"","fileTypesAndContributionMap":{"docs":{"insertions":9,"deletions":9}}},{"hash":"8ee9bf5ae402a4b7fda6e89d29ed5ce5801fcda1","messageTitle":"Command Summary fix (UG)","messageBody":"","fileTypesAndContributionMap":{"docs":{"insertions":14,"deletions":10}}}]},{"date":"2022-10-30","commitResults":[{"hash":"a76ad0961d7d4b897542b4962a0a03b91be545bf","messageTitle":"test UG","messageBody":"","fileTypesAndContributionMap":{"docs":{"insertions":4,"deletions":8}}},{"hash":"2af1acb44923c5c1d87035dea9cfb509293c09a9","messageTitle":"UG command summary","messageBody":"","fileTypesAndContributionMap":{"docs":{"insertions":24,"deletions":30}}},{"hash":"5276f668d777ff582a9fab7648f763aa537a9f84","messageTitle":"UG summary test","messageBody":"","fileTypesAndContributionMap":{"docs":{"insertions":7,"deletions":8}}},{"hash":"5e6e6d494d2278c5d5fbd99db7c6901e54bfd232","messageTitle":"UG summary test","messageBody":"","fileTypesAndContributionMap":{"docs":{"insertions":1,"deletions":1}}},{"hash":"fddf652ea89baa0e99c52ab2a5c8d8f38c7dea64","messageTitle":"UG summary test","messageBody":"","fileTypesAndContributionMap":{"docs":{"insertions":3,"deletions":3}}},{"hash":"7684667494539495fb52d3c54a9861f510382051","messageTitle":"UG summary test","messageBody":"","fileTypesAndContributionMap":{"docs":{"insertions":8,"deletions":8}}},{"hash":"c2ace837fa183dc94f68bff57c25036c6603386f","messageTitle":"UG command summary fix","messageBody":"","fileTypesAndContributionMap":{"docs":{"insertions":24,"deletions":24}}},{"hash":"b4fb417d69cc3b4fee84ce9307b3876f7b29d6d9","messageTitle":"UG command summary fix","messageBody":"","fileTypesAndContributionMap":{"docs":{"insertions":5,"deletions":5}}},{"hash":"000a2d29e745b3ec0b3fae4bc192f27b9d11b668","messageTitle":"PE-D bug fix","messageBody":"","fileTypesAndContributionMap":{"functional-code":{"insertions":5,"deletions":2},"docs":{"insertions":3,"deletions":5}}}]},{"date":"2022-11-01","commitResults":[{"hash":"171a97d5119088ecc1c2bd8552702ad24fc7cf33","messageTitle":"UG update based on peer review","messageBody":"","fileTypesAndContributionMap":{"functional-code":{"insertions":9,"deletions":9},"docs":{"insertions":42,"deletions":28}}},{"hash":"9f0cca5f4b4da9154545c3c6a022f654a0b78591","messageTitle":"viewIncome date limitation","messageBody":"","fileTypesAndContributionMap":{"functional-code":{"insertions":3,"deletions":3}}},{"hash":"a2ed270dbf3e15c5bac5c5f0cae4270c10bb86e5","messageTitle":"Test cases for pin, viewPin, viewIncome","messageBody":"","fileTypesAndContributionMap":{"functional-code":{"insertions":13,"deletions":6},"docs":{"insertions":8,"deletions":4},"test-code":{"insertions":195,"deletions":0}}},{"hash":"c0c54899c42a37666bdd7b77b3e4431c2e9c2ff9","messageTitle":"checkstyle","messageBody":"","fileTypesAndContributionMap":{"test-code":{"insertions":3,"deletions":2}}}]},{"date":"2022-11-03","commitResults":[{"hash":"a344777949bf14bd1b9239876002e0470bc34b2b","messageTitle":"UG summary fix","messageBody":"","fileTypesAndContributionMap":{"docs":{"insertions":41,"deletions":39}}},{"hash":"328d268cfffc854d63586d2dca5e2f5833681aca","messageTitle":"bug fix for model stub","messageBody":"","fileTypesAndContributionMap":{"test-code":{"insertions":9,"deletions":0}}}]}],"Ssatu":[{"date":"2022-09-27","commitResults":[{"hash":"76634e3151094c33e81cd71a5e1623e63670787a","messageTitle":"Add changes to About Us, PPP, User Guide and Developed Guide. Made some edits for Colin and Reuben\u0027s AboutUs/PPP too.","messageBody":"","fileTypesAndContributionMap":{"docs":{"insertions":132,"deletions":10}}}]},{"date":"2022-10-01","commitResults":[{"hash":"042d542e295129ada5e6b4fe37ddb97b90a092b1","messageTitle":"Create policy classes","messageBody":"","fileTypesAndContributionMap":{"functional-code":{"insertions":94,"deletions":0}}}]},{"date":"2022-10-03","commitResults":[{"hash":"43688ac064f1ab047de1ce9d92c0672762b27bc0","messageTitle":"Add policy class implementation and UI representation.","messageBody":"","fileTypesAndContributionMap":{"functional-code":{"insertions":1501,"deletions":72}}},{"hash":"ca8a8b29bea56a6e29ee68f3da44b9c0e1cad85d","messageTitle":"Stylechecks and minor bugfixes for policy class implementation.","messageBody":"","fileTypesAndContributionMap":{"functional-code":{"insertions":73,"deletions":65},"test-code":{"insertions":43,"deletions":3}}}]},{"date":"2022-10-11","commitResults":[{"hash":"6e2c8ebced2c3bafc06794341188a9d50808c4b4","messageTitle":"Add functionality to switch between showing policies and clients","messageBody":"","fileTypesAndContributionMap":{"functional-code":{"insertions":113,"deletions":48},"test-code":{"insertions":17,"deletions":12}}},{"hash":"63baa6496e96dddc1b478698778fdf598b08d025","messageTitle":"Resolve futher bugs with change to CommandResult implementation.","messageBody":"","fileTypesAndContributionMap":{"functional-code":{"insertions":4,"deletions":3}}},{"hash":"40c3da73a1c1a0cb692827750204cbdefc4b8d59","messageTitle":"Checkstyle fixes","messageBody":"","fileTypesAndContributionMap":{"functional-code":{"insertions":1,"deletions":1},"docs":{"insertions":31,"deletions":31}}}]},{"date":"2022-10-12","commitResults":[{"hash":"119fdddd3e1fb065fda2f71ce7531ffcae275b23","messageTitle":"Fix bug with exit command","messageBody":"","fileTypesAndContributionMap":{"functional-code":{"insertions":1,"deletions":1},"test-code":{"insertions":2,"deletions":1}}}]},{"date":"2022-10-18","commitResults":[{"hash":"a1814dceb0dbde5f4388a3c745030b32978b7b84","messageTitle":"Add policy list, delete commands. Refactor policyadd command.","messageBody":"","fileTypesAndContributionMap":{"functional-code":{"insertions":122,"deletions":4},"other":{"insertions":13,"deletions":13}}},{"hash":"2e6db5b753908d475021f56e52362c9a1d91a05b","messageTitle":"Add assigned policy functionality, minor changes to Person.","messageBody":"","fileTypesAndContributionMap":{"functional-code":{"insertions":516,"deletions":5},"other":{"insertions":23,"deletions":11},"test-code":{"insertions":12,"deletions":9}}}]},{"date":"2022-10-19","commitResults":[{"hash":"511515e107a1633c4568bb45cb4bded56533afa8","messageTitle":"Changing newPolicy command to addPolicy","messageBody":"","fileTypesAndContributionMap":{"functional-code":{"insertions":1,"deletions":1}}},{"hash":"736407caa4512ebfffaa64249b05fc50f1b59219","messageTitle":"Modified company to show full company name.","messageBody":"","fileTypesAndContributionMap":{"functional-code":{"insertions":1,"deletions":1}}}]},{"date":"2022-10-20","commitResults":[{"hash":"399400cfcbb8a2a5b191beac2668a078656dbf77","messageTitle":"Revert \"Modified company to show full company name.\"","messageBody":"This reverts commit 736407caa4512ebfffaa64249b05fc50f1b59219.\n","fileTypesAndContributionMap":{"functional-code":{"insertions":1,"deletions":1}}}]},{"date":"2022-10-21","commitResults":[{"hash":"05e7990f10cfaa9a4acf2b58ba0f02cffd053f68","messageTitle":"Update DG with Storage representation and assign implementation.","messageBody":"","fileTypesAndContributionMap":{"functional-code":{"insertions":0,"deletions":96},"docs":{"insertions":143,"deletions":0}}},{"hash":"d2384a34133a4add1e7bf9d1dd657ef5fb1abde7","messageTitle":"Checkstyle fix","messageBody":"","fileTypesAndContributionMap":{"docs":{"insertions":2,"deletions":1}}},{"hash":"300353adebc1b699be845f35d1de708b2fd6e7ed","messageTitle":"Checkstyle fix","messageBody":"","fileTypesAndContributionMap":{"docs":{"insertions":2,"deletions":1}}},{"hash":"f5f47ad5a4221c3a46fcbe46045b415c0521e106","messageTitle":"Checkstyle fix","messageBody":"","fileTypesAndContributionMap":{"docs":{"insertions":11,"deletions":12}}}]},{"date":"2022-10-22","commitResults":[{"hash":"2b150b71d69f7a02cfa4b091c2ccd139b1595dc0","messageTitle":"Add assignedPolicy and policy delete functionality.","messageBody":"","fileTypesAndContributionMap":{"functional-code":{"insertions":169,"deletions":0}}},{"hash":"86d3c791a4d84e13e69ace054a16822d31e6d779","messageTitle":"Add assigned policy view, delete and policy delete functionality.","messageBody":"","fileTypesAndContributionMap":{"functional-code":{"insertions":109,"deletions":59}}},{"hash":"8a0a32741c8c16deaf863538a9d6ea0beabcf4c1","messageTitle":"Fix checkstyle bugs.","messageBody":"","fileTypesAndContributionMap":{"functional-code":{"insertions":5,"deletions":6}}},{"hash":"801474ee410efd3638b65e0d6ab5858098d48a8f","messageTitle":"Modified command words.","messageBody":"","fileTypesAndContributionMap":{"functional-code":{"insertions":17,"deletions":18}}},{"hash":"43c83fc498fd5b0a74b19b6ff5886b4edb118670","messageTitle":"Fix testcase bug.","messageBody":"","fileTypesAndContributionMap":{"test-code":{"insertions":1,"deletions":1}}},{"hash":"5d6613fc851ef3c0e4a7428aca05eefaa4995874","messageTitle":"Update command word, removed client comment","messageBody":"","fileTypesAndContributionMap":{"functional-code":{"insertions":3,"deletions":3}}}]},{"date":"2022-10-26","commitResults":[{"hash":"5f55b1f54a647db4423e11f5c570b2f99399543c","messageTitle":"Adding input validation to assign policy command.","messageBody":"","fileTypesAndContributionMap":{"functional-code":{"insertions":57,"deletions":22}}},{"hash":"19da892309abb401f5c5d5c29cebc14cdcd3db9a","messageTitle":"Update UG with policy features, update coverages with investment.","messageBody":"","fileTypesAndContributionMap":{"functional-code":{"insertions":12,"deletions":9},"docs":{"insertions":118,"deletions":10}}},{"hash":"c895471da11477ccfc72265dce86ada17225ae36","messageTitle":"Added input validation for policy title, restricted to 40 or less characters.","messageBody":"","fileTypesAndContributionMap":{"functional-code":{"insertions":3,"deletions":2}}}]},{"date":"2022-10-28","commitResults":[{"hash":"25bdcf734cc40b51d1cfae9285821a9678ccb128","messageTitle":"Bug fix to policy card.","messageBody":"","fileTypesAndContributionMap":{"functional-code":{"insertions":14,"deletions":0}}},{"hash":"a18354a4739ce077a14c88f4e1a442fce556048b","messageTitle":"Fix developer guide bug for div closing tag","messageBody":"","fileTypesAndContributionMap":{"docs":{"insertions":6,"deletions":6}}}]},{"date":"2022-10-30","commitResults":[{"hash":"45dde7a792b2cf96332c9d619afeea8f93569688","messageTitle":"Fix bug with assign/deleteAssigned not working on edited clients.","messageBody":"","fileTypesAndContributionMap":{"functional-code":{"insertions":2,"deletions":2}}}]},{"date":"2022-11-01","commitResults":[{"hash":"f74141da0ecb56b886ff1889019bffd7eb750813","messageTitle":"Fix bug w/ error not being thrown with deleteAssigned command","messageBody":"","fileTypesAndContributionMap":{"functional-code":{"insertions":8,"deletions":2}}}]},{"date":"2022-11-02","commitResults":[{"hash":"3ab142edd2aadf12a87f8fa00bcbbe3339ce3c7a","messageTitle":"Fix commission related bugs for parmeter restrictions","messageBody":"","fileTypesAndContributionMap":{"functional-code":{"insertions":17,"deletions":4},"docs":{"insertions":11,"deletions":7}}},{"hash":"0b9c6281415facdbe31c3c1c08f7ba7ec291a82a","messageTitle":"Fix message for addPolicy in communicating format error for company.","messageBody":"","fileTypesAndContributionMap":{"functional-code":{"insertions":1,"deletions":1}}},{"hash":"eb14b3aa7bfbcb9806e13df08d35c997a14c02c6","messageTitle":"Replace all instances of index to more detailed, standardised format. (e.g. CLIENT_INDEX)","messageBody":"","fileTypesAndContributionMap":{"functional-code":{"insertions":11,"deletions":11},"docs":{"insertions":22,"deletions":22}}},{"hash":"88d5457be1a3e734c9fbbf84384505a162dbcb53","messageTitle":"Add ppp","messageBody":"","fileTypesAndContributionMap":{"docs":{"insertions":31,"deletions":13}}},{"hash":"4a737cdb2c305564fb7d32fabe39074b77990275","messageTitle":"Update to command format in UG.","messageBody":"","fileTypesAndContributionMap":{"docs":{"insertions":3,"deletions":2}}},{"hash":"6e7d0580d5be386b2d1728ef57360af8868bd453","messageTitle":"Update UG with formatting and image for policies command.","messageBody":"","fileTypesAndContributionMap":{"docs":{"insertions":22,"deletions":21}}},{"hash":"79edd3f1e63af9fe83e29a1c92d7236b7294fc1b","messageTitle":"Update PPP student financial advisor to financial advisor.","messageBody":"","fileTypesAndContributionMap":{"docs":{"insertions":1,"deletions":1}}}]},{"date":"2022-11-03","commitResults":[{"hash":"7b254e9b6e4b5ed258be95395909086adacf9770","messageTitle":"Add tests for policy classes and commands.","messageBody":"","fileTypesAndContributionMap":{"functional-code":{"insertions":90,"deletions":17},"other":{"insertions":1,"deletions":1},"docs":{"insertions":6,"deletions":2},"test-code":{"insertions":1763,"deletions":62}}},{"hash":"729cba9a60bdcd3451b89da1c07d24b5984c72c0","messageTitle":"Fix more bugs after reivew.","messageBody":"","fileTypesAndContributionMap":{"functional-code":{"insertions":12,"deletions":5}}},{"hash":"d2ab91b75c919874494d932f9417c93beebb2f6c","messageTitle":"Fix a few more bugs","messageBody":"","fileTypesAndContributionMap":{"functional-code":{"insertions":3,"deletions":3}}},{"hash":"9c5f855a315f4858295eebaa5bbc18e8abbebca4","messageTitle":"Add parser tests for policy class.","messageBody":"","fileTypesAndContributionMap":{"functional-code":{"insertions":9,"deletions":3},"test-code":{"insertions":284,"deletions":17}}}]}],"cowlinn":[{"date":"2022-09-22","commitResults":[{"hash":"26ce984dd264520fda8d87fb39ae12d67c2595d8","messageTitle":"Update AboutUs and Picture","messageBody":"","fileTypesAndContributionMap":{"docs":{"insertions":48,"deletions":5}}},{"hash":"860b82ecf0be83437875d4c49e1ea3e35fba97ac","messageTitle":"Update UserGuide","messageBody":"Added table of contents, updated description, added placeholder for new features (to be filled in by rest of group mates)\n","fileTypesAndContributionMap":{"docs":{"insertions":35,"deletions":12}}},{"hash":"54d7740d7fb626a6abc96c7beca98aa13363bf9c","messageTitle":"Updated Skeletal PPP","messageBody":"","fileTypesAndContributionMap":{"docs":{"insertions":8,"deletions":10}}}]},{"date":"2022-09-23","commitResults":[{"hash":"d7973984a0575f243c9f76b69efa5118cf9ca025","messageTitle":"Update AboutUs and DG","messageBody":"Added User stories for Developer guide, updated individual aboutUs role segment\n","fileTypesAndContributionMap":{"docs":{"insertions":17,"deletions":11}}}]},{"date":"2022-09-26","commitResults":[{"hash":"02761b262a255c8650aa43afa1e2105d9df56819","messageTitle":"Add functionality for new Client","messageBody":"The client inherits from Person, and is the main object our program will be dealing with\n\nThe Client currently has 3 additional attributes: Birthday, income and RiskLevel (Will add in notes seperately)\n\nWill add additional testing and checkstyle edits in a future commit\n","fileTypesAndContributionMap":{"functional-code":{"insertions":918,"deletions":2}}}]},{"date":"2022-09-28","commitResults":[{"hash":"1989118e665e9b4e59e8fab618f860d8c1eb1c8d","messageTitle":"Update Client to properly save in JSON","messageBody":"This update includes regex / input validation\n\nThe `client` function is now working, and sample data loads properly into JSON\n\nFuture Tests and checkstyle incoming\n","fileTypesAndContributionMap":{"functional-code":{"insertions":143,"deletions":84}}},{"hash":"0fa16621bb955b5ff0c64586860953e11e19203d","messageTitle":"Add toString to current classes","messageBody":"Tags a descriptive toString method to each class in Client\n","fileTypesAndContributionMap":{"functional-code":{"insertions":38,"deletions":6}}}]},{"date":"2022-09-29","commitResults":[{"hash":"6d80ccd690a78016a3c3c365049ff1d21cbec561","messageTitle":"Checkstyle fixes","messageBody":"Fixed checkstyle and general formatting\n\nAdded javadocs\n","fileTypesAndContributionMap":{"functional-code":{"insertions":146,"deletions":74}}}]},{"date":"2022-09-30","commitResults":[{"hash":"fc046296538eb62bdf6b30db20ed7655d4f0efca","messageTitle":"Add test case fixes","messageBody":"Fixed bugs in test cases where addressBook interface methods were not implemented\n","fileTypesAndContributionMap":{"test-code":{"insertions":42,"deletions":3}}},{"hash":"bc89d50fe746cbe5c880a36c26f6fc68e4c7a571","messageTitle":"Update JsonSerializableAddressBook test constructor","messageBody":"The constructor is updated to pass failing test case\n\nThe test case constructor will be updated upon migration\n","fileTypesAndContributionMap":{"functional-code":{"insertions":1,"deletions":3}}}]},{"date":"2022-10-02","commitResults":[{"hash":"f081b2001bbf8e559bc39aaacdba9b59a9ca4387","messageTitle":"Add DeleteClientCommand","messageBody":"For completion\u0027s sake, V1.2 will minimally allow a client to be added and deleted.\n\nThe remaining commands have yet to be integrated\n\nMessage Success/Failure has also been updated\n","fileTypesAndContributionMap":{"functional-code":{"insertions":78,"deletions":0}}}]},{"date":"2022-10-05","commitResults":[{"hash":"067c1cb731ef6062c3547dff60acf63af41377aa","messageTitle":"Checkstyle Whitespace fix","messageBody":"Removed trailing whitespace\n","fileTypesAndContributionMap":{"functional-code":{"insertions":0,"deletions":1}}}]},{"date":"2022-10-12","commitResults":[{"hash":"e322fca58710941d16f4657c849542be6962540c","messageTitle":"Initial change Client Back to Person","messageBody":"This change adds in the fields previously belonging to client into person\n\nWill ammend failing test cases\n","fileTypesAndContributionMap":{"functional-code":{"insertions":211,"deletions":826},"other":{"insertions":7,"deletions":7},"test-code":{"insertions":138,"deletions":291}}},{"hash":"0bcb607eb741280b34c46482f9cba1c7b4d1e6b2","messageTitle":"Policy Merge cleanup","messageBody":"","fileTypesAndContributionMap":{"functional-code":{"insertions":1,"deletions":5}}},{"hash":"ff9700dc2dd33e234cbb194bc60f3d418ca76599","messageTitle":"Merge branch \u0027master\u0027 into Convert-Client-BackTo-Person","messageBody":"fixes most of the merge conflicts\n","fileTypesAndContributionMap":{"functional-code":{"insertions":28,"deletions":1112},"test-code":{"insertions":3,"deletions":0}}},{"hash":"ae431e7ce6ecdf9eea15888a4c6f5590ad6d13b9","messageTitle":"Test Cases Fixes","messageBody":"Fixed client reference residue in test cases\n","fileTypesAndContributionMap":{"test-code":{"insertions":6,"deletions":33}}}]},{"date":"2022-10-13","commitResults":[{"hash":"33aa8d261b3a44fcac241cf409383f4ac552b23b","messageTitle":"Test case fixes","messageBody":"Clean up provided test cases to fit the new person class\n","fileTypesAndContributionMap":{"functional-code":{"insertions":7,"deletions":7},"test-code":{"insertions":100,"deletions":24}}},{"hash":"ccaff0be944394c4ec9d38a833f33a51bc5fd69c","messageTitle":"Add incomeBrackets","messageBody":"The income class can now classify a given income value into it\u0027s appropriate income bracket.\n","fileTypesAndContributionMap":{"functional-code":{"insertions":60,"deletions":3},"test-code":{"insertions":2,"deletions":2}}}]},{"date":"2022-10-14","commitResults":[{"hash":"44b7930951b9b8e65675b4605292e592b28b4cd5","messageTitle":"Fix test cases","messageBody":"In future iterations, will have to relook on these 3 test cases\n","fileTypesAndContributionMap":{"functional-code":{"insertions":2,"deletions":3},"test-code":{"insertions":13,"deletions":15}}}]},{"date":"2022-10-15","commitResults":[{"hash":"0c65c47f6bc2545f4fd544a774ac2eb4e1bcbf6a","messageTitle":"Added the Event class into the model","messageBody":"This commit attempts to model the Event Class\n\nIt is made up of 4 components\n1. Event Description\n2. Target Person\u0027s (Full) Name\n3. Duration of event (in HH:MM)\n4. Date of Event\n\nIn addition, it does basic input/error handling from strings parsed into constructors. The DateTime classes have utility functions to calculate durations/overlaps\n","fileTypesAndContributionMap":{"functional-code":{"insertions":403,"deletions":2}}}]},{"date":"2022-10-16","commitResults":[{"hash":"8c266cb448211832cbb78d40dfe303ce925aa776","messageTitle":"Added AddCommand and Saving","messageBody":"This commit serializes the event class into json\n\nIt attempts to add the addcommand, but there are still bugs\n\nFuture Updates must include a removeCommand and GUI implementations\n","fileTypesAndContributionMap":{"functional-code":{"insertions":618,"deletions":26}}},{"hash":"6fe7fcf44f5b62a344e3e39cc9e67c249b87f93e","messageTitle":"Bugfixes for AddCommand","messageBody":"Should now be working properly.\n\nNow, unique eventList does a definition of strict equality (i.e: All fields match). Will follow up with team whether we should have a \"weaker\" notation of equality\n\nThe UniqueEventList now properly guarantees that 2 events do not clash.\n\nCurrently, still lacking deleteEventCommand, viewNextWeek, and GUI stuff\n","fileTypesAndContributionMap":{"functional-code":{"insertions":99,"deletions":34}}},{"hash":"999330383ee1c9d684b882f3c74e2fc894b28dba","messageTitle":"Update bugfixes for display","messageBody":"When the user declares an event that clashes with the internal list, it displays a list of events that clashes, followed by a list of events that occurs on the same day\n\nThis allows the user to choose a better timeslot\n","fileTypesAndContributionMap":{"functional-code":{"insertions":111,"deletions":14}}}]},{"date":"2022-10-17","commitResults":[{"hash":"bbce43176bb263672baa73e36d5ae124e903c1a9","messageTitle":"Bugfixes with JsonAdaptedPerson","messageBody":"Bug fix where json file wasn\u0027t saving the correct attributes\n\nBug fix where editCommand wasn\u0027t editting the new fields properly\n","fileTypesAndContributionMap":{"functional-code":{"insertions":6,"deletions":7}}}]},{"date":"2022-10-18","commitResults":[{"hash":"2c48ae531b0c107d97c02bfd54a395808254458b","messageTitle":"Fixed GUI view","messageBody":"Now you can view the events, but it\u0027s still displaying all the known events. Maybe use a predicate to update it?\n","fileTypesAndContributionMap":{"functional-code":{"insertions":20,"deletions":4}}},{"hash":"55e51ec7cf3bbeef1fe237b0843757475b5eebd3","messageTitle":"Update calendar function","messageBody":"Now on `calendar`, calendar properly parses events occurring within the next 7 days\n\nUsing  `allEvents`, a list view (in chronological order) of the events are returned\n","fileTypesAndContributionMap":{"functional-code":{"insertions":64,"deletions":3}}}]},{"date":"2022-10-19","commitResults":[{"hash":"037d005a13ce9ad48869abc088bf92ab2392634a","messageTitle":"Test Case fixes","messageBody":"Merge with assignedPolicy\n\nFix test cases and commandResult constructors\n","fileTypesAndContributionMap":{"functional-code":{"insertions":5,"deletions":41},"test-code":{"insertions":102,"deletions":19}}},{"hash":"b12dd1f041272abf78c0aed288b4e53a5931fb6d","messageTitle":"Fix comparator to sort by time","messageBody":"Now events are sorted by time\n","fileTypesAndContributionMap":{"functional-code":{"insertions":10,"deletions":1},"test-code":{"insertions":3,"deletions":3}}},{"hash":"f50fe00051ccd6d7304455a4a8edab498bd6ca07","messageTitle":"Command line update for events","messageBody":"Standardize command line inputs to have the same format throughout the AddressBook\n","fileTypesAndContributionMap":{"functional-code":{"insertions":3,"deletions":3}}}]},{"date":"2022-10-20","commitResults":[{"hash":"f78b3fcf638bc39b5d5fc56eda9de9921d47c1b8","messageTitle":"DG Update Model and AddCommand","messageBody":"Model is updated with a new object diagram\n\nAdd Command is updated with an accompanying Sequence Diagram\n","fileTypesAndContributionMap":{"docs":{"insertions":116,"deletions":7}}},{"hash":"b61f553583a9997cb6b40955b001be30749c7163","messageTitle":"Bugfixes for Delete/Edit command for person class","messageBody":"Currently, when a modification is made to the UniquePersonList, and there are events tied to the person, the addressBook is not purged properly.\n\nLet\u0027s update the addressBook properly to remove all events associated to people that currently do not exist in the list.\n\nWe achieve this by making edits to the existing Delete/Edit command to account for these changes in the UniqueEventList\n","fileTypesAndContributionMap":{"functional-code":{"insertions":41,"deletions":6},"test-code":{"insertions":4,"deletions":37}}},{"hash":"05c38a790003067cea370348398cb86bf7612977","messageTitle":"DG cleanup with more descriptions","messageBody":"Updated exceptions to be more descriptive\n","fileTypesAndContributionMap":{"docs":{"insertions":7,"deletions":7}}},{"hash":"9b8905cc816038ef3deac207d29305a7e15fa635","messageTitle":"Update design considerations","messageBody":"Detail our team\u0027s thought process when dealing with events that have already occurred.\n","fileTypesAndContributionMap":{"docs":{"insertions":14,"deletions":4}}}]},{"date":"2022-10-21","commitResults":[{"hash":"5f3bb36d72d4ffe596d6b66cfec8c442d174d9ff","messageTitle":"Checkstyle line length fix","messageBody":"Minor bugfixes in constructors as well, to check if everything is working properly\n","fileTypesAndContributionMap":{"functional-code":{"insertions":9,"deletions":6},"test-code":{"insertions":2,"deletions":1}}},{"hash":"1fd45e6288799f98c85b3f15c51e3d2f14691890","messageTitle":"Add more descriptive names to comparator","messageBody":"Event comparator currently has undescriptive names, let\u0027s fix it by improving it\u0027s readability.\n","fileTypesAndContributionMap":{"functional-code":{"insertions":3,"deletions":3}}}]},{"date":"2022-10-22","commitResults":[{"hash":"dc83645426fddbd7402c11ee223188799bbd6360","messageTitle":"Replace PersonName class with Name","messageBody":"Also changed CLI Syntax for start/end date to `st/et` for standardization\n","fileTypesAndContributionMap":{"functional-code":{"insertions":48,"deletions":99}}}]},{"date":"2022-10-23","commitResults":[{"hash":"251f00f53fd1f77e0498ae8182c00404d1407d07","messageTitle":"Update Add command to include new paramteres","messageBody":"","fileTypesAndContributionMap":{"docs":{"insertions":13,"deletions":4}}},{"hash":"9489ff52e159aec3312630456102da1277d7660d","messageTitle":"Update Edit Command","messageBody":"Edit command now includes new attribute of person class\n","fileTypesAndContributionMap":{"docs":{"insertions":3,"deletions":2}}},{"hash":"4f95f64073df8684b6e9496cb150193ebdb7b46e","messageTitle":"UserGuide update and Command Fixes","messageBody":"Add `add/edit` commands for both `Person` and `Event` class(es)\n\nAdd sample image for list event to show\n\nEdit `Event`\u0027s date error message to be more descriptive\n","fileTypesAndContributionMap":{"functional-code":{"insertions":3,"deletions":3},"docs":{"insertions":24,"deletions":9}}}]},{"date":"2022-10-26","commitResults":[{"hash":"731b0bf5f8e5b689211c50198ec0f036b670303c","messageTitle":"Improve input validation and error messages","messageBody":"The length of a name should not be more than 750 characters\n\nThe length of a description is restricted to 1200 characters\n\nBetter validation for birthday and date classes\n","fileTypesAndContributionMap":{"functional-code":{"insertions":138,"deletions":37}}},{"hash":"b3cdfb8cd415f2865330a06d762b0c66601c887f","messageTitle":"Update ValidBirthday conditions","messageBody":"Bugfix for ValidBirthday limits\n","fileTypesAndContributionMap":{"functional-code":{"insertions":2,"deletions":1}}},{"hash":"c99c2c515d2934c955aa9ad76add0139e0de4d5d","messageTitle":"Updated commands","messageBody":"Change instances of command from person to client\n\nChange instance of Contacts to client\n","fileTypesAndContributionMap":{"functional-code":{"insertions":48,"deletions":22},"docs":{"insertions":53,"deletions":53},"test-code":{"insertions":1,"deletions":1}}},{"hash":"87b9a15dbada6e0c655790975f09edac9f4ef8c0","messageTitle":"Checkstyle and UG bugfixes","messageBody":"listing all policies should be called\n`allPolicies`,\n\nLikewise for `allClients` and `allEvents`\n","fileTypesAndContributionMap":{"functional-code":{"insertions":0,"deletions":1},"docs":{"insertions":8,"deletions":8}}},{"hash":"730a1ee187191a63887af5b6fce2bd5b66a0379c","messageTitle":"Updated DG to remove instances of Client","messageBody":"Improved DG such that there are no instances of contacts\n","fileTypesAndContributionMap":{"functional-code":{"insertions":1,"deletions":1},"docs":{"insertions":14,"deletions":14}}},{"hash":"e24791593f6cefdf4f9bdcb7031b0f983db41609","messageTitle":"More bugfixes","messageBody":"","fileTypesAndContributionMap":{"functional-code":{"insertions":2,"deletions":2}}},{"hash":"3ce974b148bc70e74d80eac4e986959885546e69","messageTitle":"Remove print statements","messageBody":"Remove debug statements\n","fileTypesAndContributionMap":{"functional-code":{"insertions":0,"deletions":1}}}]},{"date":"2022-10-27","commitResults":[{"hash":"cdbf3c6d9bbd75cd14369aa7f83ce03b21ef1e95","messageTitle":"Refactor input validation","messageBody":"Phone number range [3,25]\nName range [1, 100]\nDesc range (for events) [1, 175]\n\ntoString now displays arguments row by row to make better use of the GUI space\n","fileTypesAndContributionMap":{"functional-code":{"insertions":37,"deletions":35}}},{"hash":"b94b9f60246b37e5f68f6d2cd3a9be74f5fa1299","messageTitle":"Reduce font size of ResultDisplay","messageBody":"For readability\u0027s sake\n","fileTypesAndContributionMap":{"functional-code":{"insertions":2,"deletions":2}}}]},{"date":"2022-10-29","commitResults":[{"hash":"1b61f52e7a26614bbeabed8bf0387a889825e074","messageTitle":"UG Bugs + AddCommand buggy error message","messageBody":"","fileTypesAndContributionMap":{"functional-code":{"insertions":5,"deletions":5},"docs":{"insertions":41,"deletions":21}}}]},{"date":"2022-10-30","commitResults":[{"hash":"0745324f821d73183c3736f2d1713e418016d93e","messageTitle":"Test cases for new attributes in person class","messageBody":"Model now includes EPs and testing for\n1. Birthday\n2. Income\n3. RiskAppetite\n\nUpdated some of the older test cases for appropriate boundary testing\n","fileTypesAndContributionMap":{"functional-code":{"insertions":34,"deletions":12},"test-code":{"insertions":135,"deletions":1}}},{"hash":"bd295b3676c55a2af13dae97427ee78dd54b2cdb","messageTitle":"General bugfixes","messageBody":"Income brackets don\u0027t have capital letters\n\nAdded link to IRAS for income brackets\n","fileTypesAndContributionMap":{"functional-code":{"insertions":5,"deletions":5},"docs":{"insertions":21,"deletions":19}}}]},{"date":"2022-11-01","commitResults":[{"hash":"8652352e08c50295bb436a09ec5246a477a2500c","messageTitle":"Update PPP","messageBody":"Filled in PPP with Colin\u0027s contributions\n","fileTypesAndContributionMap":{"docs":{"insertions":23,"deletions":11}}},{"hash":"9453571dd6ee2e60f834d76bcc03b61163ab8109","messageTitle":"Update UG \u0026 general bugfixes","messageBody":"Small fixes to UG\nUpdated error messages where appropriate\nFixed Event card spacing\n","fileTypesAndContributionMap":{"functional-code":{"insertions":5,"deletions":5},"docs":{"insertions":2,"deletions":3}}},{"hash":"443c12f284f3e80cc0e1e84e5f010b5cf8534f3a","messageTitle":"Fix typos and update CommandTestUtil","messageBody":"Previously, commandTestUtil did not properly check command descriptions\n\nUpdate to do so properly\n","fileTypesAndContributionMap":{"docs":{"insertions":1,"deletions":1},"test-code":{"insertions":2,"deletions":0}}},{"hash":"f85580f285775857d74a4abeaa8514bc57b15d40","messageTitle":"Refactor name for allEventsSample","messageBody":"update ss name\n","fileTypesAndContributionMap":{"docs":{"insertions":1,"deletions":1}}},{"hash":"0e5c0eef7b2b411e1ec9afa2ecac6c5f685bdbc2","messageTitle":"Update allEventsSampleName","messageBody":"","fileTypesAndContributionMap":{"docs":{"insertions":1,"deletions":1}}}]},{"date":"2022-11-02","commitResults":[{"hash":"62f2e0a89faa4ff5b4fa3e6fcf1f4200ace1a137","messageTitle":"Add Parser Tests for Event","messageBody":"Parsing invalid attributes for addEventCommand\n","fileTypesAndContributionMap":{"test-code":{"insertions":180,"deletions":0}}}]},{"date":"2022-11-03","commitResults":[{"hash":"3b3fecf462b24da5a1653b22a39eef98cd8cc8b5","messageTitle":"Update ParserTestCases","messageBody":"add more EPs for essential parts\n","fileTypesAndContributionMap":{"test-code":{"insertions":12,"deletions":0}}},{"hash":"c7573a3caac9fad0bae7bb0ae8778b5a2c9bd061","messageTitle":"General bugfixing","messageBody":"Remove incorrect PolicyNotFoundException\n\nChange TypicalPersonsAddressBook to include events\n\nUpdate some test cases\n","fileTypesAndContributionMap":{"functional-code":{"insertions":26,"deletions":13},"test-code":{"insertions":24,"deletions":1}}}]}],"marcusczh":[{"date":"2022-09-22","commitResults":[{"hash":"6304cb6f111bdd4b09d3733879d5cf378ac17b1b","messageTitle":"Update about us page","messageBody":"","fileTypesAndContributionMap":{"docs":{"insertions":10,"deletions":0}}},{"hash":"1902ba09c1e19eeb977a12d18972fe89768c358c","messageTitle":"Update user guide for find functionality","messageBody":"","fileTypesAndContributionMap":{"docs":{"insertions":18,"deletions":6}}},{"hash":"bf86a7effa1c4bb7bcb27652966a33df6c1e650a","messageTitle":"Add skeletal project portfolio page","messageBody":"","fileTypesAndContributionMap":{"docs":{"insertions":33,"deletions":0}}},{"hash":"dbc11025b3af9acbd73b656edfbbf1bcabc8740c","messageTitle":"Fix trailing whitespaces error","messageBody":"","fileTypesAndContributionMap":{"docs":{"insertions":8,"deletions":8}}},{"hash":"afcdbbcce1ce718ab69ac557080c26e84b6e153f","messageTitle":"Update about us page","messageBody":"","fileTypesAndContributionMap":{"docs":{"insertions":9,"deletions":10}}},{"hash":"0f74fdabbf5f2fdfc156ae4c32a2eafe50c7b338","messageTitle":"Update details for find command","messageBody":"","fileTypesAndContributionMap":{"docs":{"insertions":10,"deletions":6}}}]},{"date":"2022-09-23","commitResults":[{"hash":"1568849c95a61a93309da6cf628d8d9b123efa5d","messageTitle":"Update responsibilities in about us page","messageBody":"","fileTypesAndContributionMap":{"docs":{"insertions":2,"deletions":1}}},{"hash":"b573a49268a90d1e8499911d1a1a44924dab1fa1","messageTitle":"Add use cases","messageBody":"","fileTypesAndContributionMap":{"docs":{"insertions":51,"deletions":8}}}]},{"date":"2022-09-27","commitResults":[{"hash":"5239a049988b4d6179a12c735d49221b4de9e25b","messageTitle":"Remove placeholder text","messageBody":"","fileTypesAndContributionMap":{"docs":{"insertions":0,"deletions":10}}}]},{"date":"2022-10-05","commitResults":[{"hash":"c79e528215a5c8c2688ce3d121b89d1dc28a618c","messageTitle":"Tokenize argument inputs for find command","messageBody":"","fileTypesAndContributionMap":{"functional-code":{"insertions":27,"deletions":16}}},{"hash":"2112ff24e4635ad781bfb8e8f5b1b33f80605b60","messageTitle":"Extend find command to include phone numbers","messageBody":"","fileTypesAndContributionMap":{"functional-code":{"insertions":58,"deletions":1}}},{"hash":"dcfdfc125507ab64919ffb33b371200c671d50f7","messageTitle":"Extend find command to include addresses","messageBody":"","fileTypesAndContributionMap":{"functional-code":{"insertions":36,"deletions":3}}},{"hash":"bbb914b63655e7ef73afff6f4c88b732cd5267ec","messageTitle":"Extend find command to include email","messageBody":"","fileTypesAndContributionMap":{"functional-code":{"insertions":29,"deletions":3}}},{"hash":"276cb7ffd0ddd055dab8eda532b661605d28c1d5","messageTitle":"Extend find command to include tags","messageBody":"","fileTypesAndContributionMap":{"functional-code":{"insertions":45,"deletions":3}}},{"hash":"b4b1a6d0a46ce1fdb6b5ec2ce5bb01f622dc3f29","messageTitle":"Modify test cases for find command","messageBody":"","fileTypesAndContributionMap":{"test-code":{"insertions":3,"deletions":3}}},{"hash":"168931fc2dae56253d3f7e71840a9b50ab91dfb0","messageTitle":"Rename package","messageBody":"","fileTypesAndContributionMap":{"other":{"insertions":923,"deletions":926},"docs":{"insertions":14,"deletions":14},"test-code":{"insertions":3,"deletions":3}}},{"hash":"c573ef6f5be226ef3807eaa52982c939b9fee770","messageTitle":"Fix typos","messageBody":"","fileTypesAndContributionMap":{"functional-code":{"insertions":4,"deletions":2},"docs":{"insertions":2,"deletions":2},"test-code":{"insertions":8,"deletions":9}}}]},{"date":"2022-10-14","commitResults":[{"hash":"fd6a032a131679a8889263c51b8edfa51fe69c6f","messageTitle":"Package predicates for person model","messageBody":"","fileTypesAndContributionMap":{"functional-code":{"insertions":7,"deletions":7},"other":{"insertions":16,"deletions":6},"test-code":{"insertions":6,"deletions":5}}},{"hash":"4e7131e6629aff1d17aaa72ceca59b7c59c0bd9e","messageTitle":"Extend find command to work with multiple arguments","messageBody":"","fileTypesAndContributionMap":{"functional-code":{"insertions":26,"deletions":15},"test-code":{"insertions":9,"deletions":7}}},{"hash":"f6bfdaec9308156405ed40b8a4d83d26ad7443aa","messageTitle":"Increase scope of search for address and phone attributes","messageBody":"","fileTypesAndContributionMap":{"functional-code":{"insertions":2,"deletions":2}}},{"hash":"29a99f1bb24653e76680fea1f089ac838bdc0111","messageTitle":"Remove unused code","messageBody":"","fileTypesAndContributionMap":{"functional-code":{"insertions":0,"deletions":18}}},{"hash":"769e62da62abd47d914216c08d69775385f8a1f4","messageTitle":"Add functionality to find policies using titles","messageBody":"","fileTypesAndContributionMap":{"functional-code":{"insertions":159,"deletions":0}}},{"hash":"af5332a8afeb357eb6918a255b1c8bbf9f025ddb","messageTitle":"Add company metric to search for policies","messageBody":"","fileTypesAndContributionMap":{"functional-code":{"insertions":35,"deletions":0}}},{"hash":"5835561a04b036fb1817996f5a3e9d6f4f9b5716","messageTitle":"Modify parser to allow only one word when finding policies using company","messageBody":"","fileTypesAndContributionMap":{"functional-code":{"insertions":24,"deletions":31}}}]},{"date":"2022-10-15","commitResults":[{"hash":"8625631dc505a6421a6d4b216818413547fd8d73","messageTitle":"Add coverage metric to search for policies","messageBody":"","fileTypesAndContributionMap":{"functional-code":{"insertions":34,"deletions":0}}},{"hash":"7d74cc88c12b7e2d71d0f507bd3a557eb8508c97","messageTitle":"Extend find to include birthdays","messageBody":"","fileTypesAndContributionMap":{"functional-code":{"insertions":33,"deletions":2}}},{"hash":"ee4b21e8802c7e657c3d45aaa5e78c918d1c17cb","messageTitle":"Extend find to include income","messageBody":"","fileTypesAndContributionMap":{"functional-code":{"insertions":34,"deletions":2}}},{"hash":"1336fd653dd25b9800cdb287db560ee5fe7a8c36","messageTitle":"Extend find to include risk appetite","messageBody":"","fileTypesAndContributionMap":{"functional-code":{"insertions":34,"deletions":2}}},{"hash":"975803f0f3fc66cdeb799b128e806b01b769598f","messageTitle":"Fix import statement order","messageBody":"","fileTypesAndContributionMap":{"functional-code":{"insertions":1,"deletions":1}}},{"hash":"e1010807d212b686d3a5782e5e1814813e3d1286","messageTitle":"Enable assertions","messageBody":"","fileTypesAndContributionMap":{"other":{"insertions":4,"deletions":0}}}]},{"date":"2022-10-17","commitResults":[{"hash":"068daddd59453c830e6e23da9d42c6c8d2dfbafe","messageTitle":"Remove duplicate use case and fix numbering","messageBody":"","fileTypesAndContributionMap":{"docs":{"insertions":4,"deletions":26}}}]},{"date":"2022-10-19","commitResults":[{"hash":"f694c13f3a6d1fde3952d05c17a8422cebac58b0","messageTitle":"Change policy display to include full company name","messageBody":"","fileTypesAndContributionMap":{"functional-code":{"insertions":1,"deletions":1}}}]},{"date":"2022-10-20","commitResults":[{"hash":"562ab604298ebc801ce12b00ad319b349362cc6d","messageTitle":"Update developer guide with find implementation details","messageBody":"","fileTypesAndContributionMap":{"docs":{"insertions":144,"deletions":1}}},{"hash":"982ecb3503a05ddfe22a0de9540f8d7a15a4437e","messageTitle":"Update Model component to include Policy","messageBody":"","fileTypesAndContributionMap":{"docs":{"insertions":39,"deletions":7}}},{"hash":"b325199b0cad4120a8b1b0a639100e4707ce16a8","messageTitle":"Add newline at EOF","messageBody":"","fileTypesAndContributionMap":{"docs":{"insertions":1,"deletions":1}}},{"hash":"e98238dfc1ab4371af369125932119c9ca38a3f6","messageTitle":"Modify usage message for find","messageBody":"","fileTypesAndContributionMap":{"functional-code":{"insertions":1,"deletions":1}}}]},{"date":"2022-10-21","commitResults":[{"hash":"3d2b517929d073cc289c92bed258afc60aa30ada","messageTitle":"Override equals method for predicate classes","messageBody":"","fileTypesAndContributionMap":{"functional-code":{"insertions":92,"deletions":1}}},{"hash":"75518e803750933c77f700844a706872fa532a1e","messageTitle":"Modify Model component details","messageBody":"","fileTypesAndContributionMap":{"docs":{"insertions":10,"deletions":27}}},{"hash":"02127716197fd7f57918744c512a400b75d36f42","messageTitle":"Modify usage message to include new metrics","messageBody":"","fileTypesAndContributionMap":{"functional-code":{"insertions":24,"deletions":1}}},{"hash":"0bd7839aaf5cd88fb4a0799edbace366002c703f","messageTitle":"Add new metrics for finding contacts","messageBody":"","fileTypesAndContributionMap":{"functional-code":{"insertions":303,"deletions":19}}},{"hash":"85cb2320ed68b20871cc49b8955c2a5b2af44311","messageTitle":"Add test cases for FindCommand and FindCommandParser","messageBody":"","fileTypesAndContributionMap":{"test-code":{"insertions":307,"deletions":4}}},{"hash":"a2a0f24acab2ace23a3185defbea48685d2055e1","messageTitle":"Modify input validation","messageBody":"","fileTypesAndContributionMap":{"functional-code":{"insertions":24,"deletions":6}}},{"hash":"ba145a78403c047a80a67083bff3ace9eac7a1d4","messageTitle":"Add test cases for find policy command parser","messageBody":"","fileTypesAndContributionMap":{"functional-code":{"insertions":59,"deletions":9},"test-code":{"insertions":92,"deletions":0}}},{"hash":"f43648ce963f6be3eddba7935cc6e4db4fb842d1","messageTitle":"Modify usage message","messageBody":"","fileTypesAndContributionMap":{"functional-code":{"insertions":7,"deletions":1}}},{"hash":"cdb2b0b0fc240d2f430c99e28513e7b29fa2a53a","messageTitle":"Update usage message","messageBody":"","fileTypesAndContributionMap":{"functional-code":{"insertions":1,"deletions":1}}},{"hash":"a76b2311c10f94c3db258fc64a33a79c311bf86f","messageTitle":"Add find event command to allow users to search for events","messageBody":"","fileTypesAndContributionMap":{"functional-code":{"insertions":241,"deletions":1}}},{"hash":"1489c4413c5d703cc2aad13cf7d94679b321ab8b","messageTitle":"Modify behavior of event description predicate","messageBody":"","fileTypesAndContributionMap":{"functional-code":{"insertions":15,"deletions":10}}},{"hash":"3ca7fd9972936ec2a9f401ae7189d2f4ca16c950","messageTitle":"Add test cases for FindEventCommandParser","messageBody":"","fileTypesAndContributionMap":{"functional-code":{"insertions":26,"deletions":0},"test-code":{"insertions":97,"deletions":0}}},{"hash":"e07d92d46202367243357d154985b0aba44dde6f","messageTitle":"Fix typo in method name","messageBody":"","fileTypesAndContributionMap":{"test-code":{"insertions":1,"deletions":1}}},{"hash":"7edfd2b134fb1c1514a605d96860833fb3f9d467","messageTitle":"Add Javadoc comments","messageBody":"","fileTypesAndContributionMap":{"functional-code":{"insertions":15,"deletions":0}}},{"hash":"4ac118fbbbfeeca4abf53e638295a6242bab302d","messageTitle":"Fix merge conflict","messageBody":"","fileTypesAndContributionMap":{"functional-code":{"insertions":1,"deletions":1}}}]},{"date":"2022-10-22","commitResults":[{"hash":"7bdbd9508acf0b3b628fd218da4c8f7dfb321410","messageTitle":"Amend FindCommand test case","messageBody":"","fileTypesAndContributionMap":{"test-code":{"insertions":1,"deletions":1}}}]},{"date":"2022-10-24","commitResults":[{"hash":"619d370d82fe086a69585ae8a59b4909107d3649","messageTitle":"Update user guide with search related features","messageBody":"","fileTypesAndContributionMap":{"docs":{"insertions":76,"deletions":49}}},{"hash":"048c7fdc76d0f1f2bed041adab7a902750c7f396","messageTitle":"Modify message usage to match intended use","messageBody":"","fileTypesAndContributionMap":{"functional-code":{"insertions":1,"deletions":1}}},{"hash":"a781edab78cd0922531c160c9bd8285e15d48d37","messageTitle":"Change predicate testing behavior to ignore case","messageBody":"","fileTypesAndContributionMap":{"functional-code":{"insertions":1,"deletions":1}}},{"hash":"00791235e156be081e82b5e363d1b6edd14afeb0","messageTitle":"Change predicate testing behavior","messageBody":"","fileTypesAndContributionMap":{"functional-code":{"insertions":44,"deletions":12}}},{"hash":"053040e4345cda7d047d645119f6c66261a8bdce","messageTitle":"Amend usage message for find related features to use prefix constants","messageBody":"","fileTypesAndContributionMap":{"functional-code":{"insertions":10,"deletions":4}}}]},{"date":"2022-10-26","commitResults":[{"hash":"5b74ca78fc108bf3fe2d0319b9a485b5b38e65ea","messageTitle":"Update product website in README","messageBody":"","fileTypesAndContributionMap":{"docs":{"insertions":1,"deletions":1}}}]},{"date":"2022-10-27","commitResults":[{"hash":"6580f1cbdaa6531862a215983ac925ca7d252211","messageTitle":"Update help window user guide link to GitHub pages link","messageBody":"","fileTypesAndContributionMap":{"functional-code":{"insertions":1,"deletions":2}}},{"hash":"397875663aaa304548163d0c5dda6733aaf58036","messageTitle":"Fix table formatting","messageBody":"","fileTypesAndContributionMap":{"docs":{"insertions":24,"deletions":24}}}]},{"date":"2022-10-29","commitResults":[{"hash":"7e1ef009a11d5a782ff9a3e3b6957d2059ff8c5e","messageTitle":"Rename classes to match behavior","messageBody":"","fileTypesAndContributionMap":{"functional-code":{"insertions":4,"deletions":4},"other":{"insertions":9,"deletions":9},"test-code":{"insertions":8,"deletions":8}}},{"hash":"ff4125d83901d0025b2e9e9970278a0cc5ad8405","messageTitle":"Package Person model\u0027s predicate tests","messageBody":"","fileTypesAndContributionMap":{"other":{"insertions":1,"deletions":2}}},{"hash":"bb23aa1799fdc689b6e7f708fdc693bb873a0712","messageTitle":"Add test cases for AddressMatchesInputPredicate class","messageBody":"","fileTypesAndContributionMap":{"test-code":{"insertions":66,"deletions":0}}},{"hash":"0995e3acaa9453dd7b2280202ee1519235cd3977","messageTitle":"Add test cases for BirthdayMatchesInputPredicate class","messageBody":"","fileTypesAndContributionMap":{"test-code":{"insertions":65,"deletions":0}}},{"hash":"3683dd3afa99ff7ba5333b92ce02358986b73fbd","messageTitle":"Add test cases for EmailMatchesInputPredicate class","messageBody":"","fileTypesAndContributionMap":{"test-code":{"insertions":54,"deletions":0}}},{"hash":"64d22ef8cf8246c73db18c845383cd5098298f26","messageTitle":"Add test cases for IncomeMatchesInputPredicate class","messageBody":"","fileTypesAndContributionMap":{"test-code":{"insertions":53,"deletions":0}}},{"hash":"e3c01f41ffffaa07e13f875ae59d2fd1df991ea3","messageTitle":"Add test cases for PhoneContainsNumberPredicate class","messageBody":"","fileTypesAndContributionMap":{"test-code":{"insertions":54,"deletions":0}}},{"hash":"e88630e213e8f3c1eaee981adc81e3d13a31565e","messageTitle":"Add test cases for RiskAppetiteMatchesInputPredicate class","messageBody":"","fileTypesAndContributionMap":{"test-code":{"insertions":59,"deletions":0}}},{"hash":"e24b5dc519bac6e4b3385c72a5fadaa7a4747e11","messageTitle":"Add test cases for TagContainsKeywordsPredicate class","messageBody":"","fileTypesAndContributionMap":{"test-code":{"insertions":70,"deletions":0}}}]},{"date":"2022-10-31","commitResults":[{"hash":"695898cf45a8cbbbc90c4b6a03219677c9ec3eb0","messageTitle":"Update version number to v1.4","messageBody":"","fileTypesAndContributionMap":{"functional-code":{"insertions":1,"deletions":1}}}]},{"date":"2022-11-01","commitResults":[{"hash":"f4334ef59f4280f3889310193083a4a23d51acad","messageTitle":"Update find functionality tables and include command parameter summary","messageBody":"","fileTypesAndContributionMap":{"docs":{"insertions":48,"deletions":23}}},{"hash":"a9dce7cda6bafafedb127b9b28c7c4aa4cf10da4","messageTitle":"Add example image and fix minor language issues","messageBody":"","fileTypesAndContributionMap":{"docs":{"insertions":25,"deletions":22}}},{"hash":"f996139155b2d300d08c0b2690a8176701191c03","messageTitle":"Update project portfolio page","messageBody":"","fileTypesAndContributionMap":{"docs":{"insertions":37,"deletions":11}}},{"hash":"fb1851ca558fd41b997f47927fb90255609a70f1","messageTitle":"Touch up comments for test cases","messageBody":"","fileTypesAndContributionMap":{"test-code":{"insertions":109,"deletions":91}}},{"hash":"a0fddbaf104a2aa078c4f0a0b0b283e71b34abc1","messageTitle":"Amend access modifiers","messageBody":"","fileTypesAndContributionMap":{"functional-code":{"insertions":3,"deletions":3}}},{"hash":"5f43f1909825ab3c278316abb97d8b5480a990ea","messageTitle":"Amend aboutus","messageBody":"","fileTypesAndContributionMap":{"docs":{"insertions":1,"deletions":1}}},{"hash":"702257eb60129941d8d2cc6a95ab3887fb29ea09","messageTitle":"Fix table formatting","messageBody":"","fileTypesAndContributionMap":{"docs":{"insertions":1,"deletions":0}}}]},{"date":"2022-11-02","commitResults":[{"hash":"cc33bb365793ff12b162223de1cbe7f93ec63a72","messageTitle":"Amend Javadoc comments to match behavior of classes","messageBody":"","fileTypesAndContributionMap":{"functional-code":{"insertions":5,"deletions":5}}},{"hash":"db7cb27c6b7ccdde298adf4f31da6a8d432ccb2e","messageTitle":"Add test cases for findEvent feature","messageBody":"","fileTypesAndContributionMap":{"test-code":{"insertions":392,"deletions":0}}}]},{"date":"2022-11-03","commitResults":[{"hash":"b02cf37f6ce1f1f3c360abf3e55d56cdc07e27e7","messageTitle":"Add tests for risk appetite predicate","messageBody":"","fileTypesAndContributionMap":{"test-code":{"insertions":58,"deletions":0}}},{"hash":"96e1b3df83cfc29c1b98736101ea327867c7a2e1","messageTitle":"Add tests for FindPolicyCommand","messageBody":"","fileTypesAndContributionMap":{"test-code":{"insertions":161,"deletions":0}}},{"hash":"fa7150f6fe71d513b87dbc944d7ff955f67f587b","messageTitle":"Add test cases for assigned policy predicates","messageBody":"","fileTypesAndContributionMap":{"test-code":{"insertions":227,"deletions":0}}},{"hash":"6c2345f2350a4d91e32d78d67d77c11f7090bece","messageTitle":"Improve code quality","messageBody":"","fileTypesAndContributionMap":{"functional-code":{"insertions":58,"deletions":30}}},{"hash":"0f012bccc73f8d421938abb3b88fb09bd32a7dc4","messageTitle":"Rename boolean method name","messageBody":"","fileTypesAndContributionMap":{"functional-code":{"insertions":2,"deletions":2}}}]}]},"authorFileTypeContributionMap":{"ReubenChay":{"docs":357,"functional-code":661,"test-code":1292},"loyhongshenggg":{"docs":392,"functional-code":645,"test-code":217,"other":1},"Ssatu":{"docs":409,"functional-code":2404,"test-code":2086},"cowlinn":{"docs":245,"functional-code":2032,"test-code":623},"marcusczh":{"docs":370,"functional-code":1759,"test-code":2149,"other":6}},"authorContributionVariance":{"ReubenChay":28577.05,"loyhongshenggg":15402.07,"Ssatu":168068.9,"cowlinn":166514.84,"marcusczh":134816.95},"authorDisplayNameMap":{"ReubenChay":"CS2103T-W13-2 REUB.. ZHE","loyhongshenggg":"CS2103T-W13-2 LOY ..HENG","Ssatu":"CS2103T-W13-2 DAMI..JING","cowlinn":"CS2103T-W13-2 TOH ..OLIN","marcusczh":"CS2103T-W13-2 CHUA..RCUS"}}
