{"authorDailyContributionsMap":{"Eugenetanwl3881":[{"date":"2022-09-23","commitResults":[{"hash":"ae899411971b2a0c607b0175f239bf8a43947ea4","messageTitle":"Update About Us","messageBody":"","fileTypesAndContributionMap":{"docs":{"insertions":51,"deletions":6}}},{"hash":"2e4cd7a5955cfb5430cc63ade3e8d43f9db03d14","messageTitle":"Add newline at eof","messageBody":"","fileTypesAndContributionMap":{"docs":{"insertions":2,"deletions":1}}},{"hash":"1b81421ae11c6b6d571731f9534e71bdf010cf2e","messageTitle":"Fix error in md file","messageBody":"","fileTypesAndContributionMap":{"docs":{"insertions":1,"deletions":2}}},{"hash":"bcdbef8e733730daaa07026cfd4466e3f9607c1c","messageTitle":"Add newline at eof","messageBody":"","fileTypesAndContributionMap":{"docs":{"insertions":1,"deletions":1}}}]},{"date":"2022-09-29","commitResults":[{"hash":"2a5925a3277e0623513e6d00649e225e0ee7f171","messageTitle":"Add Developer Guide Skeleton","messageBody":"","fileTypesAndContributionMap":{"docs":{"insertions":11,"deletions":31}}},{"hash":"651a42ca95ea267cc4f95e6b16f57dc7775f431c","messageTitle":"Add NFRs to DG","messageBody":"Let\u0027s add the non functional requirements in the Developer Guide\n","fileTypesAndContributionMap":{"docs":{"insertions":9,"deletions":2}}},{"hash":"7d9cd76d012dc33b8d102f689fbc578f0e4bee44","messageTitle":"Update UG skeletal template","messageBody":"","fileTypesAndContributionMap":{"docs":{"insertions":199,"deletions":155}}},{"hash":"2758efa39ac6176b706d5ea28f0a6768f6c65b74","messageTitle":"Update headers and links in UG","messageBody":"","fileTypesAndContributionMap":{"docs":{"insertions":19,"deletions":19}}},{"hash":"c409b073579236dcba61fba02d82fd22bc69b8f0","messageTitle":"Acknowledge original source in README","messageBody":"","fileTypesAndContributionMap":{"docs":{"insertions":9,"deletions":0}}}]},{"date":"2022-09-30","commitResults":[{"hash":"e632f4d834323127849b1ff7453451f7b335121e","messageTitle":"Add list items, list tags, find and bye command","messageBody":"","fileTypesAndContributionMap":{"docs":{"insertions":93,"deletions":3}}},{"hash":"397c1cd3a61b00369baa6e0b7979fb8be09ae75f","messageTitle":"Update Readme","messageBody":"","fileTypesAndContributionMap":{"docs":{"insertions":0,"deletions":9}}},{"hash":"a43f73d11ddc7c6f0be6f5ab20a176a95d8144ff","messageTitle":"Add acknowledgement in README","messageBody":"","fileTypesAndContributionMap":{"docs":{"insertions":9,"deletions":0}}},{"hash":"6c4aac85b791c38aade0d384342f5dd4dfc40553","messageTitle":"Add breakline","messageBody":"","fileTypesAndContributionMap":{"docs":{"insertions":1,"deletions":1}}},{"hash":"5aa05cbc998817be35cf4ab6ba5533069076ed96","messageTitle":"Update README for minor styling issues based on comments","messageBody":"","fileTypesAndContributionMap":{"docs":{"insertions":3,"deletions":6}}},{"hash":"671b09573157fe83b7ed078fea68d41546209344","messageTitle":"Add Use Cases 1 and 2","messageBody":"","fileTypesAndContributionMap":{"docs":{"insertions":24,"deletions":19}}}]}],"Ferusel":[{"date":"2022-09-29","commitResults":[{"hash":"bf51bd11f9310cd3192f4f2ae01ae735d3ecc7f7","messageTitle":"Add PPP skeleton","messageBody":"","fileTypesAndContributionMap":{"docs":{"insertions":46,"deletions":0}}},{"hash":"d4e7fc01568ce60602319e856c4cb00d68c75d35","messageTitle":"Fix checkstyle","messageBody":"","fileTypesAndContributionMap":{"docs":{"insertions":1,"deletions":2}}}]},{"date":"2022-09-30","commitResults":[{"hash":"c176755ceba7532f7f760c645886279439de9f00","messageTitle":"Add User Guide section","messageBody":"Includes additions to:\n- Tag Create\n- Tag Rename\n- Tag Delete\n- Tag Item\n","fileTypesAndContributionMap":{"docs":{"insertions":92,"deletions":1}}},{"hash":"e96a0eaee3c557f5ad6da7539bd19d306382b482","messageTitle":"Add Glossary to DG","messageBody":"","fileTypesAndContributionMap":{"docs":{"insertions":57,"deletions":1}}},{"hash":"29598342acaea3c5f6d37672d75659995021ba21","messageTitle":"Add UC3, UC4 to Developer Guide","messageBody":"","fileTypesAndContributionMap":{"docs":{"insertions":22,"deletions":0}}},{"hash":"e5721652a465ea74c50239c7a121a783c4a85610","messageTitle":"Shift Tag commands to be under the Commands subheader","messageBody":"","fileTypesAndContributionMap":{"docs":{"insertions":2,"deletions":2}}},{"hash":"82ca63b3d2f159ce25a3d027c69e08e0974d60c3","messageTitle":"Add Ting Kai information to AboutUs","messageBody":"","fileTypesAndContributionMap":{"docs":{"insertions":9,"deletions":0}}}]}],"bryanljx":[{"date":"2022-09-30","commitResults":[{"hash":"3021f131cd2ee9a4996ce7a5819ed6d7ceac658b","messageTitle":"Add bryanljx PPP skeleton","messageBody":"","fileTypesAndContributionMap":{"docs":{"insertions":46,"deletions":0}}},{"hash":"ec5976631e7928f9cecd9b5398d3ec8e5727387b","messageTitle":"Update AboutUs","messageBody":"","fileTypesAndContributionMap":{"docs":{"insertions":10,"deletions":0}}},{"hash":"d300e571b90c8475482af2f459b95f84b1759d85","messageTitle":"Update UG","messageBody":"","fileTypesAndContributionMap":{"docs":{"insertions":39,"deletions":2}}},{"hash":"9fa4d6d29afe9ed74a2a6825232575700f2ac91e","messageTitle":"Fix missing closing code block","messageBody":"","fileTypesAndContributionMap":{"docs":{"insertions":1,"deletions":0}}},{"hash":"33805f9dca57f00df0e2c5efc9d9418eecaf8cf8","messageTitle":"Standardize formatting","messageBody":"","fileTypesAndContributionMap":{"docs":{"insertions":6,"deletions":2}}},{"hash":"c363f8bd309149a4cb65835b517d0fc3f88669fa","messageTitle":"Update DG","messageBody":"","fileTypesAndContributionMap":{"docs":{"insertions":1,"deletions":1}}}]}],"RichDom2185":[{"date":"2022-09-29","commitResults":[{"hash":"854d1fcd9f8121bb88b827a21a50cd843f2d6fcd","messageTitle":"Revert \"Update AboutUs page\"","messageBody":"","fileTypesAndContributionMap":{"docs":{"insertions":6,"deletions":60}}},{"hash":"491f47fa748a33b243dafd5535171390dadfa11f","messageTitle":"Revert \"Add skeleton for user guide\"","messageBody":"","fileTypesAndContributionMap":{"docs":{"insertions":156,"deletions":200}}}]},{"date":"2022-09-30","commitResults":[{"hash":"06c979a920ac80069cb7ba841ec31f2b44c8a5fc","messageTitle":"Add skeletal PPP based on template","messageBody":"","fileTypesAndContributionMap":{"docs":{"insertions":52,"deletions":0}}},{"hash":"57a9a01e3551390acde70c91df721675c5fd367b","messageTitle":"Add profile photo and update About Us","messageBody":"","fileTypesAndContributionMap":{"docs":{"insertions":18,"deletions":9}}},{"hash":"64100a1ac944b553ddf06d460e663639558be5db","messageTitle":"Reformat DeveloperGuide.md using Prettier","messageBody":"","fileTypesAndContributionMap":{"docs":{"insertions":64,"deletions":65}}},{"hash":"6c87e1de6db64a25ba326a7bb7acd2db798e6134","messageTitle":"Add UC9 and UC10","messageBody":"","fileTypesAndContributionMap":{"docs":{"insertions":14,"deletions":13}}},{"hash":"c93087804bb5ad57f576bc045ea0ee6aea175dfc","messageTitle":"Reformat DG","messageBody":"","fileTypesAndContributionMap":{"docs":{"insertions":12,"deletions":7}}},{"hash":"ab97b14ce216b2d382890a2cc5e665aabc14ba03","messageTitle":"Fix image filename typo","messageBody":"","fileTypesAndContributionMap":{"docs":{"insertions":1,"deletions":1}}},{"hash":"ead3dc9115a4d2d4bdd8d96da54d9b812f1e4313","messageTitle":"Reformat DG","messageBody":"","fileTypesAndContributionMap":{"docs":{"insertions":34,"deletions":12}}},{"hash":"110a9ef8e6dc4372c1c4bd6228bffbb898634bb5","messageTitle":"Reformat UG","messageBody":"","fileTypesAndContributionMap":{"docs":{"insertions":16,"deletions":7}}},{"hash":"370ee8a3c8f582a7f583b5593cdc6ab582117218","messageTitle":"Add skeletal udpate item command","messageBody":"","fileTypesAndContributionMap":{"docs":{"insertions":22,"deletions":0}}}]},{"date":"2022-10-02","commitResults":[{"hash":"199c78d609288e19c4f7620dc5c4fb52a4e411fa","messageTitle":"Fix spacing in About Us page","messageBody":"","fileTypesAndContributionMap":{"docs":{"insertions":1,"deletions":1}}},{"hash":"957bb7083af7c41c6821e02d234bb68ddc2368e9","messageTitle":"Reformat DevOps guide using Prettier","messageBody":"","fileTypesAndContributionMap":{"docs":{"insertions":19,"deletions":20}}},{"hash":"019f918a883d301052481ba49c3af0b34f8fd6bf","messageTitle":"Reformat Documentation guide using Prettier","messageBody":"","fileTypesAndContributionMap":{"docs":{"insertions":11,"deletions":12}}},{"hash":"3355e64a665a8f3baca5f25cd585ec55f631f4ae","messageTitle":"Reformat Logging guide using Prettier","messageBody":"","fileTypesAndContributionMap":{"docs":{"insertions":6,"deletions":6}}},{"hash":"cd786b62cc6c605e25ee8a3af28c6625b3b3098d","messageTitle":"Reformat Testing guide using Prettier","messageBody":"","fileTypesAndContributionMap":{"docs":{"insertions":11,"deletions":11}}},{"hash":"941a0602768b6f2285014d1153fe2c42b67b171f","messageTitle":"Reformat Setting Up guide using Prettier","messageBody":"","fileTypesAndContributionMap":{"docs":{"insertions":10,"deletions":9}}},{"hash":"2efa27f5625a7d6f738fa5d7999fbe132fb4cc13","messageTitle":"Reformat team docs using Prettier","messageBody":"","fileTypesAndContributionMap":{"docs":{"insertions":138,"deletions":115}}},{"hash":"bd4c8dab293c05e85820fd0c1810f0b1c8faf772","messageTitle":"Reformat documentation index using Prettier","messageBody":"","fileTypesAndContributionMap":{"docs":{"insertions":3,"deletions":4}}}]}],"yixiann":[{"date":"2022-09-16","commitResults":[{"hash":"193178c7bdf725d15978b3a4fba8274f23c33295","messageTitle":"Add Codecov badge to docs/index.md","messageBody":"","fileTypesAndContributionMap":{"docs":{"insertions":1,"deletions":1}}},{"hash":"b36b990cbfb047c6a012ee5e596b7b96aca34541","messageTitle":"Remove token from Codecov badge","messageBody":"","fileTypesAndContributionMap":{"docs":{"insertions":1,"deletions":1}}}]},{"date":"2022-09-23","commitResults":[{"hash":"d4438b730d3051dae74a0284f30059181156980d","messageTitle":"Update AboutUs page","messageBody":"","fileTypesAndContributionMap":{"docs":{"insertions":61,"deletions":8}}},{"hash":"40ce363ea8380723ba7d575ac4aef77f62c66b96","messageTitle":"Fix typo in github username and linebreak","messageBody":"","fileTypesAndContributionMap":{"docs":{"insertions":1,"deletions":1}}}]},{"date":"2022-09-27","commitResults":[{"hash":"02a033c6e6132379e90eb2a5495a81c3bfeebf1b","messageTitle":"Add skeleton for user guide","messageBody":"","fileTypesAndContributionMap":{"docs":{"insertions":200,"deletions":156}}}]},{"date":"2022-09-30","commitResults":[{"hash":"7a0fcaaafd65fa6ff9c7d52f8e5d31ad76316c5d","messageTitle":"Change role from \"Project Member\" to \"Secretary\"","messageBody":"","fileTypesAndContributionMap":{"docs":{"insertions":2,"deletions":3}}},{"hash":"7f0160e8d8083f56f07531a9c482c6a1e2e33355","messageTitle":"Add help command description, input and output","messageBody":"","fileTypesAndContributionMap":{"docs":{"insertions":71,"deletions":3}}},{"hash":"9740e2babc33a2d96d89484b91fc45ac9728c1eb","messageTitle":"Add linebreak to ensure \"title\" and \"layout\" key detected","messageBody":"","fileTypesAndContributionMap":{"docs":{"insertions":2,"deletions":1}}},{"hash":"af37283aaa8d186bea6426555ab9ec2b90b70a26","messageTitle":"Remove redundant space and linebreak","messageBody":"","fileTypesAndContributionMap":{"docs":{"insertions":1,"deletions":2}}},{"hash":"d60c05c6b41dbd80630a094d6a57ddbb5098d938","messageTitle":"Add skeletal PPP","messageBody":"","fileTypesAndContributionMap":{"docs":{"insertions":46,"deletions":0}}},{"hash":"42fdeb8ce28924b944bf3a224412a85f8c0f8fcd","messageTitle":"Add skeletal for UC7 and UC8 in DeveloperGuide.md","messageBody":"","fileTypesAndContributionMap":{"docs":{"insertions":13,"deletions":0}}},{"hash":"2055466865983af6b86ebd7cc16c324876023765","messageTitle":"Remove traces of johnny and update roles","messageBody":"","fileTypesAndContributionMap":{"docs":{"insertions":3,"deletions":33}}},{"hash":"575c04fa0d3cf2204480c0c8ad6b5c05dff3061e","messageTitle":"Remove traces of johnny and update roles","messageBody":"","fileTypesAndContributionMap":{"docs":{"insertions":4,"deletions":14}}}]},{"date":"2022-10-03","commitResults":[{"hash":"99dbbdae27a88fe8dfd796463e2197ec3d25dc0f","messageTitle":"Add use case 7, use case 8 and user stories regarding inventory items","messageBody":"","fileTypesAndContributionMap":{"docs":{"insertions":49,"deletions":11}}}]}]},"authorFileTypeContributionMap":{"Eugenetanwl3881":{"docs":321,"functional-code":0,"test-code":0},"Ferusel":{"docs":155,"functional-code":0,"test-code":0},"bryanljx":{"docs":61,"functional-code":0,"test-code":0},"RichDom2185":{"docs":366,"functional-code":0,"test-code":0},"yixiann":{"docs":155,"functional-code":0,"test-code":0}},"authorContributionVariance":{"Eugenetanwl3881":11796.916,"Ferusel":1884.9417,"bryanljx":612.0,"RichDom2185":20425.555,"yixiann":8234.6455},"authorDisplayNameMap":{"Eugenetanwl3881":"CS2103T-W16-2 TAN ..GENE","Ferusel":"CS2103T-W16-2 MAI .. KAI","bryanljx":"CS2103T-W16-2 BRYA..IANG","RichDom2185":"CS2103T-W16-2 RICH..NICK","yixiann":"CS2103T-W16-2 TAN ..XIAN"}}
