{"authorDailyContributionsMap":{"Eugenetanwl3881":[{"date":"2022-09-23","commitResults":[{"hash":"ae899411971b2a0c607b0175f239bf8a43947ea4","messageTitle":"Update About Us","messageBody":"","fileTypesAndContributionMap":{"docs":{"insertions":51,"deletions":6}}},{"hash":"2e4cd7a5955cfb5430cc63ade3e8d43f9db03d14","messageTitle":"Add newline at eof","messageBody":"","fileTypesAndContributionMap":{"docs":{"insertions":2,"deletions":1}}},{"hash":"1b81421ae11c6b6d571731f9534e71bdf010cf2e","messageTitle":"Fix error in md file","messageBody":"","fileTypesAndContributionMap":{"docs":{"insertions":1,"deletions":2}}},{"hash":"bcdbef8e733730daaa07026cfd4466e3f9607c1c","messageTitle":"Add newline at eof","messageBody":"","fileTypesAndContributionMap":{"docs":{"insertions":1,"deletions":1}}}]},{"date":"2022-09-29","commitResults":[{"hash":"2a5925a3277e0623513e6d00649e225e0ee7f171","messageTitle":"Add Developer Guide Skeleton","messageBody":"","fileTypesAndContributionMap":{"docs":{"insertions":11,"deletions":31}}},{"hash":"651a42ca95ea267cc4f95e6b16f57dc7775f431c","messageTitle":"Add NFRs to DG","messageBody":"Let\u0027s add the non functional requirements in the Developer Guide\n","fileTypesAndContributionMap":{"docs":{"insertions":9,"deletions":2}}},{"hash":"7d9cd76d012dc33b8d102f689fbc578f0e4bee44","messageTitle":"Update UG skeletal template","messageBody":"","fileTypesAndContributionMap":{"docs":{"insertions":199,"deletions":155}}},{"hash":"2758efa39ac6176b706d5ea28f0a6768f6c65b74","messageTitle":"Update headers and links in UG","messageBody":"","fileTypesAndContributionMap":{"docs":{"insertions":19,"deletions":19}}},{"hash":"c409b073579236dcba61fba02d82fd22bc69b8f0","messageTitle":"Acknowledge original source in README","messageBody":"","fileTypesAndContributionMap":{"docs":{"insertions":9,"deletions":0}}}]},{"date":"2022-09-30","commitResults":[{"hash":"e632f4d834323127849b1ff7453451f7b335121e","messageTitle":"Add list items, list tags, find and bye command","messageBody":"","fileTypesAndContributionMap":{"docs":{"insertions":93,"deletions":3}}},{"hash":"397c1cd3a61b00369baa6e0b7979fb8be09ae75f","messageTitle":"Update Readme","messageBody":"","fileTypesAndContributionMap":{"docs":{"insertions":0,"deletions":9}}},{"hash":"a43f73d11ddc7c6f0be6f5ab20a176a95d8144ff","messageTitle":"Add acknowledgement in README","messageBody":"","fileTypesAndContributionMap":{"docs":{"insertions":9,"deletions":0}}},{"hash":"6c4aac85b791c38aade0d384342f5dd4dfc40553","messageTitle":"Add breakline","messageBody":"","fileTypesAndContributionMap":{"docs":{"insertions":1,"deletions":1}}},{"hash":"5aa05cbc998817be35cf4ab6ba5533069076ed96","messageTitle":"Update README for minor styling issues based on comments","messageBody":"","fileTypesAndContributionMap":{"docs":{"insertions":3,"deletions":6}}},{"hash":"671b09573157fe83b7ed078fea68d41546209344","messageTitle":"Add Use Cases 1 and 2","messageBody":"","fileTypesAndContributionMap":{"docs":{"insertions":24,"deletions":19}}}]},{"date":"2022-10-04","commitResults":[{"hash":"b80d77dae1144650c77f3902a4b3bcbc2e213ff4","messageTitle":"Fix errors caused by tag name","messageBody":"","fileTypesAndContributionMap":{"functional-code":{"insertions":3,"deletions":3},"test-code":{"insertions":9,"deletions":1}}}]},{"date":"2022-10-05","commitResults":[{"hash":"315f8e5ddc37268bc64db7297f698bec0c8536fa","messageTitle":"Add User Stories and update Use Cases","messageBody":"","fileTypesAndContributionMap":{"docs":{"insertions":29,"deletions":15}}},{"hash":"bd0bf8a136b8356b9dd8695d0ec16d2bc210d423","messageTitle":"Add missing line breaks and remove additional full stops","messageBody":"","fileTypesAndContributionMap":{"docs":{"insertions":4,"deletions":4}}}]},{"date":"2022-10-07","commitResults":[{"hash":"150fba3b3a55086d78c0322fc993e19323cff240","messageTitle":"Organize commands to subpackages based on their type.","messageBody":"","fileTypesAndContributionMap":{"functional-code":{"insertions":18,"deletions":13},"other":{"insertions":24,"deletions":8},"test-code":{"insertions":34,"deletions":23}}},{"hash":"70e0004701b88158163a9009b54b18fbf6108abd","messageTitle":"Fix checkstyle errors","messageBody":"","fileTypesAndContributionMap":{"functional-code":{"insertions":7,"deletions":4}}},{"hash":"6d222dfe310b0fa78a62b312b7967027ac654a82","messageTitle":"Repackage command tests","messageBody":"","fileTypesAndContributionMap":{"other":{"insertions":13,"deletions":19}}},{"hash":"e539ecdae0098f9692a7beaa40521ac56f626a37","messageTitle":"Fix checkstyle errors","messageBody":"","fileTypesAndContributionMap":{"functional-code":{"insertions":1,"deletions":1},"test-code":{"insertions":5,"deletions":5}}}]},{"date":"2022-10-08","commitResults":[{"hash":"bc2b778876b816cf45bfb9bec30a125d871e40bb","messageTitle":"Format UG Command Summary Table and add tag commands","messageBody":"","fileTypesAndContributionMap":{"docs":{"insertions":24,"deletions":36}}},{"hash":"8b23d6009a29b3b0db2c81288d95c5cff2cf3bb1","messageTitle":"Fix underlining","messageBody":"","fileTypesAndContributionMap":{"docs":{"insertions":1,"deletions":1}}}]},{"date":"2022-10-11","commitResults":[{"hash":"87167e61ea225d345ab5d75fbb821dadd1ab3b1b","messageTitle":"Add prefixes for tag command","messageBody":"","fileTypesAndContributionMap":{"functional-code":{"insertions":2,"deletions":0}}},{"hash":"695c9c821ae54f5dc61d18062dfb6b6814c7d57b","messageTitle":"Add tag command to be recognized by FoodRemParser","messageBody":"","fileTypesAndContributionMap":{"functional-code":{"insertions":4,"deletions":0}}},{"hash":"b192067fd532886cb4d675555ba1d0ff4cd93a05","messageTitle":"Add a set to keep track of tags in an item","messageBody":"Let\u0027s,\n*Use a HashSet to keep track of the item\u0027s tag\n*Add methods to get and add tags to the items\n","fileTypesAndContributionMap":{"functional-code":{"insertions":31,"deletions":2}}},{"hash":"8bb64f8847298b159bb2bc64ccfef9f2d5e8f184","messageTitle":"Add parser method to parse a tag name","messageBody":"","fileTypesAndContributionMap":{"functional-code":{"insertions":17,"deletions":0}}},{"hash":"bb05634053eabdaf5b8c07aeec5d7adcf1216532","messageTitle":"Create a TagCommand class","messageBody":"","fileTypesAndContributionMap":{"functional-code":{"insertions":69,"deletions":0}}},{"hash":"b1b6864925a300dff31073a07771c7fc94f22c4e","messageTitle":"Create TagCommandParser to parse tag commands to items","messageBody":"","fileTypesAndContributionMap":{"functional-code":{"insertions":46,"deletions":0}}},{"hash":"1289174999547351586556248783e16b9dc5438a","messageTitle":"Fix Checkstyle errors","messageBody":"","fileTypesAndContributionMap":{"functional-code":{"insertions":22,"deletions":17}}},{"hash":"a50f8c0ee0197b836fc2168d0bbe027424462f31","messageTitle":"Refactor to change clear command to reset command","messageBody":"","fileTypesAndContributionMap":{"other":{"insertions":3,"deletions":3}}},{"hash":"e1ebe7ba77746a21364a7a553723654ba6be4964","messageTitle":"Update parser to recognize reset command","messageBody":"","fileTypesAndContributionMap":{"functional-code":{"insertions":3,"deletions":3}}},{"hash":"0c5746973ab01603786e1d8a85c9e3a67900b128","messageTitle":"Refactor and update test cases which uses reset","messageBody":"","fileTypesAndContributionMap":{"test-code":{"insertions":5,"deletions":5}}},{"hash":"55303d013a313806edbab83fcf99f4b2dc2405ac","messageTitle":"Fix checkstyle errors","messageBody":"","fileTypesAndContributionMap":{"functional-code":{"insertions":2,"deletions":1},"test-code":{"insertions":1,"deletions":1}}}]},{"date":"2022-10-12","commitResults":[{"hash":"e7c3aa8b0c51e5485b277f5c1938dac8212f0420","messageTitle":"Add tags into ItemCard to be displayed","messageBody":"","fileTypesAndContributionMap":{"functional-code":{"insertions":9,"deletions":7}}},{"hash":"56c0d009e194087a7dc1cc9117e5b0e1badecc29","messageTitle":"Update model after adding tag","messageBody":"","fileTypesAndContributionMap":{"functional-code":{"insertions":2,"deletions":0}}},{"hash":"eba8976cd6a95cf3acdd795eb60760f76047d94e","messageTitle":"Update execute method for tag command","messageBody":"","fileTypesAndContributionMap":{"functional-code":{"insertions":23,"deletions":1}}},{"hash":"f7ae23f2e2ee82befac8df3d58b0bdf6d417fe6e","messageTitle":"Overload item constructor to instantiate item with given set of tag","messageBody":"","fileTypesAndContributionMap":{"functional-code":{"insertions":25,"deletions":0}}},{"hash":"5d428f5fae16d564ab2f5b23c94180d40bd707a7","messageTitle":"Remove comment","messageBody":"","fileTypesAndContributionMap":{"functional-code":{"insertions":0,"deletions":1}}},{"hash":"84ec576249f2c2b99923ff82b4bf4d030c8f08ec","messageTitle":"Add untag command to be recognized by FoodRemParser","messageBody":"","fileTypesAndContributionMap":{"functional-code":{"insertions":4,"deletions":0}}},{"hash":"b8e9b61f7d9d4caf666451ee22ec7d7d36c00a4e","messageTitle":"Implement untag command","messageBody":"","fileTypesAndContributionMap":{"functional-code":{"insertions":98,"deletions":0}}},{"hash":"c250de8270c9389b8ae02e2d58e5bb750a433e6f","messageTitle":"Add method to remove tag from item tag set","messageBody":"","fileTypesAndContributionMap":{"functional-code":{"insertions":7,"deletions":0}}},{"hash":"26a0ff0e023272f2e070dae2821dd6292c4f01e3","messageTitle":"Implement UntagCommand Parser","messageBody":"","fileTypesAndContributionMap":{"functional-code":{"insertions":48,"deletions":0}}},{"hash":"3839196775fa8454c44d1fb69bc26e29823ebd9c","messageTitle":"Fix checkstyle","messageBody":"","fileTypesAndContributionMap":{"functional-code":{"insertions":17,"deletions":15}}},{"hash":"5c9df77346dbb3f083d8edc42228b149e9fde0c0","messageTitle":"Update UI to support display of tags","messageBody":"","fileTypesAndContributionMap":{"functional-code":{"insertions":2,"deletions":3}}},{"hash":"1c756218d9c6a482bb5ab15830af7038dcd9501f","messageTitle":"Refactor arePrefixesPresent method to ParserUtil","messageBody":"","fileTypesAndContributionMap":{"functional-code":{"insertions":12,"deletions":15}}},{"hash":"3613ae3c50f8782d6ef057408e416db21f63216f","messageTitle":"Rename addtag and removetag method for clarity","messageBody":"","fileTypesAndContributionMap":{"functional-code":{"insertions":2,"deletions":2}}},{"hash":"63b55e32bb4de0058197ee80e6a37807ecda8139","messageTitle":"Change method names in Item class","messageBody":"","fileTypesAndContributionMap":{"functional-code":{"insertions":2,"deletions":2}}},{"hash":"98c39455a5f5edb96b5aab4d8a7a4198e646a6bf","messageTitle":"Fix checkstyle","messageBody":"","fileTypesAndContributionMap":{"functional-code":{"insertions":2,"deletions":6}}},{"hash":"dd5fab5611e000be4673b4a8d5c10cce68fd9e32","messageTitle":"Add FAQ into UG","messageBody":"","fileTypesAndContributionMap":{"docs":{"insertions":12,"deletions":1}}},{"hash":"0323ee408c86fb13435607cf6c4fc0525c10ae17","messageTitle":"Update prefix","messageBody":"","fileTypesAndContributionMap":{"functional-code":{"insertions":14,"deletions":14}}},{"hash":"2613fcb7b947b7eedac87b24394eb1599cc0792d","messageTitle":"Fix ItemListCard fxml file to display tags properly","messageBody":"","fileTypesAndContributionMap":{"functional-code":{"insertions":2,"deletions":1}}}]}],"Ferusel":[{"date":"2022-09-29","commitResults":[{"hash":"bf51bd11f9310cd3192f4f2ae01ae735d3ecc7f7","messageTitle":"Add PPP skeleton","messageBody":"","fileTypesAndContributionMap":{"docs":{"insertions":46,"deletions":0}}},{"hash":"d4e7fc01568ce60602319e856c4cb00d68c75d35","messageTitle":"Fix checkstyle","messageBody":"","fileTypesAndContributionMap":{"docs":{"insertions":1,"deletions":2}}}]},{"date":"2022-09-30","commitResults":[{"hash":"c176755ceba7532f7f760c645886279439de9f00","messageTitle":"Add User Guide section","messageBody":"Includes additions to:\n- Tag Create\n- Tag Rename\n- Tag Delete\n- Tag Item\n","fileTypesAndContributionMap":{"docs":{"insertions":92,"deletions":1}}},{"hash":"e96a0eaee3c557f5ad6da7539bd19d306382b482","messageTitle":"Add Glossary to DG","messageBody":"","fileTypesAndContributionMap":{"docs":{"insertions":57,"deletions":1}}},{"hash":"29598342acaea3c5f6d37672d75659995021ba21","messageTitle":"Add UC3, UC4 to Developer Guide","messageBody":"","fileTypesAndContributionMap":{"docs":{"insertions":22,"deletions":0}}},{"hash":"e5721652a465ea74c50239c7a121a783c4a85610","messageTitle":"Shift Tag commands to be under the Commands subheader","messageBody":"","fileTypesAndContributionMap":{"docs":{"insertions":2,"deletions":2}}},{"hash":"82ca63b3d2f159ce25a3d027c69e08e0974d60c3","messageTitle":"Add Ting Kai information to AboutUs","messageBody":"","fileTypesAndContributionMap":{"docs":{"insertions":9,"deletions":0}}}]},{"date":"2022-10-05","commitResults":[{"hash":"0926a14931ba10c9dd6fac1bdbc1ab2ef7131114","messageTitle":"Add ItemDate class","messageBody":"Represents a Date field used by an Item. It can represent:\n- Date bought\n- Date of expiry\n","fileTypesAndContributionMap":{"functional-code":{"insertions":61,"deletions":0}}},{"hash":"8a5b888017bec066687e098274bbb0ec23ddf935","messageTitle":"Add DateValidator class","messageBody":"Used by ItemDate class for datetime validation.\n","fileTypesAndContributionMap":{"functional-code":{"insertions":22,"deletions":0}}},{"hash":"3ba82bca045c1823f59b600a924f41c61e319aa2","messageTitle":"Add ItemName class","messageBody":"Represents the item\u0027s name in the Item class.\n\nUsed as a field in an Item.\n","fileTypesAndContributionMap":{"functional-code":{"insertions":54,"deletions":0}}},{"hash":"e3106a208de6d37aa8a841a1e0716370fe881627","messageTitle":"Add ItemQuantity class","messageBody":"Represents the item\u0027s quantity in the Item class.\n\nUsed as a field in an Item.\n","fileTypesAndContributionMap":{"functional-code":{"insertions":34,"deletions":0}}},{"hash":"50e62bd774e3549d468182b70e9ca20441e14a22","messageTitle":"Add Item class","messageBody":"","fileTypesAndContributionMap":{"functional-code":{"insertions":98,"deletions":0}}},{"hash":"df2cb0d427b2e31dfa2c95d62ddd6fcfd3d442b2","messageTitle":"Remove TODO comments","messageBody":"","fileTypesAndContributionMap":{"functional-code":{"insertions":1,"deletions":2}}},{"hash":"8374c5fd63e14ab8b018b05e91f910a5a6c9bc60","messageTitle":"Remove unused imports","messageBody":"","fileTypesAndContributionMap":{"functional-code":{"insertions":0,"deletions":3}}},{"hash":"d7be3c4c03ff7427fc6ceafc9b75ac5a96e0fb04","messageTitle":"Rename isValid function to validateDateString","messageBody":"","fileTypesAndContributionMap":{"functional-code":{"insertions":2,"deletions":2}}},{"hash":"f5c94e88e4b6717e5f176333fee1dd80cd0b50ab","messageTitle":"Remove additional equality checks for Item","messageBody":"","fileTypesAndContributionMap":{"functional-code":{"insertions":1,"deletions":4}}},{"hash":"580a80477186504a6bc5ffa05fc6df1473f33504","messageTitle":"Add Unit class","messageBody":"","fileTypesAndContributionMap":{"functional-code":{"insertions":54,"deletions":0}}}]},{"date":"2022-10-08","commitResults":[{"hash":"ee54ea570322d3e67ec3f3e60a1ec7ca72f8eba4","messageTitle":"Update DateValidator.java","messageBody":"","fileTypesAndContributionMap":{"functional-code":{"insertions":1,"deletions":0}}},{"hash":"c477a10e8a29dc1ca2a9c0ddfa473ab4c9ca6765","messageTitle":"Remove unused classes","messageBody":"","fileTypesAndContributionMap":{"functional-code":{"insertions":0,"deletions":54}}},{"hash":"06866c871d85a32f7f153829f2f34f28da431288","messageTitle":"Fix checkstyle issues","messageBody":"","fileTypesAndContributionMap":{"functional-code":{"insertions":58,"deletions":29}}},{"hash":"18fa14a6857c60b0457a65bb50c55bb4871d7821","messageTitle":"Split ItemDate.java into ItemBoughtDate.java and ItemExpiryDate.java","messageBody":"This allows ItemDates to follow the open-closed principle.\n","fileTypesAndContributionMap":{"functional-code":{"insertions":57,"deletions":0},"other":{"insertions":7,"deletions":7}}},{"hash":"795299325b6bff931c76770716f0832afba62d75","messageTitle":"Split ItemDateValidator.java into ItemBoughtDateValidator.java and ItemExpiryDateValidator.java","messageBody":"This allows ItemDateValidators to follow the open-closed principle.\n","fileTypesAndContributionMap":{"functional-code":{"insertions":70,"deletions":0},"other":{"insertions":4,"deletions":4}}},{"hash":"ae122f4b2f47817cb6f85a33a46f560d132867da","messageTitle":"Modify Item to use ItemBoughtDate and ItemExpiryDate","messageBody":"","fileTypesAndContributionMap":{"functional-code":{"insertions":9,"deletions":5}}}]},{"date":"2022-10-09","commitResults":[{"hash":"f630903a75457e9af4f4797b008f21c01b6352c8","messageTitle":"Modify access modifiers in methods to be public","messageBody":"Allows for testability\n","fileTypesAndContributionMap":{"functional-code":{"insertions":4,"deletions":3}}},{"hash":"eaef6725f3c164bb0c6e81700e8b0b3e58bffb4b","messageTitle":"Modify min year and max year of validator","messageBody":"","fileTypesAndContributionMap":{"functional-code":{"insertions":5,"deletions":5}}},{"hash":"b93984880270965c75d7c20ba22dbae7079a41f1","messageTitle":"Add isDateWithinValidBounds test for ItemBoughtDateValidator","messageBody":"","fileTypesAndContributionMap":{"test-code":{"insertions":91,"deletions":0}}},{"hash":"cc421852af5c5ffc38ee7f6bbadf0504b8a420d7","messageTitle":"Add isValidFormat test for ItemBoughtDateValidator","messageBody":"","fileTypesAndContributionMap":{"test-code":{"insertions":41,"deletions":0}}},{"hash":"81f2b3b1cfd5d8309805d626ecc23cb2bed59e0b","messageTitle":"Modify methods to be public","messageBody":"Allow for testing\n","fileTypesAndContributionMap":{"functional-code":{"insertions":17,"deletions":13}}}]},{"date":"2022-10-10","commitResults":[{"hash":"39315216c27727b991bf9c1acfd6c43cad31c0ea","messageTitle":"Add tests for ItemNameValidatorTest","messageBody":"","fileTypesAndContributionMap":{"test-code":{"insertions":55,"deletions":0}}},{"hash":"23745b05feb227c80a7c3d9cbb6e37cc640af477","messageTitle":"Modify MAX_QUANTITY to 100000","messageBody":"","fileTypesAndContributionMap":{"functional-code":{"insertions":1,"deletions":1}}},{"hash":"b5280cd0530d158ee2f271353a24428d19138401","messageTitle":"Add tests for ItemQuantityValidator","messageBody":"","fileTypesAndContributionMap":{"test-code":{"insertions":62,"deletions":0}}},{"hash":"2d2ccb62bc1bd003dbc5e91b0d0d75664530addb","messageTitle":"Add tests for ItemExpiryDateValidator","messageBody":"","fileTypesAndContributionMap":{"test-code":{"insertions":132,"deletions":0}}},{"hash":"1936b8b2bd42991028049d8fc93ff25b5d934a6b","messageTitle":"Add isUnitBlank method","messageBody":"","fileTypesAndContributionMap":{"functional-code":{"insertions":13,"deletions":2}}},{"hash":"0774cc9058f1c423845ea06df60a2eadc9c85a5f","messageTitle":"Fix test logic","messageBody":"Testing logic was reversed previously.\n\nassertTrue was used in place of assertFalse, and vice versa.\n","fileTypesAndContributionMap":{"test-code":{"insertions":17,"deletions":17}}},{"hash":"fc7e6583b68f6843d313da5e1b4f4d58853629db","messageTitle":"Modify MAX_LENGTH to 20","messageBody":"","fileTypesAndContributionMap":{"functional-code":{"insertions":1,"deletions":1}}},{"hash":"6c9b0ce2eb247f1cecc0a71584a8a46a7ee5eeef","messageTitle":"Add tests for ItemUnitValidator","messageBody":"","fileTypesAndContributionMap":{"test-code":{"insertions":55,"deletions":0}}},{"hash":"a9379a62335408b0badd6e5446011c440ae5707c","messageTitle":"Move ValidatorTests to its own package","messageBody":"","fileTypesAndContributionMap":{"functional-code":{"insertions":5,"deletions":5},"other":{"insertions":20,"deletions":25}}},{"hash":"2b3a2a5240f41434835ba6471ef0af819ae11c51","messageTitle":"Modify date regex to yyyy-MM-dd","messageBody":"","fileTypesAndContributionMap":{"functional-code":{"insertions":2,"deletions":2}}},{"hash":"8184ec227d65b02604b052999ee690ee69012878","messageTitle":"Modify ItemBoughtDateValidatorTest date format to yyyy-MM-dd","messageBody":"","fileTypesAndContributionMap":{"test-code":{"insertions":89,"deletions":81}}},{"hash":"c36e7be33f4dd1b6d6b9ca5f2950270fdab80859","messageTitle":"Modify ItemExpiryDateValidatorTest date format to yyyy-MM-dd","messageBody":"","fileTypesAndContributionMap":{"test-code":{"insertions":89,"deletions":81}}},{"hash":"d1a2f2065f737f1626c415f4ecab8710e014a165","messageTitle":"Fix test using wrong assertTrue import","messageBody":"","fileTypesAndContributionMap":{"test-code":{"insertions":1,"deletions":2}}},{"hash":"94f1e3f64c18ecbc58bc6f781da9bb5c82474556","messageTitle":"Modify date regex to use yyyy-MM-dd","messageBody":"","fileTypesAndContributionMap":{"functional-code":{"insertions":1,"deletions":1}}},{"hash":"db2a303c3a11add493a5aa884a703156c9f22210","messageTitle":"Modify resolver style to ResolverStyle.STRICT","messageBody":"Allows for checking of invalid dates in leap years. Modify yyyy to uuuu as in Java 8,\n\u0027yyyy\u0027 means \u0027year of era\u0027.\n","fileTypesAndContributionMap":{"functional-code":{"insertions":10,"deletions":3}}},{"hash":"57ee753ed44181915a96fe782fd739d1e26605a4","messageTitle":"Modify date format to uuuu/MM/dd","messageBody":"","fileTypesAndContributionMap":{"functional-code":{"insertions":2,"deletions":2},"test-code":{"insertions":3,"deletions":5}}},{"hash":"cacdf7d0f90bef59afc671282bfa80e95b99f356","messageTitle":"Modify min and max valid years","messageBody":"","fileTypesAndContributionMap":{"functional-code":{"insertions":2,"deletions":2}}},{"hash":"8892007746480f402d229a4b22989dad7c9f972b","messageTitle":"Add additional tests for isQuantityTooPrecise method","messageBody":"","fileTypesAndContributionMap":{"test-code":{"insertions":2,"deletions":0}}},{"hash":"b6bac2fe3759edeb567fc7aa2d6dd1c7287e338f","messageTitle":"Fix off-by-one bug for decimal point frequency calculation","messageBody":"","fileTypesAndContributionMap":{"functional-code":{"insertions":2,"deletions":2}}},{"hash":"e09ad5ffcbeed69aef8e9d269a421d7c454e03a1","messageTitle":"Add additional tests for ItemQuantityValidatorTest","messageBody":"","fileTypesAndContributionMap":{"test-code":{"insertions":3,"deletions":2}}},{"hash":"5410b1c9dca7a3feae456429c0b7cc8fcef3392f","messageTitle":"Add additional tests for ItemUnitValidatorTest","messageBody":"","fileTypesAndContributionMap":{"test-code":{"insertions":1,"deletions":1}}}]},{"date":"2022-10-11","commitResults":[{"hash":"0665b9a881d66d42842354460fe7c6d940948605","messageTitle":"Add sortedItems SortedList, itemsList ObservableList","messageBody":"Allows for sorting and filtering on one main list.\n Also added getters and setters for newly added\n lists.\n","fileTypesAndContributionMap":{"functional-code":{"insertions":52,"deletions":3}}},{"hash":"98cbae026868bf8452b19e5b040ba4549d44cbfd","messageTitle":"Add getFilteredSortedItemList method","messageBody":"","fileTypesAndContributionMap":{"functional-code":{"insertions":7,"deletions":0}}},{"hash":"12ada2534e8d38821dcc1c24c530c7a5fa5feb02","messageTitle":"Modify MainWindow to use getFilteredSortedItemList  method","messageBody":"","fileTypesAndContributionMap":{"functional-code":{"insertions":3,"deletions":5}}},{"hash":"98a2f4813f4772eae26258bb63f9d6925439c8a3","messageTitle":"Add SortCommand","messageBody":"","fileTypesAndContributionMap":{"functional-code":{"insertions":48,"deletions":0}}},{"hash":"2398aef9a2ad4818a82cc22021f4df1b1970dc29","messageTitle":"Add FoodRemItemComparator interface","messageBody":"Allows for definition of Comparators to sort Item\nobjects\n","fileTypesAndContributionMap":{"functional-code":{"insertions":13,"deletions":0}}},{"hash":"b44a720f1d710a3beef8840d13d429b7573a8beb","messageTitle":"Add NameItemComparator","messageBody":"Allows sorting by ItemName\n","fileTypesAndContributionMap":{"functional-code":{"insertions":29,"deletions":0}}},{"hash":"0d7fb6a5fdc55e6aae5b774b83a9d2a5da79980e","messageTitle":"Add SortCommandParser","messageBody":"Currently only sorts by name. Future iterations\nshould allow sorting by specified arguments.\n","fileTypesAndContributionMap":{"functional-code":{"insertions":31,"deletions":0}}},{"hash":"30de8c0cec19fb61f1ee44a9fc0b1ebc79e9cda6","messageTitle":"Add SortCommand to parseCommand method","messageBody":"","fileTypesAndContributionMap":{"functional-code":{"insertions":4,"deletions":0}}},{"hash":"5ce15f17720fb535c2d08a1270bed77f766de900","messageTitle":"Add success message for Sort command","messageBody":"","fileTypesAndContributionMap":{"functional-code":{"insertions":1,"deletions":0}}},{"hash":"4f2779aa2d24ae21f5d0ae55f0480c30edc4004a","messageTitle":"Rename itemvalidator package to itemvalidators","messageBody":"","fileTypesAndContributionMap":{"functional-code":{"insertions":9,"deletions":9},"other":{"insertions":11,"deletions":11},"test-code":{"insertions":5,"deletions":5}}},{"hash":"d74624ca28bc9a19d5ea3407f4963eca29cd3547","messageTitle":"Move FoodRemItemComparator to its own package","messageBody":"","fileTypesAndContributionMap":{"functional-code":{"insertions":2,"deletions":2},"other":{"insertions":3,"deletions":3}}},{"hash":"055f668a3ab3213b43a8e7cf9e9485bd9cff2224","messageTitle":"Rename NameItemComparator to ItemNameComparator","messageBody":"","fileTypesAndContributionMap":{"functional-code":{"insertions":2,"deletions":2},"other":{"insertions":1,"deletions":1}}},{"hash":"8119e9a972f599234b8076ffd84781ac2dd604f8","messageTitle":"Add compareTo methods to Item field classes","messageBody":"","fileTypesAndContributionMap":{"functional-code":{"insertions":54,"deletions":1}}},{"hash":"7c737703dd94b7dd7789bd795b289b1a7f065ba4","messageTitle":"Add prefix for item sort fields","messageBody":"","fileTypesAndContributionMap":{"functional-code":{"insertions":7,"deletions":0}}},{"hash":"15452ebc62a9af6aef3d0dcef86879814278e0f4","messageTitle":"Fix syntax error","messageBody":"","fileTypesAndContributionMap":{"functional-code":{"insertions":4,"deletions":4}}},{"hash":"8a77bf8ed82cd800bebff973e580383d9b69eb02","messageTitle":"Add FoodRemItemComparators for Item fields","messageBody":"","fileTypesAndContributionMap":{"functional-code":{"insertions":72,"deletions":0}}},{"hash":"da40a06097e839d5697d39f40553aed7b93bd1a9","messageTitle":"Rename FoodRemItemComparator to ItemComparator","messageBody":"","fileTypesAndContributionMap":{"functional-code":{"insertions":20,"deletions":8},"other":{"insertions":1,"deletions":1}}},{"hash":"d5919df67d052c264a6247a598967f5da9cc0774","messageTitle":"Add ChainComparator class","messageBody":"Allows for chaining of comparators given an input\nlist of Comparators.\n","fileTypesAndContributionMap":{"functional-code":{"insertions":27,"deletions":0}}},{"hash":"ced589eb58bd1763b5d3489f1ffb91f84563d996","messageTitle":"Modify SortCommand to use ChainComparator","messageBody":"","fileTypesAndContributionMap":{"functional-code":{"insertions":4,"deletions":3}}},{"hash":"ecaf5865055b4fa31862f05ce56b38f7acd8e97a","messageTitle":"Modify SortCommandParser to accept multiple Sort arguments","messageBody":"","fileTypesAndContributionMap":{"functional-code":{"insertions":32,"deletions":2}}},{"hash":"fb951f544c1cf18beab32748ab2777d9f27ba30a","messageTitle":"Fix compile errors","messageBody":"","fileTypesAndContributionMap":{"functional-code":{"insertions":7,"deletions":11},"test-code":{"insertions":5,"deletions":10}}},{"hash":"bba62ff9347e5650ecbb1e4f7e609b83b1a1dfd6","messageTitle":"Rename Type to Unit","messageBody":"","fileTypesAndContributionMap":{"functional-code":{"insertions":5,"deletions":5}}},{"hash":"a94f3fc1e0a4a10e2b2a83cfe9c175f52c65c0c8","messageTitle":"Fix import errors","messageBody":"","fileTypesAndContributionMap":{"test-code":{"insertions":5,"deletions":10}}},{"hash":"6ada973cba93741494574be4d2dae3b2bc1501d0","messageTitle":"Fix missing imports","messageBody":"","fileTypesAndContributionMap":{"test-code":{"insertions":5,"deletions":0}}},{"hash":"5d580b9efaf874f1e63bc6a35a1ef24eebbb830a","messageTitle":"Add missing methods from stub","messageBody":"","fileTypesAndContributionMap":{"test-code":{"insertions":17,"deletions":0}}},{"hash":"ba341d60756d1e162fec2495765b9a6dd0c6e2b6","messageTitle":"Add incrementQuantity method and overload constructor","messageBody":"Overloaded constructor instantiates a new\nItemQuantity from a provided double.\n","fileTypesAndContributionMap":{"functional-code":{"insertions":20,"deletions":0}}},{"hash":"c92ab5d40a4fff0299360c332a08c2536345dc6f","messageTitle":"Add decrementQuantity method","messageBody":"","fileTypesAndContributionMap":{"functional-code":{"insertions":15,"deletions":0}}},{"hash":"7305796002fb863184fd1c56eb8a9e041de673c1","messageTitle":"Add IncrementCommand and IncrementCommandParser","messageBody":"","fileTypesAndContributionMap":{"functional-code":{"insertions":118,"deletions":0}}},{"hash":"aa63779a2eb8eb6cb601fb56feeaaed419da2a2d","messageTitle":"Add DecrementCommand and DecrementCommandParser","messageBody":"","fileTypesAndContributionMap":{"functional-code":{"insertions":119,"deletions":0}}},{"hash":"246f92b8492433c20c796d28798f697fab1b1d04","messageTitle":"Modify FoodRemParser to include IncrementCommand and DecrementCommand","messageBody":"","fileTypesAndContributionMap":{"functional-code":{"insertions":8,"deletions":0}}}]},{"date":"2022-10-12","commitResults":[{"hash":"68c8c923a7fb84fbe3ad828b616e9d045b849276","messageTitle":"Add Glossary to User Guide","messageBody":"","fileTypesAndContributionMap":{"docs":{"insertions":73,"deletions":0}}},{"hash":"8b173bf8494db94a2dafdebe217ceae8083a8156","messageTitle":"Add additional terms to Glossary","messageBody":"","fileTypesAndContributionMap":{"docs":{"insertions":14,"deletions":2}}},{"hash":"63e21d52183c093be27b0137ee0d6c5ff376b5d9","messageTitle":"Remove unused Acknowledgement section","messageBody":"","fileTypesAndContributionMap":{"docs":{"insertions":0,"deletions":4}}},{"hash":"b440745b36d61c19e45faee0139384c5f05d927d","messageTitle":"Add additional terms to Glossary in DG","messageBody":"","fileTypesAndContributionMap":{"docs":{"insertions":57,"deletions":22}}},{"hash":"6dec9f9d932240298b9585681a29b584dc203eb0","messageTitle":"Add Acknowledgements section content","messageBody":"","fileTypesAndContributionMap":{"docs":{"insertions":4,"deletions":1}}},{"hash":"610fda7232791de3cbe11d7e763eb1eda5b93821","messageTitle":"Move arePrefixesPresent method to ParserUtil","messageBody":"","fileTypesAndContributionMap":{"functional-code":{"insertions":11,"deletions":10}}},{"hash":"8cbe7d1af505e72f8af5ba92013553fb971f635b","messageTitle":"Add guard clauses against empty prefix","messageBody":"","fileTypesAndContributionMap":{"functional-code":{"insertions":12,"deletions":0}}},{"hash":"c4e88cfd24a383540bc8d93091cd299523474c6c","messageTitle":"Add test stubs for Model","messageBody":"","fileTypesAndContributionMap":{"test-code":{"insertions":16,"deletions":0}}},{"hash":"4f804584f9aff871226079d978a19c252c047ea1","messageTitle":"Fix checkstyle errors","messageBody":"","fileTypesAndContributionMap":{"functional-code":{"insertions":0,"deletions":1}}},{"hash":"501ba5dd8ba01f70af5f05c2315e39d21b4fec9f","messageTitle":"Remove unused import","messageBody":"","fileTypesAndContributionMap":{"functional-code":{"insertions":0,"deletions":1}}},{"hash":"cdd23acaa60638f4c8acb0d9c56cdb56b0c1ea69","messageTitle":"Modify MESSAGE_USAGE for SortCommand","messageBody":"","fileTypesAndContributionMap":{"functional-code":{"insertions":11,"deletions":1}}},{"hash":"1bab6e68e173eb59b35c8afffd4d18dd484f0500","messageTitle":"Move SortCommand into itemcommands package","messageBody":"","fileTypesAndContributionMap":{"functional-code":{"insertions":2,"deletions":2},"other":{"insertions":3,"deletions":1}}},{"hash":"f1ef6d6fbac16b0f05ffe8e279cb812f2ac8ad17","messageTitle":"Remove unused files","messageBody":"","fileTypesAndContributionMap":{"docs":{"insertions":0,"deletions":0}}},{"hash":"85da60a9d36aeb5bf31a03132e840206eced7b36","messageTitle":"Fix coding style violations","messageBody":"","fileTypesAndContributionMap":{"docs":{"insertions":4,"deletions":1}}},{"hash":"1b38e508d2a27f6393ae543a5641b02825d5755e","messageTitle":"Change datetime format to dd/MM/uuuu","messageBody":"","fileTypesAndContributionMap":{"functional-code":{"insertions":2,"deletions":2}}},{"hash":"87f8bd465ed5e9be1721ffdda7b0e2e0bc9532d3","messageTitle":"Remove unused files","messageBody":"","fileTypesAndContributionMap":{"functional-code":{"insertions":0,"deletions":162}}},{"hash":"c5091792887fd6388d5b9e22950dba35b349609f","messageTitle":"Modify upper and lower bounds for min and max years","messageBody":"","fileTypesAndContributionMap":{"functional-code":{"insertions":4,"deletions":4}}},{"hash":"81b8365071614af554f3d8df07c780be96498b17","messageTitle":"Remove unused files","messageBody":"","fileTypesAndContributionMap":{"functional-code":{"insertions":0,"deletions":160}}},{"hash":"963e8b1590ee7433ee44867a13c223d57aec4434","messageTitle":"Fix missing import","messageBody":"","fileTypesAndContributionMap":{"functional-code":{"insertions":1,"deletions":1}}},{"hash":"698161ed05eb0265b9bedad94bfb716065192724","messageTitle":"Rename validators package to itemvalidators","messageBody":"","fileTypesAndContributionMap":{"other":{"insertions":0,"deletions":0}}}]},{"date":"2022-10-13","commitResults":[{"hash":"7d2786a4c9483ba4e2cabd5b4a20ecdb49cff9b0","messageTitle":"Add ItemValidatorUtilTest utility class","messageBody":"","fileTypesAndContributionMap":{"test-code":{"insertions":21,"deletions":0}}},{"hash":"a3ae3c78798bd71def7e4b3a185e78a9d413057e","messageTitle":"Add dateTimeFormatter attribute","messageBody":"","fileTypesAndContributionMap":{"functional-code":{"insertions":1,"deletions":1}}},{"hash":"5a20c3809b8efe488dde13c00c778fe4968a858e","messageTitle":"Modify error messages to be public","messageBody":"","fileTypesAndContributionMap":{"functional-code":{"insertions":4,"deletions":3}}},{"hash":"62ff312867208ac1ee246e3c129fb58fc4ab1aca","messageTitle":"Rename methods","messageBody":"Rename from isLessThanMaxYear to\nisLessThanEqualToMaxYear and isMoreThanMinYear to\nisMoreThanEqualToMinYear\n","fileTypesAndContributionMap":{"functional-code":{"insertions":6,"deletions":6}}},{"hash":"3ab4d680d5902b2222411a61aaa96ef63e6b43bc","messageTitle":"Fix ItemBoughtDateValidatorTest merge conflicts","messageBody":"","fileTypesAndContributionMap":{"test-code":{"insertions":160,"deletions":99}}},{"hash":"1ecf0f47c8dc59c810133ecb6d8409ad985dbf14","messageTitle":"Modify MESSAGE_FOR_INVALID_CHARACTERS_IN_NAME","messageBody":"","fileTypesAndContributionMap":{"functional-code":{"insertions":4,"deletions":2}}},{"hash":"e7919e780bded796b8eb597aee5f88b09ddf92a1","messageTitle":"Fix ItemNameValidatorTest merge conflicts","messageBody":"","fileTypesAndContributionMap":{"test-code":{"insertions":34,"deletions":34}}},{"hash":"7244e0a0c41a79a09ff27cc8e6e6f42649b06ab9","messageTitle":"Fix off by one bug for decimal point frequency calculation","messageBody":"","fileTypesAndContributionMap":{"functional-code":{"insertions":4,"deletions":3}}},{"hash":"81fd34bdaefda34227e493b59fa436704283de3f","messageTitle":"Fix ItemQuantityValidatorTest merge conflicts","messageBody":"","fileTypesAndContributionMap":{"test-code":{"insertions":39,"deletions":51}}},{"hash":"a0f1dbf49fa93a09b0b328eff389422f8e0ce8cb","messageTitle":"Add isUnitPresent method","messageBody":"","fileTypesAndContributionMap":{"functional-code":{"insertions":14,"deletions":1}}},{"hash":"9fe574633f5e9617fb5b4538bb8acb3325282cbc","messageTitle":"Rename MESSAGE_FOR_NAME_TOO_LONG","messageBody":"","fileTypesAndContributionMap":{"functional-code":{"insertions":2,"deletions":2}}},{"hash":"87fc9ac659913b4e41f39440328c6621cbf8894b","messageTitle":"Fix ItemUnitValidatorTest merge conflicts","messageBody":"","fileTypesAndContributionMap":{"test-code":{"insertions":29,"deletions":36}}},{"hash":"a2f82c16992ea35b58b9eee070703d181baceae0","messageTitle":"Rename methods","messageBody":"Rename isYearMoreThanMinYear to\nisYearMoreThanEqualToMinYear and\nisYearLessThanMaxYear to\nisYearLessThanEqualToMaxYear\n","fileTypesAndContributionMap":{"functional-code":{"insertions":10,"deletions":9}}},{"hash":"4cecee0f152e7120fdeaefb1f97be7c9738fe294","messageTitle":"Fix ItemExpiryDateValidatorTest merge conflicts","messageBody":"","fileTypesAndContributionMap":{"test-code":{"insertions":159,"deletions":101}}},{"hash":"365971c78aea83cb6e5c0d7ba7b08a5f4c51ef55","messageTitle":"Remove unnecessary check","messageBody":"","fileTypesAndContributionMap":{"functional-code":{"insertions":0,"deletions":1}}}]}],"bryanljx":[{"date":"2022-09-30","commitResults":[{"hash":"3021f131cd2ee9a4996ce7a5819ed6d7ceac658b","messageTitle":"Add bryanljx PPP skeleton","messageBody":"","fileTypesAndContributionMap":{"docs":{"insertions":46,"deletions":0}}},{"hash":"ec5976631e7928f9cecd9b5398d3ec8e5727387b","messageTitle":"Update AboutUs","messageBody":"","fileTypesAndContributionMap":{"docs":{"insertions":10,"deletions":0}}},{"hash":"d300e571b90c8475482af2f459b95f84b1759d85","messageTitle":"Update UG","messageBody":"","fileTypesAndContributionMap":{"docs":{"insertions":39,"deletions":2}}},{"hash":"9fa4d6d29afe9ed74a2a6825232575700f2ac91e","messageTitle":"Fix missing closing code block","messageBody":"","fileTypesAndContributionMap":{"docs":{"insertions":1,"deletions":0}}},{"hash":"33805f9dca57f00df0e2c5efc9d9418eecaf8cf8","messageTitle":"Standardize formatting","messageBody":"","fileTypesAndContributionMap":{"docs":{"insertions":6,"deletions":2}}},{"hash":"c363f8bd309149a4cb65835b517d0fc3f88669fa","messageTitle":"Update DG","messageBody":"","fileTypesAndContributionMap":{"docs":{"insertions":1,"deletions":1}}}]},{"date":"2022-10-04","commitResults":[{"hash":"03e27b6b554ebf94e968b29f1d2654a585bec037","messageTitle":"Update restrictions in Name class","messageBody":"","fileTypesAndContributionMap":{"functional-code":{"insertions":14,"deletions":4}}},{"hash":"2cbfdda5f710739f0d6f1db8beea82cf6f2b6b69","messageTitle":"Modify Tag class","messageBody":"","fileTypesAndContributionMap":{"functional-code":{"insertions":6,"deletions":6}}},{"hash":"9f7fc7b29f58190f36e2f9067738e2425f93f385","messageTitle":"Add exceptions for tag operations","messageBody":"","fileTypesAndContributionMap":{"functional-code":{"insertions":17,"deletions":0}}},{"hash":"f63734dabc550a3af1847bee11131598ff459c2e","messageTitle":"Update AddressBook to store tag list","messageBody":"","fileTypesAndContributionMap":{"functional-code":{"insertions":195,"deletions":3}}},{"hash":"2b4b938d16a0edcb23cf72dc3c5e7b8399dd4259","messageTitle":"Update ModelManager to support tag operations","messageBody":"","fileTypesAndContributionMap":{"functional-code":{"insertions":43,"deletions":1}}}]},{"date":"2022-10-05","commitResults":[{"hash":"91d206e1a4191c7d1765007fd480856db39af954","messageTitle":"Revert \"Update restrictions in Name class\"","messageBody":"This reverts commit 03e27b6b554ebf94e968b29f1d2654a585bec037.\n","fileTypesAndContributionMap":{"functional-code":{"insertions":4,"deletions":14}}},{"hash":"3b09f4ba3e8401cd0e98315dcb43e89856ca9971","messageTitle":"Add new classes for Name under tag pkg","messageBody":"","fileTypesAndContributionMap":{"functional-code":{"insertions":100,"deletions":0}}},{"hash":"a1464fc6b21d18314cb9aa7a80a7a0365345eefa","messageTitle":"Add accessor for tag name","messageBody":"","fileTypesAndContributionMap":{"functional-code":{"insertions":4,"deletions":1}}},{"hash":"c3fbf97638ffef798803a033956539fc9c4cb653","messageTitle":"Add tag operations to model interface","messageBody":"","fileTypesAndContributionMap":{"functional-code":{"insertions":33,"deletions":0}}},{"hash":"b362b0771f81b5de9384dc50700ca3a5d2ef6ea5","messageTitle":"Refactor to use Tag::getName","messageBody":"","fileTypesAndContributionMap":{"functional-code":{"insertions":4,"deletions":3},"test-code":{"insertions":1,"deletions":1}}},{"hash":"faedc59fb40d56a429e4d9610d9305bb67530885","messageTitle":"Update test cases for tags","messageBody":"","fileTypesAndContributionMap":{"test-code":{"insertions":52,"deletions":35}}},{"hash":"90e72e87a260f6d1472d7b0eb3e7451fcae777e4","messageTitle":"Resolve PR comments","messageBody":"","fileTypesAndContributionMap":{"functional-code":{"insertions":7,"deletions":4}}},{"hash":"3f9f83dfed4589a7cc311ca5349a6f157b63a8c1","messageTitle":"Optimize checking of duplicates tags","messageBody":"","fileTypesAndContributionMap":{"functional-code":{"insertions":7,"deletions":5}}},{"hash":"9d53b867e95aed7f1c1ad4f73b94f64f610fb83d","messageTitle":"Fix linting errors","messageBody":"","fileTypesAndContributionMap":{"functional-code":{"insertions":16,"deletions":11},"test-code":{"insertions":27,"deletions":7}}}]},{"date":"2022-10-09","commitResults":[{"hash":"c60f26f4bd73127dc85eeb15b388d307bb77ad04","messageTitle":"Add use case 5 and 6","messageBody":"","fileTypesAndContributionMap":{"docs":{"insertions":35,"deletions":3}}},{"hash":"171d41e63fbd32adb3191b63d10ff695df6d5791","messageTitle":"Add tag-related user stories","messageBody":"","fileTypesAndContributionMap":{"docs":{"insertions":6,"deletions":0}}},{"hash":"05d83ac6ac64ed133519efb2e87019a477329dbc","messageTitle":"Add purpose, scope and audience to UG","messageBody":"","fileTypesAndContributionMap":{"docs":{"insertions":14,"deletions":1}}},{"hash":"b8116fd24fe4c4767cc7e16fb574025abfa79296","messageTitle":"Rename Name to TagName","messageBody":"","fileTypesAndContributionMap":{"functional-code":{"insertions":2,"deletions":2},"other":{"insertions":8,"deletions":8}}},{"hash":"42c891a660768790c3222c4b5dec9af7499e18b7","messageTitle":"Resolve PR comments","messageBody":"","fileTypesAndContributionMap":{"docs":{"insertions":2,"deletions":2}}},{"hash":"24d75aa4d147da401042dc00ae77e5954dc17a56","messageTitle":"Resolve PR comments","messageBody":"","fileTypesAndContributionMap":{"docs":{"insertions":1,"deletions":1}}}]},{"date":"2022-10-11","commitResults":[{"hash":"065583cce1cf6161a58b3e5ebdaa1197e8da8c75","messageTitle":"Add create new tag functionality","messageBody":"","fileTypesAndContributionMap":{"functional-code":{"insertions":115,"deletions":2}}},{"hash":"9ffc47595acd317c99c3a3c292ba16363ccfb805","messageTitle":"Move Item Commands and Parsers to separate pkgs","messageBody":"","fileTypesAndContributionMap":{"functional-code":{"insertions":5,"deletions":5},"other":{"insertions":24,"deletions":20}}},{"hash":"18782f737a0a17ed1e2d84884b21ba651c0b1713","messageTitle":"Update test cases for tags","messageBody":"","fileTypesAndContributionMap":{"functional-code":{"insertions":5,"deletions":3},"test-code":{"insertions":520,"deletions":17}}},{"hash":"83000befb7dfcb1874423cb130d0b4f5a9feccdc","messageTitle":"Update test cases for items","messageBody":"","fileTypesAndContributionMap":{"test-code":{"insertions":13,"deletions":21}}},{"hash":"efa744f0d46f8918daae975d403f01b83121f124","messageTitle":"Fix error in add tag integration test","messageBody":"","fileTypesAndContributionMap":{"test-code":{"insertions":1,"deletions":1}}}]},{"date":"2022-10-12","commitResults":[{"hash":"175fd8fe067c133256d83c8fd7adfda7fda12d5d","messageTitle":"Fix CheckStyle errors","messageBody":"","fileTypesAndContributionMap":{"functional-code":{"insertions":47,"deletions":46},"test-code":{"insertions":43,"deletions":31}}},{"hash":"137ff36924bed0ecd2e615f14a1d49f414be5466","messageTitle":"Fix CheckStyle errors","messageBody":"","fileTypesAndContributionMap":{"functional-code":{"insertions":0,"deletions":3}}},{"hash":"a32b9223ac9241a740e58e59736f1e137051cb84","messageTitle":"Fix naming errors in AddTagCommand","messageBody":"","fileTypesAndContributionMap":{"functional-code":{"insertions":3,"deletions":3}}},{"hash":"fee21c2223c149c786a92dc6e6f654d12306b478","messageTitle":"Add RenameTagCommand","messageBody":"","fileTypesAndContributionMap":{"functional-code":{"insertions":122,"deletions":0}}},{"hash":"0771f6d7ba8452e847dd3ff1a21957cda6dcc4d5","messageTitle":"Update test cases for tag commands","messageBody":"","fileTypesAndContributionMap":{"test-code":{"insertions":174,"deletions":0}}}]}],"RichDom2185":[{"date":"2022-09-29","commitResults":[{"hash":"854d1fcd9f8121bb88b827a21a50cd843f2d6fcd","messageTitle":"Revert \"Update AboutUs page\"","messageBody":"","fileTypesAndContributionMap":{"docs":{"insertions":6,"deletions":60}}},{"hash":"491f47fa748a33b243dafd5535171390dadfa11f","messageTitle":"Revert \"Add skeleton for user guide\"","messageBody":"","fileTypesAndContributionMap":{"docs":{"insertions":156,"deletions":200}}}]},{"date":"2022-09-30","commitResults":[{"hash":"06c979a920ac80069cb7ba841ec31f2b44c8a5fc","messageTitle":"Add skeletal PPP based on template","messageBody":"","fileTypesAndContributionMap":{"docs":{"insertions":52,"deletions":0}}},{"hash":"57a9a01e3551390acde70c91df721675c5fd367b","messageTitle":"Add profile photo and update About Us","messageBody":"","fileTypesAndContributionMap":{"docs":{"insertions":18,"deletions":9}}},{"hash":"64100a1ac944b553ddf06d460e663639558be5db","messageTitle":"Reformat DeveloperGuide.md using Prettier","messageBody":"","fileTypesAndContributionMap":{"docs":{"insertions":64,"deletions":65}}},{"hash":"6c87e1de6db64a25ba326a7bb7acd2db798e6134","messageTitle":"Add UC9 and UC10","messageBody":"","fileTypesAndContributionMap":{"docs":{"insertions":14,"deletions":13}}},{"hash":"c93087804bb5ad57f576bc045ea0ee6aea175dfc","messageTitle":"Reformat DG","messageBody":"","fileTypesAndContributionMap":{"docs":{"insertions":12,"deletions":7}}},{"hash":"ab97b14ce216b2d382890a2cc5e665aabc14ba03","messageTitle":"Fix image filename typo","messageBody":"","fileTypesAndContributionMap":{"docs":{"insertions":1,"deletions":1}}},{"hash":"ead3dc9115a4d2d4bdd8d96da54d9b812f1e4313","messageTitle":"Reformat DG","messageBody":"","fileTypesAndContributionMap":{"docs":{"insertions":34,"deletions":12}}},{"hash":"110a9ef8e6dc4372c1c4bd6228bffbb898634bb5","messageTitle":"Reformat UG","messageBody":"","fileTypesAndContributionMap":{"docs":{"insertions":16,"deletions":7}}},{"hash":"370ee8a3c8f582a7f583b5593cdc6ab582117218","messageTitle":"Add skeletal udpate item command","messageBody":"","fileTypesAndContributionMap":{"docs":{"insertions":22,"deletions":0}}}]},{"date":"2022-10-02","commitResults":[{"hash":"199c78d609288e19c4f7620dc5c4fb52a4e411fa","messageTitle":"Fix spacing in About Us page","messageBody":"","fileTypesAndContributionMap":{"docs":{"insertions":1,"deletions":1}}},{"hash":"957bb7083af7c41c6821e02d234bb68ddc2368e9","messageTitle":"Reformat DevOps guide using Prettier","messageBody":"","fileTypesAndContributionMap":{"docs":{"insertions":19,"deletions":20}}},{"hash":"019f918a883d301052481ba49c3af0b34f8fd6bf","messageTitle":"Reformat Documentation guide using Prettier","messageBody":"","fileTypesAndContributionMap":{"docs":{"insertions":11,"deletions":12}}},{"hash":"3355e64a665a8f3baca5f25cd585ec55f631f4ae","messageTitle":"Reformat Logging guide using Prettier","messageBody":"","fileTypesAndContributionMap":{"docs":{"insertions":6,"deletions":6}}},{"hash":"cd786b62cc6c605e25ee8a3af28c6625b3b3098d","messageTitle":"Reformat Testing guide using Prettier","messageBody":"","fileTypesAndContributionMap":{"docs":{"insertions":11,"deletions":11}}},{"hash":"941a0602768b6f2285014d1153fe2c42b67b171f","messageTitle":"Reformat Setting Up guide using Prettier","messageBody":"","fileTypesAndContributionMap":{"docs":{"insertions":10,"deletions":9}}},{"hash":"2efa27f5625a7d6f738fa5d7999fbe132fb4cc13","messageTitle":"Reformat team docs using Prettier","messageBody":"","fileTypesAndContributionMap":{"docs":{"insertions":138,"deletions":115}}},{"hash":"bd4c8dab293c05e85820fd0c1810f0b1c8faf772","messageTitle":"Reformat documentation index using Prettier","messageBody":"","fileTypesAndContributionMap":{"docs":{"insertions":3,"deletions":4}}}]},{"date":"2022-10-12","commitResults":[{"hash":"b58f9c23dae90485672352d32d0ebb1bbb11724b","messageTitle":"Fix Prettier issues in User Guide","messageBody":"","fileTypesAndContributionMap":{"docs":{"insertions":45,"deletions":29}}},{"hash":"6622708b385dd76839c9f168022c21f6258c5494","messageTitle":"Fix auto-fixable issues in User Guide","messageBody":"Fix the following issues using markdownlint:\n* Unordered list prefix\n* Capitalisation of proper names\n","fileTypesAndContributionMap":{"docs":{"insertions":36,"deletions":36}}},{"hash":"556b785696be0bcca16e436b32fabce1b642c842","messageTitle":"Ignore HTML tables in markdown linter","messageBody":"","fileTypesAndContributionMap":{"docs":{"insertions":12,"deletions":0}}},{"hash":"ee926e0660e427a4ed0e3de193696b06a40a28b7","messageTitle":"Add TODO","messageBody":"","fileTypesAndContributionMap":{"docs":{"insertions":1,"deletions":1}}},{"hash":"ccafe03bb5561da165cc0b4728a2f68a59aff01c","messageTitle":"Fix lint issues in User Guide","messageBody":"","fileTypesAndContributionMap":{"docs":{"insertions":32,"deletions":67}}},{"hash":"6185b3d3b5012d8844c89511e671348b09bc8bed","messageTitle":"Format Developer Guide using Prettier","messageBody":"","fileTypesAndContributionMap":{"docs":{"insertions":21,"deletions":14}}},{"hash":"4112e92c482140b10b4e8c7dd02db2edc9b02e29","messageTitle":"Fix auto-fixable issues in Developer Guide","messageBody":"","fileTypesAndContributionMap":{"docs":{"insertions":73,"deletions":73}}},{"hash":"698225517f3477648e3e2f07d6dc967d8cda43b9","messageTitle":"Use include for page break","messageBody":"","fileTypesAndContributionMap":{"docs":{"insertions":1,"deletions":1}}},{"hash":"7e9f3dbb645070d19467414568993649a567c143","messageTitle":"Create ToC include","messageBody":"","fileTypesAndContributionMap":{"docs":{"insertions":17,"deletions":0}}},{"hash":"05f89d248393f75b7f410a4a29a62305094e3845","messageTitle":"Use ToC include in UG and DG","messageBody":"Also fixes ToC not showing due to formatting.\n","fileTypesAndContributionMap":{"docs":{"insertions":2,"deletions":37}}},{"hash":"c30d6a89c597ac8027579d69876eae67bdb92542","messageTitle":"Fix incorrect UG page title","messageBody":"","fileTypesAndContributionMap":{"docs":{"insertions":1,"deletions":4}}},{"hash":"8ae7fff8ae16df355254979d3373ba290db91a5a","messageTitle":"Fix trailing spaces","messageBody":"","fileTypesAndContributionMap":{"docs":{"insertions":2,"deletions":2}}},{"hash":"3892715e26f177899546e66ec63c45f59a01bb9f","messageTitle":"Fix lint issues","messageBody":"","fileTypesAndContributionMap":{"docs":{"insertions":1,"deletions":1}}},{"hash":"ed01b317c4b8f1cf6aee809938a611a0bb657211","messageTitle":"Fix ordered list prefix in DG","messageBody":"","fileTypesAndContributionMap":{"docs":{"insertions":35,"deletions":35}}},{"hash":"30d4ea0e93a6ca294ebd12885905c776ec4b11a8","messageTitle":"Fix markdown styling","messageBody":"","fileTypesAndContributionMap":{"docs":{"insertions":1,"deletions":3}}},{"hash":"dad9bd6e92625dda18c95a3e967e75f51474069e","messageTitle":"Fix incorrect numbering style","messageBody":"","fileTypesAndContributionMap":{"docs":{"insertions":4,"deletions":4}}},{"hash":"4f0c6da4434617e277a2b8005058b4b2e9d7949d","messageTitle":"Remove identified traces of AB3 from DG","messageBody":"","fileTypesAndContributionMap":{"docs":{"insertions":7,"deletions":7}}},{"hash":"e43995570426e70aa43715541d2715b031cb7b56","messageTitle":"Remove tutorials from documentation","messageBody":"","fileTypesAndContributionMap":{"docs":{"insertions":0,"deletions":863}}},{"hash":"a5b7f16f12a66ab8f1af5c2aeebfde4262a63cb0","messageTitle":"Fix compile error post-merge","messageBody":"","fileTypesAndContributionMap":{"functional-code":{"insertions":2,"deletions":0}}},{"hash":"988750682bd3194bc318d5179f061c4b238cbadd","messageTitle":"Fix incorrect numbering style","messageBody":"","fileTypesAndContributionMap":{"docs":{"insertions":1,"deletions":1}}},{"hash":"84fd2190fe1c091c606bf7a562da04a249df0a6b","messageTitle":"Fix auto-fixable issues in User Guide","messageBody":"","fileTypesAndContributionMap":{"docs":{"insertions":7,"deletions":6}}},{"hash":"8b8e3406517d34b812c0081736eb1379905a33ac","messageTitle":"Fix auto-fixable issues in Developer Guide","messageBody":"","fileTypesAndContributionMap":{"docs":{"insertions":5,"deletions":6}}},{"hash":"f767adf082069a0f15345848bd20737d1e63e7fe","messageTitle":"Refactor Glossary to its own hidden file","messageBody":"","fileTypesAndContributionMap":{"docs":{"insertions":106,"deletions":105}}},{"hash":"45e4d71e169197b5807393a68fe1aa49182a6276","messageTitle":"Use shared Glossary in User Guide","messageBody":"","fileTypesAndContributionMap":{"docs":{"insertions":1,"deletions":85}}},{"hash":"3104985313206ca98933674bf2be0365c8d77de7","messageTitle":"Remove individual glossary items from ToC","messageBody":"","fileTypesAndContributionMap":{"docs":{"insertions":32,"deletions":0}}},{"hash":"5305399be138150eb638ffc3968e030a52acc282","messageTitle":"Use include for TOC in DevOps Guide","messageBody":"","fileTypesAndContributionMap":{"docs":{"insertions":1,"deletions":2}}},{"hash":"60b1238ebf2bf138e37189c4a88b07f24f97c190","messageTitle":"Fix lint issues in DevOps Guide","messageBody":"","fileTypesAndContributionMap":{"docs":{"insertions":13,"deletions":13}}}]},{"date":"2022-10-13","commitResults":[{"hash":"4b6cb4a465d4671334811b0d71ebab470570b5ad","messageTitle":"Refactor user stories in DG","messageBody":"","fileTypesAndContributionMap":{"docs":{"insertions":33,"deletions":31}}},{"hash":"5298cf28c8f50b688466866108ad2b74829fe8ef","messageTitle":"Refactor use cases in DG","messageBody":"","fileTypesAndContributionMap":{"docs":{"insertions":169,"deletions":167}}},{"hash":"9ff82855ff38fc2df288309ebff86abb3d694b06","messageTitle":"Refactor NFRs in DG","messageBody":"","fileTypesAndContributionMap":{"docs":{"insertions":11,"deletions":9}}},{"hash":"4a8a6ecbb1b05506a72b29cbd392dc8532dde856","messageTitle":"Refactor FAQ in UG","messageBody":"","fileTypesAndContributionMap":{"docs":{"insertions":13,"deletions":11}}},{"hash":"aa08e612b1e772e7e3a4bfbbb1d0f8457fad4e25","messageTitle":"Refactor quick start in UG","messageBody":"","fileTypesAndContributionMap":{"docs":{"insertions":79,"deletions":77}}},{"hash":"9fc13f8df95546137c29b745ff508e0cb0dd0ce5","messageTitle":"Refactor items and tags in UG","messageBody":"","fileTypesAndContributionMap":{"docs":{"insertions":29,"deletions":27}}},{"hash":"5e8de281aa27ccfea2f52ca5863dfd2a74dce43a","messageTitle":"Migrate all glossary entries to new structure","messageBody":"","fileTypesAndContributionMap":{"docs":{"insertions":109,"deletions":0}}},{"hash":"d2c51c7cbd8963a430c7c8b9baf8e682e81b88cd","messageTitle":"Create include for new glossary structure","messageBody":"","fileTypesAndContributionMap":{"docs":{"insertions":17,"deletions":0}}},{"hash":"afe2efd4f945db4135a16a6b4512df1a2ee4e290","messageTitle":"Replace old glossary with new abstraction","messageBody":"","fileTypesAndContributionMap":{"docs":{"insertions":2,"deletions":139}}},{"hash":"b551d5d70d8d2a3457f535daad07e98c26098431","messageTitle":"Add TODO and update formatting","messageBody":"","fileTypesAndContributionMap":{"docs":{"insertions":2,"deletions":2}}},{"hash":"5d55de572ed2ccf98a897e1025965c851de84a84","messageTitle":"Refactor placeholders section in UG","messageBody":"","fileTypesAndContributionMap":{"docs":{"insertions":1,"deletions":53}}},{"hash":"5b1bfc66a6bbb14fb2f174472f1a40b64fdf433a","messageTitle":"Refactor features section in UG","messageBody":"","fileTypesAndContributionMap":{"docs":{"insertions":259,"deletions":257}}},{"hash":"a491d057577f3986313686a90044929f3944e461","messageTitle":"Split features section into multiple files","messageBody":"","fileTypesAndContributionMap":{"docs":{"insertions":155,"deletions":151}}},{"hash":"ae2fecac5461aa7db671974b84cb3e1b98632b53","messageTitle":"Autofix markdown style issues","messageBody":"","fileTypesAndContributionMap":{"docs":{"insertions":20,"deletions":20}}},{"hash":"2f7914fbed0af9e5993ee5cbc838dbf862ff33e8","messageTitle":"Autofixstyle issues in PPP","messageBody":"","fileTypesAndContributionMap":{"docs":{"insertions":135,"deletions":135}}}]}],"yixiann":[{"date":"2022-09-16","commitResults":[{"hash":"193178c7bdf725d15978b3a4fba8274f23c33295","messageTitle":"Add Codecov badge to docs/index.md","messageBody":"","fileTypesAndContributionMap":{"docs":{"insertions":1,"deletions":1}}},{"hash":"b36b990cbfb047c6a012ee5e596b7b96aca34541","messageTitle":"Remove token from Codecov badge","messageBody":"","fileTypesAndContributionMap":{"docs":{"insertions":1,"deletions":1}}}]},{"date":"2022-09-23","commitResults":[{"hash":"d4438b730d3051dae74a0284f30059181156980d","messageTitle":"Update AboutUs page","messageBody":"","fileTypesAndContributionMap":{"docs":{"insertions":61,"deletions":8}}},{"hash":"40ce363ea8380723ba7d575ac4aef77f62c66b96","messageTitle":"Fix typo in github username and linebreak","messageBody":"","fileTypesAndContributionMap":{"docs":{"insertions":1,"deletions":1}}}]},{"date":"2022-09-27","commitResults":[{"hash":"02a033c6e6132379e90eb2a5495a81c3bfeebf1b","messageTitle":"Add skeleton for user guide","messageBody":"","fileTypesAndContributionMap":{"docs":{"insertions":200,"deletions":156}}}]},{"date":"2022-09-30","commitResults":[{"hash":"7a0fcaaafd65fa6ff9c7d52f8e5d31ad76316c5d","messageTitle":"Change role from \"Project Member\" to \"Secretary\"","messageBody":"","fileTypesAndContributionMap":{"docs":{"insertions":2,"deletions":3}}},{"hash":"7f0160e8d8083f56f07531a9c482c6a1e2e33355","messageTitle":"Add help command description, input and output","messageBody":"","fileTypesAndContributionMap":{"docs":{"insertions":71,"deletions":3}}},{"hash":"9740e2babc33a2d96d89484b91fc45ac9728c1eb","messageTitle":"Add linebreak to ensure \"title\" and \"layout\" key detected","messageBody":"","fileTypesAndContributionMap":{"docs":{"insertions":2,"deletions":1}}},{"hash":"af37283aaa8d186bea6426555ab9ec2b90b70a26","messageTitle":"Remove redundant space and linebreak","messageBody":"","fileTypesAndContributionMap":{"docs":{"insertions":1,"deletions":2}}},{"hash":"d60c05c6b41dbd80630a094d6a57ddbb5098d938","messageTitle":"Add skeletal PPP","messageBody":"","fileTypesAndContributionMap":{"docs":{"insertions":46,"deletions":0}}},{"hash":"42fdeb8ce28924b944bf3a224412a85f8c0f8fcd","messageTitle":"Add skeletal for UC7 and UC8 in DeveloperGuide.md","messageBody":"","fileTypesAndContributionMap":{"docs":{"insertions":13,"deletions":0}}},{"hash":"2055466865983af6b86ebd7cc16c324876023765","messageTitle":"Remove traces of johnny and update roles","messageBody":"","fileTypesAndContributionMap":{"docs":{"insertions":3,"deletions":33}}},{"hash":"575c04fa0d3cf2204480c0c8ad6b5c05dff3061e","messageTitle":"Remove traces of johnny and update roles","messageBody":"","fileTypesAndContributionMap":{"docs":{"insertions":4,"deletions":14}}}]},{"date":"2022-10-03","commitResults":[{"hash":"99dbbdae27a88fe8dfd796463e2197ec3d25dc0f","messageTitle":"Add use case 7, use case 8 and user stories regarding inventory items","messageBody":"","fileTypesAndContributionMap":{"docs":{"insertions":49,"deletions":11}}}]},{"date":"2022-10-04","commitResults":[{"hash":"732bb80f3ea3746dc8371ddc26981799a9fceca7","messageTitle":"Reorganise content page","messageBody":"","fileTypesAndContributionMap":{"docs":{"insertions":317,"deletions":129}}},{"hash":"bcdcd6ef768b781b2f37452553efef5b3523c426","messageTitle":"Add quick start","messageBody":"","fileTypesAndContributionMap":{"docs":{"insertions":162,"deletions":32}}},{"hash":"415c7e432fae442c084c2fbc40e05c6b10110905","messageTitle":"Add tags and items section","messageBody":"","fileTypesAndContributionMap":{"docs":{"insertions":27,"deletions":1}}},{"hash":"504ab83af9fda7abe80e58be2ee8cc7e7e5ed4ed","messageTitle":"Fix grammar issues is UserGuide.md","messageBody":"","fileTypesAndContributionMap":{"docs":{"insertions":4,"deletions":4}}}]},{"date":"2022-10-05","commitResults":[{"hash":"363877c17455abbaa5e4dfbbc28e2b883d681aa8","messageTitle":"Change TYPE to UNIT in UserGuide.md","messageBody":"","fileTypesAndContributionMap":{"docs":{"insertions":21,"deletions":21}}},{"hash":"55f8c136123b9a821f35f5e0d0bc15210aa091f1","messageTitle":"Add value preposition","messageBody":"","fileTypesAndContributionMap":{"docs":{"insertions":2,"deletions":0}}}]},{"date":"2022-10-07","commitResults":[{"hash":"091ed3045812d0481002a8a89038d481303fc2a8","messageTitle":"Resolve suggestions add new validations or split validation if both was done in a single function","messageBody":"","fileTypesAndContributionMap":{"functional-code":{"insertions":382,"deletions":89}}},{"hash":"1a378f145023b8bcc58fe16618b311bfbf1b28d1","messageTitle":"Add validator for each field. This was done to follow Single Responsibility Principle.","messageBody":"","fileTypesAndContributionMap":{"functional-code":{"insertions":243,"deletions":213}}},{"hash":"82fb2d68fcad4765e144d56b8f424a337d4f91a2","messageTitle":"Add validators to package","messageBody":"","fileTypesAndContributionMap":{"functional-code":{"insertions":9,"deletions":1},"other":{"insertions":14,"deletions":5}}},{"hash":"d719af672a7746789056d7e929ba13498ab4bcac","messageTitle":"Change access modifiers of fields to be private. Reduce use of some getters.","messageBody":"","fileTypesAndContributionMap":{"functional-code":{"insertions":36,"deletions":41}}}]},{"date":"2022-10-08","commitResults":[{"hash":"0d5f9fcf31bf286bbba626d33c4e882f0691e4e1","messageTitle":"Add DuplicateItemException and ItemNotFoundException. Add UniqueItemList.","messageBody":"","fileTypesAndContributionMap":{"functional-code":{"insertions":155,"deletions":0}}}]},{"date":"2022-10-09","commitResults":[{"hash":"385bbeafc82351b2f4523dfce66a6bc6a48dc445","messageTitle":"Replace Person with Item","messageBody":"","fileTypesAndContributionMap":{"functional-code":{"insertions":827,"deletions":699},"docs":{"insertions":92,"deletions":43},"test-code":{"insertions":1209,"deletions":1020}}},{"hash":"7b57f28d7a8c4587665e91c0d3e4f95257750efb","messageTitle":"Move NameContainsKeywordsPredicate to item package","messageBody":"","fileTypesAndContributionMap":{"other":{"insertions":21,"deletions":17}}},{"hash":"7d67ea15690e3716709d85307fd1dca4c4c085c2","messageTitle":"Fix NameContainsKeywordsPredicate test and rename remaining persons to items","messageBody":"","fileTypesAndContributionMap":{"functional-code":{"insertions":81,"deletions":128},"other":{"insertions":2,"deletions":2},"test-code":{"insertions":327,"deletions":344}}},{"hash":"7f2702c10ce0b171ce823c314be1cc4a1241bca9","messageTitle":"Fix ParserUtilTest","messageBody":"","fileTypesAndContributionMap":{"test-code":{"insertions":105,"deletions":90}}},{"hash":"7477ea654e50d3971bd59e993a51151fc9f20e83","messageTitle":"Organise imports","messageBody":"","fileTypesAndContributionMap":{"test-code":{"insertions":57,"deletions":57}}},{"hash":"abbf9a2d96f2197163da4a155ee961b6ed7e731c","messageTitle":"Organise imports","messageBody":"","fileTypesAndContributionMap":{"test-code":{"insertions":43,"deletions":41}}},{"hash":"e91041c99d92e8ce3aba5169a06bfd57493275bc","messageTitle":"Fix all not parsing related test","messageBody":"","fileTypesAndContributionMap":{"functional-code":{"insertions":75,"deletions":68},"test-code":{"insertions":209,"deletions":153}}},{"hash":"3debf33e4d7ac750a4add64d94961c72ac229408","messageTitle":"Fix all parsing related test","messageBody":"","fileTypesAndContributionMap":{"functional-code":{"insertions":8,"deletions":0},"test-code":{"insertions":261,"deletions":248}}}]},{"date":"2022-10-10","commitResults":[{"hash":"46ceffc872b88609a8a63c55463813b2adee067a","messageTitle":"Rename AddressBook to FoodRem and comment out irrelevant classes","messageBody":"","fileTypesAndContributionMap":{"functional-code":{"insertions":600,"deletions":579},"other":{"insertions":903,"deletions":896},"docs":{"insertions":341,"deletions":232},"test-code":{"insertions":188,"deletions":187}}},{"hash":"8c99ec585b746154217d5dda0be14115c26428b0","messageTitle":"Configure default values for dates and modify method UI receives strings to display","messageBody":"","fileTypesAndContributionMap":{"functional-code":{"insertions":116,"deletions":42}}},{"hash":"2f42b09b2a92139bfcdc2701f6b16c6410af18f2","messageTitle":"Revert markdown files","messageBody":"","fileTypesAndContributionMap":{"docs":{"insertions":316,"deletions":455}}},{"hash":"ce5b2acae983bcbb0d40bbf1c46ceeaafe388978","messageTitle":"Revert markdown files for RemovingFields.md","messageBody":"","fileTypesAndContributionMap":{"docs":{"insertions":22,"deletions":41}}},{"hash":"22acaef1a1d6d0498bc5084b689a534639aaac68","messageTitle":"Revert tutorial files to beginning","messageBody":"","fileTypesAndContributionMap":{"docs":{"insertions":11,"deletions":11}}}]},{"date":"2022-10-11","commitResults":[{"hash":"ec33ac8e1b1fda83504ba7a5969327a1a8855262","messageTitle":"Resolve comments for PR to replace person with item","messageBody":"","fileTypesAndContributionMap":{"functional-code":{"insertions":365,"deletions":996},"other":{"insertions":84,"deletions":88},"test-code":{"insertions":813,"deletions":1109}}},{"hash":"ad3a868c42b3f4533cb18d4094384dac17476c2a","messageTitle":"Fix Checkstyle","messageBody":"","fileTypesAndContributionMap":{"test-code":{"insertions":12,"deletions":11}}},{"hash":"d3836c7a7065a8fdae8aec43bb7b37389ec8e668","messageTitle":"Revert TracingCode.md to prevent parsing error","messageBody":"","fileTypesAndContributionMap":{"docs":{"insertions":100,"deletions":164}}}]},{"date":"2022-10-12","commitResults":[{"hash":"24b609fb051dcf48a7680731667d3b9eddc081e8","messageTitle":"Convert Add command to New command","messageBody":"","fileTypesAndContributionMap":{"functional-code":{"insertions":43,"deletions":84},"other":{"insertions":44,"deletions":41},"test-code":{"insertions":9,"deletions":9}}},{"hash":"0f533716caa584bec71c86656d2ef846802cd101","messageTitle":"Rename command word from \"delete\" to \"del\"","messageBody":"","fileTypesAndContributionMap":{"functional-code":{"insertions":2,"deletions":2}}},{"hash":"9fc26e60140f476ed8a973af58e105078b0f0a58","messageTitle":"Rename command word from \"delete\" to \"del\" in test cases","messageBody":"","fileTypesAndContributionMap":{"test-code":{"insertions":1,"deletions":1}}},{"hash":"5f8182505be3cccb16579f24fc81f21df38e4f37","messageTitle":"Modify message to be displayed upon entering command wrongly","messageBody":"Rename instances of address\n","fileTypesAndContributionMap":{"functional-code":{"insertions":7,"deletions":6},"test-code":{"insertions":34,"deletions":34}}},{"hash":"b5d8c3fce8770e0a9eb1015ca3749868ff833101","messageTitle":"Fix line longer than 120 chars","messageBody":"","fileTypesAndContributionMap":{"test-code":{"insertions":2,"deletions":1}}},{"hash":"28909dcae68448fd069d59ba7cfdc3c87d023cc8","messageTitle":"Rename \"Clear\" to \"Reset\"","messageBody":"","fileTypesAndContributionMap":{"functional-code":{"insertions":3,"deletions":3},"other":{"insertions":4,"deletions":4},"test-code":{"insertions":5,"deletions":5}}},{"hash":"60cf0fb1d7a954bbe7e6ae2dc0edeb35d9cdfd05","messageTitle":"Implement validation for quantity by riding on existing validations","messageBody":"","fileTypesAndContributionMap":{"functional-code":{"insertions":30,"deletions":42}}},{"hash":"3210fcc0167433196a69f2237d4640e0b637a2bc","messageTitle":"Modify increment and decrement command to have optional qty prefix","messageBody":"","fileTypesAndContributionMap":{"functional-code":{"insertions":36,"deletions":30}}}]}]},"authorFileTypeContributionMap":{"Eugenetanwl3881":{"docs":114,"functional-code":404,"test-code":0},"Ferusel":{"docs":22,"functional-code":914,"test-code":615},"bryanljx":{"docs":35,"functional-code":599,"test-code":720},"RichDom2185":{"docs":1027,"functional-code":0,"test-code":0,"other":51},"yixiann":{"docs":181,"functional-code":2019,"test-code":2010,"other":2}},"authorContributionVariance":{"Eugenetanwl3881":13036.872,"Ferusel":74849.164,"bryanljx":30524.064,"RichDom2185":264608.44,"yixiann":2413665.5},"authorDisplayNameMap":{"Eugenetanwl3881":"CS2103T-W16-2 TAN ..GENE","Ferusel":"CS2103T-W16-2 MAI .. KAI","bryanljx":"CS2103T-W16-2 BRYA..IANG","RichDom2185":"CS2103T-W16-2 RICH..NICK","yixiann":"CS2103T-W16-2 TAN ..XIAN"}}
