{"authorDailyContributionsMap":{"t1mzzz":[{"date":"2022-09-29","commitResults":[{"hash":"33dfcca1ef4826c89ca86683b70c8f2e115766fc","messageTitle":"Add Skeletal PPP (Timothy)","messageBody":"","fileTypesAndContributionMap":{"docs":{"insertions":20,"deletions":0}}},{"hash":"ff2360c3b9c754b11f9ac4d69bc26306847003f7","messageTitle":"Update README.md","messageBody":"","fileTypesAndContributionMap":{"docs":{"insertions":4,"deletions":11}}},{"hash":"3c21579e545000395b1d8a4eb04658ed47263fc0","messageTitle":"Update AboutUs details","messageBody":"","fileTypesAndContributionMap":{"docs":{"insertions":25,"deletions":24}}}]}],"leirdas":[{"date":"2022-09-28","commitResults":[{"hash":"b8716cb55230630e0f41feae69cc4936ab6b34b0","messageTitle":"Update UserGuide.md","messageBody":"","fileTypesAndContributionMap":{"docs":{"insertions":5,"deletions":4}}},{"hash":"5fcd1c32f14516a58511cc9ce616e7fbc4da7e33","messageTitle":"Update exit feature of user guide","messageBody":"","fileTypesAndContributionMap":{"docs":{"insertions":2,"deletions":2}}},{"hash":"eebbd8abb19dcecd83ca65d4af7d9699d21fe19f","messageTitle":"Add skeletal PPP","messageBody":"","fileTypesAndContributionMap":{"docs":{"insertions":26,"deletions":0}}},{"hash":"7eee6dcb28efd9202ffe4cc774639eae4484bdb2","messageTitle":"Fixed CI fail error","messageBody":"","fileTypesAndContributionMap":{"docs":{"insertions":1,"deletions":1}}}]}],"jia-han":[{"date":"2022-09-28","commitResults":[{"hash":"d4ecbcacbc5b8aa025ba0abb0889e71b72ebf069","messageTitle":"Add PPP","messageBody":"","fileTypesAndContributionMap":{"docs":{"insertions":25,"deletions":0}}},{"hash":"b5e74af962d0a05999cd29b954ea6543eddf505a","messageTitle":"Update user guide add feature","messageBody":"","fileTypesAndContributionMap":{"docs":{"insertions":3,"deletions":3}}}]}],"marcuslowhuiyu":[],"fannyjian":[{"date":"2022-09-28","commitResults":[{"hash":"0ffff5438b07896e28c3ed6376167c6e0c341495","messageTitle":"Remove unnecessary details","messageBody":"","fileTypesAndContributionMap":{"docs":{"insertions":12,"deletions":53}}},{"hash":"899ba8f647eafde46f1ef6abbd9822ad57609461","messageTitle":"Update list description","messageBody":"","fileTypesAndContributionMap":{"docs":{"insertions":1,"deletions":1}}},{"hash":"f27476a47d6ce7b2b4213aceeb2d3a1034b0d14e","messageTitle":"Add PPP details","messageBody":"","fileTypesAndContributionMap":{"docs":{"insertions":20,"deletions":0}}},{"hash":"1f4280dea83b67c3ef7d89d52ba7363ebd85b7be","messageTitle":"Add user profile, value proposition and user stories","messageBody":"","fileTypesAndContributionMap":{"docs":{"insertions":17,"deletions":12}}}]}]},"authorFileTypeContributionMap":{"t1mzzz":{"docs":49,"functional-code":0,"test-code":0},"leirdas":{"docs":30,"functional-code":0,"test-code":0,"other":1},"jia-han":{"docs":28,"functional-code":0,"test-code":0},"marcuslowhuiyu":{"docs":0,"functional-code":0,"test-code":0},"fannyjian":{"docs":46,"functional-code":0,"test-code":0}},"authorContributionVariance":{"t1mzzz":468.0,"leirdas":111.49491,"jia-han":63.7398,"marcuslowhuiyu":0.0,"fannyjian":892.4898},"authorDisplayNameMap":{"t1mzzz":"CS2103T-T15-3 TIMO..KOEI","leirdas":"CS2103T-T15-3 SOH ..RIEL","jia-han":"CS2103T-T15-3 NEO .. HAN","marcuslowhuiyu":"CS2103T-T15-3 MARC..I YU","fannyjian":"CS2103T-T15-3 FANN..JIAN"}}
