{"authorDailyContributionsMap":{"highorbit25":[{"date":"2022-09-29","commitResults":[{"hash":"e77d623f9c1bc19ea191a1e8da0eeca8fe627300","messageTitle":"Update README.md","messageBody":"","fileTypesAndContributionMap":{"docs":{"insertions":12,"deletions":11}}}]},{"date":"2022-10-09","commitResults":[{"hash":"337aa48e54f82b771927dbc7d544e72af866f1bc","messageTitle":"Add sort command to sort list by name","messageBody":"","fileTypesAndContributionMap":{"functional-code":{"insertions":23,"deletions":0}}},{"hash":"0b0c838b360f5c902b4aa77dae1bf38bec865aa3","messageTitle":"Fix build.gradle issue with SortCommand","messageBody":"","fileTypesAndContributionMap":{"functional-code":{"insertions":1,"deletions":22}}},{"hash":"b01c5541e38e7f8768991b409d516e42a4f7c2a6","messageTitle":"Fix checkstyle","messageBody":"","fileTypesAndContributionMap":{"functional-code":{"insertions":63,"deletions":20}}},{"hash":"f3f647e7c7818bc451515b56c77d2291e8f1ce39","messageTitle":"Fix to checkstyle","messageBody":"","fileTypesAndContributionMap":{"functional-code":{"insertions":5,"deletions":5},"docs":{"insertions":1,"deletions":2}}},{"hash":"d77bdc300e12fe34ed027081492117305ae8f3a3","messageTitle":"Fix Checkstyle","messageBody":"","fileTypesAndContributionMap":{"functional-code":{"insertions":20,"deletions":14}}},{"hash":"886192135d8c5f6d3d512e121cf4d460b3781649","messageTitle":"Fix Checkstyle","messageBody":"","fileTypesAndContributionMap":{"functional-code":{"insertions":7,"deletions":7}}},{"hash":"52866d158d3ac1324d1baf88d761df818bc2938a","messageTitle":"Fix Checkstyle AddressBook.java","messageBody":"","fileTypesAndContributionMap":{"functional-code":{"insertions":10,"deletions":9}}},{"hash":"2ad2000e9d51930c9a4e353b7f42df69f50fde79","messageTitle":"Fix Checkstyle in AddressBook.java","messageBody":"","fileTypesAndContributionMap":{"functional-code":{"insertions":7,"deletions":7}}},{"hash":"ba46d8da01b92c632a9af9a929afd04967609063","messageTitle":"Fix checkstyle","messageBody":"","fileTypesAndContributionMap":{"functional-code":{"insertions":2,"deletions":2}}},{"hash":"d41fa8ca4580e89046bbd8108b28a70ec0a27179","messageTitle":"Fix Checkstyle","messageBody":"","fileTypesAndContributionMap":{"functional-code":{"insertions":4,"deletions":4}}},{"hash":"22eb63c91e452f661d1256517ac2fa9b567df04f","messageTitle":"Fix checkstyle","messageBody":"","fileTypesAndContributionMap":{"functional-code":{"insertions":0,"deletions":1}}},{"hash":"22c03ce8d5243d5f91ed7df723c6c1acfe3b8019","messageTitle":"Fix ModelStub in AddCommandTest.java","messageBody":"","fileTypesAndContributionMap":{"test-code":{"insertions":5,"deletions":0}}}]},{"date":"2022-10-10","commitResults":[{"hash":"e470c2593f251a40ccbd750c79073e48d7edd17d","messageTitle":"Update AddressBookParser.java","messageBody":"Added newline before default","fileTypesAndContributionMap":{"functional-code":{"insertions":1,"deletions":0}}},{"hash":"2b7564a29f5e16ba0567df31b4772f7ff9431359","messageTitle":"Update README.md","messageBody":"","fileTypesAndContributionMap":{"docs":{"insertions":2,"deletions":1}}},{"hash":"e3d04d10c7a4542108fd3172a321e1aea7ff69ed","messageTitle":"Update README.md","messageBody":"","fileTypesAndContributionMap":{"docs":{"insertions":0,"deletions":1}}},{"hash":"c789bcd6df565cf9af877cf6f1a2ec092f0d13ef","messageTitle":"Update SortCommand.java","messageBody":"Specified sorted in alphabetical order for success message","fileTypesAndContributionMap":{"functional-code":{"insertions":1,"deletions":1}}},{"hash":"e8cac9032cf7546b633e97f523a3ff2b525a2e0c","messageTitle":"Update AddressBookParser.java","messageBody":"","fileTypesAndContributionMap":{"functional-code":{"insertions":1,"deletions":1}}}]}],"dr-arrgghh":[{"date":"2022-10-05","commitResults":[{"hash":"0b725d4aec2bdc6db5dfb929915402cfd42fccd2","messageTitle":"Create FilterCommand.java","messageBody":"","fileTypesAndContributionMap":{"functional-code":{"insertions":18,"deletions":0}}},{"hash":"c9e2d38a7e927794ea917f53dde5924a283404a1","messageTitle":"Skeletal Filter","messageBody":"","fileTypesAndContributionMap":{"functional-code":{"insertions":31,"deletions":1}}}]},{"date":"2022-10-09","commitResults":[{"hash":"8a1814018284f19be69b191a220c72239b991cdb","messageTitle":"Filter Command","messageBody":"","fileTypesAndContributionMap":{"functional-code":{"insertions":24,"deletions":7}}},{"hash":"7d98248659ac48ca5ebd82f9cb838399c176c570","messageTitle":"Checkstyle","messageBody":"","fileTypesAndContributionMap":{"functional-code":{"insertions":31,"deletions":20}}},{"hash":"61216d65463a2ffa6e937e93e77ca509f5b0264b","messageTitle":"checkstyle","messageBody":"","fileTypesAndContributionMap":{"docs":{"insertions":184,"deletions":108}}},{"hash":"bd4ad25e634401367b2c7e144282bea280a82608","messageTitle":"resolve conflict","messageBody":"","fileTypesAndContributionMap":{"functional-code":{"insertions":1,"deletions":4}}},{"hash":"bdf73f1707008adf8de8c73e77932e7f898e6bfe","messageTitle":"checkstyle","messageBody":"","fileTypesAndContributionMap":{"functional-code":{"insertions":25,"deletions":24}}},{"hash":"bad2527f298c7fe0a569321093a49cc613968fe8","messageTitle":"checkstyle","messageBody":"","fileTypesAndContributionMap":{"functional-code":{"insertions":23,"deletions":23}}}]},{"date":"2022-10-11","commitResults":[{"hash":"864b770bb6e1d0e02ad42e58f4bbdb3db96326b9","messageTitle":"Update filter","messageBody":"","fileTypesAndContributionMap":{"functional-code":{"insertions":50,"deletions":4}}},{"hash":"5ce11f0d8b94aec99d9050399713f198902f8b6c","messageTitle":"Update TagContainsKeywordsPredicate.java","messageBody":"","fileTypesAndContributionMap":{"functional-code":{"insertions":5,"deletions":2}}},{"hash":"360f2aeba079c4e3946836ba2edc83a7342c2e8f","messageTitle":"update checkstyle","messageBody":"","fileTypesAndContributionMap":{"functional-code":{"insertions":22,"deletions":11}}},{"hash":"8288779739873180dc31475b895a5610557b265d","messageTitle":"update checkstyle","messageBody":"","fileTypesAndContributionMap":{"functional-code":{"insertions":1,"deletions":5}}},{"hash":"4b935daca694cc9818051b30ab55d1cfc4637644","messageTitle":"update checkstyle","messageBody":"","fileTypesAndContributionMap":{"functional-code":{"insertions":5,"deletions":4}}},{"hash":"6598979595d6699b6ac4ef63228674fdf8704b52","messageTitle":"Update AddCommandTest.java","messageBody":"","fileTypesAndContributionMap":{"test-code":{"insertions":7,"deletions":0}}}]},{"date":"2022-10-12","commitResults":[{"hash":"b35da03c531c337ce9679d8e1c557b83d7f39006","messageTitle":"update changes for filter","messageBody":"","fileTypesAndContributionMap":{"functional-code":{"insertions":3,"deletions":4}}}]}],"Piyotato":[{"date":"2022-09-29","commitResults":[{"hash":"978abd07fa5d571a0ad981ee400f82eaea3f74ed","messageTitle":"Update developer guide","messageBody":"- Update target user profile\n- Update value proposition\n- Adjust existing user stories\n- Add new user stories\n- Add non-functional requirements\n- Add glossary items\n- Remove irrelevant glossary items\n","fileTypesAndContributionMap":{"docs":{"insertions":35,"deletions":17}}}]},{"date":"2022-10-09","commitResults":[{"hash":"85fb04e34cb77d21671a208b41c6af9800ee4811","messageTitle":"Create parameter object for Person constructor","messageBody":"- Create parameter object `PersonData` which is used to construct Person. This will allow us to edit the fields in Person and keep the original design pattern of `private final` fields without changing the constructor, since `final` fields must be initialized in the constructor.\n- Update tests to use this constructor instead.\n","fileTypesAndContributionMap":{"functional-code":{"insertions":162,"deletions":64},"test-code":{"insertions":12,"deletions":1}}}]}],"lpohsien":[{"date":"2022-09-29","commitResults":[{"hash":"3d821c47938ee51b77aae0295a9a608d26f1cfea","messageTitle":"Update user guide - Adapt UserGuide.md from AB3 - Add `sort`, `filter`, `mark`, `unmark` and `addtag` as upcoming   features","messageBody":"","fileTypesAndContributionMap":{"docs":{"insertions":58,"deletions":38}}},{"hash":"3be1c75ad12d7ed3a232d8e2c2408b7123d847f1","messageTitle":"UserGuide: Fix font weight Fonts surrounded by ``\u003cdiv\u003e`` with `markdown\u003d\"span\"` do not bold the text when `**` is used. Change `**` to \u003cb\u003e for bolding these texts.","messageBody":"","fileTypesAndContributionMap":{"docs":{"insertions":2,"deletions":2}}}]},{"date":"2022-10-08","commitResults":[{"hash":"87bc25e8cc7b93019b37950422033c1daf386485","messageTitle":"Hook AddTagCommand to parser","messageBody":"","fileTypesAndContributionMap":{"functional-code":{"insertions":20,"deletions":0}}},{"hash":"5986ba303c1c44d76ecd180440efb2a904784660","messageTitle":"Allow tag to accept input","messageBody":"","fileTypesAndContributionMap":{"functional-code":{"insertions":96,"deletions":3}}},{"hash":"498122b58ae3bff932f3ccf9c28740fb777c9acc","messageTitle":"Feature: Add addtag for single index","messageBody":"","fileTypesAndContributionMap":{"functional-code":{"insertions":54,"deletions":13}}},{"hash":"92f918df4cd0aede3e3112da9b8a5ae352a3bbe0","messageTitle":"Feature: Add addtag for all (ie addtag all)","messageBody":"","fileTypesAndContributionMap":{"functional-code":{"insertions":109,"deletions":5}}},{"hash":"22134d905a63ad54e62fabbd4f3019decafc4b2a","messageTitle":"Fix checkstyles","messageBody":"","fileTypesAndContributionMap":{"functional-code":{"insertions":12,"deletions":8}}},{"hash":"38e1b8db75e5e610d5de676bc3c8296596a3c5f5","messageTitle":"AddTagCommand: Add test cases","messageBody":"","fileTypesAndContributionMap":{"functional-code":{"insertions":11,"deletions":3},"test-code":{"insertions":302,"deletions":0}}}]}],"comicalromance":[{"date":"2022-09-28","commitResults":[{"hash":"e79d47ab46060e22af85eee65a3dae0e9b392320","messageTitle":"Update About Us \u0026 Add PPPs","messageBody":"The About Us page is not updated for our team.\nThe PPPs are also not prepared for each member.\n\nLet\u0027s add profile pictures and skeletal PPPs for each member.\n","fileTypesAndContributionMap":{"docs":{"insertions":171,"deletions":71}}}]},{"date":"2022-09-30","commitResults":[{"hash":"1cd6ec41033ffff500a5566eda10333d7602a6b0","messageTitle":"Add Use Cases for DG","messageBody":"The use cases describes the wrong set of use cases.\n\nLet\u0027s update the use cases for StudMap instead.\n","fileTypesAndContributionMap":{"docs":{"insertions":25,"deletions":7}}},{"hash":"fa71b5f4edd47df9ef03f0bc7f504367f13e3cd7","messageTitle":"Update Index Page","messageBody":"Index page describes AB3 instead of StudMap.\n\nLet\u0027s update it to describe StudMap.\n","fileTypesAndContributionMap":{"docs":{"insertions":5,"deletions":5}}}]},{"date":"2022-10-09","commitResults":[{"hash":"54fad2b36dc7fb5fbf8fdb78a930df38c29eaccd","messageTitle":"Implement basic Mark functionality","messageBody":"Mark is a command that allows students to be tagged as present or absent for\nspecfic classes.\n\nLet\u0027s:\n- Implement a new Attendance class that handles whether student was present\nor absent for a specific class, updating Person in the process\n- Implement a MarkCommand class to handle the marking logic, and a\nMarkCommandParser to handle the parsing\n- Add basic UI to represent the attendance\n","fileTypesAndContributionMap":{"functional-code":{"insertions":250,"deletions":6}}}]},{"date":"2022-10-10","commitResults":[{"hash":"09c4285afd3eee60a96121df2b634651706c480f","messageTitle":"Implement storage and testing for Mark","messageBody":"Attendance object needs to be serialized so that it can be stored in json format.\n\nLet\u0027s:\n- Update Jackson serialization for both Attendance and Person\n- Add tests for Attendance and AdaptedPerson\n","fileTypesAndContributionMap":{"functional-code":{"insertions":108,"deletions":5},"test-code":{"insertions":95,"deletions":10}}},{"hash":"68b196c704ab07eb1d8b9bc9288a293650dea2a7","messageTitle":"Improve UI for Attendance","messageBody":"Let\u0027s add the attendance attribute as a FlowPane similar to tag, and color code it according to present (green) or absent (red)\n","fileTypesAndContributionMap":{"functional-code":{"insertions":29,"deletions":2}}},{"hash":"5d17fe2347e9e43f06e370a2ec4b9d7dcfd9c4e9","messageTitle":"Update Mark command to accept options","messageBody":"Let\u0027s add a new parameter to the mark command to specify whether the class should be marked as present or absent.\n","fileTypesAndContributionMap":{"functional-code":{"insertions":25,"deletions":11}}},{"hash":"5c3adefcda1c54b2c8c4b3952194bd074307df34","messageTitle":"Add Unmark command","messageBody":"Unmark removes the attendance record from a person if found.\n\nLet\u0027s implement the unmark command.\n","fileTypesAndContributionMap":{"functional-code":{"insertions":134,"deletions":0}}},{"hash":"7b0866c70328a17d81654ae9dd9fc205afa71702","messageTitle":"Add JUnit Tests","messageBody":"Let\u0027s add JUnit tests for the new commands and their parsers.\n","fileTypesAndContributionMap":{"functional-code":{"insertions":2,"deletions":1},"test-code":{"insertions":220,"deletions":6}}},{"hash":"122fe6a9da4fa0e8f2430fb87f02e8ef6de98bcd","messageTitle":"Clean up checkstyle","messageBody":"","fileTypesAndContributionMap":{"functional-code":{"insertions":1,"deletions":1},"test-code":{"insertions":2,"deletions":2}}},{"hash":"081822e74265988c794532b26ab12bf010f67701","messageTitle":"Fix Checkstyle Issues","messageBody":"","fileTypesAndContributionMap":{"functional-code":{"insertions":51,"deletions":30},"test-code":{"insertions":17,"deletions":13}}},{"hash":"97aadcf91c92b7f86cbae1440593b9b8c325a512","messageTitle":"Update URL for UG in Help command","messageBody":"Let\u0027s update the URL for our UG in the help window opened.\n","fileTypesAndContributionMap":{"functional-code":{"insertions":1,"deletions":1}}}]}]},"authorFileTypeContributionMap":{"highorbit25":{"docs":9,"functional-code":56,"test-code":5},"dr-arrgghh":{"docs":154,"functional-code":139,"test-code":7},"Piyotato":{"docs":26,"functional-code":159,"test-code":12},"lpohsien":{"docs":51,"functional-code":268,"test-code":302},"comicalromance":{"docs":197,"functional-code":553,"test-code":313}},"authorContributionVariance":{"highorbit25":2071.506,"dr-arrgghh":8339.887,"Piyotato":2099.5803,"lpohsien":14608.634,"comicalromance":24106.83},"authorDisplayNameMap":{"highorbit25":"CS2103T-W13-1 PANG.. BIN","dr-arrgghh":"CS2103T-W13-1 LIN ..HENG","Piyotato":"CS2103T-W13-1 SHEY.. YEO","lpohsien":"CS2103T-W13-1 LI P..SIEN","comicalromance":"CS2103T-W13-1 SILA..N YU"}}
