{"authorDailyContributionsMap":{"vvidday":[{"date":"2022-09-25","commitResults":[{"hash":"3f953508fc5212ae9a5715363d6fc3eeb2b735fd","messageTitle":"Add individual skeletal PPP","messageBody":"","fileTypesAndContributionMap":{"docs":{"insertions":0,"deletions":0}}},{"hash":"52a254283a1da9b27d730b2bd898bf5da1775961","messageTitle":"Fix individual PPP contents","messageBody":"","fileTypesAndContributionMap":{"docs":{"insertions":32,"deletions":0}}},{"hash":"8fbbe64a9b821e9020c5ade3c1467103795c7803","messageTitle":"Add features (general + modules) section to UG","messageBody":"","fileTypesAndContributionMap":{"docs":{"insertions":32,"deletions":101}}},{"hash":"328357043d41d69162b26f065f4446f5bf2a9815","messageTitle":"Add target user profile, value prop, user stories to DG","messageBody":"","fileTypesAndContributionMap":{"docs":{"insertions":16,"deletions":12}}}]}],"domoberzin":[{"date":"2022-09-25","commitResults":[{"hash":"5d3769bd594523f8c327334eff0a201aafb01776","messageTitle":"Update user guide table of contents and UI Mockup","messageBody":"","fileTypesAndContributionMap":{"docs":{"insertions":11,"deletions":3}}},{"hash":"2fda014e7b7a9ea3aea5318fef8e88f1a5269992","messageTitle":"Modify UI Mockup section of user guide","messageBody":"","fileTypesAndContributionMap":{"docs":{"insertions":1,"deletions":1}}},{"hash":"684217bf5e853e31434d58f29479b8b7714b7889","messageTitle":"Add PPP file","messageBody":"","fileTypesAndContributionMap":{"docs":{"insertions":28,"deletions":0}}},{"hash":"50739fc39eba09c4340f5f36f61c135d70cbff00","messageTitle":"Edit AboutUs.md","messageBody":"","fileTypesAndContributionMap":{"docs":{"insertions":30,"deletions":28}}}]},{"date":"2022-09-27","commitResults":[{"hash":"570727b350fbe5c910de9203b9ec6c37a0055831","messageTitle":"Modify PPP file","messageBody":"","fileTypesAndContributionMap":{"docs":{"insertions":1,"deletions":1}}}]}],"jontmy":[{"date":"2022-09-25","commitResults":[{"hash":"eba3260044fc3c29962e9b717aa7a7945eb9ba78","messageTitle":"Update user guide quick start","messageBody":"","fileTypesAndContributionMap":{"docs":{"insertions":20,"deletions":17}}},{"hash":"ed6aab75dc6ed20645def8d99cb8cd2d5b9fceb8","messageTitle":"Add the link to the Releases page","messageBody":"","fileTypesAndContributionMap":{"docs":{"insertions":1,"deletions":1}}},{"hash":"3928f4bd7ec22524066d282e3d8b291776d333cc","messageTitle":"Fix sample `add task` command in quick start","messageBody":"","fileTypesAndContributionMap":{"docs":{"insertions":3,"deletions":3}}},{"hash":"821a5fe7c337d819c7cc3a868655be7c9daaa7b5","messageTitle":"Create @jontmy\u0027s PPP","messageBody":"","fileTypesAndContributionMap":{"docs":{"insertions":31,"deletions":0}}}]},{"date":"2022-09-28","commitResults":[{"hash":"a090e0d616493bcacbe1ee1ce0d246b32b61a13c","messageTitle":"Update CI build status badge","messageBody":"","fileTypesAndContributionMap":{"docs":{"insertions":1,"deletions":1}}},{"hash":"7f800a12d6f8d33aa4c1e2bd0fde6c3aac34f54d","messageTitle":"Update UI mockup image","messageBody":"","fileTypesAndContributionMap":{"docs":{"insertions":1,"deletions":1}}},{"hash":"599750b0bedde8054ee94306dcc64189252479f9","messageTitle":"Update README content","messageBody":"","fileTypesAndContributionMap":{"docs":{"insertions":8,"deletions":10}}},{"hash":"815c69ec322c1e318919958a8c6531cb17d8bf40","messageTitle":"Fix newline at README EOF","messageBody":"","fileTypesAndContributionMap":{"docs":{"insertions":0,"deletions":1}}},{"hash":"e05b2e8334d96530fd4b564f5833eeaea19c6597","messageTitle":"Update `index.md`","messageBody":"","fileTypesAndContributionMap":{"docs":{"insertions":4,"deletions":4}}},{"hash":"be3442d066508692ef9f531d808499e7a1056750","messageTitle":"Add header to README","messageBody":"","fileTypesAndContributionMap":{"docs":{"insertions":2,"deletions":0}}},{"hash":"9c4d502b0b53670d2c2662636e82c1fa61d9a6cb","messageTitle":"Add additional content to README","messageBody":"","fileTypesAndContributionMap":{"docs":{"insertions":2,"deletions":0}}}]}],"midnightfeverrr":[{"date":"2022-09-25","commitResults":[{"hash":"ed09bb338fbebe41c58aa238dc6de30f4c8f3c73","messageTitle":"Add Non-Functional Requirements and Glossary","messageBody":"","fileTypesAndContributionMap":{"docs":{"insertions":8,"deletions":367}}},{"hash":"56a9ec9090fc8f4e201e6fa5d84ce945ecc180b2","messageTitle":"Add Command Summary","messageBody":"","fileTypesAndContributionMap":{"docs":{"insertions":22,"deletions":181}}}]},{"date":"2022-09-27","commitResults":[{"hash":"cca3711b6218a76cfee5120572856f0f8e56acd6","messageTitle":"Add PPP File","messageBody":"","fileTypesAndContributionMap":{"docs":{"insertions":35,"deletions":50}}},{"hash":"124585ccb62e3b01b24ad8baaba44737686b60ec","messageTitle":"Fix typo","messageBody":"","fileTypesAndContributionMap":{"docs":{"insertions":0,"deletions":10}}},{"hash":"c2884dda69e4f4d406a7703cd92255fc0b787e5a","messageTitle":"Add extra line at end","messageBody":"","fileTypesAndContributionMap":{"docs":{"insertions":1,"deletions":1}}}]}],"HoJunHao2000":[{"date":"2022-09-25","commitResults":[{"hash":"75466e7ca6538ba4367384b9c615ee38e1123415","messageTitle":"Create @HoJunHao2000\u0027s PPP","messageBody":"","fileTypesAndContributionMap":{"docs":{"insertions":42,"deletions":50}}},{"hash":"99b8bda4893d13d0ef292c9120d842cff5962137","messageTitle":"Update use cases for DG","messageBody":"added use cases for\n* task addition\n* deadline addition\n* task deletion\n* modules left for graduation\n* view all active tasks and deadlines\n","fileTypesAndContributionMap":{"docs":{"insertions":101,"deletions":8}}}]},{"date":"2022-09-26","commitResults":[{"hash":"077c859bcb62bd56f99bbb83079d1158eed76b55","messageTitle":"Update @HoJunHao2000\u0027s PPP file name","messageBody":"","fileTypesAndContributionMap":{"docs":{"insertions":0,"deletions":0}}},{"hash":"2ec32fa7da8c71c8ef0619d1c876a7d75e5b35cd","messageTitle":"Rename @HoJunHao2000\u0027s PPP file to hojunhao2000.md","messageBody":"","fileTypesAndContributionMap":{"docs":{"insertions":0,"deletions":0}}},{"hash":"80143d207a075df2fb4a7882a78fe78917ad9aa0","messageTitle":"Update task section for UG","messageBody":"","fileTypesAndContributionMap":{"docs":{"insertions":46,"deletions":0}}}]}]},"authorFileTypeContributionMap":{"vvidday":{"docs":80,"functional-code":0,"test-code":0},"domoberzin":{"docs":66,"functional-code":0,"test-code":0},"jontmy":{"docs":65,"functional-code":0,"test-code":0,"other":1},"midnightfeverrr":{"docs":61,"functional-code":0,"test-code":0},"HoJunHao2000":{"docs":157,"functional-code":0,"test-code":0}},"authorContributionVariance":{"vvidday":2644.8997,"domoberzin":736.61536,"jontmy":465.63315,"midnightfeverrr":23726.531,"HoJunHao2000":2909.5386},"authorDisplayNameMap":{"vvidday":"CS2103T-W10-4 DAVI.. ONG","domoberzin":"CS2103T-W10-4 DOMI.. GIN","jontmy":"CS2103T-W10-4 JONA..YANG","midnightfeverrr":"CS2103T-W10-4 MARC..LIAM","HoJunHao2000":"CS2103T-W10-4 HO J.. HAO"}}
