{"authorDailyContributionsMap":{"vvidday":[{"date":"2022-09-25","commitResults":[{"hash":"3f953508fc5212ae9a5715363d6fc3eeb2b735fd","messageTitle":"Add individual skeletal PPP","messageBody":"","fileTypesAndContributionMap":{"docs":{"insertions":0,"deletions":0}}},{"hash":"52a254283a1da9b27d730b2bd898bf5da1775961","messageTitle":"Fix individual PPP contents","messageBody":"","fileTypesAndContributionMap":{"docs":{"insertions":32,"deletions":0}}},{"hash":"8fbbe64a9b821e9020c5ade3c1467103795c7803","messageTitle":"Add features (general + modules) section to UG","messageBody":"","fileTypesAndContributionMap":{"docs":{"insertions":32,"deletions":101}}},{"hash":"328357043d41d69162b26f065f4446f5bf2a9815","messageTitle":"Add target user profile, value prop, user stories to DG","messageBody":"","fileTypesAndContributionMap":{"docs":{"insertions":16,"deletions":12}}}]},{"date":"2022-10-09","commitResults":[{"hash":"95bcc31a94cd0bf7ab6eb303588d3626fb15e90c","messageTitle":"Change prefix_desc to prefix_task","messageBody":"","fileTypesAndContributionMap":{"functional-code":{"insertions":5,"deletions":5},"test-code":{"insertions":2,"deletions":2}}},{"hash":"6006172f88ab4313e243b98c103edef7a3e020fb","messageTitle":"Combine add task and module commands \u0026 commandparser into one","messageBody":"","fileTypesAndContributionMap":{"functional-code":{"insertions":30,"deletions":18}}},{"hash":"69a62a2a9454ad14589d5408e838d8726586eb84","messageTitle":"Add RemoveCommandParser that processes remove command for both tasks and modules","messageBody":"","fileTypesAndContributionMap":{"functional-code":{"insertions":105,"deletions":1}}},{"hash":"25ead936db2669545c26e1e2576f72baf67fa065","messageTitle":"Fix misc checkstyle errors","messageBody":"","fileTypesAndContributionMap":{"functional-code":{"insertions":43,"deletions":149},"test-code":{"insertions":165,"deletions":191}}}]},{"date":"2022-10-10","commitResults":[{"hash":"b4203f5fa3ab538cc4264abee8940d99f4919137","messageTitle":"Add deadline class","messageBody":"","fileTypesAndContributionMap":{"functional-code":{"insertions":48,"deletions":0}}},{"hash":"61362603c8175600691408a5b0877c79bb4c9e8c","messageTitle":"Add deadlinecommand \u0026 modify parser to call deadline command when corresponding flags are provided","messageBody":"","fileTypesAndContributionMap":{"functional-code":{"insertions":79,"deletions":2}}},{"hash":"72337d988189a91efd3cae8e60f1baa51429dce2","messageTitle":"Delete unnecessary file","messageBody":"","fileTypesAndContributionMap":{"functional-code":{"insertions":0,"deletions":34}}},{"hash":"333701357a7db339dade09f4ab28e210bc294143","messageTitle":"Modify storage to save due date when saving and create deadline when reading if due date is present","messageBody":"","fileTypesAndContributionMap":{"functional-code":{"insertions":17,"deletions":9}}},{"hash":"04a25bd1b27a9467ec5a27486a36fb837b1c760e","messageTitle":"Add deadline attribute to UI","messageBody":"","fileTypesAndContributionMap":{"functional-code":{"insertions":14,"deletions":0}}},{"hash":"8347827daead8c1b32c2da6725eddf391c4ed1c2","messageTitle":"Change minWidth of app so that both columns are always visible","messageBody":"","fileTypesAndContributionMap":{"functional-code":{"insertions":1,"deletions":1}}},{"hash":"a97cf809b0398c023dc6b940417a4c8078231e04","messageTitle":"Fix misc checkstyle errors","messageBody":"","fileTypesAndContributionMap":{"functional-code":{"insertions":6,"deletions":7}}},{"hash":"d4cef1fbf89abe5d519ac1180189731e953645bf","messageTitle":"Refactor arePrefixesPresent method to reduce code duplication","messageBody":"","fileTypesAndContributionMap":{"functional-code":{"insertions":13,"deletions":29}}}]},{"date":"2022-10-11","commitResults":[{"hash":"40c1c3c5baa61624c6c7d893cb83af07030651c2","messageTitle":"Fix wrong message sent when task deleted and updated command usage for remove command","messageBody":"","fileTypesAndContributionMap":{"functional-code":{"insertions":7,"deletions":8}}},{"hash":"09b45f8039e515d9cef240f533d489648aa2411a","messageTitle":"Fix minor typo in UG as per #40","messageBody":"","fileTypesAndContributionMap":{"docs":{"insertions":1,"deletions":1}}}]},{"date":"2022-10-12","commitResults":[{"hash":"f0e3e4396997683f726da0692255cdfd4a90d7b8","messageTitle":"Add CdModuleCommand class","messageBody":"","fileTypesAndContributionMap":{"functional-code":{"insertions":55,"deletions":0}}},{"hash":"2bfd1d7eaad5128330d212672b838add564e815f","messageTitle":"Add parser for new cd command","messageBody":"","fileTypesAndContributionMap":{"functional-code":{"insertions":37,"deletions":0}}},{"hash":"19aefb25a26ab6cf912ce2d15c663f4e1d45b23a","messageTitle":"Integrate new cd command into TaskBookParser","messageBody":"","fileTypesAndContributionMap":{"functional-code":{"insertions":4,"deletions":0}}},{"hash":"e850d9503515f273ecf09ea62b0389923d8ad033","messageTitle":"Add variable in model to keep track of current module \u0026 change updateFilteredTask/Modulelist to honour current module","messageBody":"","fileTypesAndContributionMap":{"functional-code":{"insertions":40,"deletions":2}}},{"hash":"cbc0c415a170ac28aae517b06aa25b505bae2b4d","messageTitle":"Update test case stubs to include new model methods","messageBody":"","fileTypesAndContributionMap":{"test-code":{"insertions":20,"deletions":0}}},{"hash":"ba115edfeea014acb0ac2ccb6a1b68ef5b3984c7","messageTitle":"Remove redundant println statement","messageBody":"","fileTypesAndContributionMap":{"functional-code":{"insertions":0,"deletions":1}}}]},{"date":"2022-10-20","commitResults":[{"hash":"c941e06eea845549a16e72f4e8a1375419e3519e","messageTitle":"Update DG with cd command","messageBody":"","fileTypesAndContributionMap":{"docs":{"insertions":160,"deletions":0}}},{"hash":"b138f261b4007dd8f0e9e73c5e9a3ae7c32ec0c8","messageTitle":"Fix checkstyle errors","messageBody":"","fileTypesAndContributionMap":{"docs":{"insertions":5,"deletions":5}}}]}],"domoberzin":[{"date":"2022-09-25","commitResults":[{"hash":"5d3769bd594523f8c327334eff0a201aafb01776","messageTitle":"Update user guide table of contents and UI Mockup","messageBody":"","fileTypesAndContributionMap":{"docs":{"insertions":11,"deletions":3}}},{"hash":"2fda014e7b7a9ea3aea5318fef8e88f1a5269992","messageTitle":"Modify UI Mockup section of user guide","messageBody":"","fileTypesAndContributionMap":{"docs":{"insertions":1,"deletions":1}}},{"hash":"684217bf5e853e31434d58f29479b8b7714b7889","messageTitle":"Add PPP file","messageBody":"","fileTypesAndContributionMap":{"docs":{"insertions":28,"deletions":0}}},{"hash":"50739fc39eba09c4340f5f36f61c135d70cbff00","messageTitle":"Edit AboutUs.md","messageBody":"","fileTypesAndContributionMap":{"docs":{"insertions":30,"deletions":28}}}]},{"date":"2022-09-27","commitResults":[{"hash":"570727b350fbe5c910de9203b9ec6c37a0055831","messageTitle":"Modify PPP file","messageBody":"","fileTypesAndContributionMap":{"docs":{"insertions":1,"deletions":1}}}]},{"date":"2022-10-04","commitResults":[{"hash":"51a39b48ffc4c6a8454d84b126a3d19099b67ca4","messageTitle":"Create basic task class","messageBody":"","fileTypesAndContributionMap":{"functional-code":{"insertions":25,"deletions":0}}}]},{"date":"2022-10-05","commitResults":[{"hash":"c801e4ea959d7c8855711891c73a5188c35c56f3","messageTitle":"Edited Person class and related files to simplify it to a single name field","messageBody":"","fileTypesAndContributionMap":{"functional-code":{"insertions":326,"deletions":94}}}]},{"date":"2022-10-08","commitResults":[{"hash":"221386bc2d141d5b6e9ac332ae1823c6a6a31dad","messageTitle":"Modify files to ensure that entered data is saved to storage","messageBody":"","fileTypesAndContributionMap":{"functional-code":{"insertions":88,"deletions":28}}},{"hash":"99c75800dcee3501d2001bae7c69b9ba2a982e2d","messageTitle":"Modify relevant classes to use Task class instead of Person class","messageBody":"","fileTypesAndContributionMap":{"functional-code":{"insertions":637,"deletions":625},"test-code":{"insertions":104,"deletions":103}}},{"hash":"31811dbb4f5a331095b0d5f3cd6c1ab0b75e3556","messageTitle":"Refactor to align class names with Task","messageBody":"","fileTypesAndContributionMap":{"functional-code":{"insertions":465,"deletions":543},"other":{"insertions":101,"deletions":101},"test-code":{"insertions":89,"deletions":89}}},{"hash":"180bcb6f4e53b2c1846f75461cde15ea1a458aea","messageTitle":"Further refactor names to match with task class","messageBody":"","fileTypesAndContributionMap":{"functional-code":{"insertions":75,"deletions":146},"other":{"insertions":39,"deletions":39},"test-code":{"insertions":79,"deletions":77}}},{"hash":"f7cb96794c0189e03f97b236efa9f35b540432dc","messageTitle":"Fix checkstyle erros","messageBody":"","fileTypesAndContributionMap":{"functional-code":{"insertions":123,"deletions":258},"other":{"insertions":31,"deletions":50},"test-code":{"insertions":4,"deletions":4}}},{"hash":"434e4b99596e0ec86697896850b3c861f43ac7d7","messageTitle":"Fix checkstyle errors and modify test cases","messageBody":"","fileTypesAndContributionMap":{"functional-code":{"insertions":31,"deletions":5},"test-code":{"insertions":1172,"deletions":1599}}},{"hash":"7afae5f8817c3262ac629680f9f8713b7fecb496","messageTitle":"Fix minor checkstyle error in test cases","messageBody":"","fileTypesAndContributionMap":{"test-code":{"insertions":2,"deletions":2}}},{"hash":"5f2a87ab879f9f663995cf4cedeccaa27be7a1a7","messageTitle":"Refactor names to match Task class and fix test cases to work with new class","messageBody":"","fileTypesAndContributionMap":{"functional-code":{"insertions":37,"deletions":514},"other":{"insertions":27,"deletions":29},"test-code":{"insertions":238,"deletions":1631}}}]},{"date":"2022-10-09","commitResults":[{"hash":"a464548b408cfa1639490244a12c35c4ff0e4f48","messageTitle":"Comment out test cases failing CI, but passing locally","messageBody":"","fileTypesAndContributionMap":{"test-code":{"insertions":12,"deletions":12}}},{"hash":"9a3a5165d80df0e3736f396021647c3d02901224","messageTitle":"Comment out more test cases failing CI","messageBody":"","fileTypesAndContributionMap":{"test-code":{"insertions":7,"deletions":7}}},{"hash":"5f637545126c1d4ea8548b99474985f167fc5735","messageTitle":"Rename Remove-associated files and classes to RemoveTask","messageBody":"","fileTypesAndContributionMap":{"functional-code":{"insertions":3,"deletions":3},"other":{"insertions":23,"deletions":23},"test-code":{"insertions":4,"deletions":4}}}]},{"date":"2022-10-10","commitResults":[{"hash":"194250b8c9ec6d8545a71fd9af15c317a6268370","messageTitle":"modify task command to require a module code","messageBody":"","fileTypesAndContributionMap":{"functional-code":{"insertions":54,"deletions":87}}},{"hash":"b1b7729782a7649e9febac6ab54a45c607f2f15e","messageTitle":"Reconfigure tasks to require a specific module code in add command","messageBody":"","fileTypesAndContributionMap":{"functional-code":{"insertions":129,"deletions":10},"test-code":{"insertions":65,"deletions":23}}},{"hash":"b19b5199872a00e218e1f4f3e8233dfcb3023ede","messageTitle":"Add functionality to update module task counter after removing task","messageBody":"","fileTypesAndContributionMap":{"functional-code":{"insertions":25,"deletions":3}}},{"hash":"68e7dd21cf99112317c230ae77447a29b20a9f8f","messageTitle":"Update the remove command for module to delete all tasks associated with that module","messageBody":"","fileTypesAndContributionMap":{"functional-code":{"insertions":49,"deletions":2},"test-code":{"insertions":38,"deletions":8}}},{"hash":"107b0f91bedfffe5cead1b83ab1d0d87cfafbd35","messageTitle":"Modify prefixes to use -c instead of c/","messageBody":"","fileTypesAndContributionMap":{"functional-code":{"insertions":1,"deletions":1},"test-code":{"insertions":1,"deletions":1}}},{"hash":"2f530a49503df6ae0fd8bc583287f61746ac1cf7","messageTitle":"fix bug with removing entire module","messageBody":"","fileTypesAndContributionMap":{"functional-code":{"insertions":1,"deletions":3}}},{"hash":"b81e67717392361b0414fc7234a1a89a5f4b5806","messageTitle":"refactor some UI files to utilise task or module details instead of person","messageBody":"","fileTypesAndContributionMap":{"functional-code":{"insertions":9,"deletions":14}}},{"hash":"2f49fd65dd5154815d766adc0196102804f24a5b","messageTitle":"fix minor checkstyle error for an unused import","messageBody":"","fileTypesAndContributionMap":{"functional-code":{"insertions":0,"deletions":1}}},{"hash":"f71cfb2fc847d53603c8552940aeb7feb5e23cee","messageTitle":"remove unnecessary print statements and refactor code","messageBody":"","fileTypesAndContributionMap":{"functional-code":{"insertions":3,"deletions":18},"test-code":{"insertions":0,"deletions":2}}},{"hash":"089c60be0542d853c5dca75a959eb81da40dadf5","messageTitle":"Create ModuleParser class that allows user to add modules via module code only","messageBody":"","fileTypesAndContributionMap":{"functional-code":{"insertions":87,"deletions":0}}}]},{"date":"2022-10-11","commitResults":[{"hash":"087061bad76251292eebde898f21ff74f43f364c","messageTitle":"Fix minor checkstyle error for an unused import","messageBody":"","fileTypesAndContributionMap":{"functional-code":{"insertions":0,"deletions":1}}},{"hash":"5b34ba7d0a71de0ae16c0b45c609b8e370067871","messageTitle":"Fix bug with modules with special characters","messageBody":"","fileTypesAndContributionMap":{"functional-code":{"insertions":3,"deletions":3}}},{"hash":"65a98f8bb161de6b765da181666d9acd5caa66bb","messageTitle":"Modify logging and UI error to show the same message","messageBody":"","fileTypesAndContributionMap":{"functional-code":{"insertions":26,"deletions":21},"test-code":{"insertions":8,"deletions":2}}},{"hash":"697a03a28128e2f2bdd2c57b5b397cdd75d11700","messageTitle":"Fix the error messages to be based on incomplete or incorrect input","messageBody":"","fileTypesAndContributionMap":{"functional-code":{"insertions":65,"deletions":43}}},{"hash":"7b9e66a52823c1719c7b7b85f3ffab85daa99a82","messageTitle":"Fix minor checkstyle errors","messageBody":"","fileTypesAndContributionMap":{"functional-code":{"insertions":3,"deletions":6},"test-code":{"insertions":2,"deletions":3}}},{"hash":"b292273aa92371d001a38a615bb13d3ea1368f11","messageTitle":"Fix bug where incorrect add module commands would try to use add-by-code","messageBody":"","fileTypesAndContributionMap":{"functional-code":{"insertions":3,"deletions":0}}}]}],"jontmy":[{"date":"2022-09-25","commitResults":[{"hash":"eba3260044fc3c29962e9b717aa7a7945eb9ba78","messageTitle":"Update user guide quick start","messageBody":"","fileTypesAndContributionMap":{"docs":{"insertions":20,"deletions":17}}},{"hash":"ed6aab75dc6ed20645def8d99cb8cd2d5b9fceb8","messageTitle":"Add the link to the Releases page","messageBody":"","fileTypesAndContributionMap":{"docs":{"insertions":1,"deletions":1}}},{"hash":"3928f4bd7ec22524066d282e3d8b291776d333cc","messageTitle":"Fix sample `add task` command in quick start","messageBody":"","fileTypesAndContributionMap":{"docs":{"insertions":3,"deletions":3}}},{"hash":"821a5fe7c337d819c7cc3a868655be7c9daaa7b5","messageTitle":"Create @jontmy\u0027s PPP","messageBody":"","fileTypesAndContributionMap":{"docs":{"insertions":31,"deletions":0}}}]},{"date":"2022-09-28","commitResults":[{"hash":"a090e0d616493bcacbe1ee1ce0d246b32b61a13c","messageTitle":"Update CI build status badge","messageBody":"","fileTypesAndContributionMap":{"docs":{"insertions":1,"deletions":1}}},{"hash":"7f800a12d6f8d33aa4c1e2bd0fde6c3aac34f54d","messageTitle":"Update UI mockup image","messageBody":"","fileTypesAndContributionMap":{"docs":{"insertions":1,"deletions":1}}},{"hash":"599750b0bedde8054ee94306dcc64189252479f9","messageTitle":"Update README content","messageBody":"","fileTypesAndContributionMap":{"docs":{"insertions":8,"deletions":10}}},{"hash":"815c69ec322c1e318919958a8c6531cb17d8bf40","messageTitle":"Fix newline at README EOF","messageBody":"","fileTypesAndContributionMap":{"docs":{"insertions":0,"deletions":1}}},{"hash":"e05b2e8334d96530fd4b564f5833eeaea19c6597","messageTitle":"Update `index.md`","messageBody":"","fileTypesAndContributionMap":{"docs":{"insertions":4,"deletions":4}}},{"hash":"be3442d066508692ef9f531d808499e7a1056750","messageTitle":"Add header to README","messageBody":"","fileTypesAndContributionMap":{"docs":{"insertions":2,"deletions":0}}},{"hash":"9c4d502b0b53670d2c2662636e82c1fa61d9a6cb","messageTitle":"Add additional content to README","messageBody":"","fileTypesAndContributionMap":{"docs":{"insertions":2,"deletions":0}}}]},{"date":"2022-10-04","commitResults":[{"hash":"9a6f254d19c07c6e79a235aead3af52d26006002","messageTitle":"Add string singularization/pluralization util","messageBody":"","fileTypesAndContributionMap":{"functional-code":{"insertions":32,"deletions":0}}},{"hash":"e511f17d1b2584bc43d9ede844655e5987ec8fb5","messageTitle":"Create module model class skeleton","messageBody":"","fileTypesAndContributionMap":{"functional-code":{"insertions":55,"deletions":0}}},{"hash":"c6542ec628f817ccbe0002306f5383659c0c87ea","messageTitle":"Remove hardcoded default values in no-arg constructor","messageBody":"","fileTypesAndContributionMap":{"functional-code":{"insertions":0,"deletions":10}}},{"hash":"78f430f99921fa0589845c58d1c120be17b25907","messageTitle":"Create module UI classes and FXML","messageBody":"","fileTypesAndContributionMap":{"functional-code":{"insertions":168,"deletions":5}}},{"hash":"9eb52d65a2f7502e9d6dad803e3efb46cdbf7004","messageTitle":"Touch-up `StringUtil::pluralize` documentation","messageBody":"","fileTypesAndContributionMap":{"functional-code":{"insertions":2,"deletions":2}}},{"hash":"b6fbfe0f5262accb0309b45675fd3ba15efb3f4b","messageTitle":"Add module CSS","messageBody":"","fileTypesAndContributionMap":{"functional-code":{"insertions":14,"deletions":0}}},{"hash":"df46cc01734ef65cfa1a649782378736be69eea7","messageTitle":"Tweak UI layout","messageBody":"","fileTypesAndContributionMap":{"functional-code":{"insertions":17,"deletions":8}}},{"hash":"144083cede898383716695d430bdd22fec7f422a","messageTitle":"Force text wrapping in module names","messageBody":"","fileTypesAndContributionMap":{"functional-code":{"insertions":19,"deletions":23}}}]},{"date":"2022-10-10","commitResults":[{"hash":"b4e239bcf195b1388f9794f89ff0baef673bdf01","messageTitle":"Add `isArchived` attribute to `Task` and associated setters","messageBody":"","fileTypesAndContributionMap":{"functional-code":{"insertions":26,"deletions":12}}},{"hash":"b7c0119e923bb677f7f43f4332d0a27bbbcea504","messageTitle":"Implement `ls -A` command for listing archived tasks","messageBody":"","fileTypesAndContributionMap":{"functional-code":{"insertions":65,"deletions":2}}},{"hash":"7ec0c20e3bc2e962f22a520dc6a8dd9230cb5394","messageTitle":"Add \"archived\" badge to task card conditionally","messageBody":"","fileTypesAndContributionMap":{"functional-code":{"insertions":10,"deletions":11}}},{"hash":"d4ad6ca9509abb2322387872699bdf32ebb9aae1","messageTitle":"Add `ls -A` command to global parser","messageBody":"","fileTypesAndContributionMap":{"functional-code":{"insertions":4,"deletions":0}}},{"hash":"2b02bc1a9d45e6263b02b9d533948b4dd586b321","messageTitle":"Add predicates for task display for archive status","messageBody":"","fileTypesAndContributionMap":{"functional-code":{"insertions":2,"deletions":0}}},{"hash":"90c0504656e9524b24b791a870434b09deeecb1c","messageTitle":"Adapt storage of `Task` for `isArchived`","messageBody":"","fileTypesAndContributionMap":{"functional-code":{"insertions":6,"deletions":10},"test-code":{"insertions":9,"deletions":2}}},{"hash":"3ec6ff0ab91075d24c27bad7d2d363f89857ee9a","messageTitle":"Change sample tasks to include some archived tasks","messageBody":"","fileTypesAndContributionMap":{"functional-code":{"insertions":6,"deletions":7}}},{"hash":"76b16a7c25f5898fdc6ff54081d21ea478006106","messageTitle":"Fix inconsistent static imports","messageBody":"","fileTypesAndContributionMap":{"functional-code":{"insertions":1,"deletions":3}}},{"hash":"7cf050c126e711ec58b60b0a5e9b9df2e9b3d46c","messageTitle":"Add `isFlagPresent()` to check for flags (prefixes w/o args)","messageBody":"","fileTypesAndContributionMap":{"functional-code":{"insertions":26,"deletions":14}}},{"hash":"15cb227d2ecffad28e78bd0663c12ce9a4236d2b","messageTitle":"Fix broken `ls -A`","messageBody":"Initially, with the way the argument tokenizer worked,\nit needed every prefix to have an argument following it.\n\nWith `ArgumentTokenizer::isFlagPresent` added in the previous commit,\nwe can now check for flags (prefixes w/o arguments) directly.\n\nThis means that `ls -A` works correctly.\n","fileTypesAndContributionMap":{"functional-code":{"insertions":2,"deletions":4}}}]},{"date":"2022-10-11","commitResults":[{"hash":"0c388950da1b423a514955f37ae0748e8e0d533a","messageTitle":"Add utils for throwing checked exceptions in lambdas","messageBody":"","fileTypesAndContributionMap":{"functional-code":{"insertions":61,"deletions":0}}},{"hash":"5c5a83356482530e537fbe84d8619083c3c42b3c","messageTitle":"Create `CommandParser` and its builder class, and `ParsedCommand`","messageBody":"For now, `CommandParser` relies on `ArgumentTokenizer`, but this may change in future.\n","fileTypesAndContributionMap":{"functional-code":{"insertions":225,"deletions":0}}},{"hash":"c5c606e35bc5d6c9b224647f207602317b4cc3b0","messageTitle":"Implement task archiving and unarchiving","messageBody":"","fileTypesAndContributionMap":{"functional-code":{"insertions":234,"deletions":15}}},{"hash":"a34275419c0c7edb6b0beb1bfd5e4f29412a4646","messageTitle":"Undo accidental whitespace changes","messageBody":"","fileTypesAndContributionMap":{"functional-code":{"insertions":11,"deletions":11}}},{"hash":"8cea6694a02f221f4d7fdedd59bcd85b58f2e72c","messageTitle":"Undo accidental whitespace changes","messageBody":"","fileTypesAndContributionMap":{"functional-code":{"insertions":3,"deletions":0}}},{"hash":"60dbbef82fbe0aa7d79a12b2ffa456ff8c5c9e30","messageTitle":"Write JavaDocs","messageBody":"","fileTypesAndContributionMap":{"functional-code":{"insertions":3,"deletions":3}}},{"hash":"d4ff6807f2d295054d3d5762c425b5a2c8045179","messageTitle":"Resolve #56 and #57","messageBody":"","fileTypesAndContributionMap":{"functional-code":{"insertions":24,"deletions":11},"test-code":{"insertions":3,"deletions":3}}}]},{"date":"2022-10-14","commitResults":[{"hash":"b7195570c6354157bf0327d5a0be0cd0bd5f6081","messageTitle":"Add JCommander dependency","messageBody":"","fileTypesAndContributionMap":{"other":{"insertions":1,"deletions":0}}}]},{"date":"2022-10-20","commitResults":[{"hash":"33278c188c7369b05e56d6491b2e30f88b8427a2","messageTitle":"Remove redundant heading numbering","messageBody":"","fileTypesAndContributionMap":{"docs":{"insertions":4,"deletions":4}}},{"hash":"95ec482138f6e220919a9d3e146a08dd704ceea2","messageTitle":"Add archival section","messageBody":"","fileTypesAndContributionMap":{"docs":{"insertions":89,"deletions":0}}},{"hash":"090c9b65c9a84aa17296293d2160470e423d403b","messageTitle":"Add task listing section","messageBody":"","fileTypesAndContributionMap":{"docs":{"insertions":112,"deletions":3}}},{"hash":"f22d413775c492d7d1dbb01d230bd1998ea134d2","messageTitle":"Add priority command","messageBody":"","fileTypesAndContributionMap":{"functional-code":{"insertions":219,"deletions":16}}},{"hash":"b97eb2f6ff0d90abd522c7434479fbf3536c4999","messageTitle":"Add priority tag to task card","messageBody":"","fileTypesAndContributionMap":{"functional-code":{"insertions":5,"deletions":0}}},{"hash":"d56021b0439ecc136070c14b0f94871282da9ca9","messageTitle":"Add tests for `prioritize` command","messageBody":"","fileTypesAndContributionMap":{"test-code":{"insertions":134,"deletions":0}}},{"hash":"3e43221b250cea59b4278f030a3621a4ecb3132d","messageTitle":"Add json serde for priorities","messageBody":"","fileTypesAndContributionMap":{"functional-code":{"insertions":28,"deletions":6}}},{"hash":"a607e97bf1531da868f7d9f1b5dc1e672d1e0a88","messageTitle":"Fix off-by-one error in out of bounds error message","messageBody":"","fileTypesAndContributionMap":{"functional-code":{"insertions":19,"deletions":3}}},{"hash":"0d536aa5e2efdadeb5ce5380ca7456e9664d9051","messageTitle":"Replace old legacy AB3 parser with JCommander","messageBody":"","fileTypesAndContributionMap":{"functional-code":{"insertions":37,"deletions":10}}},{"hash":"7dde6592730bdbfd1f045fc108414f267cd4a1a7","messageTitle":"Delete PrioritizeTaskCommandParser","messageBody":"","fileTypesAndContributionMap":{"functional-code":{"insertions":0,"deletions":30},"test-code":{"insertions":2,"deletions":3}}},{"hash":"fe8f561e8b2fe715c6bf3c87d8180fa1bb40f563","messageTitle":"Fix failing tests","messageBody":"The hardcoded messages were no longer valid when the legacy AB3 parser was replaced by JCommander.\n\nThis meant that the tests failed as the hardcoded\nmessages no longer matched.\n","fileTypesAndContributionMap":{"test-code":{"insertions":2,"deletions":3}}},{"hash":"828d57657b927da47fff6ab139943d8a30bdafcb","messageTitle":"Sort tasks in UI automatically","messageBody":"Tasks are sorted by non-archived first, then highest priority first, then lexicographically\n","fileTypesAndContributionMap":{"functional-code":{"insertions":16,"deletions":3}}},{"hash":"e765fb476050b1d53f630483fd10f4f639408820","messageTitle":"Fix tasks losing their priority ratings when un/archived","messageBody":"","fileTypesAndContributionMap":{"functional-code":{"insertions":2,"deletions":2}}},{"hash":"3de260c9da950d31fe94d68198e9005da2b959db","messageTitle":"Remove unused task/deadline constructors","messageBody":"Usage of these overloaded constructors were bug-prone when new class fields were added\n","fileTypesAndContributionMap":{"functional-code":{"insertions":6,"deletions":51},"test-code":{"insertions":1,"deletions":1}}},{"hash":"db34c5cc73f61b8bd3efea13f3516e65160d77a0","messageTitle":"Reformat and rearrange task archival","messageBody":"","fileTypesAndContributionMap":{"docs":{"insertions":18,"deletions":18}}}]},{"date":"2022-10-21","commitResults":[{"hash":"5d441f7a8a7c637b166cbd2879501ee51064a3bf","messageTitle":"Add test for duplicate flags","messageBody":"","fileTypesAndContributionMap":{"test-code":{"insertions":10,"deletions":0}}}]}],"midnightfeverrr":[{"date":"2022-09-25","commitResults":[{"hash":"ed09bb338fbebe41c58aa238dc6de30f4c8f3c73","messageTitle":"Add Non-Functional Requirements and Glossary","messageBody":"","fileTypesAndContributionMap":{"docs":{"insertions":8,"deletions":367}}},{"hash":"56a9ec9090fc8f4e201e6fa5d84ce945ecc180b2","messageTitle":"Add Command Summary","messageBody":"","fileTypesAndContributionMap":{"docs":{"insertions":22,"deletions":181}}}]},{"date":"2022-09-27","commitResults":[{"hash":"cca3711b6218a76cfee5120572856f0f8e56acd6","messageTitle":"Add PPP File","messageBody":"","fileTypesAndContributionMap":{"docs":{"insertions":35,"deletions":50}}},{"hash":"124585ccb62e3b01b24ad8baaba44737686b60ec","messageTitle":"Fix typo","messageBody":"","fileTypesAndContributionMap":{"docs":{"insertions":0,"deletions":10}}},{"hash":"c2884dda69e4f4d406a7703cd92255fc0b787e5a","messageTitle":"Add extra line at end","messageBody":"","fileTypesAndContributionMap":{"docs":{"insertions":1,"deletions":1}}}]},{"date":"2022-10-04","commitResults":[{"hash":"b1357a4279723395dccd0dade7c7c45fe8866627","messageTitle":"add one scrollpane side-by-side","messageBody":"","fileTypesAndContributionMap":{"functional-code":{"insertions":204,"deletions":16}}}]},{"date":"2022-10-10","commitResults":[{"hash":"c8ece01596b004a0dc49ddf86954e223c90ab4a1","messageTitle":"Edit UI such that it resembles the UI Mockup","messageBody":"","fileTypesAndContributionMap":{"functional-code":{"insertions":138,"deletions":25},"other":{"insertions":4,"deletions":2}}}]},{"date":"2022-10-11","commitResults":[{"hash":"b8ad71643c2ad65033a43462f446206e56112803","messageTitle":"Change app logo","messageBody":"","fileTypesAndContributionMap":{"functional-code":{"insertions":2,"deletions":2}}},{"hash":"6723b052d7fcf818d4c7288267991a88c659b1b9","messageTitle":"Fix path bug","messageBody":"","fileTypesAndContributionMap":{"functional-code":{"insertions":2,"deletions":2}}},{"hash":"21d56519ea75eea9fdfbfe3b2540c16812d52e7c","messageTitle":"delete unused import","messageBody":"","fileTypesAndContributionMap":{"functional-code":{"insertions":0,"deletions":1}}},{"hash":"365b2d5c55b5e6331e94a822d7153f7142bce7c3","messageTitle":"delete unused import","messageBody":"","fileTypesAndContributionMap":{"functional-code":{"insertions":1,"deletions":2}}}]},{"date":"2022-10-12","commitResults":[{"hash":"e84c90ccb35587f8cb769eaaa5d854837b9f3d87","messageTitle":"fix failing test case","messageBody":"","fileTypesAndContributionMap":{"test-code":{"insertions":1,"deletions":1}}}]},{"date":"2022-10-13","commitResults":[{"hash":"a852ed9d84ebb8497ad93540456a119d24b95469","messageTitle":"Fix Profile Panel Styling","messageBody":"","fileTypesAndContributionMap":{"functional-code":{"insertions":49,"deletions":5}}},{"hash":"67103c3ff28de43af94088073598be763ea4b66b","messageTitle":"Move Command Line to the bottom Redo several component\u0027s styling","messageBody":"","fileTypesAndContributionMap":{"functional-code":{"insertions":94,"deletions":32}}},{"hash":"d2a663fb733faf0b410ade487868b50e2071fa8c","messageTitle":"Delete Trailing Whitespace","messageBody":"","fileTypesAndContributionMap":{"docs":{"insertions":13,"deletions":13}}},{"hash":"294413d9da10c2314e688dec6bb62b7d9fac089c","messageTitle":"Delete Trailing Whitespace","messageBody":"","fileTypesAndContributionMap":{"docs":{"insertions":1,"deletions":1}}},{"hash":"37e35ebc9b02cd47b6aa5dd9e885bbf631cfedfe","messageTitle":"Add extra line at EOF","messageBody":"","fileTypesAndContributionMap":{"functional-code":{"insertions":1,"deletions":1}}}]},{"date":"2022-10-17","commitResults":[{"hash":"76a5d75a5b3559a260e7d5b0173e4af97b80a37b","messageTitle":"Update Developers Guide","messageBody":"","fileTypesAndContributionMap":{"docs":{"insertions":127,"deletions":26}}},{"hash":"0ab50d341cf493f3572b35ae365a858e1f47a659","messageTitle":"Refactor wrong namings","messageBody":"","fileTypesAndContributionMap":{"functional-code":{"insertions":4,"deletions":4}}},{"hash":"feeff10abc337e77a782cc572f467c3f7197f7ce","messageTitle":"Fix Checkstyle errors","messageBody":"","fileTypesAndContributionMap":{"docs":{"insertions":13,"deletions":13}}}]}],"HoJunHao2000":[{"date":"2022-09-25","commitResults":[{"hash":"75466e7ca6538ba4367384b9c615ee38e1123415","messageTitle":"Create @HoJunHao2000\u0027s PPP","messageBody":"","fileTypesAndContributionMap":{"docs":{"insertions":42,"deletions":50}}},{"hash":"99b8bda4893d13d0ef292c9120d842cff5962137","messageTitle":"Update use cases for DG","messageBody":"added use cases for\n* task addition\n* deadline addition\n* task deletion\n* modules left for graduation\n* view all active tasks and deadlines\n","fileTypesAndContributionMap":{"docs":{"insertions":101,"deletions":8}}}]},{"date":"2022-09-26","commitResults":[{"hash":"077c859bcb62bd56f99bbb83079d1158eed76b55","messageTitle":"Update @HoJunHao2000\u0027s PPP file name","messageBody":"","fileTypesAndContributionMap":{"docs":{"insertions":0,"deletions":0}}},{"hash":"2ec32fa7da8c71c8ef0619d1c876a7d75e5b35cd","messageTitle":"Rename @HoJunHao2000\u0027s PPP file to hojunhao2000.md","messageBody":"","fileTypesAndContributionMap":{"docs":{"insertions":0,"deletions":0}}},{"hash":"80143d207a075df2fb4a7882a78fe78917ad9aa0","messageTitle":"Update task section for UG","messageBody":"","fileTypesAndContributionMap":{"docs":{"insertions":46,"deletions":0}}}]},{"date":"2022-10-03","commitResults":[{"hash":"e7e0e8fc0f7c0279e1111ae37456371bee79234f","messageTitle":"Rename from seedu.address to modtrekt","messageBody":"","fileTypesAndContributionMap":{"other":{"insertions":809,"deletions":818},"docs":{"insertions":9,"deletions":9},"test-code":{"insertions":3,"deletions":3}}},{"hash":"e604a7257e34e27be15a617bd51785da5590ca38","messageTitle":"Fix test case issue","messageBody":"","fileTypesAndContributionMap":{"test-code":{"insertions":0,"deletions":7}}}]},{"date":"2022-10-09","commitResults":[{"hash":"d028acd2927b3270e6a4f27f1ec067c3c6bbc013","messageTitle":"Add logic for module class","messageBody":"* Able to add and delete modules\n* Able to save and load modules\n* Removed hardcoded modules\n","fileTypesAndContributionMap":{"functional-code":{"insertions":717,"deletions":1554},"other":{"insertions":132,"deletions":152},"docs":{"insertions":196,"deletions":196},"test-code":{"insertions":411,"deletions":2791}}},{"hash":"85660d38425d5c35fc858c605d232b0ae84dfe43","messageTitle":"Fix renaming error in README.md","messageBody":"","fileTypesAndContributionMap":{"docs":{"insertions":1,"deletions":1}}}]},{"date":"2022-10-12","commitResults":[{"hash":"33c5510c8baa4b4c44385148855c906224bf06f6","messageTitle":"Fix output message and some minor refactoring","messageBody":"","fileTypesAndContributionMap":{"functional-code":{"insertions":132,"deletions":609},"other":{"insertions":19,"deletions":18},"test-code":{"insertions":0,"deletions":937}}},{"hash":"feebbe4cfc30c31c13a872b3b4ebd1859e80d2fe","messageTitle":"Remove Module\u0027s tasklist","messageBody":"","fileTypesAndContributionMap":{"functional-code":{"insertions":110,"deletions":82},"test-code":{"insertions":2,"deletions":540}}},{"hash":"3e36251e88b340d276aea3d2ea9d57f3fb9d9f03","messageTitle":"Fix checkstyle errors","messageBody":"","fileTypesAndContributionMap":{"functional-code":{"insertions":21,"deletions":12},"test-code":{"insertions":4,"deletions":1}}}]},{"date":"2022-10-13","commitResults":[{"hash":"bce6c5e24fbcf599ff77fb2f242c4e5ec13566e6","messageTitle":"Update the message constraints for ModTaskCount","messageBody":"","fileTypesAndContributionMap":{"functional-code":{"insertions":2,"deletions":2}}},{"hash":"2ff946209ad88b4726cd3e2123496cc065232a13","messageTitle":"Change left out persons and add back some deleted code","messageBody":"","fileTypesAndContributionMap":{"functional-code":{"insertions":152,"deletions":41}}}]},{"date":"2022-10-14","commitResults":[{"hash":"0962c5f38345c36458dc17d67a57b7c21b447e98","messageTitle":"Update error RemoveTaskCommand error message","messageBody":"","fileTypesAndContributionMap":{"functional-code":{"insertions":2,"deletions":1}}}]},{"date":"2022-10-19","commitResults":[{"hash":"8936f5a729588c4540cb1ec78857ac3e89e11e8f","messageTitle":"Update DG module add/remove implementation","messageBody":"","fileTypesAndContributionMap":{"functional-code":{"insertions":2,"deletions":2},"docs":{"insertions":288,"deletions":47}}},{"hash":"fdb245811907f5cd919a1fb45a7626507fe0c1a4","messageTitle":"Fix CheckStyle issues","messageBody":"","fileTypesAndContributionMap":{"docs":{"insertions":4,"deletions":4}}}]}]},"authorFileTypeContributionMap":{"vvidday":{"docs":240,"functional-code":507,"test-code":37},"domoberzin":{"docs":68,"functional-code":977,"test-code":239},"jontmy":{"docs":258,"functional-code":1158,"test-code":159,"other":2},"midnightfeverrr":{"docs":186,"functional-code":403,"test-code":1},"HoJunHao2000":{"docs":630,"functional-code":1006,"test-code":375}},"authorContributionVariance":{"vvidday":16894.965,"domoberzin":2273501.0,"jontmy":31652.992,"midnightfeverrr":12201.025,"HoJunHao2000":1209843.2},"authorDisplayNameMap":{"vvidday":"CS2103T-W10-4 DAVI.. ONG","domoberzin":"CS2103T-W10-4 DOMI.. GIN","jontmy":"CS2103T-W10-4 JONA..YANG","midnightfeverrr":"CS2103T-W10-4 MARC..LIAM","HoJunHao2000":"CS2103T-W10-4 HO J.. HAO"}}
