[{"path":"docs/AboutUs.md","fileType":"docs","lines":[{"lineNumber":1,"author":{"gitId":"-"},"content":"---","lastModifiedDate":"2020-05-23"},{"lineNumber":2,"author":{"gitId":"-"},"content":"layout: page","lastModifiedDate":"2020-05-23"},{"lineNumber":3,"author":{"gitId":"-"},"content":"title: About Us","lastModifiedDate":"2020-05-23"},{"lineNumber":4,"author":{"gitId":"-"},"content":"---","lastModifiedDate":"2020-05-23"},{"lineNumber":5,"author":{"gitId":"-"},"content":"","lastModifiedDate":"2020-05-23"},{"lineNumber":6,"author":{"gitId":"-"},"content":"We are a team based in the [School of Computing, National University of Singapore](http://www.comp.nus.edu.sg).","lastModifiedDate":"2020-05-23"},{"lineNumber":7,"author":{"gitId":"-"},"content":"","lastModifiedDate":"2020-05-23"},{"lineNumber":8,"author":{"gitId":"-"},"content":"You can reach us at the email `seer[at]comp.nus.edu.sg`","lastModifiedDate":"2020-06-17"},{"lineNumber":9,"author":{"gitId":"-"},"content":"","lastModifiedDate":"2020-06-17"},{"lineNumber":10,"author":{"gitId":"-"},"content":"## Project team","lastModifiedDate":"2020-06-07"},{"lineNumber":11,"author":{"gitId":"-"},"content":"","lastModifiedDate":"2020-05-23"},{"lineNumber":12,"author":{"gitId":"nerbnerb"},"content":"### Tan Wen Hao Brendan","lastModifiedDate":"2022-09-28"},{"lineNumber":13,"author":{"gitId":"-"},"content":"","lastModifiedDate":"2020-05-23"},{"lineNumber":14,"author":{"gitId":"nerbnerb"},"content":"\u003cimg src\u003d\"images/nerbnerb.png\" width\u003d\"200px\"\u003e","lastModifiedDate":"2022-09-28"},{"lineNumber":15,"author":{"gitId":"-"},"content":"","lastModifiedDate":"2020-05-23"},{"lineNumber":16,"author":{"gitId":"nerbnerb"},"content":"[[github](https://github.com/nerbnerb)]","lastModifiedDate":"2022-09-28"},{"lineNumber":17,"author":{"gitId":"nerbnerb"},"content":"[[portfolio](team/nerbnerb.md)]","lastModifiedDate":"2022-09-28"},{"lineNumber":18,"author":{"gitId":"-"},"content":"","lastModifiedDate":"2020-05-23"},{"lineNumber":19,"author":{"gitId":"nerbnerb"},"content":"* Role: Developer","lastModifiedDate":"2022-09-28"},{"lineNumber":20,"author":{"gitId":"nerbnerb"},"content":"* Responsibilities: UI","lastModifiedDate":"2022-09-28"},{"lineNumber":21,"author":{"gitId":"-"},"content":"","lastModifiedDate":"2020-05-23"},{"lineNumber":22,"author":{"gitId":"desmondyst"},"content":"### Desmond Yong Shao Tian","lastModifiedDate":"2022-09-28"},{"lineNumber":23,"author":{"gitId":"-"},"content":"","lastModifiedDate":"2020-05-23"},{"lineNumber":24,"author":{"gitId":"desmondyst"},"content":"\u003cimg src\u003d\"images/desmondyst.png\" width\u003d\"200px\"\u003e","lastModifiedDate":"2022-09-28"},{"lineNumber":25,"author":{"gitId":"-"},"content":"","lastModifiedDate":"2020-05-23"},{"lineNumber":26,"author":{"gitId":"desmondyst"},"content":"[[github](https://github.com/desmondyst)]","lastModifiedDate":"2022-09-28"},{"lineNumber":27,"author":{"gitId":"desmondyst"},"content":"[[portfolio](team/desmondyst.md)]","lastModifiedDate":"2022-09-28"},{"lineNumber":28,"author":{"gitId":"-"},"content":"","lastModifiedDate":"2020-05-23"},{"lineNumber":29,"author":{"gitId":"desmondyst"},"content":"* Role: Developer","lastModifiedDate":"2022-09-28"},{"lineNumber":30,"author":{"gitId":"desmondyst"},"content":"* Responsibilities: Data","lastModifiedDate":"2022-09-28"},{"lineNumber":31,"author":{"gitId":"-"},"content":"","lastModifiedDate":"2020-05-23"},{"lineNumber":32,"author":{"gitId":"leeianee"},"content":"### Lee Ian Ee","lastModifiedDate":"2022-09-28"},{"lineNumber":33,"author":{"gitId":"-"},"content":"","lastModifiedDate":"2020-05-23"},{"lineNumber":34,"author":{"gitId":"leeianee"},"content":"\u003cimg src\u003d\"images/leeianee.png\" width\u003d\"200px\"\u003e","lastModifiedDate":"2022-09-28"},{"lineNumber":35,"author":{"gitId":"-"},"content":"","lastModifiedDate":"2020-05-23"},{"lineNumber":36,"author":{"gitId":"leeianee"},"content":"[[github](https://github.com/leeianee)] [[portfolio](team/leeianee.md)]","lastModifiedDate":"2022-09-28"},{"lineNumber":37,"author":{"gitId":"-"},"content":"","lastModifiedDate":"2020-05-23"},{"lineNumber":38,"author":{"gitId":"-"},"content":"* Role: Developer","lastModifiedDate":"2020-05-23"},{"lineNumber":39,"author":{"gitId":"leeianee"},"content":"* Responsibilities: Code Quality","lastModifiedDate":"2022-09-28"},{"lineNumber":40,"author":{"gitId":"-"},"content":"","lastModifiedDate":"2020-05-23"},{"lineNumber":41,"author":{"gitId":"Marcusgwj"},"content":"### Marcus Isaac Goh Wei Jie","lastModifiedDate":"2022-09-28"},{"lineNumber":42,"author":{"gitId":"-"},"content":"","lastModifiedDate":"2020-05-23"},{"lineNumber":43,"author":{"gitId":"Marcusgwj"},"content":"\u003cimg src\u003d\"images/marcusgwj.png\" width\u003d\"200px\"\u003e","lastModifiedDate":"2022-09-28"},{"lineNumber":44,"author":{"gitId":"-"},"content":"","lastModifiedDate":"2020-05-23"},{"lineNumber":45,"author":{"gitId":"Marcusgwj"},"content":"[[github](https://github.com/Marcusgwj)]","lastModifiedDate":"2022-09-28"},{"lineNumber":46,"author":{"gitId":"Marcusgwj"},"content":"[[portfolio](team/marcusgwj.md)]","lastModifiedDate":"2022-09-28"},{"lineNumber":47,"author":{"gitId":"-"},"content":"","lastModifiedDate":"2020-05-23"},{"lineNumber":48,"author":{"gitId":"-"},"content":"* Role: Developer","lastModifiedDate":"2020-05-23"},{"lineNumber":49,"author":{"gitId":"Marcusgwj"},"content":"* Responsibilities: Data","lastModifiedDate":"2022-09-28"},{"lineNumber":50,"author":{"gitId":"-"},"content":"","lastModifiedDate":"2020-05-23"},{"lineNumber":51,"author":{"gitId":"Puakii"},"content":"### Tee Yi Teng","lastModifiedDate":"2022-09-28"},{"lineNumber":52,"author":{"gitId":"-"},"content":"","lastModifiedDate":"2020-05-23"},{"lineNumber":53,"author":{"gitId":"Marcusgwj"},"content":"\u003cimg src\u003d\"images/puakii.png\" width\u003d\"200px\"\u003e","lastModifiedDate":"2022-09-28"},{"lineNumber":54,"author":{"gitId":"-"},"content":"","lastModifiedDate":"2020-05-23"},{"lineNumber":55,"author":{"gitId":"Marcusgwj"},"content":"[[github](https://github.com/Puakii)]","lastModifiedDate":"2022-09-28"},{"lineNumber":56,"author":{"gitId":"Marcusgwj"},"content":"[[portfolio](team/puakii.md)]","lastModifiedDate":"2022-09-28"},{"lineNumber":57,"author":{"gitId":"-"},"content":"","lastModifiedDate":"2020-05-23"},{"lineNumber":58,"author":{"gitId":"-"},"content":"* Role: Developer","lastModifiedDate":"2020-05-23"},{"lineNumber":59,"author":{"gitId":"-"},"content":"* Responsibilities: UI","lastModifiedDate":"2020-05-23"}],"authorContributionMap":{"Puakii":1,"desmondyst":6,"Marcusgwj":8,"nerbnerb":6,"leeianee":4,"-":34}}]
