{"authorDailyContributionsMap":{"ElijahS67":[{"date":"2022-09-27","commitResults":[{"hash":"4409e7adc8322334863391a17118abf52dc46e1a","messageTitle":"Add User Stories to Developer Guide","messageBody":"","fileTypesAndContributionMap":{"docs":{"insertions":11,"deletions":8}}}]},{"date":"2022-09-28","commitResults":[{"hash":"b5267805a78b67db3092fbaafbdb5afcaa94e22e","messageTitle":"Update README.md and other repo configurations. Ui.png not done yet.","messageBody":"","fileTypesAndContributionMap":{"docs":{"insertions":6,"deletions":10}}},{"hash":"ab95bc28e98d9a45f56d26e8847e20c6dc707f13","messageTitle":"Add elijahs67 skeletal PPP","messageBody":"","fileTypesAndContributionMap":{"docs":{"insertions":40,"deletions":0}}},{"hash":"6b0f5e26929c46ef45b20d40ce374cac320318a0","messageTitle":"Edit AboutUs.md and add photo","messageBody":"","fileTypesAndContributionMap":{"docs":{"insertions":5,"deletions":5}}},{"hash":"1d15d7700b71562fb71e5a99a6d20c957eb4006c","messageTitle":"Update Readme","messageBody":"","fileTypesAndContributionMap":{"docs":{"insertions":1,"deletions":2}}},{"hash":"8a1e995969d0c3510aa0a28dc09506fecc98cde3","messageTitle":"Add \"edit\" for user stories","messageBody":"","fileTypesAndContributionMap":{"docs":{"insertions":2,"deletions":1}}}]},{"date":"2022-10-04","commitResults":[{"hash":"b2cc8c8253ad1c79dd97b1ff6b76466566a791e8","messageTitle":"add list all students with specified tags feature","messageBody":"","fileTypesAndContributionMap":{"functional-code":{"insertions":106,"deletions":10}}},{"hash":"551f9fd586b723aed509e7439895d48e92d25986","messageTitle":"Remove star imports to pass checkstyle","messageBody":"","fileTypesAndContributionMap":{"functional-code":{"insertions":11,"deletions":2}}}]},{"date":"2022-10-10","commitResults":[{"hash":"aa9cda49071044619815bbc8b5f4d693a9c60d99","messageTitle":"Rename sort command to findTag Update the name change in UG and DG","messageBody":"","fileTypesAndContributionMap":{"functional-code":{"insertions":4,"deletions":4},"other":{"insertions":17,"deletions":16},"docs":{"insertions":21,"deletions":21}}},{"hash":"d912d79d51da58f6618b901bb6856bb25b0037e3","messageTitle":"Edit to pass checkstyle","messageBody":"","fileTypesAndContributionMap":{"functional-code":{"insertions":1,"deletions":1}}},{"hash":"fd41e1b69a913530585692d8f5b371a6a11e6382","messageTitle":"Edit to pass checkstyle","messageBody":"","fileTypesAndContributionMap":{"functional-code":{"insertions":1,"deletions":1}}}]},{"date":"2022-10-12","commitResults":[{"hash":"3085f557e50044835247b59882285460a2bb5a15","messageTitle":"Add tests for findTag","messageBody":"","fileTypesAndContributionMap":{"functional-code":{"insertions":11,"deletions":0},"test-code":{"insertions":94,"deletions":0}}},{"hash":"fe576ba49b694ef4579b5b1a3596a6eefb56d1d2","messageTitle":"Add case-insensitive improvement for findTag","messageBody":"","fileTypesAndContributionMap":{"functional-code":{"insertions":8,"deletions":2},"test-code":{"insertions":10,"deletions":0}}},{"hash":"d80335feb2560cb050e6105e0add92a9d69ae80b","messageTitle":"Update FindTagCommand.java","messageBody":"","fileTypesAndContributionMap":{"functional-code":{"insertions":1,"deletions":1}}},{"hash":"ea18748838dd99220de8aa48dc635eb9df6cacae","messageTitle":"Add mod delete command","messageBody":"","fileTypesAndContributionMap":{"functional-code":{"insertions":127,"deletions":2}}}]},{"date":"2022-10-13","commitResults":[{"hash":"59c8da337dffa05d7faf183148f148d2e6317e53","messageTitle":"fix mod delete command and a bug in mod add command","messageBody":"","fileTypesAndContributionMap":{"functional-code":{"insertions":13,"deletions":7},"test-code":{"insertions":2,"deletions":2}}}]},{"date":"2022-10-15","commitResults":[{"hash":"a2166644c9001510aaa0187b2740de1bfb312330","messageTitle":"Add test cases for mod delete","messageBody":"","fileTypesAndContributionMap":{"test-code":{"insertions":187,"deletions":10}}},{"hash":"536e449d9764ee9b15d4d619d561fe48d4f807af","messageTitle":"Renamed some occurrences to Interest","messageBody":"","fileTypesAndContributionMap":{"functional-code":{"insertions":110,"deletions":110},"other":{"insertions":13,"deletions":13},"test-code":{"insertions":47,"deletions":47}}},{"hash":"9739ab344fdc86d49fa29e14194c45b9612650d1","messageTitle":"Renamed some more","messageBody":"","fileTypesAndContributionMap":{"functional-code":{"insertions":13,"deletions":13},"other":{"insertions":47,"deletions":47},"test-code":{"insertions":6,"deletions":6}}},{"hash":"0785df26aca8a924010c196cfa126ab44cf01868","messageTitle":"Renamed some more. All tests can pass now.","messageBody":"","fileTypesAndContributionMap":{"functional-code":{"insertions":9,"deletions":9},"other":{"insertions":6,"deletions":6},"test-code":{"insertions":68,"deletions":68}}},{"hash":"c77fad44caf8316fed831d927806da6ef95d4b8f","messageTitle":"Update UG and DG, renamed more occurrences of tag. Passed all test cases.","messageBody":"","fileTypesAndContributionMap":{"functional-code":{"insertions":48,"deletions":47},"docs":{"insertions":53,"deletions":53},"test-code":{"insertions":44,"deletions":43}}},{"hash":"de7b9e680bb3e1b6da2446e867f33761a08df113","messageTitle":"Update more occurrences in the test cases. Passes all test cases.","messageBody":"","fileTypesAndContributionMap":{"functional-code":{"insertions":7,"deletions":7},"test-code":{"insertions":54,"deletions":54}}},{"hash":"ce69deb27af7d7b544025051a04f6e9bd4704a8f","messageTitle":"Remove star imports","messageBody":"","fileTypesAndContributionMap":{"test-code":{"insertions":2,"deletions":2}}},{"hash":"31c3994aa12808f999d626c3750007f500187363","messageTitle":"Edit to pass checkstyle","messageBody":"","fileTypesAndContributionMap":{"functional-code":{"insertions":12,"deletions":9}}},{"hash":"0c547ae7ab52f73e147cd244ed11062c6a5f6e5c","messageTitle":"Edit to pass checkstyle","messageBody":"","fileTypesAndContributionMap":{"functional-code":{"insertions":5,"deletions":5}}},{"hash":"a7588994be18ce3053bb1f64d552730ac1a9c610","messageTitle":"Edit to pass checkstyle again","messageBody":"","fileTypesAndContributionMap":{"functional-code":{"insertions":3,"deletions":3}}},{"hash":"aabd4223514e367101881b2a1f341664771f1666","messageTitle":"Edit to pass checkstyle","messageBody":"","fileTypesAndContributionMap":{"test-code":{"insertions":42,"deletions":31}}}]},{"date":"2022-10-18","commitResults":[{"hash":"8b99b71bb8f8b25f91520c8f555254851e2595c0","messageTitle":"Rename most other instances of tag to interest","messageBody":"","fileTypesAndContributionMap":{"functional-code":{"insertions":23,"deletions":22},"test-code":{"insertions":16,"deletions":16}}}]},{"date":"2022-10-19","commitResults":[{"hash":"e73e1964ded70f9b62b2665548959607a7ac155f","messageTitle":"Add AddInt command. Bug: UI is not updated immediately upon adding interests","messageBody":"","fileTypesAndContributionMap":{"functional-code":{"insertions":199,"deletions":14}}},{"hash":"3c5cfa7db5e00b446aedea982e798a0246060cc0","messageTitle":"Update javadocs","messageBody":"","fileTypesAndContributionMap":{"functional-code":{"insertions":4,"deletions":4},"other":{"insertions":17,"deletions":20}}}]}],"sltsheryl":[{"date":"2022-09-26","commitResults":[{"hash":"f73538b0a402abe0c9646b31795037be2fc33acf","messageTitle":"Add use case to Developer Guide","messageBody":"","fileTypesAndContributionMap":{"docs":{"insertions":113,"deletions":11}}}]},{"date":"2022-09-27","commitResults":[{"hash":"33c7936a7089673c2b1337df944207c4075df779","messageTitle":"Update typos and make use case more specific","messageBody":"","fileTypesAndContributionMap":{"docs":{"insertions":52,"deletions":52}}},{"hash":"94747fbef89286b0e488549dbdbfac36b639979c","messageTitle":"Fix punctuations","messageBody":"","fileTypesAndContributionMap":{"docs":{"insertions":9,"deletions":7}}},{"hash":"c1d04f6d651a97fb290a590ff3f5798dd1a1c460","messageTitle":"Add project portfolio page","messageBody":"","fileTypesAndContributionMap":{"docs":{"insertions":40,"deletions":0}}},{"hash":"1373d9a5ad346f6a7ddaf3d30820f8c4b19ca676","messageTitle":"Fix checkstyle","messageBody":"","fileTypesAndContributionMap":{"docs":{"insertions":1,"deletions":1}}},{"hash":"6e5ee077ba2cff1e8cb2aebaae7dccb4beb9f2ce","messageTitle":"Add personal details and photo in AboutUs","messageBody":"","fileTypesAndContributionMap":{"docs":{"insertions":5,"deletions":6}}}]},{"date":"2022-10-09","commitResults":[{"hash":"af575e229e7129fb3b95f96c17b45148f36e7932","messageTitle":"Add GitHub field to Add and Edit command * Placeholder added for Storage class","messageBody":"","fileTypesAndContributionMap":{"functional-code":{"insertions":123,"deletions":29},"test-code":{"insertions":14,"deletions":6}}},{"hash":"75863f5b22b0c3695bb89f78812272715d0fbe87","messageTitle":"Add fields to GUI","messageBody":"","fileTypesAndContributionMap":{"functional-code":{"insertions":7,"deletions":3}}},{"hash":"022cbc4e94c2b3636778cc7a6736b945429b9871","messageTitle":"Fix checkstyle","messageBody":"","fileTypesAndContributionMap":{"functional-code":{"insertions":25,"deletions":10}}},{"hash":"c5cc37f4f9b59a02357fc386e85baca56281f731","messageTitle":"Fix checkstyle for test files","messageBody":"","fileTypesAndContributionMap":{"functional-code":{"insertions":2,"deletions":1},"test-code":{"insertions":6,"deletions":1}}},{"hash":"72beaf1d8d15935ffb5eb4316352e7b439459b2e","messageTitle":"Add GitHub to test cases","messageBody":"","fileTypesAndContributionMap":{"test-code":{"insertions":16,"deletions":2}}},{"hash":"6cbe37cd9a39b9cd4052da609f7c7e8879ba0e3b","messageTitle":"Add test cases to check for missing GitHub field * Test case for AdressBookParser keeps failing","messageBody":"","fileTypesAndContributionMap":{"functional-code":{"insertions":4,"deletions":4},"test-code":{"insertions":58,"deletions":20}}},{"hash":"64b568f985ebd855f65302411b550a517a21e201","messageTitle":"Refactor use case * Remove unnecessary GUI details","messageBody":"","fileTypesAndContributionMap":{"docs":{"insertions":32,"deletions":69}}},{"hash":"1759562a8155dc3ac2a19fa89bda6dfa69b104ce","messageTitle":"Add task feature in use case","messageBody":"","fileTypesAndContributionMap":{"docs":{"insertions":40,"deletions":17}}},{"hash":"70935553f2caf3ccfe5de642b05760e1915f3591","messageTitle":"Fix AddressBookParserTest error * Add GitHub to PersonUtil class","messageBody":"","fileTypesAndContributionMap":{"functional-code":{"insertions":3,"deletions":2},"test-code":{"insertions":4,"deletions":0}}},{"hash":"b03c444a359c39fedc0b70e48401aeb5fccc533e","messageTitle":"Add Telegram Field","messageBody":"","fileTypesAndContributionMap":{"functional-code":{"insertions":71,"deletions":71},"other":{"insertions":15,"deletions":15},"test-code":{"insertions":131,"deletions":140}}},{"hash":"40cd11b45ad574f3b9664075889db2ba738e593d","messageTitle":"Fix checkstyle","messageBody":"","fileTypesAndContributionMap":{"test-code":{"insertions":18,"deletions":4}}},{"hash":"56bd494c176fc6f52694ed17a75642575f9bce33","messageTitle":"Add Telegram test cases","messageBody":"","fileTypesAndContributionMap":{"functional-code":{"insertions":6,"deletions":6},"other":{"insertions":8,"deletions":8},"test-code":{"insertions":18,"deletions":15}}},{"hash":"1b26b7e0a4e31b60b4f34738655c171ad7832ea3","messageTitle":"Fix checkstyle spaces","messageBody":"","fileTypesAndContributionMap":{"docs":{"insertions":2,"deletions":2}}},{"hash":"6e63eaae7ffd27f4b835fa1c05e2caa4048244ac","messageTitle":"Update use case to align to project\u0027s new direction * Tentatively, remove use case for mark module (next iteration)","messageBody":"","fileTypesAndContributionMap":{"docs":{"insertions":21,"deletions":46}}}]},{"date":"2022-10-10","commitResults":[{"hash":"4716830f344de14303cc906ca1af35c2f762430a","messageTitle":"Fix test cases file for Telegram field","messageBody":"","fileTypesAndContributionMap":{"functional-code":{"insertions":2,"deletions":2},"test-code":{"insertions":12,"deletions":13}}},{"hash":"69a8fbb6f21997220b7ea739d3da1e1633262ff6","messageTitle":"Fix test cases except LogicManagerTest","messageBody":"","fileTypesAndContributionMap":{"functional-code":{"insertions":10,"deletions":5},"test-code":{"insertions":16,"deletions":22}}},{"hash":"c9d9fb03bc7ef2e0defd12960f7222a935627e6b","messageTitle":"Fix failing test cases","messageBody":"","fileTypesAndContributionMap":{"functional-code":{"insertions":5,"deletions":6},"test-code":{"insertions":1,"deletions":2}}},{"hash":"16714ddd79547bb44057c3546d1e5850bab441b2","messageTitle":"Fix checkstyle syntax","messageBody":"","fileTypesAndContributionMap":{"functional-code":{"insertions":8,"deletions":2}}},{"hash":"bd1d18a42281781f8c6bfc3067acb4acd04a6e41","messageTitle":"Make GitHub editable","messageBody":"","fileTypesAndContributionMap":{"functional-code":{"insertions":1,"deletions":1}}}]},{"date":"2022-10-11","commitResults":[{"hash":"18d3a21eb9902cbc79ccf4b30d86261d7b650e2a","messageTitle":"Make phone, email, github, tag optional","messageBody":"","fileTypesAndContributionMap":{"functional-code":{"insertions":37,"deletions":17}}},{"hash":"21bd9ec9d38b693a53598e8a135f2092147a004d","messageTitle":"Modify warning message to display optional fields","messageBody":"","fileTypesAndContributionMap":{"functional-code":{"insertions":3,"deletions":3}}},{"hash":"52956ff5eac8091c3dc9cac47f3d1a000379fcae","messageTitle":"Add HBox to split panel into two sections","messageBody":"","fileTypesAndContributionMap":{"functional-code":{"insertions":26,"deletions":11}}},{"hash":"80408296853a7fb22abf283ca85953629aacd81f","messageTitle":"Remove spacings for missing optional fields","messageBody":"","fileTypesAndContributionMap":{"functional-code":{"insertions":7,"deletions":7}}}]},{"date":"2022-10-12","commitResults":[{"hash":"69ad6749f9c3428314d1b0e44cacb93549be05dd","messageTitle":"Add Header to right panel * Bold font doesn\u0027t show up * TODO: Module list panel","messageBody":"","fileTypesAndContributionMap":{"functional-code":{"insertions":10,"deletions":4}}},{"hash":"2c1c25bcfa5ecdf07bff8a6b8e8e99039356f82c","messageTitle":"Add ModCard, ModListPanel, ModListCard UI * To get ObservableList of Modules in LogicManager once Mod is implemented. * Initialise modListPanel in MainWindow with the above list.","messageBody":"","fileTypesAndContributionMap":{"functional-code":{"insertions":306,"deletions":10}}},{"hash":"602b68e0ac4fe20ca05773bb6f17d7d04d854eac","messageTitle":"Add interactive panels * GUI structure is working!!!","messageBody":"","fileTypesAndContributionMap":{"functional-code":{"insertions":40,"deletions":158}}},{"hash":"4d1c569ca6d229e95a1253eac2eb2919c02875b4","messageTitle":"Add placeholder text if none selected","messageBody":"","fileTypesAndContributionMap":{"functional-code":{"insertions":23,"deletions":0}}},{"hash":"2d571c7e343c222b4f8fe91bfe28a6ee3d0a6ebc","messageTitle":"Update use case to follow new features","messageBody":"","fileTypesAndContributionMap":{"docs":{"insertions":113,"deletions":22}}}]},{"date":"2022-10-13","commitResults":[{"hash":"28ea839715efe755685fc1eb720d726cc7f54449","messageTitle":"Update use case findTag","messageBody":"","fileTypesAndContributionMap":{"docs":{"insertions":3,"deletions":4}}},{"hash":"6d54e8f0467c3bb177da82ca33afe965a6d2f26a","messageTitle":"Resolve merge conflict","messageBody":"","fileTypesAndContributionMap":{"docs":{"insertions":1,"deletions":9}}},{"hash":"c09233de13e112bfa6f1f8712776692a0f2565af","messageTitle":"Add UniqueModList","messageBody":"","fileTypesAndContributionMap":{"functional-code":{"insertions":253,"deletions":33},"test-code":{"insertions":23,"deletions":17}}},{"hash":"56501388f05efc9d45d3ce6c225102ead0f3199f","messageTitle":"Change list of mods to ObservableList","messageBody":"","fileTypesAndContributionMap":{"functional-code":{"insertions":47,"deletions":24},"test-code":{"insertions":11,"deletions":11}}},{"hash":"7a4509eebcf1b8912a24171e0c7e03319aa02e13","messageTitle":"Fix AddressBook test cases","messageBody":"","fileTypesAndContributionMap":{"test-code":{"insertions":20,"deletions":1}}},{"hash":"e02879ee8bbfe04115da5956098a1eff2940a82c","messageTitle":"Fix order of test cases","messageBody":"","fileTypesAndContributionMap":{"functional-code":{"insertions":3,"deletions":4},"test-code":{"insertions":1,"deletions":1}}},{"hash":"1d12351c384bfff20e909f9e6cdbad85f71020d1","messageTitle":"Fix checkstyle","messageBody":"","fileTypesAndContributionMap":{"functional-code":{"insertions":5,"deletions":1}}},{"hash":"fd7ad4f32c4a359b97eb9336ad3bec13269dd72e","messageTitle":"Fix ParserUtilTest","messageBody":"","fileTypesAndContributionMap":{"test-code":{"insertions":1,"deletions":1}}},{"hash":"dc79d694ba10bd353fddbef7f7ac9acbf6ca84fb","messageTitle":"Change JavaDocs to Mods","messageBody":"","fileTypesAndContributionMap":{"functional-code":{"insertions":19,"deletions":15}}},{"hash":"9a88424ffcbd28f39e1ad15b6f8d2703c78aba35","messageTitle":"Fix typo","messageBody":"","fileTypesAndContributionMap":{"functional-code":{"insertions":2,"deletions":2}}}]},{"date":"2022-10-14","commitResults":[{"hash":"ef934c1481c0f0d3af02e159c4947ebdd6cf02c6","messageTitle":"Modify classmate to batchmate","messageBody":"","fileTypesAndContributionMap":{"docs":{"insertions":9,"deletions":9}}},{"hash":"81c11ff913898e2a71cda137ff7515973db4121d","messageTitle":"Review use case * Remove unnecessary UI details * Add space to Mass Linkers * Remove index range (to invalid index)","messageBody":"","fileTypesAndContributionMap":{"docs":{"insertions":52,"deletions":55}}}]},{"date":"2022-10-15","commitResults":[{"hash":"6e98dc87e8330a8167f0753612c74f78f3abc1a9","messageTitle":"Fix GUI Bugs (Clear and Find)","messageBody":"","fileTypesAndContributionMap":{"functional-code":{"insertions":37,"deletions":259},"test-code":{"insertions":10,"deletions":26}}},{"hash":"8d88b934f02c36d91e37e363f8135913ad099a21","messageTitle":"Make Mod Delete GUI update without resetting mod panel","messageBody":"","fileTypesAndContributionMap":{"functional-code":{"insertions":1,"deletions":1}}},{"hash":"a88437a78fb5609b56ea2776b13f05b6fd45ce39","messageTitle":"Add Reset Panel parameter to Mod Mark","messageBody":"","fileTypesAndContributionMap":{"functional-code":{"insertions":1,"deletions":1}}},{"hash":"105c4d27886542362ed39869267e69cfca94e8b0","messageTitle":"Improve naming of function","messageBody":"","fileTypesAndContributionMap":{"functional-code":{"insertions":3,"deletions":4}}}]},{"date":"2022-10-17","commitResults":[{"hash":"d64345c536cf2efd797d6d430c2447986e4b2d3f","messageTitle":"Modify UI tag to interest","messageBody":"","fileTypesAndContributionMap":{"functional-code":{"insertions":6,"deletions":6}}}]},{"date":"2022-10-18","commitResults":[{"hash":"b427b573bd6c458c0d41b915a834f6b19d78681f","messageTitle":"Add UI Mod Category Tags","messageBody":"","fileTypesAndContributionMap":{"functional-code":{"insertions":65,"deletions":8}}},{"hash":"3de21bc20c8e07acf3ea8f9d8e73fd2c628f46be","messageTitle":"Modify Student Interest UI colour","messageBody":"","fileTypesAndContributionMap":{"functional-code":{"insertions":5,"deletions":4}}},{"hash":"271859fb0329576dd64c4e3987b87c4e83dba88b","messageTitle":"Replace to GitHub, Telegram, Phone, Mail logo","messageBody":"","fileTypesAndContributionMap":{"functional-code":{"insertions":91,"deletions":14}}},{"hash":"e7baf6da782fce99b4767bee1ecb1c6f93f48440","messageTitle":"Handle long inputs wraptext","messageBody":"","fileTypesAndContributionMap":{"functional-code":{"insertions":5,"deletions":5}}},{"hash":"92401d36f4b1a1c7f228b4f99b68dc203937e945","messageTitle":"Reduce Mod Card Height","messageBody":"","fileTypesAndContributionMap":{"functional-code":{"insertions":1,"deletions":1}}},{"hash":"48419eed05001eb72bca73f1049ccfbae3cd662a","messageTitle":"Add Mod Mark UI","messageBody":"","fileTypesAndContributionMap":{"functional-code":{"insertions":21,"deletions":4}}},{"hash":"ca4b8b6e2b0eec1ca605ce44c50e574741b66380","messageTitle":"GUI Light Mode Outlook Overhaul * Change to Outlook style * Fix Clear command bug","messageBody":"","fileTypesAndContributionMap":{"functional-code":{"insertions":106,"deletions":80}}},{"hash":"bbe74c851c01fedf42bd9e09b957659edec34667","messageTitle":"Fix grammatical error \u0026 Make Command Result non-clickable","messageBody":"","fileTypesAndContributionMap":{"functional-code":{"insertions":7,"deletions":2}}},{"hash":"49747403c7fe715458b82838c3476741a7f2a9f0","messageTitle":"Make selected card more obvious","messageBody":"","fileTypesAndContributionMap":{"functional-code":{"insertions":1,"deletions":4}}},{"hash":"c8b4857d5612963b84e9009e18aa90086676925e","messageTitle":"Fix Command Result bug","messageBody":"","fileTypesAndContributionMap":{"functional-code":{"insertions":1,"deletions":1}}}]},{"date":"2022-10-19","commitResults":[{"hash":"e40e92a82e2c7244fd1a2d781bbd68d33f6ed661","messageTitle":"Update mockup","messageBody":"","fileTypesAndContributionMap":{"docs":{"insertions":1,"deletions":2}}},{"hash":"f241ef8a6f0c01b13f0646f2d42e1309f336075a","messageTitle":"Change completed to taken","messageBody":"","fileTypesAndContributionMap":{"functional-code":{"insertions":10,"deletions":8}}}]},{"date":"2022-10-20","commitResults":[{"hash":"cfcc40d72cdde1874b47e86be8b4ce09d22679a8","messageTitle":"Fix addInt UI bug","messageBody":"","fileTypesAndContributionMap":{"functional-code":{"insertions":34,"deletions":16},"test-code":{"insertions":8,"deletions":8}}},{"hash":"28e0c58f70829a12c15e36e6a3171dab72313ca8","messageTitle":"Add Testing for Add Interest","messageBody":"","fileTypesAndContributionMap":{"test-code":{"insertions":119,"deletions":0}}}]},{"date":"2022-10-21","commitResults":[{"hash":"f53434f14c1887b13268698b8a62917d52210d95","messageTitle":"Change interests to Set from Observable List * Make code more consistent * Aligns with DG","messageBody":"","fileTypesAndContributionMap":{"functional-code":{"insertions":10,"deletions":10},"test-code":{"insertions":12,"deletions":5}}},{"hash":"50ac3625608b0f5bb69f3d823a9f97b90a84bc83","messageTitle":"Fix Javadocs","messageBody":"","fileTypesAndContributionMap":{"functional-code":{"insertions":4,"deletions":4}}},{"hash":"50c85b2cc050a382797532d26289ae16525a8d96","messageTitle":"Make Mod Mark update automatically * Previously Mod Mark refreshes the list which is inconsistent with Mod Add and Mod Delete","messageBody":"","fileTypesAndContributionMap":{"functional-code":{"insertions":14,"deletions":1}}}]},{"date":"2022-10-22","commitResults":[{"hash":"a9b5919aa85b6dda3a21776173411a587e322ce1","messageTitle":"Fix rescaling window size","messageBody":"","fileTypesAndContributionMap":{"functional-code":{"insertions":4,"deletions":4}}},{"hash":"7475d93c02ee8ad748e6462638a72c0878fcb650","messageTitle":"Add Panel Header Logo","messageBody":"","fileTypesAndContributionMap":{"functional-code":{"insertions":37,"deletions":14},"other":{"insertions":26,"deletions":23}}},{"hash":"49c275a41a1e49771de491040e41d1c0fc8003ce","messageTitle":"Minimise spacing","messageBody":"","fileTypesAndContributionMap":{"functional-code":{"insertions":2,"deletions":2}}},{"hash":"1200f6fe8445c96fe251d3a62cbdae24d93bfb3c","messageTitle":"Reduce size of logo","messageBody":"","fileTypesAndContributionMap":{"functional-code":{"insertions":4,"deletions":4}}},{"hash":"523c370dd1fce5145c927e1fa3ea95f2cf746760","messageTitle":"Fix mod unmark UI bug","messageBody":"","fileTypesAndContributionMap":{"functional-code":{"insertions":1,"deletions":1}}},{"hash":"dd8cee23911ddc84fbdbdd5499ab225a75c6aa1e","messageTitle":"Add View Batchmate and Privacy Issues in UG","messageBody":"","fileTypesAndContributionMap":{"docs":{"insertions":12,"deletions":1}}},{"hash":"64881c92e4145c48f06779a7b9a499bc51c259a3","messageTitle":"Add background to table headers","messageBody":"","fileTypesAndContributionMap":{"functional-code":{"insertions":27,"deletions":18}}}]},{"date":"2022-10-23","commitResults":[{"hash":"3b9a0add61bb3d8507246a34b3e4e167b28254a6","messageTitle":"Make corners rounded","messageBody":"","fileTypesAndContributionMap":{"functional-code":{"insertions":6,"deletions":3}}},{"hash":"6e92b22243147f8edeff26c68c9d60ae50c1fa79","messageTitle":"Add App Logo","messageBody":"","fileTypesAndContributionMap":{"functional-code":{"insertions":21,"deletions":1}}}]}],"jonasgwt":[{"date":"2022-09-17","commitResults":[{"hash":"864732128758c2e5ee2bc8ef9e963839078917e2","messageTitle":"Update Codecov badge","messageBody":"","fileTypesAndContributionMap":{"docs":{"insertions":1,"deletions":1}}}]},{"date":"2022-09-27","commitResults":[{"hash":"9b7514cd477548b86cf596fabefdde83c0170f18","messageTitle":"Add jonasgwt skeletal PPP","messageBody":"","fileTypesAndContributionMap":{"docs":{"insertions":40,"deletions":0}}},{"hash":"83e1ba0a55bbc472414ff20c85f5beca40228719","messageTitle":"Update AboutUs with jonasgwt details","messageBody":"","fileTypesAndContributionMap":{"docs":{"insertions":5,"deletions":5}}}]},{"date":"2022-09-28","commitResults":[{"hash":"041d0360a2e5f5cfdbc92ffe0bda3c43f77b0ab8","messageTitle":"Update NFR","messageBody":"","fileTypesAndContributionMap":{"docs":{"insertions":3,"deletions":0}}},{"hash":"df5ed55da87afa8e1da345c7b8cebe05f507056e","messageTitle":"Add more NFRs","messageBody":"","fileTypesAndContributionMap":{"docs":{"insertions":4,"deletions":0}}},{"hash":"ecda4d757f3af4a2dc79f9c2ded38384dcee4621","messageTitle":"Fix punctuation","messageBody":"","fileTypesAndContributionMap":{"docs":{"insertions":1,"deletions":1}}},{"hash":"d44d8459e22d5731e2f1f996a8fffbf76a3baee2","messageTitle":"Remove point 5 and elaborate on point 4","messageBody":"","fileTypesAndContributionMap":{"docs":{"insertions":6,"deletions":7}}},{"hash":"193b2940a24ae1aa8710f06f7dad0769ef64fc0a","messageTitle":"Update Product Scope","messageBody":"","fileTypesAndContributionMap":{"docs":{"insertions":10,"deletions":6}}},{"hash":"1c822a8893f77f27b4d9dd6ab8a05986beb27e78","messageTitle":"Fix capitalisation","messageBody":"","fileTypesAndContributionMap":{"docs":{"insertions":1,"deletions":1}}}]},{"date":"2022-10-10","commitResults":[{"hash":"eb141d869fb0771f34c452ff64a32644bd51b1be","messageTitle":"Update storage and storage tests","messageBody":"","fileTypesAndContributionMap":{"functional-code":{"insertions":5,"deletions":2},"test-code":{"insertions":19,"deletions":2}}}]},{"date":"2022-10-11","commitResults":[{"hash":"8d9ff31a1e45b6e9d255e80be489bbc08c4350b8","messageTitle":"Add ModAdd Command and its parser","messageBody":"","fileTypesAndContributionMap":{"functional-code":{"insertions":291,"deletions":2}}},{"hash":"e7994115a3e97c6c355c2a10b40236923ac2e11e","messageTitle":"Update Storage and related components for optional fields","messageBody":"","fileTypesAndContributionMap":{"functional-code":{"insertions":43,"deletions":38},"test-code":{"insertions":12,"deletions":60}}},{"hash":"b2dd954bd6f075d43448ad8a21967eb8a695059f","messageTitle":"Update to make optional fields null","messageBody":"Fix bug in `EditCommandParser`\n","fileTypesAndContributionMap":{"functional-code":{"insertions":31,"deletions":22},"test-code":{"insertions":15,"deletions":2}}}]},{"date":"2022-10-12","commitResults":[{"hash":"982f6e174706dd67481463720f91b38e03988eb0","messageTitle":"Update components to work with new `mod add` command","messageBody":"Complete implementation of the `mod add` command\n\nUpdate `edit` command to throw an exception when user tries to edit\nthe module field\n\nUpdate the `add` command to allow for adding of new mods when a new\nperson is created\n\nUpdate relevant tests to work with the new `mod add` command\n","fileTypesAndContributionMap":{"functional-code":{"insertions":277,"deletions":155},"test-code":{"insertions":74,"deletions":40}}},{"hash":"95622faa0a986fcc39c191beea17d8cd0c7a5475","messageTitle":"Add tests for `ModAddCommand` and `ModCommandParserTest`","messageBody":"","fileTypesAndContributionMap":{"functional-code":{"insertions":27,"deletions":6},"test-code":{"insertions":193,"deletions":0}}},{"hash":"3cc792d9edc4eafc8181ccb0ba517387fc6e8340","messageTitle":"Add more tests","messageBody":"Add tests for `EditCommand`\nAdd tests for `AddCommandParser`\nAdd tests for `EditCommandParser`\nAdd tests for `ParserUtil`\nAdd tests for `ModTest`\n","fileTypesAndContributionMap":{"functional-code":{"insertions":9,"deletions":10},"test-code":{"insertions":161,"deletions":1}}},{"hash":"d4030ad7cd0c54c14d463b92b2b552922ce48c98","messageTitle":"Add tests for duplicate mods in `ParserUtilTest`","messageBody":"","fileTypesAndContributionMap":{"test-code":{"insertions":8,"deletions":0}}},{"hash":"80d1d5113d2b2c21b80158ebdf6d077ed9e950dd","messageTitle":"Modify messages displayed to user","messageBody":"","fileTypesAndContributionMap":{"functional-code":{"insertions":6,"deletions":6},"test-code":{"insertions":7,"deletions":0}}},{"hash":"3cfcdf3dfd0989f4d0eda9c57859baf8647361e7","messageTitle":"Edit message for index errors","messageBody":"","fileTypesAndContributionMap":{"functional-code":{"insertions":2,"deletions":3},"test-code":{"insertions":1,"deletions":2}}},{"hash":"d0901011a09c57bfec6d88d825053b4d0c120f11","messageTitle":"Edit message usage","messageBody":"","fileTypesAndContributionMap":{"functional-code":{"insertions":2,"deletions":1}}}]},{"date":"2022-10-16","commitResults":[{"hash":"1e9ade977ed0c1aba891baa38a2ec4678b045384","messageTitle":"Add mod categorisation. Modify access modifier for modName","messageBody":"","fileTypesAndContributionMap":{"functional-code":{"insertions":43,"deletions":7},"test-code":{"insertions":24,"deletions":24}}},{"hash":"ad9f2375620ec57f61018d68756b5cd3257533cd","messageTitle":"Fix failing test cases and checkstyle error","messageBody":"","fileTypesAndContributionMap":{"functional-code":{"insertions":3,"deletions":2},"test-code":{"insertions":9,"deletions":3}}},{"hash":"eae9293dfeb42a51b72f196d56feaa2cce97ef65","messageTitle":"Add tests for mod categorisation","messageBody":"","fileTypesAndContributionMap":{"functional-code":{"insertions":6,"deletions":2},"test-code":{"insertions":54,"deletions":0}}},{"hash":"607b00d89bd27c9d09b00b0721c1f57635873eef","messageTitle":"Add duplicate mods test for `ModAddCommand`","messageBody":"","fileTypesAndContributionMap":{"test-code":{"insertions":41,"deletions":1}}},{"hash":"b6fca5229cbab22f95a88e118a93c2bb85d3e562","messageTitle":"Add categorisation for science mods","messageBody":"","fileTypesAndContributionMap":{"functional-code":{"insertions":5,"deletions":1},"test-code":{"insertions":5,"deletions":0}}},{"hash":"0fe128c92a7e963abd2d8c5f7600bee9c31efca4","messageTitle":"Update UG to include section on Module Categorisation","messageBody":"Capitalise mod names\n","fileTypesAndContributionMap":{"docs":{"insertions":28,"deletions":12}}}]},{"date":"2022-10-17","commitResults":[{"hash":"1d380471a184485636d255a000bd8f52168639bd","messageTitle":"Fix failing test cases","messageBody":"","fileTypesAndContributionMap":{"functional-code":{"insertions":2,"deletions":2},"test-code":{"insertions":10,"deletions":10}}}]},{"date":"2022-10-18","commitResults":[{"hash":"ada074efa38c8a4a8d7ccff3df193357ad5f381f","messageTitle":"Modify `Mod` to abide by SRP","messageBody":"Move `getModCategory` method to `ParserUtil`\n","fileTypesAndContributionMap":{"functional-code":{"insertions":37,"deletions":34},"test-code":{"insertions":33,"deletions":0}}},{"hash":"041da466b948e03316bc50bba2a2e776ecaf9cc3","messageTitle":"Add module categorisation design details into DG","messageBody":"","fileTypesAndContributionMap":{"docs":{"insertions":89,"deletions":0}}}]},{"date":"2022-10-19","commitResults":[{"hash":"07432c62057608efebb0d4baaad648fe1efe7268","messageTitle":"Split activity diagram","messageBody":"","fileTypesAndContributionMap":{"docs":{"insertions":53,"deletions":22}}}]},{"date":"2022-10-20","commitResults":[{"hash":"439b7777ce9085fcd28939ba0c8d46dbc76fddbb","messageTitle":"Fix error in DG and fix test cases for `CommandResult`","messageBody":"","fileTypesAndContributionMap":{"functional-code":{"insertions":5,"deletions":2},"docs":{"insertions":1,"deletions":1},"test-code":{"insertions":47,"deletions":22}}},{"hash":"6e1c015e1229eda4ff66320379e5198ae5f9f8c2","messageTitle":"Update Help Window","messageBody":"","fileTypesAndContributionMap":{"functional-code":{"insertions":18,"deletions":8}}},{"hash":"5d43dd9b557a1f534ba1bbc6c22b1ae6efb05b0e","messageTitle":"Update category section in UG","messageBody":"","fileTypesAndContributionMap":{"docs":{"insertions":7,"deletions":7}}},{"hash":"a48c164347d00bf20746d779209a216427537932","messageTitle":"Enable assertions","messageBody":"","fileTypesAndContributionMap":{"other":{"insertions":5,"deletions":1}}}]},{"date":"2022-10-23","commitResults":[{"hash":"a8694aa98793332fc54a9260c774ef3152916dd0","messageTitle":"Sort mods by completion and name","messageBody":"","fileTypesAndContributionMap":{"functional-code":{"insertions":50,"deletions":5},"test-code":{"insertions":46,"deletions":3}}},{"hash":"3ec284462a2393b1b40da2c23eaa0e55217b6ec0","messageTitle":"Add javadocs to test cases","messageBody":"","fileTypesAndContributionMap":{"test-code":{"insertions":15,"deletions":0}}}]}],"chm252":[{"date":"2022-09-28","commitResults":[{"hash":"e80e159fd162f65229e464f09c41a454ca782719","messageTitle":"Update About Us","messageBody":"","fileTypesAndContributionMap":{"docs":{"insertions":5,"deletions":5}}},{"hash":"e4cc521fed1ed148e2d8ea2259fda914c794852c","messageTitle":"Add PPP","messageBody":"","fileTypesAndContributionMap":{"docs":{"insertions":40,"deletions":0}}},{"hash":"fa9b3464ac33df458ae7bc6369c0bf14855cb776","messageTitle":"Add glossary","messageBody":"","fileTypesAndContributionMap":{"docs":{"insertions":4,"deletions":0}}}]},{"date":"2022-10-12","commitResults":[{"hash":"e9a214cebcceffcef65b8815e1e5b223800e44cf","messageTitle":"Add partial word checker","messageBody":"","fileTypesAndContributionMap":{"functional-code":{"insertions":32,"deletions":0}}},{"hash":"b08956c7a37d94a7e8188cbce675a2409d8e7696","messageTitle":"Increase find functionality","messageBody":"","fileTypesAndContributionMap":{"functional-code":{"insertions":9,"deletions":1}}},{"hash":"d3da7cbcefbd4b348d5aa7e95c3b2d6b4bcd6a15","messageTitle":"Add test cases","messageBody":"","fileTypesAndContributionMap":{"test-code":{"insertions":43,"deletions":3}}},{"hash":"e1c2e6b3d756bb35237b9470188e694ffb53c99a","messageTitle":"Add test cases for containsPartialWordIgnoreCase method","messageBody":"","fileTypesAndContributionMap":{"test-code":{"insertions":20,"deletions":0}}},{"hash":"13cd22796a0a9d99bdd6d46fa2a90042f048650d","messageTitle":"Fix checkstyle error","messageBody":"","fileTypesAndContributionMap":{"test-code":{"insertions":1,"deletions":2}}},{"hash":"9156ed79d703aaaaa6e0dd0584a62c62a7882b75","messageTitle":"Fix bugs","messageBody":"","fileTypesAndContributionMap":{"functional-code":{"insertions":21,"deletions":8}}},{"hash":"7e23d8d99cf458a1e26c8f0fae73e48444fdcdcc","messageTitle":"Fix checkstyle errors","messageBody":"","fileTypesAndContributionMap":{"functional-code":{"insertions":8,"deletions":7}}}]},{"date":"2022-10-17","commitResults":[{"hash":"3d98fb8facaf5f2b06480a3b05aec654b5aaac09","messageTitle":"Add Mod Find","messageBody":"","fileTypesAndContributionMap":{"functional-code":{"insertions":96,"deletions":0}}},{"hash":"40e728cd9af221f8240eed04e4f081a3ed413b4f","messageTitle":"Add tests for mod find and related classes","messageBody":"","fileTypesAndContributionMap":{"functional-code":{"insertions":1,"deletions":1},"test-code":{"insertions":176,"deletions":3}}}]},{"date":"2022-10-18","commitResults":[{"hash":"5785aff1ddbb7b25df5a1a2273955221972110d1","messageTitle":"Update mod find function","messageBody":"","fileTypesAndContributionMap":{"functional-code":{"insertions":3,"deletions":8},"test-code":{"insertions":10,"deletions":10}}},{"hash":"28deb952657e9aa9714cc8f21f6a0425a176ff22","messageTitle":"Fix checkstyle error","messageBody":"","fileTypesAndContributionMap":{"functional-code":{"insertions":1,"deletions":1}}},{"hash":"5919c7f3aba3a44a9ebaf9c582251af545698a28","messageTitle":"Add message","messageBody":"","fileTypesAndContributionMap":{"functional-code":{"insertions":1,"deletions":0}}},{"hash":"54070cd84539aed14d868aea931a8f99095f6c1a","messageTitle":"Edit message","messageBody":"","fileTypesAndContributionMap":{"functional-code":{"insertions":2,"deletions":1}}},{"hash":"ac1b40c8f92a45d441221e499ec0b3865aceebe3","messageTitle":"Add test case","messageBody":"","fileTypesAndContributionMap":{"functional-code":{"insertions":4,"deletions":4},"test-code":{"insertions":10,"deletions":0}}}]},{"date":"2022-10-19","commitResults":[{"hash":"614b685761a0e938fea16a591a2d274fded94559","messageTitle":"Fix text","messageBody":"","fileTypesAndContributionMap":{"functional-code":{"insertions":1,"deletions":1}}},{"hash":"0950b0d85b92c77cb7cde403ba0b9e4e5868e108","messageTitle":"Fix format","messageBody":"","fileTypesAndContributionMap":{"functional-code":{"insertions":2,"deletions":1}}},{"hash":"a0a45ab15bfe50ab6b0e7d244f0a663d556e602e","messageTitle":"Edit mod find in user guide","messageBody":"","fileTypesAndContributionMap":{"docs":{"insertions":2,"deletions":4}}}]},{"date":"2022-10-20","commitResults":[{"hash":"23a67fb89c80626d3dd7e83dc65e799714d7fbfe","messageTitle":"Add mod find for developer guide","messageBody":"","fileTypesAndContributionMap":{"functional-code":{"insertions":2,"deletions":2},"docs":{"insertions":96,"deletions":0}}},{"hash":"74a507d56d0142871ee7f7da339f0352546027e1","messageTitle":"Minor edits","messageBody":"","fileTypesAndContributionMap":{"docs":{"insertions":4,"deletions":4}}},{"hash":"ca9ddf4d28a1e0e1ce037d70b82588dc2aca5462","messageTitle":"Minor edits","messageBody":"","fileTypesAndContributionMap":{"docs":{"insertions":0,"deletions":2}}},{"hash":"7bac27a01ebf645d2962ec0369fdfe762563baa2","messageTitle":"Minor edits","messageBody":"","fileTypesAndContributionMap":{"docs":{"insertions":0,"deletions":1}}},{"hash":"a9209c8cab764e4a32e55343f635ef92557633b8","messageTitle":"Minor edits","messageBody":"","fileTypesAndContributionMap":{"docs":{"insertions":3,"deletions":2}}},{"hash":"fa5c245db217cade06f03d24ef63f1433fb38f85","messageTitle":"Minor edit","messageBody":"","fileTypesAndContributionMap":{"docs":{"insertions":0,"deletions":1}}},{"hash":"409a79a5407aa88b18f2871f34565066284f6771","messageTitle":"Minor edits","messageBody":"","fileTypesAndContributionMap":{"docs":{"insertions":2,"deletions":0}}},{"hash":"8a19b0c05f9486afa6b8406683c3d4afb7c35eac","messageTitle":"Minor edits","messageBody":"","fileTypesAndContributionMap":{"docs":{"insertions":1,"deletions":2}}}]}],"carriezhengjr":[{"date":"2022-09-26","commitResults":[{"hash":"4116be02a79f561dba423f6a272106d535e59833","messageTitle":"Update AboutUs: add carriezhengjr","messageBody":"AboutUs page contains placeholder images and text.\n\nThis should be updated with actual team members\u0027 information\nfor module admin purposes.\n\nLet\u0027s add carriezhengjr\u0027s details with a suitable photo.\n","fileTypesAndContributionMap":{"docs":{"insertions":4,"deletions":4}}},{"hash":"fbe12e9655d2658a6291c7505b95d6a212ddcc29","messageTitle":"Add a skeletal PPP: add carriezhengjr","messageBody":"A sample PPP template is provided.\n\nThis should be updated with actual team members\u0027 PPP\nto describe one\u0027s contributions to the project.\n\nLet\u0027s create a skeletal version of PPP for carriezhengjr.\n","fileTypesAndContributionMap":{"docs":{"insertions":40,"deletions":0}}},{"hash":"c1cb9961af4ae1b16ae1aa54e33f9d2aa31759e6","messageTitle":"Update AboutUs for carriezhengjr","messageBody":"Link to portfolio contains a placeholder with incorrect format.\nThe responsibilities of each member is yet to be discussed.\n\nThe portfolio link should be updated with the correct\nfile name and format to reflect the member\u0027s PPP.\nThe responsibilities should contain a placeholder text instead.\n\nLet\u0027s\n* update the portfolio link for carriezhengjr\n* add a placeholder text \"to be added soon\" for responsibilities\n","fileTypesAndContributionMap":{"docs":{"insertions":2,"deletions":2}}},{"hash":"7b271a9bb8d84155f504c99390d150eae1a68319","messageTitle":"Update UG","messageBody":"A sample placeholder UG is provided.\n\nThe content of UG should be updated with the team\u0027s draft UG\nto provide actual information that is applicable to the project.\n\nLet\u0027s update the User Guide page with the team\u0027s draft UG.\n","fileTypesAndContributionMap":{"docs":{"insertions":57,"deletions":94}}}]},{"date":"2022-10-06","commitResults":[{"hash":"eee6b8813245bad299db4f5aca20e7c53aeb7309","messageTitle":"Close application with command","messageBody":"The app already has an \"exit\" command to close application\nwhich works well.\n\nOnly the acknowledgement message could be made\nmore specific to our own app.\n\nLet\u0027s change Address Book to Mass Linkers in\nacknowledgement message of ExitCommand class.\n","fileTypesAndContributionMap":{"functional-code":{"insertions":1,"deletions":1}}},{"hash":"332f56579f48794b5a4c9f24280cc4bf895a28fc","messageTitle":"Change help window","messageBody":"There is a help window with a link to AB3 user guide.\n\nThe link should be updated to Mass Linkers user guide.\nA command summary could be included for easy reference.\nChanging the button from copy URL to open URL could provide\nmore convenience for users to directly access user guide with a click.\n\nLet\u0027s\n* update the link to Mass Linkers user guide\n* add a command summary\n* allow user to open user guide directly in the browser with a button\n","fileTypesAndContributionMap":{"functional-code":{"insertions":27,"deletions":13}}}]},{"date":"2022-10-11","commitResults":[{"hash":"f4d63ed8b801b2c9970736cb8b1e2a6cf4317984","messageTitle":"Change order of parameters to align with user guide","messageBody":"The order of parameters in the message displayed\nafter add and edit commands does not align with the user guide.\n\nEnsuring the same order is used in both the app and the UG\ncould allow user to make cross-references more easily.\n\nLet\u0027s update the order of parameters in the app.\n","fileTypesAndContributionMap":{"functional-code":{"insertions":19,"deletions":22}}}]},{"date":"2022-10-12","commitResults":[{"hash":"1081f53b0e9238bccf23dbad7765f166e2a3da11","messageTitle":"Update User Guide","messageBody":"User Guide is out-dated as we have decided\nto change our project direction.\n\nUG should be constantly updated with new ideas and features to show\nour progress and serve as guidelines when we implement the features.\n\nLet\u0027s update the User Guide with new project direction.\n","fileTypesAndContributionMap":{"docs":{"insertions":124,"deletions":59}}},{"hash":"1db9a98fd9a90aba5a6613f5c816b80307a22beb","messageTitle":"Update User Guide","messageBody":"User guide contains outdated UI mockup and features.\n\nUG should be updated to reflect current mockup and features\nto be followed during implementation.\n\nLet\u0027s update UG to the current version.\n","fileTypesAndContributionMap":{"docs":{"insertions":44,"deletions":25}}},{"hash":"dab3b1a01ad94b9236e0d8017fd7d6c93dc4d5b6","messageTitle":"Update User Guide: include all current and proposed features","messageBody":"find command is out-dated; it does not include find using other\nparameters like Telegram and Github.\n\nIt should be updated to reflect the latest changes and plan\nso that it could be sent for review by the Prof.\n\nLet\u0027s update the User Guide to the latest version.\n","fileTypesAndContributionMap":{"docs":{"insertions":17,"deletions":9}}}]},{"date":"2022-10-14","commitResults":[{"hash":"c40d9b7bd32d09856ddb523084d8f645eb738793","messageTitle":"Add mod mark command","messageBody":"Students could add mods to a batchmate, but not mark is as taken or not.\n\nAdding the mark function could allow them to find batchmates to\nseek for advice or form study groups more easily.\n\nLet\u0027s add the mod mark function.\n(NOTE: this has bug now in terms of saving and reading data from file.)\n","fileTypesAndContributionMap":{"functional-code":{"insertions":196,"deletions":23}}},{"hash":"d254d456967d0de7aa0f2205223447ee8e3bdb8c","messageTitle":"Debug mod mark","messageBody":"mod mark data could not be saved and read, which is a bug.\n\nThe bug is solved so that any change in hasTaken status can be\ncaptured and saved into data file.\n\nLet\u0027s debug mod mark command.\n","fileTypesAndContributionMap":{"functional-code":{"insertions":46,"deletions":41}}},{"hash":"2205d4a5f4b8e916b600163c5a1d70c89f1fdc83","messageTitle":"Debug failing tests; resolve checkstyle issues","messageBody":"","fileTypesAndContributionMap":{"functional-code":{"insertions":1,"deletions":1},"test-code":{"insertions":1,"deletions":1}}},{"hash":"f076a35857d025352b219d94434a45f7bc739d2c","messageTitle":"Debug mod mark command","messageBody":"mod mark command doesn\u0027t update hasTaken status correctly at times\ndue to bugs.\n\nLet\u0027s debug mod mark command to make it work properly.\n","fileTypesAndContributionMap":{"functional-code":{"insertions":1,"deletions":2}}}]},{"date":"2022-10-15","commitResults":[{"hash":"15db5ee469e7666c497a45b7274a9c5189f6c36d","messageTitle":"Add tests for mod mark command and mod mark parser. Add tests for mod delete parser.","messageBody":"","fileTypesAndContributionMap":{"functional-code":{"insertions":2,"deletions":2},"test-code":{"insertions":331,"deletions":0}}},{"hash":"cbad6641f2dc2fd1605926795c148ab342eb1bf7","messageTitle":"Resolve checkstyle issue","messageBody":"","fileTypesAndContributionMap":{"test-code":{"insertions":1,"deletions":1}}},{"hash":"305fd583dcf58163227adf4a500c510ea25cd67a","messageTitle":"Add full stop to display message","messageBody":"","fileTypesAndContributionMap":{"functional-code":{"insertions":1,"deletions":1}}}]},{"date":"2022-10-16","commitResults":[{"hash":"e89904f8f1de088fe907a9ce0c15fac3d3fb19d5","messageTitle":"Add mod unmark command","messageBody":"Student is unable to unmark a taken mod as not taken for a batchmate,\nso any accidental marking of mod previously could not be undone.\n\nAdding a mod unmark function could allow student to\nchange and update the status of mods of a batchmate more easily.\n\nLet\u0027s\n* implement the mod unmark command\n* add tests for mod unmark command\n* update UG for mod mark and mod unmark to change some phrasing\n","fileTypesAndContributionMap":{"functional-code":{"insertions":159,"deletions":0},"docs":{"insertions":2,"deletions":2},"test-code":{"insertions":307,"deletions":5}}},{"hash":"eb31bff8be263a559422750fccb4309e802a4f6e","messageTitle":"Update the DG with design details","messageBody":"DG doesn\u0027t contain design details specific to Mass Linkers.\n\nDocumentation should be updated regularly to replace outdated\ninformation with current ones and avoid unexpected problems\nnear the final submission deadline.\n\nLet\u0027s update DG with the implementation of mod mark command.\n","fileTypesAndContributionMap":{"docs":{"insertions":84,"deletions":0}}},{"hash":"264b55d9d260cc7ed661f6c3926a2a4cdbc5eff1","messageTitle":"Update mod mark Activity Diagram","messageBody":"Mod mark Activity Diagram contains a branch which seems unneccesary\nwith this representation.\n\nIt could be improved with a loop when there are\nmultiple mods specified in the command.\n\nLet\u0027s update the mod mark Activity Diagram to include this detail.\n","fileTypesAndContributionMap":{"docs":{"insertions":23,"deletions":1}}},{"hash":"3c73ae15a262e10e2b182027c6730b88b98cd846","messageTitle":"Resolve CheckStyle issues","messageBody":"","fileTypesAndContributionMap":{"docs":{"insertions":6,"deletions":6}}}]},{"date":"2022-10-19","commitResults":[{"hash":"9ab83d4e8931864cc23bb911e0c1c7f314ccbf56","messageTitle":"Update UG for v1.3","messageBody":"","fileTypesAndContributionMap":{"docs":{"insertions":62,"deletions":18}}},{"hash":"9badda940dc84d85f711bafc9486c90c8c0905d3","messageTitle":"Remove unneccessary details","messageBody":"","fileTypesAndContributionMap":{"docs":{"insertions":0,"deletions":3}}},{"hash":"7d072749008ae025a8ff2ac725c954cbeb060b1f","messageTitle":"Update index.md to Mass Linkers","messageBody":"","fileTypesAndContributionMap":{"docs":{"insertions":6,"deletions":5}}},{"hash":"92f4037ae8885c95779d0c06609df325c3748ccc","messageTitle":"Update README.md","messageBody":"","fileTypesAndContributionMap":{"docs":{"insertions":4,"deletions":2}}}]},{"date":"2022-10-20","commitResults":[{"hash":"8790c503f65dd1a9a5a2d8d078689a1fe606c925","messageTitle":"Update DG mod mark activity diagram","messageBody":"Activity diagram for mod mark contains the PlantUML\nloop notation which is not taught or used in CS2103T module.\n\nThis should not be used and might be seen as a bug to future reviewers.\n\nLet\u0027s update the activity diagram to replace that notation with\nother appropriate notations allowed in CS2103T module.\n","fileTypesAndContributionMap":{"docs":{"insertions":6,"deletions":4}}}]}]},"authorFileTypeContributionMap":{"ElijahS67":{"docs":82,"functional-code":582,"test-code":453,"other":1},"sltsheryl":{"docs":211,"functional-code":908,"test-code":318},"jonasgwt":{"docs":201,"functional-code":529,"test-code":623,"other":5},"chm252":{"docs":144,"functional-code":150,"test-code":247},"carriezhengjr":{"docs":313,"functional-code":383,"test-code":608}},"authorContributionVariance":{"ElijahS67":49429.492,"sltsheryl":50661.375,"jonasgwt":32722.736,"chm252":2888.036,"carriezhengjr":15837.931},"authorDisplayNameMap":{"ElijahS67":"CS2103T-T11-4 SEAH..IJAH","sltsheryl":"CS2103T-T11-4 SHER.. TAN","jonasgwt":"CS2103T-T11-4 GOH ..ONAS","chm252":"CS2103T-T11-4 CHIN..MING","carriezhengjr":"CS2103T-T11-4 ZHEN..ARUI"}}
