{"authorDailyContributionsMap":{"yuxuanleong":[{"date":"2022-09-27","commitResults":[{"hash":"34c8d423091b6876a6cb95f8bb08267b65601f11","messageTitle":"Update AboutUs.md","messageBody":"Add Yu Xuan\u0027s info, reformat hyperlinks for \u0027gihub\u0027 and \u0027portfolio\u0027, change Yang Xiang\u0027s image location from images/tracing to images\n","fileTypesAndContributionMap":{"docs":{"insertions":10,"deletions":10}}},{"hash":"8e72ad5e0f7c538a96d84b786844574e2ec15ba7","messageTitle":"Add Yu Xuan\u0027s PPP","messageBody":"","fileTypesAndContributionMap":{"docs":{"insertions":51,"deletions":56}}},{"hash":"d38bbb29cfcb8909738a5368906b042412de719a","messageTitle":"Update DG","messageBody":"","fileTypesAndContributionMap":{"docs":{"insertions":39,"deletions":17}}},{"hash":"ffe4131365a8d30755ebfbff4e10cd65c0802788","messageTitle":"Update UG and reorganise files","messageBody":"","fileTypesAndContributionMap":{"docs":{"insertions":148,"deletions":72}}}]},{"date":"2022-09-28","commitResults":[{"hash":"10986d30db66015a943fd622b30ae4abda81bab3","messageTitle":"Add more use cases in DG","messageBody":"","fileTypesAndContributionMap":{"docs":{"insertions":46,"deletions":12}}},{"hash":"2b1e8ef7fb96811f883949094d09dfa55f8c4ed0","messageTitle":"Update UG and AboutUs.md","messageBody":"","fileTypesAndContributionMap":{"docs":{"insertions":2,"deletions":2}}},{"hash":"aaf4e47f16859a6d4676140334943cb4a87f29f2","messageTitle":"Update UG","messageBody":"","fileTypesAndContributionMap":{"docs":{"insertions":53,"deletions":40}}},{"hash":"0011fdb88cae91256edb479b84275d47868e9b93","messageTitle":"Update README.md","messageBody":"","fileTypesAndContributionMap":{"docs":{"insertions":8,"deletions":11}}},{"hash":"534255c25d7a97bc098351c1e4f6588e1e8f813b","messageTitle":"Update README.md","messageBody":"","fileTypesAndContributionMap":{"docs":{"insertions":3,"deletions":1}}},{"hash":"e4d70d1d16fee5803ef595c5f6f5b603b44e05fe","messageTitle":"Finish README.md","messageBody":"","fileTypesAndContributionMap":{"docs":{"insertions":2,"deletions":2}}},{"hash":"dcacb432aca1a947e831fd13068a5aa19a496088","messageTitle":"Add a new line at EOF","messageBody":"","fileTypesAndContributionMap":{"docs":{"insertions":1,"deletions":1}}},{"hash":"857ae988ddc7293d6d9db32e3c3deaf9604d1b52","messageTitle":"Update Ui.png, README content","messageBody":"","fileTypesAndContributionMap":{"docs":{"insertions":8,"deletions":8}}}]},{"date":"2022-09-29","commitResults":[{"hash":"effb7aa7a279def4b0297541a9699b5dc6abebb9","messageTitle":"Remove unnecessary words","messageBody":"","fileTypesAndContributionMap":{"docs":{"insertions":7,"deletions":16}}}]},{"date":"2022-10-11","commitResults":[{"hash":"f0d346a85d3a8cdd010facde7fbc52969e4a1938","messageTitle":"Fix JavaDocs","messageBody":"","fileTypesAndContributionMap":{"functional-code":{"insertions":3,"deletions":3}}},{"hash":"a8a6610c21a8f84bd61b172176d268741905beab","messageTitle":"Update ModelManager.java and Model.java, fix JavaDocs, rearrange code blocks","messageBody":"","fileTypesAndContributionMap":{"functional-code":{"insertions":114,"deletions":31}}},{"hash":"98a72e2d422315fe9f0cb373db2611a4a67c0d3f","messageTitle":"Update UG and DG","messageBody":"Change attendance format to use INDEX for reference instead of NAME\n","fileTypesAndContributionMap":{"docs":{"insertions":19,"deletions":8}}},{"hash":"db6252a546e57ad5382cc639c8490814346d4c9e","messageTitle":"Add attendance command and parser","messageBody":"","fileTypesAndContributionMap":{"functional-code":{"insertions":116,"deletions":15}}}]},{"date":"2022-10-12","commitResults":[{"hash":"9880bf956e5d4fe2e1eb25179e76938e2ec504a0","messageTitle":"Add storage for Student","messageBody":"","fileTypesAndContributionMap":{"functional-code":{"insertions":116,"deletions":14}}},{"hash":"bb64e5e2a149a2d99fce9b184f392fee79796225","messageTitle":"Fix minor bugs","messageBody":"","fileTypesAndContributionMap":{"functional-code":{"insertions":9,"deletions":2}}},{"hash":"3b496d257adcd3883d265e8a1adeb661678277c6","messageTitle":"Update MarkTutorialCommand.java to show correct MESSAGE_MARKTUT_SUCCESS","messageBody":"","fileTypesAndContributionMap":{"functional-code":{"insertions":1,"deletions":1}}},{"hash":"d013eff71326c4cc9549c5c00e2dba714b13b3ea","messageTitle":"Add DeleteStuCommand and related classes","messageBody":"","fileTypesAndContributionMap":{"functional-code":{"insertions":5,"deletions":2}}},{"hash":"3dfb48fd7fbfdbef92750957bef9b553f21b7956","messageTitle":"Add DeleteStuCommand and related classes","messageBody":"","fileTypesAndContributionMap":{"functional-code":{"insertions":84,"deletions":0}}},{"hash":"866a0a904ab9b3933f3fbb212688e2169fbadb74","messageTitle":"Fix some import order","messageBody":"","fileTypesAndContributionMap":{"functional-code":{"insertions":6,"deletions":4}}},{"hash":"8d279ccdd58b12a04429250591ee78cdc6436204","messageTitle":"Fix import order","messageBody":"","fileTypesAndContributionMap":{"functional-code":{"insertions":37,"deletions":27}}},{"hash":"6be67b548204403baf627b5eb93667df4bd2cbbc","messageTitle":"Fix import order for TutorialCard","messageBody":"","fileTypesAndContributionMap":{"functional-code":{"insertions":0,"deletions":3}}},{"hash":"7e83e3fa332bc738f70b64a2ff42c0ee36bf7728","messageTitle":"Comment out JsonSerializableAddressBookTest.java for Persons","messageBody":"","fileTypesAndContributionMap":{"test-code":{"insertions":47,"deletions":47}}}]},{"date":"2022-10-18","commitResults":[{"hash":"ccd08d8130621a9633be070a2951785554aaa908","messageTitle":"Add helpstu command and update necessary files","messageBody":"","fileTypesAndContributionMap":{"functional-code":{"insertions":169,"deletions":20}}},{"hash":"c49160afb2f10039a46c9304163fa07e8077db9b","messageTitle":"Fix import order","messageBody":"","fileTypesAndContributionMap":{"functional-code":{"insertions":27,"deletions":14}}},{"hash":"a77fdc0e44bf45319745c3885d1b1ccd91988deb","messageTitle":"Fix checkstyle","messageBody":"","fileTypesAndContributionMap":{"functional-code":{"insertions":2,"deletions":2}}},{"hash":"2e812852e12995ba7e0b5b944f432c130fd5dfae","messageTitle":"Add missing parameter for Student in StudentBuilder","messageBody":"","fileTypesAndContributionMap":{"test-code":{"insertions":14,"deletions":2}}},{"hash":"7489f0f42cc6a1996c4cc3f8b5759cdc3b6fb440","messageTitle":"Change the shade of red for help tag background","messageBody":"","fileTypesAndContributionMap":{"functional-code":{"insertions":1,"deletions":1}}}]},{"date":"2022-10-19","commitResults":[{"hash":"c38eb6e434095e36bfb87b995be20baaf005272a","messageTitle":"Enable assertions","messageBody":"","fileTypesAndContributionMap":{"other":{"insertions":5,"deletions":1}}},{"hash":"62f15179cbd5a6b14e8b94c6b558d91025a91855","messageTitle":"Add unhelpstu command","messageBody":"","fileTypesAndContributionMap":{"functional-code":{"insertions":108,"deletions":0}}},{"hash":"06319ff6ca4f172c78b4477f433ba6851f4de02a","messageTitle":"Remove unused import","messageBody":"","fileTypesAndContributionMap":{"functional-code":{"insertions":0,"deletions":1}}}]},{"date":"2022-10-21","commitResults":[{"hash":"da8bb4245874ddb399f05b3be10d89108fdc7ccf","messageTitle":"Update DG for Attendance","messageBody":"","fileTypesAndContributionMap":{"docs":{"insertions":42,"deletions":2}}},{"hash":"19c80f070fe94eb65a94746ded6bb9eb306e9100","messageTitle":"Finalise content for implementation of attendance","messageBody":"","fileTypesAndContributionMap":{"docs":{"insertions":6,"deletions":2}}},{"hash":"e61db7f0008404a9f3176bbbc7b0de8aae3bca9a","messageTitle":"Update DG","messageBody":"","fileTypesAndContributionMap":{"docs":{"insertions":5,"deletions":2}}},{"hash":"69be8599248d850a9bb53c19f4d27f77c8349396","messageTitle":"Fix Java CI","messageBody":"","fileTypesAndContributionMap":{"functional-code":{"insertions":2,"deletions":4}}}]},{"date":"2022-10-22","commitResults":[{"hash":"62c7ea8498cee8f44602e1461eeaff5397393d9b","messageTitle":"Add diagrams for Attendance\u0027s implementation in DG","messageBody":"","fileTypesAndContributionMap":{"docs":{"insertions":131,"deletions":3}}},{"hash":"84b457cbc9600c5f854a18250cea5c06feded652","messageTitle":"Fix Java CI","messageBody":"","fileTypesAndContributionMap":{"functional-code":{"insertions":2,"deletions":4}}}]},{"date":"2022-10-26","commitResults":[{"hash":"fc80313f908393b9572db326ca2791fbc1af4148","messageTitle":"Update Time.java","messageBody":"","fileTypesAndContributionMap":{"functional-code":{"insertions":25,"deletions":16}}},{"hash":"268b6a5f4334e5b19cfcad14732e596823be3b22","messageTitle":"Rearrange and rename code","messageBody":"","fileTypesAndContributionMap":{"functional-code":{"insertions":47,"deletions":25}}},{"hash":"fd6bd335d1ff048b44f3c37c818792a9fe072db4","messageTitle":"Fix checkstyle","messageBody":"","fileTypesAndContributionMap":{"functional-code":{"insertions":3,"deletions":3}}},{"hash":"2acc42e9a26a0c5ff9da7443088129cab75a31b9","messageTitle":"Make headers uneditable","messageBody":"","fileTypesAndContributionMap":{"functional-code":{"insertions":3,"deletions":3}}},{"hash":"90b6e74d292403d01d4567c0f6a214d644c309dd","messageTitle":"Update tests related to Tutorial","messageBody":"","fileTypesAndContributionMap":{"test-code":{"insertions":9,"deletions":9}}}]},{"date":"2022-10-27","commitResults":[{"hash":"fd3a927bfbbec0bf322527886279cec65771fe6d","messageTitle":"Update deletestu, helpstu, attendance","messageBody":"","fileTypesAndContributionMap":{"docs":{"insertions":11,"deletions":12}}},{"hash":"55af375a46a39f53dffe3cb4cfdf23062c1e5572","messageTitle":"Update Logic component in DG","messageBody":"","fileTypesAndContributionMap":{"docs":{"insertions":12,"deletions":13}}}]},{"date":"2022-10-28","commitResults":[{"hash":"010d6d0233585de48379e5c0063ca72fc2123e79","messageTitle":"Update addtut details in UG","messageBody":"change the format to YYYY-MM-DD HHmm\n","fileTypesAndContributionMap":{"docs":{"insertions":5,"deletions":5}}}]}],"qiaoen17":[{"date":"2022-09-19","commitResults":[{"hash":"92e19e457274687d8b8c4a620a0f791514333f23","messageTitle":"Add PPP Skeleton for qiaoen17","messageBody":"","fileTypesAndContributionMap":{"docs":{"insertions":69,"deletions":0}}}]},{"date":"2022-09-22","commitResults":[{"hash":"e4264c2f6e4fdfa24ca1191e2e6eab3edfd67896","messageTitle":"Edit UserGuide.md, AboutUs.md","messageBody":"","fileTypesAndContributionMap":{"docs":{"insertions":68,"deletions":15}}}]},{"date":"2022-09-24","commitResults":[{"hash":"af16a746b525c82ea72c53842ae630dbaf5662c0","messageTitle":"Edits DeveloperGuide.md","messageBody":"","fileTypesAndContributionMap":{"docs":{"insertions":71,"deletions":9}}}]},{"date":"2022-09-28","commitResults":[{"hash":"6887258b069cc0e10f7df6ad48fe8c33f23d7446","messageTitle":"Edits formatting, target user profile, non-functional requirements and value proposition","messageBody":"","fileTypesAndContributionMap":{"docs":{"insertions":91,"deletions":92}}}]},{"date":"2022-10-09","commitResults":[{"hash":"583e8fcde441b0cbf406692319b22a669bd50466","messageTitle":"Add marktutorial without UI","messageBody":"","fileTypesAndContributionMap":{"functional-code":{"insertions":114,"deletions":5}}},{"hash":"226f79892aff2ccce216554d3e3a58d9749cd4f6","messageTitle":"Fix checkstyle errors","messageBody":"","fileTypesAndContributionMap":{"functional-code":{"insertions":20,"deletions":8}}},{"hash":"50b260e7223d201546c398ea68aa5aac7965bd45","messageTitle":"Rearrange import order","messageBody":"","fileTypesAndContributionMap":{"functional-code":{"insertions":2,"deletions":3}}},{"hash":"5f9e544928c757c5ae73ee504659a6581c082f2b","messageTitle":"Added requireNonNull to MarkTutorialCommand.java","messageBody":"","fileTypesAndContributionMap":{"functional-code":{"insertions":2,"deletions":2}}},{"hash":"eacbf4cd56bee5f464d5b5d15916b9818c96b4e4","messageTitle":"Resolve more safety issues","messageBody":"","fileTypesAndContributionMap":{"functional-code":{"insertions":3,"deletions":3}}},{"hash":"68cde436c0b0b7e9b0eb2d96df3780fbc8592097","messageTitle":"Add exceptions for student class","messageBody":"","fileTypesAndContributionMap":{"functional-code":{"insertions":17,"deletions":0}}}]},{"date":"2022-10-10","commitResults":[{"hash":"1e358610e4dde4738910de1d77f4e7fd6900fa25","messageTitle":"Add student functions to AddressBook.java, Model.java, UniqueStudentList.java, to support addresponse","messageBody":"","fileTypesAndContributionMap":{"functional-code":{"insertions":231,"deletions":0}}}]},{"date":"2022-10-11","commitResults":[{"hash":"e8a333fc6c508c9651db256050ca5504823990b3","messageTitle":"Implement AddResponse command","messageBody":"","fileTypesAndContributionMap":{"functional-code":{"insertions":119,"deletions":10},"test-code":{"insertions":75,"deletions":0}}},{"hash":"a8343947e4074f3bdd003b8e9e99008edc3e332d","messageTitle":"Fix checkstyle errors","messageBody":"","fileTypesAndContributionMap":{"functional-code":{"insertions":19,"deletions":11}}},{"hash":"6ea2940074cb4bc46745858c391e41ebd7d3b57d","messageTitle":"Rearrange import order","messageBody":"","fileTypesAndContributionMap":{"functional-code":{"insertions":2,"deletions":4}}},{"hash":"3a7ad216d6dededb260f3bf9a7708793596b8a99","messageTitle":"Fix minor checkstyle errors","messageBody":"","fileTypesAndContributionMap":{"functional-code":{"insertions":3,"deletions":2}}},{"hash":"55f90c76b540549e2e3d32e0048155c9350db2e5","messageTitle":"Fix import spaces","messageBody":"","fileTypesAndContributionMap":{"functional-code":{"insertions":0,"deletions":1}}},{"hash":"c53a7254329281f559287e3d90e87695bd5b18bf","messageTitle":"Fix compatibility issues","messageBody":"","fileTypesAndContributionMap":{"functional-code":{"insertions":2,"deletions":5}}}]},{"date":"2022-10-12","commitResults":[{"hash":"3df70c19c825a806ca14317e068a2d6c40ecd8b0","messageTitle":"Changed name to StuName, email to StuEmail","messageBody":"","fileTypesAndContributionMap":{"functional-code":{"insertions":11,"deletions":11}}}]},{"date":"2022-10-20","commitResults":[{"hash":"c461dd17c3efe9ca81d8b7b7662daea5cfee2500","messageTitle":"Add feature implementation to Developer Guide","messageBody":"","fileTypesAndContributionMap":{"docs":{"insertions":51,"deletions":0}}}]},{"date":"2022-10-21","commitResults":[{"hash":"5bfce3c5587abfaa7ba175660c2de0a65ebd1d3d","messageTitle":"Fix syntax error in UndoRedoState puml files","messageBody":"","fileTypesAndContributionMap":{"docs":{"insertions":6,"deletions":6}}},{"hash":"8ba3521637f1524a3ab7b48cba7500da9366c6c1","messageTitle":"Draw AddResponse Activity Diagram","messageBody":"","fileTypesAndContributionMap":{"docs":{"insertions":37,"deletions":0}}},{"hash":"09bed375e39b08860db6eeb4ca775b895799275b","messageTitle":"Commit correct AddResponseSequenceDiagram and edit AddResponseActivityDiagram","messageBody":"","fileTypesAndContributionMap":{"docs":{"insertions":112,"deletions":28}}},{"hash":"39fe7045d7f9f1c6f99306f0e8580213897724f1","messageTitle":"Add diagram to developer guide","messageBody":"","fileTypesAndContributionMap":{"docs":{"insertions":5,"deletions":3}}}]},{"date":"2022-10-23","commitResults":[{"hash":"65fd248eed7cd7fa4d7b872f739ecb4c259d0c6a","messageTitle":"Add unmarktut feature","messageBody":"","fileTypesAndContributionMap":{"functional-code":{"insertions":113,"deletions":25}}},{"hash":"93e3e426ce9db92527f5aeac2395ed6386a62d0f","messageTitle":"Minor fixes to UI for tutorial class: - split date and time to show them separately - changed message for unmarktut and marktut","messageBody":"","fileTypesAndContributionMap":{"functional-code":{"insertions":18,"deletions":5}}},{"hash":"5c14a013ac97cfe5c4845106a289550e0afb49d3","messageTitle":"Fix success message for addresponse","messageBody":"","fileTypesAndContributionMap":{"functional-code":{"insertions":2,"deletions":2}}},{"hash":"00e36d49f18cb8d21ebf88354d52a97c3bb2037d","messageTitle":"Fix checkstyle","messageBody":"","fileTypesAndContributionMap":{"functional-code":{"insertions":27,"deletions":1}}},{"hash":"9bf8d2079e00a62158556e7a9f636f7e06336b9a","messageTitle":"More checkstyle fixes","messageBody":"","fileTypesAndContributionMap":{"functional-code":{"insertions":1,"deletions":0}}},{"hash":"1233ef2c57bde5f2d086baceaf8a0b1476fced38","messageTitle":"Fix checkstyle","messageBody":"","fileTypesAndContributionMap":{"functional-code":{"insertions":0,"deletions":1}}},{"hash":"8df7fd956005cce4aad9a8300003733abf8fc1c2","messageTitle":"Add uniqueStudentList tests and Response tests","messageBody":"","fileTypesAndContributionMap":{"test-code":{"insertions":218,"deletions":0}}},{"hash":"479e4fd13c86e1f206e0d105e0a79bde1bd6a19b","messageTitle":"Correct tests to pass checks","messageBody":"","fileTypesAndContributionMap":{"test-code":{"insertions":2,"deletions":7}}},{"hash":"878fa4906c6e4f36ed24133539f0d179401e2c4c","messageTitle":"Fix checkstyle","messageBody":"","fileTypesAndContributionMap":{"functional-code":{"insertions":0,"deletions":1}}},{"hash":"64ad68b0c9b0f8e58f89c7e20a902d150ba31b51","messageTitle":"Fix more checkstyle","messageBody":"","fileTypesAndContributionMap":{"test-code":{"insertions":4,"deletions":4}}},{"hash":"616a6b79557c31c96564c746c8bae38bc13b0f71","messageTitle":"Fix more checkstyle errors","messageBody":"","fileTypesAndContributionMap":{"test-code":{"insertions":3,"deletions":3}}},{"hash":"48b1295c657cace0ffd6fd9e16f2f1a5a533b8e0","messageTitle":"Blank out constructor test temporarily","messageBody":"","fileTypesAndContributionMap":{"test-code":{"insertions":2,"deletions":2}}}]},{"date":"2022-10-24","commitResults":[{"hash":"3ce1e455df34215e90c5326abd91d187fa13fb64","messageTitle":"add uniquetutoriallist test","messageBody":"","fileTypesAndContributionMap":{"test-code":{"insertions":309,"deletions":0}}},{"hash":"63b8186de701ceca4d1c161ff989b3f8bd76c858","messageTitle":"Fix checkstyle","messageBody":"","fileTypesAndContributionMap":{"functional-code":{"insertions":0,"deletions":1}}},{"hash":"cd0b2b7ed3ae5ea2ee907106ce0e1d067a18e583","messageTitle":"Fix more checkstyle","messageBody":"","fileTypesAndContributionMap":{"test-code":{"insertions":7,"deletions":4}}}]},{"date":"2022-10-25","commitResults":[{"hash":"f805f421a2f44174580b23512bc9c0ce10e71357","messageTitle":"Remove dead code","messageBody":"","fileTypesAndContributionMap":{"test-code":{"insertions":0,"deletions":6}}},{"hash":"8607971034d84f4f84c53fef9e1bf1bd62b38ff2","messageTitle":"Update the Developer\u0027s Guide by rearranging user stories, standardize format, add more manual testing, remove unused test cases","messageBody":"","fileTypesAndContributionMap":{"docs":{"insertions":161,"deletions":240}}},{"hash":"8787177feacf58508bee799c2fdc324eae340e2b","messageTitle":"Add unmarktut and edit command summary","messageBody":"","fileTypesAndContributionMap":{"docs":{"insertions":28,"deletions":13}}},{"hash":"50695d9c84d28c0b63873404da67eba35397f3e2","messageTitle":"Edit description","messageBody":"","fileTypesAndContributionMap":{"docs":{"insertions":4,"deletions":4}}}]},{"date":"2022-10-27","commitResults":[{"hash":"260c18d81df05ddd850df4e83cae4aaa7fc04f16","messageTitle":"edit findstu and minor mistakes","messageBody":"","fileTypesAndContributionMap":{"docs":{"insertions":3,"deletions":3}}},{"hash":"c3e67788e22a5a56dbd7502a8610ed8c54af010b","messageTitle":"update ci status to point to correct area","messageBody":"","fileTypesAndContributionMap":{"docs":{"insertions":1,"deletions":1}}}]},{"date":"2022-10-28","commitResults":[{"hash":"b51dd817163b669569ab2b48da53d469b6106871","messageTitle":"Add in Unmarktut and Marktut command tests","messageBody":"","fileTypesAndContributionMap":{"test-code":{"insertions":154,"deletions":0}}},{"hash":"d488244e94dcefeed3f8e82858dee0d02c18b1bd","messageTitle":"Revert \"Add in Unmarktut and Marktut command tests\"","messageBody":"This reverts commit b51dd817163b669569ab2b48da53d469b6106871.\n","fileTypesAndContributionMap":{"test-code":{"insertions":0,"deletions":154}}},{"hash":"af6212986b226d7dccc1688747503fd1e598061e","messageTitle":"Revert \"Revert \"Add in Unmarktut and Marktut command tests\"\"","messageBody":"This reverts commit d488244e94dcefeed3f8e82858dee0d02c18b1bd.\n","fileTypesAndContributionMap":{"test-code":{"insertions":154,"deletions":0}}},{"hash":"e0af34bfc5dc96543ab86028c87758315de15320","messageTitle":"Add Unmarktutparser and marktutparser tests","messageBody":"","fileTypesAndContributionMap":{"test-code":{"insertions":49,"deletions":0}}},{"hash":"3403b74684db9e606aeda1eaea6cf40c22be3802","messageTitle":"Add addresponse and addresponseparser test","messageBody":"","fileTypesAndContributionMap":{"functional-code":{"insertions":1,"deletions":1},"test-code":{"insertions":99,"deletions":0}}},{"hash":"05dd7f02aaaf4cc5a5a5392b2ef5b3f9a85ba188","messageTitle":"Fix checkstyle","messageBody":"","fileTypesAndContributionMap":{"other":{"insertions":5,"deletions":4},"test-code":{"insertions":44,"deletions":39}}},{"hash":"5bdaa730f97c24d84409c595354c976d7efd49d4","messageTitle":"Fix more checkstyle","messageBody":"","fileTypesAndContributionMap":{"test-code":{"insertions":12,"deletions":12}}}]},{"date":"2022-10-29","commitResults":[{"hash":"010be240f2b7422e7e568dbe119daf99114195db","messageTitle":"Fix word wrap issue","messageBody":"","fileTypesAndContributionMap":{"functional-code":{"insertions":15,"deletions":12}}}]}],"Shawn532":[{"date":"2022-09-27","commitResults":[{"hash":"bb5ad46e40a7f6f57cabe174af04bd0714256788","messageTitle":"Edit AboutUs","messageBody":"","fileTypesAndContributionMap":{"docs":{"insertions":3,"deletions":3}}},{"hash":"b52a9c316dd121358f71592af86d21f14ce6aa24","messageTitle":"Update the userguide.","messageBody":"","fileTypesAndContributionMap":{"docs":{"insertions":31,"deletions":1}}},{"hash":"d3472c8ca724ce6f13c77dfc51ae703a1b86d093","messageTitle":"Add PPP for Shawn532","messageBody":"","fileTypesAndContributionMap":{"docs":{"insertions":52,"deletions":0}}},{"hash":"c994a8ec4ffc171eb2d7bffb180756178d6de0f5","messageTitle":"Update the DeveloperGuide for Shawn532","messageBody":"","fileTypesAndContributionMap":{"docs":{"insertions":53,"deletions":1}}}]},{"date":"2022-09-28","commitResults":[{"hash":"3f47a0250112f627641efbb5580517994b8dea40","messageTitle":"Improve the grammar","messageBody":"","fileTypesAndContributionMap":{"docs":{"insertions":6,"deletions":6}}},{"hash":"e8dd990dd52a7912951bbd074895242136715b9c","messageTitle":"Fix some minor errors.","messageBody":"","fileTypesAndContributionMap":{"docs":{"insertions":1,"deletions":1}}},{"hash":"d5483b88a16cc18cde63200643a443045a649256","messageTitle":"Update UserGuide.md","messageBody":"","fileTypesAndContributionMap":{"docs":{"insertions":1,"deletions":1}}},{"hash":"b22ad55d69a9dff0524d6c3e5728c3bfc2cae9e4","messageTitle":"Update Java CI","messageBody":"","fileTypesAndContributionMap":{"docs":{"insertions":2,"deletions":2}}},{"hash":"bd5e9056ec79a2c43f067748849993713856c82c","messageTitle":"Update and format the file","messageBody":"","fileTypesAndContributionMap":{"docs":{"insertions":327,"deletions":258}}}]},{"date":"2022-10-04","commitResults":[{"hash":"b32f0d13b0671ad8a65d700d32f976fe93ef708c","messageTitle":"Add several lines to make it look nicer","messageBody":"","fileTypesAndContributionMap":{"docs":{"insertions":49,"deletions":2}}},{"hash":"48edb620a9413460706551b850471263b57a7deb","messageTitle":"Delete the extensions for the list commands","messageBody":"","fileTypesAndContributionMap":{"docs":{"insertions":1,"deletions":10}}},{"hash":"8c2fde015d5603a875d9112c680cb667da7f1ccb","messageTitle":"Delete the extensions for the list commands","messageBody":"","fileTypesAndContributionMap":{"docs":{"insertions":0,"deletions":1}}}]},{"date":"2022-10-05","commitResults":[{"hash":"0b4190243712ad3beb897d5908fef83750c42483","messageTitle":"Create a new addtut command","messageBody":"","fileTypesAndContributionMap":{"functional-code":{"insertions":17,"deletions":0}}},{"hash":"3f9e773c5cb4a38cfc140aebf7056d4ea08b0ad7","messageTitle":"Hook AddTutorialCommand into the application","messageBody":"","fileTypesAndContributionMap":{"functional-code":{"insertions":26,"deletions":13}}},{"hash":"0f025f8e0784d992fdb357ff6b7320d675335ae9","messageTitle":"Create Tutorial, Content, Group, Time classes","messageBody":"","fileTypesAndContributionMap":{"functional-code":{"insertions":92,"deletions":0}}},{"hash":"94f0e3cb8a9c39f82756133858a816bb4853b5b7","messageTitle":"Update the Content class","messageBody":"","fileTypesAndContributionMap":{"functional-code":{"insertions":52,"deletions":0}}},{"hash":"cc91269a1f25787b7b40f28e1d5769dac79414ee","messageTitle":"Update Content Group Time classes","messageBody":"","fileTypesAndContributionMap":{"functional-code":{"insertions":102,"deletions":2}}},{"hash":"fd1ff6e70b7b472c07c15ce816761e35f07dbf1f","messageTitle":"Update the AddTutorialCommand class to accept parameters","messageBody":"","fileTypesAndContributionMap":{"functional-code":{"insertions":48,"deletions":4}}},{"hash":"669bc7b71675258061ad4298fe8a77459c672deb","messageTitle":"Parse the user input","messageBody":"Need to change the parsing of time later\n","fileTypesAndContributionMap":{"functional-code":{"insertions":93,"deletions":0},"test-code":{"insertions":3,"deletions":0}}},{"hash":"a63ebc77e7ea94c235f84ead85d0623ab0303038","messageTitle":"Fix a bug in the Time class","messageBody":"","fileTypesAndContributionMap":{"functional-code":{"insertions":3,"deletions":2}}},{"hash":"fa1e5d76216f55eb5068c18f4ec25907e8f9639d","messageTitle":"no message","messageBody":"","fileTypesAndContributionMap":{"functional-code":{"insertions":2,"deletions":0}}}]},{"date":"2022-10-06","commitResults":[{"hash":"28afa32083b79be866b02f56be312f4ddddf096c","messageTitle":"Fix the formatting issues","messageBody":"","fileTypesAndContributionMap":{"functional-code":{"insertions":55,"deletions":42}}},{"hash":"c0c88f56d1457c2f99d05f57442381686f27d768","messageTitle":"Fix Java CI issues","messageBody":"","fileTypesAndContributionMap":{"functional-code":{"insertions":6,"deletions":5}}},{"hash":"de0c197d681a2347689fe9d0fe9f28f13f3f368e","messageTitle":"Fix Java CI issues","messageBody":"","fileTypesAndContributionMap":{"functional-code":{"insertions":1,"deletions":1}}},{"hash":"82da2f080903ad853995bfc1192c218d191edb33","messageTitle":"Create two exception classes under tutorial package","messageBody":"","fileTypesAndContributionMap":{"functional-code":{"insertions":19,"deletions":0}}},{"hash":"c42456a8ec99cc507a3c3fb45e8ec5eef48293e1","messageTitle":"Update the Tutorial class to include a isSameTutorial method","messageBody":"","fileTypesAndContributionMap":{"functional-code":{"insertions":13,"deletions":0}}},{"hash":"8ab5a017dd08f7352a80efccf19f4bf90cf672cb","messageTitle":"Add the DeleteTutorialCommand class","messageBody":"","fileTypesAndContributionMap":{"functional-code":{"insertions":50,"deletions":0}}},{"hash":"f8e4e535e0ccb7de0ea2043a124699b9b3910757","messageTitle":"Parse the deleteTutorialCommand input","messageBody":"","fileTypesAndContributionMap":{"functional-code":{"insertions":31,"deletions":0}}},{"hash":"c4c5f6f26cd54d15d14f2d88260266e7a5eaf674","messageTitle":"Update the Model interface and ModelManager class to include tutorials","messageBody":"","fileTypesAndContributionMap":{"functional-code":{"insertions":64,"deletions":0}}},{"hash":"5e4c83ce55c75f54cc342b5beefbe160ac3aa271","messageTitle":"Add a UniqueTutorialList class","messageBody":"","fileTypesAndContributionMap":{"functional-code":{"insertions":136,"deletions":0}}},{"hash":"c0889862c094526e58bf53787effd0f1a1eadf48","messageTitle":"Update the ReadOnlyAddressBook interface and AddressBook to include tutorials","messageBody":"","fileTypesAndContributionMap":{"functional-code":{"insertions":8,"deletions":0}}},{"hash":"6770e7a113a41055493b75da6d4898204ffc29e0","messageTitle":"Update ModelManager to include tutorial list accessors","messageBody":"","fileTypesAndContributionMap":{"functional-code":{"insertions":23,"deletions":7}}},{"hash":"06a17889d4a43516ed9b2506b3b474bf7cab598b","messageTitle":"Update AddressBook and Model.java to implement the interface","messageBody":"","fileTypesAndContributionMap":{"functional-code":{"insertions":51,"deletions":3}}},{"hash":"9634faba6fdba8ec90a068398a6a042758866490","messageTitle":"Update the AddTutorialCommand class so that it stores information into the model","messageBody":"","fileTypesAndContributionMap":{"functional-code":{"insertions":14,"deletions":4}}},{"hash":"b54468909de41f8039c5b869af85271074cc8244","messageTitle":"Update the DeleteTutorialCommand so that it stores information into the model","messageBody":"","fileTypesAndContributionMap":{"functional-code":{"insertions":13,"deletions":13}}},{"hash":"36598b954b1ef1c6753f8493b65225e0e45c5445","messageTitle":"Fix Java CI issues","messageBody":"","fileTypesAndContributionMap":{"functional-code":{"insertions":18,"deletions":13}}},{"hash":"c9bda1dca704631db41c2076c4b63a808e188134","messageTitle":"FIx the order of the import statement","messageBody":"","fileTypesAndContributionMap":{"functional-code":{"insertions":3,"deletions":2}}},{"hash":"84e27d6987e17175131fc6633f2a0fe3f7ce63ee","messageTitle":"Update the test files to solve abstract methods not implemented issues","messageBody":"","fileTypesAndContributionMap":{"test-code":{"insertions":44,"deletions":0}}}]},{"date":"2022-10-11","commitResults":[{"hash":"80a925b02f002d210bed759db752f840e9fdabed","messageTitle":"Add tutorial in JsonSerializableAddressBook","messageBody":"","fileTypesAndContributionMap":{"functional-code":{"insertions":17,"deletions":3}}},{"hash":"6aaf908fab8b3486ff69bfd3aca8020d266b2edd","messageTitle":"Create JsonAdapted Tutorial","messageBody":"","fileTypesAndContributionMap":{"functional-code":{"insertions":81,"deletions":0}}},{"hash":"5c071eace0f87bb47cdd89bb1413da9f666bd6ac","messageTitle":"Include person in MainWindow","messageBody":"","fileTypesAndContributionMap":{"functional-code":{"insertions":15,"deletions":8}}},{"hash":"453223304c3d680c5881fb653fa038c8b19ec90c","messageTitle":"Update the MainWindow.fxml","messageBody":"","fileTypesAndContributionMap":{"functional-code":{"insertions":0,"deletions":7}}},{"hash":"d48f51ebe4b40b6136975156a0fc23e30e567318","messageTitle":"Create a TutorialCard class","messageBody":"","fileTypesAndContributionMap":{"functional-code":{"insertions":73,"deletions":0}}},{"hash":"46053523ef79255dd1b9930a0b2d00c115b11e8f","messageTitle":"Update the Logic and LogicManager to include tutorials","messageBody":"","fileTypesAndContributionMap":{"functional-code":{"insertions":10,"deletions":0}}},{"hash":"4a16891e857f7230dbd96ecf4e35fe9667a092f6","messageTitle":"Create TutorialListPanel","messageBody":"","fileTypesAndContributionMap":{"functional-code":{"insertions":49,"deletions":0}}},{"hash":"1af0cb8dd1503b45f02d1e16e3a30d00629b1021","messageTitle":"Update MainWindow.java and MainWindow.fxml","messageBody":"","fileTypesAndContributionMap":{"functional-code":{"insertions":14,"deletions":0}}},{"hash":"7463ee64d73631dea7eace755b7f19adba2792d8","messageTitle":"Fix a typo","messageBody":"","fileTypesAndContributionMap":{"functional-code":{"insertions":1,"deletions":1}}}]},{"date":"2022-10-12","commitResults":[{"hash":"209818590ab75811022abd3e079313e1b24d7fbd","messageTitle":"Create TutorialListCard.fxml and TutoriaListPanel.fxml","messageBody":"","fileTypesAndContributionMap":{"functional-code":{"insertions":45,"deletions":0}}},{"hash":"be9e7dc1b3925a607855f05392a4bc67b44c1ecb","messageTitle":"Update AddressBook.java so that the information can be correctly stored","messageBody":"","fileTypesAndContributionMap":{"functional-code":{"insertions":6,"deletions":1}}},{"hash":"53176929a0da86aee85e392e489958d817be9624","messageTitle":"Update MainWindow to make the three components horizontal","messageBody":"","fileTypesAndContributionMap":{"functional-code":{"insertions":51,"deletions":32}}},{"hash":"6c1f9e96739231fd983b19fe0edcfa14cba182e7","messageTitle":"Change to location of the Ui.png","messageBody":"","tags":["v1.2"],"fileTypesAndContributionMap":{"docs":{"insertions":2,"deletions":2}}}]},{"date":"2022-10-13","commitResults":[{"hash":"7e2e38269e2c483371c8936332f28433129f0bf3","messageTitle":"Include three not very good looking headers","messageBody":"","fileTypesAndContributionMap":{"functional-code":{"insertions":10,"deletions":7}}},{"hash":"4665fb1b592e651b4bf0da744699d5cb810e18cf","messageTitle":"Add Check mark","messageBody":"","fileTypesAndContributionMap":{"functional-code":{"insertions":6,"deletions":3}}}]},{"date":"2022-10-18","commitResults":[{"hash":"2af82997097ca08d3b779f1c9e29ad02fac92f86","messageTitle":"Change the UI","messageBody":"","fileTypesAndContributionMap":{"functional-code":{"insertions":46,"deletions":30}}}]}],"Dilysss":[{"date":"2022-09-24","commitResults":[{"hash":"84ecaea87e8e8cbdf9e9dacbd5a7e270968e0bd1","messageTitle":"Update UG","messageBody":"","fileTypesAndContributionMap":{"docs":{"insertions":149,"deletions":62}}}]},{"date":"2022-09-28","commitResults":[{"hash":"eabb71773c9e0fe3032d9f077547410124eb35b4","messageTitle":"Edit AboutUs.md","messageBody":"","fileTypesAndContributionMap":{"docs":{"insertions":1,"deletions":0}}},{"hash":"5284769d197c50dbb96ea270f22dd1f2a9099841","messageTitle":"Update UserGuide formatting","messageBody":"","fileTypesAndContributionMap":{"docs":{"insertions":15,"deletions":18}}},{"hash":"5563978939d355677cfd704421d5878f1f1270db","messageTitle":"Delete unnecessary lines in UserGuide","messageBody":"","fileTypesAndContributionMap":{"docs":{"insertions":0,"deletions":91}}},{"hash":"4c25606d9e8ed1315773ce4716f3ace874472d79","messageTitle":"Add UI Image","messageBody":"","fileTypesAndContributionMap":{"docs":{"insertions":2,"deletions":2}}}]},{"date":"2022-10-05","commitResults":[{"hash":"c2c1308a26951e6a5cfc64dc10f7aa289441af8a","messageTitle":"Add Attendance Class","messageBody":"","fileTypesAndContributionMap":{"functional-code":{"insertions":4,"deletions":0}}},{"hash":"ab7e1a7057d69745bbec830a1abfaf3572fc085f","messageTitle":"Add HelpTag Class","messageBody":"","fileTypesAndContributionMap":{"functional-code":{"insertions":4,"deletions":0}}},{"hash":"7c7a7f6d6c2fdf674030c82990b18c3be700d224","messageTitle":"Add Response Class","messageBody":"","fileTypesAndContributionMap":{"functional-code":{"insertions":4,"deletions":0}}},{"hash":"70823c213cddda9a6af2a2424808587f8cf3af9c","messageTitle":"Add Student Class","messageBody":"","fileTypesAndContributionMap":{"functional-code":{"insertions":114,"deletions":0}}},{"hash":"86f6fb673eec897577382d3f0f1f7bd073a4bc49","messageTitle":"Add Telegram Class","messageBody":"","fileTypesAndContributionMap":{"functional-code":{"insertions":4,"deletions":0}}},{"hash":"03fcfb502a342c6a743afef0b5af90f534642cfa","messageTitle":"Amend Attendance Class","messageBody":"","fileTypesAndContributionMap":{"functional-code":{"insertions":43,"deletions":0}}},{"hash":"77352e329590d3d3fffa14c43d1a8be2b6db3c8e","messageTitle":"Amend HelpTag Class","messageBody":"","fileTypesAndContributionMap":{"functional-code":{"insertions":37,"deletions":0}}},{"hash":"3b59c765d28afbfb009fba14925d846dbb9d4203","messageTitle":"Amend Response Class","messageBody":"","fileTypesAndContributionMap":{"functional-code":{"insertions":44,"deletions":0}}},{"hash":"c64afbe0af7adbc770a004f418d899161b1a9cce","messageTitle":"Amend Telegram Class","messageBody":"","fileTypesAndContributionMap":{"functional-code":{"insertions":50,"deletions":0}}},{"hash":"b13639c377dca69a30f46917c284c3ebafe28b3b","messageTitle":"Add student package","messageBody":"","fileTypesAndContributionMap":{"functional-code":{"insertions":132,"deletions":0},"other":{"insertions":8,"deletions":9}}},{"hash":"ea5720c8fe2675666dd52efbfada6109b8443050","messageTitle":"Edit Java CI","messageBody":"","fileTypesAndContributionMap":{"functional-code":{"insertions":18,"deletions":8}}}]},{"date":"2022-10-11","commitResults":[{"hash":"b937db105c69087f04233d17ffc6cbd0ff4d742a","messageTitle":"Add Attendance class","messageBody":"","fileTypesAndContributionMap":{"functional-code":{"insertions":48,"deletions":0}}},{"hash":"46bc56e65a82a07172a7258b64e982c5afa95706","messageTitle":"Add HelpTag Class","messageBody":"","fileTypesAndContributionMap":{"functional-code":{"insertions":49,"deletions":0}}},{"hash":"1203dd27eb1183332735d52a8ee977d4000974b5","messageTitle":"Add Response Class","messageBody":"","fileTypesAndContributionMap":{"functional-code":{"insertions":47,"deletions":0}}},{"hash":"3f23043aca4d7b03c98ec5027306ad1eb41f6852","messageTitle":"Add Student Class","messageBody":"","fileTypesAndContributionMap":{"functional-code":{"insertions":91,"deletions":0}}},{"hash":"678aa6e9f4084b75fc216de4f5753f65b18a4080","messageTitle":"Add Telegram Class","messageBody":"","fileTypesAndContributionMap":{"functional-code":{"insertions":42,"deletions":0}}},{"hash":"218b2264fe1c9256fc4a6c4f2d24336d527bb0f9","messageTitle":"Edit User Guide","messageBody":"","fileTypesAndContributionMap":{"docs":{"insertions":10,"deletions":8}}},{"hash":"d570c6aa40c0da3588e3e7b2e6adda9dcd3eda2f","messageTitle":"Add addstu command","messageBody":"","fileTypesAndContributionMap":{"functional-code":{"insertions":348,"deletions":285},"other":{"insertions":12,"deletions":12}}},{"hash":"da9b9441f4b930d26b5fe317a4d52a2efc491fd9","messageTitle":"Edit UserGuide","messageBody":"","fileTypesAndContributionMap":{"docs":{"insertions":1,"deletions":25}}},{"hash":"cfedcee735b86ea97fac1e9a970e5861b96deab8","messageTitle":"Add editstu command","messageBody":"","fileTypesAndContributionMap":{"functional-code":{"insertions":291,"deletions":3}}},{"hash":"6a074e4296a265b7e2aced4ad201a40e9784d4f7","messageTitle":"Fix checkstyle","messageBody":"","fileTypesAndContributionMap":{"functional-code":{"insertions":57,"deletions":48}}},{"hash":"e82743ecd20fc3b444c9b379e85822e9f608e2ef","messageTitle":"Edit checkstyle","messageBody":"","fileTypesAndContributionMap":{"functional-code":{"insertions":7,"deletions":6}}},{"hash":"0b3563e75b1d580696dafe6663bb2140f747ab98","messageTitle":"Remove Helptag","messageBody":"","fileTypesAndContributionMap":{"functional-code":{"insertions":5,"deletions":15}}},{"hash":"360db4b4fdee2f4c1abeafdaa4da8fb0572e3c88","messageTitle":"Remove unused import statements","messageBody":"","fileTypesAndContributionMap":{"functional-code":{"insertions":0,"deletions":2}}}]},{"date":"2022-10-12","commitResults":[{"hash":"1e66d39d104c1846a3a76862edcf2f6c48588d16","messageTitle":"Amend tutorial classes","messageBody":"","fileTypesAndContributionMap":{"functional-code":{"insertions":8,"deletions":6}}},{"hash":"bca7a2d651eca47d8e9768abcf7cad7350082648","messageTitle":"Amend tutorial classes","messageBody":"","fileTypesAndContributionMap":{"functional-code":{"insertions":1,"deletions":1}}},{"hash":"c2d0ff2fb7e73e3cb8a797896b196596af8838e6","messageTitle":"Amend Student UI","messageBody":"","fileTypesAndContributionMap":{"functional-code":{"insertions":25,"deletions":18}}},{"hash":"4e2ea90f147ce094bdc82df49119cdf305d9b773","messageTitle":"Amend Student UI","messageBody":"","fileTypesAndContributionMap":{"docs":{"insertions":1,"deletions":0}}}]},{"date":"2022-10-14","commitResults":[{"hash":"375aa816a74da63cc17dd5e7331c3f911004194f","messageTitle":"Add Student Class Tests","messageBody":"","fileTypesAndContributionMap":{"functional-code":{"insertions":23,"deletions":8},"test-code":{"insertions":279,"deletions":1}}},{"hash":"a712aa2fd92dcdf9134ba1e3fff3ff3836a05850","messageTitle":"Add StuName Tests","messageBody":"","fileTypesAndContributionMap":{"test-code":{"insertions":37,"deletions":0}}},{"hash":"eabbc6b61f0966224ad251ac4f484d95496cc899","messageTitle":"Add StuEmail branch","messageBody":"","fileTypesAndContributionMap":{"test-code":{"insertions":64,"deletions":0}}},{"hash":"c58e5785f7d5c53a3e37d8f705bc4dde6552dc5b","messageTitle":"Fix CI","messageBody":"","fileTypesAndContributionMap":{"test-code":{"insertions":2,"deletions":6}}},{"hash":"b65ac0624ca252590453473e6c1ee37f0d6c5c03","messageTitle":"Fix CI","messageBody":"","fileTypesAndContributionMap":{"test-code":{"insertions":2,"deletions":6}}}]},{"date":"2022-10-16","commitResults":[{"hash":"93410a14dc48b085895da41fca7be23747e99950","messageTitle":"Add Telegram Tests","messageBody":"","fileTypesAndContributionMap":{"functional-code":{"insertions":3,"deletions":3},"test-code":{"insertions":39,"deletions":0}}}]},{"date":"2022-10-18","commitResults":[{"hash":"f583fc19864855879dc048eb61daee099c84db46","messageTitle":"Update UI","messageBody":"","fileTypesAndContributionMap":{"functional-code":{"insertions":13,"deletions":9}}},{"hash":"ed4ebc5fddf8d67782857c0f1d60b210a48ac9a2","messageTitle":"Fix CI in StuNameTests","messageBody":"","fileTypesAndContributionMap":{"test-code":{"insertions":2,"deletions":6}}},{"hash":"a9f953a9cb75fd0034cbb1877b04ba8d97a4c794","messageTitle":"Fix Telegram Test CI","messageBody":"","fileTypesAndContributionMap":{"functional-code":{"insertions":1,"deletions":1}}},{"hash":"aedfe7da2f31b587d0b0bf19d98f7d6928d09758","messageTitle":"Add EditStuCommand Tests","messageBody":"","fileTypesAndContributionMap":{"functional-code":{"insertions":35,"deletions":1},"test-code":{"insertions":294,"deletions":0}}},{"hash":"4801ce32065500424bb239472e6fbb9a324a30d3","messageTitle":"Fix EditStuCommandTest CI","messageBody":"","fileTypesAndContributionMap":{"test-code":{"insertions":0,"deletions":5}}},{"hash":"f90932b807a769b74b110a696b04846f578fd5dc","messageTitle":"Edit UserGuide","messageBody":"","fileTypesAndContributionMap":{"docs":{"insertions":0,"deletions":19}}}]},{"date":"2022-10-20","commitResults":[{"hash":"d81990d888432cc2c9a44806aaf50dfabb920595","messageTitle":"Update DG for AddStu Command","messageBody":"","fileTypesAndContributionMap":{"docs":{"insertions":107,"deletions":0}}},{"hash":"1a52a2e8a234ea19ad8cd3765c51e04dcfcfba5e","messageTitle":"Update UI","messageBody":"","fileTypesAndContributionMap":{"functional-code":{"insertions":4,"deletions":4}}},{"hash":"edfed727001070a8ce5732d8dab972cabc147511","messageTitle":"Amend usage message for addstu","messageBody":"","fileTypesAndContributionMap":{"functional-code":{"insertions":7,"deletions":2}}}]},{"date":"2022-10-21","commitResults":[{"hash":"4383a23368d7ad990dc4c9c8a849ef4ad733d807","messageTitle":"Edit DG, UG and AddStu Command","messageBody":"","fileTypesAndContributionMap":{"functional-code":{"insertions":5,"deletions":4},"docs":{"insertions":38,"deletions":21}}},{"hash":"97e068932fe19a041ea45cde4335cd916c4c4e22","messageTitle":"Add Design Considerations in DG","messageBody":"","fileTypesAndContributionMap":{"docs":{"insertions":11,"deletions":0}}}]},{"date":"2022-10-22","commitResults":[{"hash":"996da7d4d093602ea6e0e2cdbbdd43d613835ed5","messageTitle":"Add FindStu and ListStu Commands","messageBody":"","fileTypesAndContributionMap":{"functional-code":{"insertions":113,"deletions":0},"docs":{"insertions":52,"deletions":5}}}]},{"date":"2022-10-25","commitResults":[{"hash":"87d26984d442943210d88c2195e8bd169d6b6df1","messageTitle":"Add AddStuCommandTest","messageBody":"","fileTypesAndContributionMap":{"functional-code":{"insertions":2,"deletions":2},"test-code":{"insertions":289,"deletions":0}}},{"hash":"98399495ad6da663cf59070d5f17e6410a44b900","messageTitle":"Add FindStuCommandTests","messageBody":"","fileTypesAndContributionMap":{"test-code":{"insertions":85,"deletions":0}}},{"hash":"4cc05e383f29b32af147e3c66665e0a89e999b26","messageTitle":"Add ListStu Tests","messageBody":"","fileTypesAndContributionMap":{"test-code":{"insertions":39,"deletions":0}}},{"hash":"ee9dd0ba026d6ac700e03ae260ffc37c85f815eb","messageTitle":"Fix CI for AddStuCommand Tests","messageBody":"","fileTypesAndContributionMap":{"test-code":{"insertions":4,"deletions":3}}},{"hash":"8eca2afff1a5e17bc7e1ca0c15293e6f5f8b63c6","messageTitle":"Fix CI of AddStuCommandTest","messageBody":"","fileTypesAndContributionMap":{"test-code":{"insertions":2,"deletions":2}}},{"hash":"0cd37fe331d6064884ad7df2713cc32873dce750","messageTitle":"Add AddStuCommand and EditStuCommand Parser Tests","messageBody":"","fileTypesAndContributionMap":{"functional-code":{"insertions":12,"deletions":20},"test-code":{"insertions":287,"deletions":5}}},{"hash":"fd18f5ee423727bbf08f57781a1387bed114ef34","messageTitle":"Fix AddStuParser and EditStuParser CI","messageBody":"","fileTypesAndContributionMap":{"functional-code":{"insertions":0,"deletions":2}}},{"hash":"da476f210493c006262eec4e36d190c6f8f5601e","messageTitle":"Fix EditStuCommandParserTest CI","messageBody":"","fileTypesAndContributionMap":{"test-code":{"insertions":2,"deletions":3}}}]},{"date":"2022-10-26","commitResults":[{"hash":"fedb759bbd536eca85986befa3523e1e26acc687","messageTitle":"Update DG and UG","messageBody":"","fileTypesAndContributionMap":{"docs":{"insertions":54,"deletions":38}}}]},{"date":"2022-10-27","commitResults":[{"hash":"2841f51c0a212e950df555a57fccf360a9ef0391","messageTitle":"Edit dummy Student Amy","messageBody":"","fileTypesAndContributionMap":{"test-code":{"insertions":3,"deletions":2}}}]},{"date":"2022-10-30","commitResults":[{"hash":"5bc85530e203c4da04ca513f391c8383729cb09a","messageTitle":"Update UG","messageBody":"","fileTypesAndContributionMap":{"docs":{"insertions":33,"deletions":25}}},{"hash":"ead625d4c530c925c8881860713d7cfc4f458795","messageTitle":"Update UserGuide.md","messageBody":"","fileTypesAndContributionMap":{"docs":{"insertions":2,"deletions":2}}},{"hash":"05753e8546a8fea5a78a880d82aedf431a9a4337","messageTitle":"Update UserGuide.md","messageBody":"","fileTypesAndContributionMap":{"docs":{"insertions":5,"deletions":5}}}]}],"ketamethane":[{"date":"2022-09-22","commitResults":[{"hash":"2cbf118da5effd0e00524f5c67a802a6c79d13fe","messageTitle":"Add AB3 acknowledgement line","messageBody":"","fileTypesAndContributionMap":{"docs":{"insertions":2,"deletions":0}}},{"hash":"ad9dafd817e33b12456d2e2e57844dd9fa71220d","messageTitle":"Update AboutUs.md","messageBody":"Add CH\u0027s profile photo\n","fileTypesAndContributionMap":{"docs":{"insertions":4,"deletions":4}}}]},{"date":"2022-09-23","commitResults":[{"hash":"d6145d2f97c0ec66a9ad6532f2487c4b6f1344a9","messageTitle":"Update UG","messageBody":"","fileTypesAndContributionMap":{"docs":{"insertions":46,"deletions":2}}}]},{"date":"2022-09-24","commitResults":[{"hash":"6ae582c9d65342f731fef015b298d83fed534c68","messageTitle":"Add PPP Skeleton","messageBody":"","fileTypesAndContributionMap":{"docs":{"insertions":68,"deletions":0}}},{"hash":"e36af4b82bc5a56ed1796904577ce4e45bd2d062","messageTitle":"Add team/ketamethane.md","messageBody":"","fileTypesAndContributionMap":{"docs":{"insertions":1,"deletions":1}}}]},{"date":"2022-09-25","commitResults":[{"hash":"0c51b7b060e0943cc81317f24883c9f06704186c","messageTitle":"Update Developer Guide","messageBody":"","fileTypesAndContributionMap":{"docs":{"insertions":99,"deletions":11}}}]},{"date":"2022-09-28","commitResults":[{"hash":"8d3ec9c10d1f81075f3b569270994104ec9dee68","messageTitle":"Update image reference naming","messageBody":"","fileTypesAndContributionMap":{"docs":{"insertions":3,"deletions":3}}}]},{"date":"2022-10-05","commitResults":[{"hash":"02983d48b6f1c2bd9052b9ac149dcbd97496e7aa","messageTitle":"Add Question and Description classes","messageBody":"","fileTypesAndContributionMap":{"functional-code":{"insertions":136,"deletions":0},"other":{"insertions":580,"deletions":0}}},{"hash":"fc0c6a475f9fb32438a7b7279cbdd58b356f5f85","messageTitle":"Add AddQCommand","messageBody":"","fileTypesAndContributionMap":{"functional-code":{"insertions":54,"deletions":0}}},{"hash":"f122c86ef91f51af9fb448612ae6d72f6e18c993","messageTitle":"Update ModelManager","messageBody":"","fileTypesAndContributionMap":{"functional-code":{"insertions":22,"deletions":0}}},{"hash":"b7c69b5033198a3889f18e888c5d6256b0cab215","messageTitle":"Remove unused imports","messageBody":"","fileTypesAndContributionMap":{"functional-code":{"insertions":0,"deletions":3}}},{"hash":"ff3e7b32dfcf718feb3bafecdfa420875683a4f3","messageTitle":"Update Javadoc for Description constructor","messageBody":"","fileTypesAndContributionMap":{"functional-code":{"insertions":1,"deletions":1}}},{"hash":"59dee43124f788f8799c4a5115de51f216b2392e","messageTitle":"Update Javadoc for Question","messageBody":"","fileTypesAndContributionMap":{"functional-code":{"insertions":2,"deletions":2}}}]},{"date":"2022-10-06","commitResults":[{"hash":"793f013e5ca4048902c436f7bd551cb6c8f4cbd1","messageTitle":"Add various classes for addq command and update Logic, Parser, Addressbook, Model classes and interfaces","messageBody":"","fileTypesAndContributionMap":{"functional-code":{"insertions":358,"deletions":13}}}]},{"date":"2022-10-07","commitResults":[{"hash":"fe05908cb44124bd95a7be7f42c64865509ee9c9","messageTitle":"Add UI for Question class and update Storage, JsonSerialization implementation","messageBody":"","fileTypesAndContributionMap":{"functional-code":{"insertions":189,"deletions":4}}},{"hash":"4b4e69cbdd02d622dfebdb725c3a63c4eeba80d0","messageTitle":"Add deleteq command and its command parser","messageBody":"","fileTypesAndContributionMap":{"functional-code":{"insertions":84,"deletions":0}}}]},{"date":"2022-10-08","commitResults":[{"hash":"83a974e93cea2699196f5992991ed354cff82f12","messageTitle":"Fix Typos","messageBody":"","fileTypesAndContributionMap":{"functional-code":{"insertions":4,"deletions":4}}},{"hash":"f93b1ad9c0a19df665837b9ee1e57f1f81d46e17","messageTitle":"Fix importing for AddressBookParser","messageBody":"","fileTypesAndContributionMap":{"functional-code":{"insertions":2,"deletions":0}}},{"hash":"1859f0bc2fc23c04cc7d6727026ba652dbc6c973","messageTitle":"Add GUI for Question class","messageBody":"","fileTypesAndContributionMap":{"functional-code":{"insertions":58,"deletions":19},"other":{"insertions":11,"deletions":0}}},{"hash":"9cc87e83a3355a2506d33a441268b2f3083661d4","messageTitle":"Modify /r/n lines for addqCommand","messageBody":"","fileTypesAndContributionMap":{"functional-code":{"insertions":0,"deletions":5}}},{"hash":"66be246655933e727757774b0f1865df552efe6e","messageTitle":"Dummy commit","messageBody":"","fileTypesAndContributionMap":{"functional-code":{"insertions":49,"deletions":49}}},{"hash":"ca43c9792a39109c8ab732531e2ab98bd2f7c81a","messageTitle":"Change /r/n lines to /n lines for various files","messageBody":"","fileTypesAndContributionMap":{"functional-code":{"insertions":4,"deletions":4}}},{"hash":"fa1c0415d782374b1f40297d5356cc5ddb5e679f","messageTitle":"Dummy commit","messageBody":"","fileTypesAndContributionMap":{"functional-code":{"insertions":1,"deletions":1}}},{"hash":"38faab82aa9fa307d7422b81b8ab0e1989e169f6","messageTitle":"Dummy commit","messageBody":"","fileTypesAndContributionMap":{"functional-code":{"insertions":1,"deletions":2}}},{"hash":"33e3ed21424b8f5fd1b57aae9030261a47e0deb2","messageTitle":"Change /r/n to /n lines endings for various files","messageBody":"","fileTypesAndContributionMap":{"functional-code":{"insertions":188,"deletions":188}}},{"hash":"1549617018c576ee94b70622022621d6491f258c","messageTitle":"Fix minor bugs","messageBody":"","fileTypesAndContributionMap":{"functional-code":{"insertions":14,"deletions":6}}}]},{"date":"2022-10-19","commitResults":[{"hash":"c9ae6ddfbcb01349c0c306e075f23fa747875fdc","messageTitle":"Add markq and unmarkq commands","messageBody":"","fileTypesAndContributionMap":{"functional-code":{"insertions":286,"deletions":7}}},{"hash":"1544d9cc820b8f0fa747865bb48f97547678a291","messageTitle":"Format viewing for user","messageBody":"","fileTypesAndContributionMap":{"functional-code":{"insertions":5,"deletions":4}}},{"hash":"d9b31c901fb77037015113c3e86f99b04ac4e866","messageTitle":"Correct syntaxes","messageBody":"","fileTypesAndContributionMap":{"functional-code":{"insertions":25,"deletions":25},"docs":{"insertions":1,"deletions":1}}},{"hash":"5309189a3c10fc7655ab2f381246b8ddab7b2636","messageTitle":"Correct syntax","messageBody":"","fileTypesAndContributionMap":{"functional-code":{"insertions":1,"deletions":1}}}]},{"date":"2022-10-20","commitResults":[{"hash":"a600616f010f56c5b28fcebad8e4514c08fa8d36","messageTitle":"Add addq implementation notes inside DG","messageBody":"","fileTypesAndContributionMap":{"docs":{"insertions":140,"deletions":0}}},{"hash":"702ffc44d78106280ba95c96b3c0a5a4b4932edd","messageTitle":"Update DG and diagrams","messageBody":"","fileTypesAndContributionMap":{"functional-code":{"insertions":2,"deletions":2},"docs":{"insertions":44,"deletions":39}}}]},{"date":"2022-10-21","commitResults":[{"hash":"63f5f5c609ae06c5383dc82bfc7d2111fce5a619","messageTitle":"Update DG","messageBody":"","fileTypesAndContributionMap":{"docs":{"insertions":2,"deletions":5}}}]},{"date":"2022-10-26","commitResults":[{"hash":"4f6d85878b9aba01bc72bf0348f896188a124cb9","messageTitle":"Update Model section of DG","messageBody":"","fileTypesAndContributionMap":{"docs":{"insertions":59,"deletions":24}}},{"hash":"4a966a0cc00fef3426f4bf3385026c531106ec84","messageTitle":"Update Question commands of UG","messageBody":"","fileTypesAndContributionMap":{"docs":{"insertions":12,"deletions":17}}}]},{"date":"2022-10-27","commitResults":[{"hash":"7e32eab8d6cd7926a616fa352dc0a9f4bc58ab3f","messageTitle":"Add liststu back in after removal","messageBody":"","fileTypesAndContributionMap":{"docs":{"insertions":10,"deletions":0}}},{"hash":"c4958a0dd2c59273e04179a3ed008e6809379bbc","messageTitle":"Update message shown for markq and unmarkq","messageBody":"","fileTypesAndContributionMap":{"functional-code":{"insertions":2,"deletions":5}}}]}]},"authorFileTypeContributionMap":{"yuxuanleong":{"docs":357,"functional-code":776,"test-code":70,"other":5},"qiaoen17":{"docs":461,"functional-code":635,"test-code":893},"Shawn532":{"docs":251,"functional-code":1104,"test-code":47},"Dilysss":{"docs":305,"functional-code":1221,"test-code":1397},"ketamethane":{"docs":331,"functional-code":1119,"test-code":0,"other":591}},"authorContributionVariance":{"yuxuanleong":10814.085,"qiaoen17":22951.268,"Shawn532":21825.021,"Dilysss":62714.9,"ketamethane":27460.31},"authorDisplayNameMap":{"yuxuanleong":"CS2103T-T08-4 LEON..XUAN","qiaoen17":"CS2103T-T08-4 LIM ..O EN","Shawn532":"CS2103T-T08-4 YANG..IANG","Dilysss":"CS2103T-T08-4 PANG..ILYS","ketamethane":"CS2103T-T08-4 TAN ..RYAN"}}
