{"authorDailyContributionsMap":{"yuxuanleong":[{"date":"2022-09-27","commitResults":[{"hash":"34c8d423091b6876a6cb95f8bb08267b65601f11","messageTitle":"Update AboutUs.md","messageBody":"Add Yu Xuan\u0027s info, reformat hyperlinks for \u0027gihub\u0027 and \u0027portfolio\u0027, change Yang Xiang\u0027s image location from images/tracing to images\n","fileTypesAndContributionMap":{"docs":{"insertions":10,"deletions":10}}},{"hash":"8e72ad5e0f7c538a96d84b786844574e2ec15ba7","messageTitle":"Add Yu Xuan\u0027s PPP","messageBody":"","fileTypesAndContributionMap":{"docs":{"insertions":51,"deletions":56}}},{"hash":"d38bbb29cfcb8909738a5368906b042412de719a","messageTitle":"Update DG","messageBody":"","fileTypesAndContributionMap":{"docs":{"insertions":39,"deletions":17}}},{"hash":"ffe4131365a8d30755ebfbff4e10cd65c0802788","messageTitle":"Update UG and reorganise files","messageBody":"","fileTypesAndContributionMap":{"docs":{"insertions":148,"deletions":72}}}]},{"date":"2022-09-28","commitResults":[{"hash":"10986d30db66015a943fd622b30ae4abda81bab3","messageTitle":"Add more use cases in DG","messageBody":"","fileTypesAndContributionMap":{"docs":{"insertions":46,"deletions":12}}},{"hash":"2b1e8ef7fb96811f883949094d09dfa55f8c4ed0","messageTitle":"Update UG and AboutUs.md","messageBody":"","fileTypesAndContributionMap":{"docs":{"insertions":2,"deletions":2}}},{"hash":"aaf4e47f16859a6d4676140334943cb4a87f29f2","messageTitle":"Update UG","messageBody":"","fileTypesAndContributionMap":{"docs":{"insertions":53,"deletions":40}}},{"hash":"0011fdb88cae91256edb479b84275d47868e9b93","messageTitle":"Update README.md","messageBody":"","fileTypesAndContributionMap":{"docs":{"insertions":8,"deletions":11}}},{"hash":"534255c25d7a97bc098351c1e4f6588e1e8f813b","messageTitle":"Update README.md","messageBody":"","fileTypesAndContributionMap":{"docs":{"insertions":3,"deletions":1}}},{"hash":"e4d70d1d16fee5803ef595c5f6f5b603b44e05fe","messageTitle":"Finish README.md","messageBody":"","fileTypesAndContributionMap":{"docs":{"insertions":2,"deletions":2}}},{"hash":"dcacb432aca1a947e831fd13068a5aa19a496088","messageTitle":"Add a new line at EOF","messageBody":"","fileTypesAndContributionMap":{"docs":{"insertions":1,"deletions":1}}},{"hash":"857ae988ddc7293d6d9db32e3c3deaf9604d1b52","messageTitle":"Update Ui.png, README content","messageBody":"","fileTypesAndContributionMap":{"docs":{"insertions":8,"deletions":8}}}]},{"date":"2022-09-29","commitResults":[{"hash":"effb7aa7a279def4b0297541a9699b5dc6abebb9","messageTitle":"Remove unnecessary words","messageBody":"","fileTypesAndContributionMap":{"docs":{"insertions":7,"deletions":16}}}]}],"qiaoen17":[{"date":"2022-09-19","commitResults":[{"hash":"92e19e457274687d8b8c4a620a0f791514333f23","messageTitle":"Add PPP Skeleton for qiaoen17","messageBody":"","fileTypesAndContributionMap":{"docs":{"insertions":69,"deletions":0}}}]},{"date":"2022-09-22","commitResults":[{"hash":"e4264c2f6e4fdfa24ca1191e2e6eab3edfd67896","messageTitle":"Edit UserGuide.md, AboutUs.md","messageBody":"","fileTypesAndContributionMap":{"docs":{"insertions":68,"deletions":15}}}]},{"date":"2022-09-24","commitResults":[{"hash":"af16a746b525c82ea72c53842ae630dbaf5662c0","messageTitle":"Edits DeveloperGuide.md","messageBody":"","fileTypesAndContributionMap":{"docs":{"insertions":71,"deletions":9}}}]},{"date":"2022-09-28","commitResults":[{"hash":"6887258b069cc0e10f7df6ad48fe8c33f23d7446","messageTitle":"Edits formatting, target user profile, non-functional requirements and value proposition","messageBody":"","fileTypesAndContributionMap":{"docs":{"insertions":91,"deletions":92}}}]}],"Shawn532":[{"date":"2022-09-27","commitResults":[{"hash":"bb5ad46e40a7f6f57cabe174af04bd0714256788","messageTitle":"Edit AboutUs","messageBody":"","fileTypesAndContributionMap":{"docs":{"insertions":3,"deletions":3}}},{"hash":"b52a9c316dd121358f71592af86d21f14ce6aa24","messageTitle":"Update the userguide.","messageBody":"","fileTypesAndContributionMap":{"docs":{"insertions":31,"deletions":1}}},{"hash":"d3472c8ca724ce6f13c77dfc51ae703a1b86d093","messageTitle":"Add PPP for Shawn532","messageBody":"","fileTypesAndContributionMap":{"docs":{"insertions":52,"deletions":0}}},{"hash":"c994a8ec4ffc171eb2d7bffb180756178d6de0f5","messageTitle":"Update the DeveloperGuide for Shawn532","messageBody":"","fileTypesAndContributionMap":{"docs":{"insertions":53,"deletions":1}}}]},{"date":"2022-09-28","commitResults":[{"hash":"3f47a0250112f627641efbb5580517994b8dea40","messageTitle":"Improve the grammar","messageBody":"","fileTypesAndContributionMap":{"docs":{"insertions":6,"deletions":6}}},{"hash":"e8dd990dd52a7912951bbd074895242136715b9c","messageTitle":"Fix some minor errors.","messageBody":"","fileTypesAndContributionMap":{"docs":{"insertions":1,"deletions":1}}},{"hash":"d5483b88a16cc18cde63200643a443045a649256","messageTitle":"Update UserGuide.md","messageBody":"","fileTypesAndContributionMap":{"docs":{"insertions":1,"deletions":1}}},{"hash":"b22ad55d69a9dff0524d6c3e5728c3bfc2cae9e4","messageTitle":"Update Java CI","messageBody":"","fileTypesAndContributionMap":{"docs":{"insertions":2,"deletions":2}}},{"hash":"bd5e9056ec79a2c43f067748849993713856c82c","messageTitle":"Update and format the file","messageBody":"","fileTypesAndContributionMap":{"docs":{"insertions":327,"deletions":258}}}]},{"date":"2022-10-04","commitResults":[{"hash":"b32f0d13b0671ad8a65d700d32f976fe93ef708c","messageTitle":"Add several lines to make it look nicer","messageBody":"","fileTypesAndContributionMap":{"docs":{"insertions":49,"deletions":2}}},{"hash":"48edb620a9413460706551b850471263b57a7deb","messageTitle":"Delete the extensions for the list commands","messageBody":"","fileTypesAndContributionMap":{"docs":{"insertions":1,"deletions":10}}},{"hash":"8c2fde015d5603a875d9112c680cb667da7f1ccb","messageTitle":"Delete the extensions for the list commands","messageBody":"","fileTypesAndContributionMap":{"docs":{"insertions":0,"deletions":1}}}]},{"date":"2022-10-05","commitResults":[{"hash":"0b4190243712ad3beb897d5908fef83750c42483","messageTitle":"Create a new addtut command","messageBody":"","fileTypesAndContributionMap":{"functional-code":{"insertions":17,"deletions":0}}},{"hash":"3f9e773c5cb4a38cfc140aebf7056d4ea08b0ad7","messageTitle":"Hook AddTutorialCommand into the application","messageBody":"","fileTypesAndContributionMap":{"functional-code":{"insertions":26,"deletions":13}}},{"hash":"0f025f8e0784d992fdb357ff6b7320d675335ae9","messageTitle":"Create Tutorial, Content, Group, Time classes","messageBody":"","fileTypesAndContributionMap":{"functional-code":{"insertions":92,"deletions":0}}},{"hash":"94f0e3cb8a9c39f82756133858a816bb4853b5b7","messageTitle":"Update the Content class","messageBody":"","fileTypesAndContributionMap":{"functional-code":{"insertions":52,"deletions":0}}},{"hash":"cc91269a1f25787b7b40f28e1d5769dac79414ee","messageTitle":"Update Content Group Time classes","messageBody":"","fileTypesAndContributionMap":{"functional-code":{"insertions":102,"deletions":2}}},{"hash":"fd1ff6e70b7b472c07c15ce816761e35f07dbf1f","messageTitle":"Update the AddTutorialCommand class to accept parameters","messageBody":"","fileTypesAndContributionMap":{"functional-code":{"insertions":48,"deletions":4}}},{"hash":"669bc7b71675258061ad4298fe8a77459c672deb","messageTitle":"Parse the user input","messageBody":"Need to change the parsing of time later\n","fileTypesAndContributionMap":{"functional-code":{"insertions":93,"deletions":0},"test-code":{"insertions":3,"deletions":0}}},{"hash":"a63ebc77e7ea94c235f84ead85d0623ab0303038","messageTitle":"Fix a bug in the Time class","messageBody":"","fileTypesAndContributionMap":{"functional-code":{"insertions":3,"deletions":2}}},{"hash":"fa1e5d76216f55eb5068c18f4ec25907e8f9639d","messageTitle":"no message","messageBody":"","fileTypesAndContributionMap":{"functional-code":{"insertions":2,"deletions":0}}}]},{"date":"2022-10-06","commitResults":[{"hash":"28afa32083b79be866b02f56be312f4ddddf096c","messageTitle":"Fix the formatting issues","messageBody":"","fileTypesAndContributionMap":{"functional-code":{"insertions":55,"deletions":42}}},{"hash":"c0c88f56d1457c2f99d05f57442381686f27d768","messageTitle":"Fix Java CI issues","messageBody":"","fileTypesAndContributionMap":{"functional-code":{"insertions":6,"deletions":5}}},{"hash":"de0c197d681a2347689fe9d0fe9f28f13f3f368e","messageTitle":"Fix Java CI issues","messageBody":"","fileTypesAndContributionMap":{"functional-code":{"insertions":1,"deletions":1}}},{"hash":"82da2f080903ad853995bfc1192c218d191edb33","messageTitle":"Create two exception classes under tutorial package","messageBody":"","fileTypesAndContributionMap":{"functional-code":{"insertions":19,"deletions":0}}},{"hash":"c42456a8ec99cc507a3c3fb45e8ec5eef48293e1","messageTitle":"Update the Tutorial class to include a isSameTutorial method","messageBody":"","fileTypesAndContributionMap":{"functional-code":{"insertions":13,"deletions":0}}},{"hash":"8ab5a017dd08f7352a80efccf19f4bf90cf672cb","messageTitle":"Add the DeleteTutorialCommand class","messageBody":"","fileTypesAndContributionMap":{"functional-code":{"insertions":50,"deletions":0}}},{"hash":"f8e4e535e0ccb7de0ea2043a124699b9b3910757","messageTitle":"Parse the deleteTutorialCommand input","messageBody":"","fileTypesAndContributionMap":{"functional-code":{"insertions":31,"deletions":0}}},{"hash":"c4c5f6f26cd54d15d14f2d88260266e7a5eaf674","messageTitle":"Update the Model interface and ModelManager class to include tutorials","messageBody":"","fileTypesAndContributionMap":{"functional-code":{"insertions":64,"deletions":0}}},{"hash":"5e4c83ce55c75f54cc342b5beefbe160ac3aa271","messageTitle":"Add a UniqueTutorialList class","messageBody":"","fileTypesAndContributionMap":{"functional-code":{"insertions":136,"deletions":0}}},{"hash":"c0889862c094526e58bf53787effd0f1a1eadf48","messageTitle":"Update the ReadOnlyAddressBook interface and AddressBook to include tutorials","messageBody":"","fileTypesAndContributionMap":{"functional-code":{"insertions":8,"deletions":0}}},{"hash":"6770e7a113a41055493b75da6d4898204ffc29e0","messageTitle":"Update ModelManager to include tutorial list accessors","messageBody":"","fileTypesAndContributionMap":{"functional-code":{"insertions":23,"deletions":7}}},{"hash":"06a17889d4a43516ed9b2506b3b474bf7cab598b","messageTitle":"Update AddressBook and Model.java to implement the interface","messageBody":"","fileTypesAndContributionMap":{"functional-code":{"insertions":51,"deletions":3}}},{"hash":"9634faba6fdba8ec90a068398a6a042758866490","messageTitle":"Update the AddTutorialCommand class so that it stores information into the model","messageBody":"","fileTypesAndContributionMap":{"functional-code":{"insertions":14,"deletions":4}}},{"hash":"b54468909de41f8039c5b869af85271074cc8244","messageTitle":"Update the DeleteTutorialCommand so that it stores information into the model","messageBody":"","fileTypesAndContributionMap":{"functional-code":{"insertions":13,"deletions":13}}},{"hash":"36598b954b1ef1c6753f8493b65225e0e45c5445","messageTitle":"Fix Java CI issues","messageBody":"","fileTypesAndContributionMap":{"functional-code":{"insertions":18,"deletions":13}}},{"hash":"c9bda1dca704631db41c2076c4b63a808e188134","messageTitle":"FIx the order of the import statement","messageBody":"","fileTypesAndContributionMap":{"functional-code":{"insertions":3,"deletions":2}}},{"hash":"84e27d6987e17175131fc6633f2a0fe3f7ce63ee","messageTitle":"Update the test files to solve abstract methods not implemented issues","messageBody":"","fileTypesAndContributionMap":{"test-code":{"insertions":44,"deletions":0}}}]}],"Dilysss":[{"date":"2022-09-24","commitResults":[{"hash":"84ecaea87e8e8cbdf9e9dacbd5a7e270968e0bd1","messageTitle":"Update UG","messageBody":"","fileTypesAndContributionMap":{"docs":{"insertions":149,"deletions":62}}}]},{"date":"2022-09-28","commitResults":[{"hash":"eabb71773c9e0fe3032d9f077547410124eb35b4","messageTitle":"Edit AboutUs.md","messageBody":"","fileTypesAndContributionMap":{"docs":{"insertions":1,"deletions":0}}},{"hash":"5284769d197c50dbb96ea270f22dd1f2a9099841","messageTitle":"Update UserGuide formatting","messageBody":"","fileTypesAndContributionMap":{"docs":{"insertions":15,"deletions":18}}},{"hash":"5563978939d355677cfd704421d5878f1f1270db","messageTitle":"Delete unnecessary lines in UserGuide","messageBody":"","fileTypesAndContributionMap":{"docs":{"insertions":0,"deletions":91}}},{"hash":"4c25606d9e8ed1315773ce4716f3ace874472d79","messageTitle":"Add UI Image","messageBody":"","fileTypesAndContributionMap":{"docs":{"insertions":2,"deletions":2}}}]},{"date":"2022-10-05","commitResults":[{"hash":"c2c1308a26951e6a5cfc64dc10f7aa289441af8a","messageTitle":"Add Attendance Class","messageBody":"","fileTypesAndContributionMap":{"functional-code":{"insertions":4,"deletions":0}}},{"hash":"ab7e1a7057d69745bbec830a1abfaf3572fc085f","messageTitle":"Add HelpTag Class","messageBody":"","fileTypesAndContributionMap":{"functional-code":{"insertions":4,"deletions":0}}},{"hash":"7c7a7f6d6c2fdf674030c82990b18c3be700d224","messageTitle":"Add Response Class","messageBody":"","fileTypesAndContributionMap":{"functional-code":{"insertions":4,"deletions":0}}},{"hash":"70823c213cddda9a6af2a2424808587f8cf3af9c","messageTitle":"Add Student Class","messageBody":"","fileTypesAndContributionMap":{"functional-code":{"insertions":114,"deletions":0}}},{"hash":"86f6fb673eec897577382d3f0f1f7bd073a4bc49","messageTitle":"Add Telegram Class","messageBody":"","fileTypesAndContributionMap":{"functional-code":{"insertions":4,"deletions":0}}},{"hash":"03fcfb502a342c6a743afef0b5af90f534642cfa","messageTitle":"Amend Attendance Class","messageBody":"","fileTypesAndContributionMap":{"functional-code":{"insertions":43,"deletions":0}}},{"hash":"77352e329590d3d3fffa14c43d1a8be2b6db3c8e","messageTitle":"Amend HelpTag Class","messageBody":"","fileTypesAndContributionMap":{"functional-code":{"insertions":37,"deletions":0}}},{"hash":"3b59c765d28afbfb009fba14925d846dbb9d4203","messageTitle":"Amend Response Class","messageBody":"","fileTypesAndContributionMap":{"functional-code":{"insertions":44,"deletions":0}}},{"hash":"c64afbe0af7adbc770a004f418d899161b1a9cce","messageTitle":"Amend Telegram Class","messageBody":"","fileTypesAndContributionMap":{"functional-code":{"insertions":50,"deletions":0}}},{"hash":"b13639c377dca69a30f46917c284c3ebafe28b3b","messageTitle":"Add student package","messageBody":"","fileTypesAndContributionMap":{"functional-code":{"insertions":132,"deletions":0},"other":{"insertions":8,"deletions":9}}},{"hash":"ea5720c8fe2675666dd52efbfada6109b8443050","messageTitle":"Edit Java CI","messageBody":"","fileTypesAndContributionMap":{"functional-code":{"insertions":18,"deletions":8}}}]}],"ketamethane":[{"date":"2022-09-22","commitResults":[{"hash":"2cbf118da5effd0e00524f5c67a802a6c79d13fe","messageTitle":"Add AB3 acknowledgement line","messageBody":"","fileTypesAndContributionMap":{"docs":{"insertions":2,"deletions":0}}},{"hash":"ad9dafd817e33b12456d2e2e57844dd9fa71220d","messageTitle":"Update AboutUs.md","messageBody":"Add CH\u0027s profile photo\n","fileTypesAndContributionMap":{"docs":{"insertions":4,"deletions":4}}}]},{"date":"2022-09-23","commitResults":[{"hash":"d6145d2f97c0ec66a9ad6532f2487c4b6f1344a9","messageTitle":"Update UG","messageBody":"","fileTypesAndContributionMap":{"docs":{"insertions":46,"deletions":2}}}]},{"date":"2022-09-24","commitResults":[{"hash":"6ae582c9d65342f731fef015b298d83fed534c68","messageTitle":"Add PPP Skeleton","messageBody":"","fileTypesAndContributionMap":{"docs":{"insertions":68,"deletions":0}}},{"hash":"e36af4b82bc5a56ed1796904577ce4e45bd2d062","messageTitle":"Add team/ketamethane.md","messageBody":"","fileTypesAndContributionMap":{"docs":{"insertions":1,"deletions":1}}}]},{"date":"2022-09-25","commitResults":[{"hash":"0c51b7b060e0943cc81317f24883c9f06704186c","messageTitle":"Update Developer Guide","messageBody":"","fileTypesAndContributionMap":{"docs":{"insertions":99,"deletions":11}}}]},{"date":"2022-09-28","commitResults":[{"hash":"8d3ec9c10d1f81075f3b569270994104ec9dee68","messageTitle":"Update image reference naming","messageBody":"","fileTypesAndContributionMap":{"docs":{"insertions":3,"deletions":3}}}]},{"date":"2022-10-05","commitResults":[{"hash":"02983d48b6f1c2bd9052b9ac149dcbd97496e7aa","messageTitle":"Add Question and Description classes","messageBody":"","fileTypesAndContributionMap":{"functional-code":{"insertions":136,"deletions":0},"other":{"insertions":580,"deletions":0}}},{"hash":"b7c69b5033198a3889f18e888c5d6256b0cab215","messageTitle":"Remove unused imports","messageBody":"","fileTypesAndContributionMap":{"functional-code":{"insertions":0,"deletions":3}}},{"hash":"ff3e7b32dfcf718feb3bafecdfa420875683a4f3","messageTitle":"Update Javadoc for Description constructor","messageBody":"","fileTypesAndContributionMap":{"functional-code":{"insertions":1,"deletions":1}}},{"hash":"59dee43124f788f8799c4a5115de51f216b2392e","messageTitle":"Update Javadoc for Question","messageBody":"","fileTypesAndContributionMap":{"functional-code":{"insertions":2,"deletions":2}}}]}]},"authorFileTypeContributionMap":{"yuxuanleong":{"docs":199,"functional-code":0,"test-code":0},"qiaoen17":{"docs":191,"functional-code":0,"test-code":0},"Shawn532":{"docs":315,"functional-code":821,"test-code":47},"Dilysss":{"docs":103,"functional-code":445,"test-code":0},"ketamethane":{"docs":149,"functional-code":133,"test-code":0,"other":580}},"authorContributionVariance":{"yuxuanleong":8775.107,"qiaoen17":2063.7046,"Shawn532":39810.145,"Dilysss":12317.238,"ketamethane":23826.31},"authorDisplayNameMap":{"yuxuanleong":"CS2103T-T08-4 LEON..XUAN","qiaoen17":"CS2103T-T08-4 LIM ..O EN","Shawn532":"CS2103T-T08-4 YANG..IANG","Dilysss":"CS2103T-T08-4 PANG..ILYS","ketamethane":"CS2103T-T08-4 TAN ..RYAN"}}
