{"authorDailyContributionsMap":{"alvintfl":[{"date":"2022-09-27","commitResults":[{"hash":"165512a58fb749c7f0a809989052d25f48375072","messageTitle":"Update product scope and user stories","messageBody":"The current product scope and user stories is for address book 3.\r\n\r\nThe product scope and user stories should be about our project.\r\n\r\nLet\u0027s update the product scope and user stories to match our project.","fileTypesAndContributionMap":{"docs":{"insertions":45,"deletions":12}}},{"hash":"ef02d278bb800cc8e7107b4362d6025f7503d0af","messageTitle":"Update AboutUs with personal information","messageBody":"","fileTypesAndContributionMap":{"docs":{"insertions":5,"deletions":5}}},{"hash":"9000678b615f547bc42d5768363b656514c9ee80","messageTitle":"Create alvintfl.md","messageBody":"","fileTypesAndContributionMap":{"docs":{"insertions":38,"deletions":0}}}]},{"date":"2022-09-29","commitResults":[{"hash":"431a5ff3e52a0fbe12c2f9d90c9b5616e2fe8e52","messageTitle":"Add use case for adding a contact","messageBody":"","fileTypesAndContributionMap":{"docs":{"insertions":24,"deletions":1}}},{"hash":"4e99e705615dbf7c2057e32c250ce25a39014152","messageTitle":"Update user guide for add contact","messageBody":"","fileTypesAndContributionMap":{"docs":{"insertions":15,"deletions":0}}}]},{"date":"2022-10-03","commitResults":[{"hash":"aedffdff34f0ed05e4734c490f62480e0fc415ff","messageTitle":"Update AddCommand name and syntax","messageBody":"The current add command is ambiguous as it does not state whether\nit adds a task or a contact.\n\nLet\u0027s update the add command with a new name and syntax to show\nwhat it adds a contact instead.\n","fileTypesAndContributionMap":{"functional-code":{"insertions":3,"deletions":3},"other":{"insertions":36,"deletions":36},"test-code":{"insertions":7,"deletions":7}}},{"hash":"29f5c516e6fa32f21353dff3330c37569e793126","messageTitle":"Update ListCommand name and syntax","messageBody":"The current list command is ambiguous as it does not state whether\nit lists a task or a contact.\n\nLet\u0027s update the list command with a new name and syntax to show\nwhat it lists contacts instead.\n","fileTypesAndContributionMap":{"functional-code":{"insertions":3,"deletions":3},"other":{"insertions":2,"deletions":2},"test-code":{"insertions":8,"deletions":8}}},{"hash":"d98c8fdc4f836630c44a7ce03301ab1a40b30f22","messageTitle":"Update DeleteCommand name and syntax","messageBody":"The current delete command is ambiguous as it does not state whether\nit deletes a task or a contact.\n\nLet\u0027s update the delete command with a new name and syntax to show\nthat it deletes a contact instead.\n","fileTypesAndContributionMap":{"functional-code":{"insertions":3,"deletions":3},"other":{"insertions":11,"deletions":11},"test-code":{"insertions":17,"deletions":17}}},{"hash":"f5c199e91c6295003ab07ddd8ce07414f2b5328b","messageTitle":"Update EditCommand name and syntax","messageBody":"The current edit command is ambiguous as it does not state whether\nit deletes a task or a contact.\n\nLet\u0027s update the edit command with a new name and syntax to show\nthat it edits a contact instead.\n","fileTypesAndContributionMap":{"functional-code":{"insertions":3,"deletions":3},"other":{"insertions":12,"deletions":12},"test-code":{"insertions":44,"deletions":44}}},{"hash":"a42867a367c9f12e7bbd7e18383c917d57fee901","messageTitle":"Update FindCommand name and syntax","messageBody":"The current find command is ambiguous as it does not state whether\nit finds a task or a contact.\n\nLet\u0027s update the find command with a new name and syntax to show\nthat it finds a contact instead.\n","fileTypesAndContributionMap":{"functional-code":{"insertions":3,"deletions":3},"other":{"insertions":11,"deletions":11},"test-code":{"insertions":14,"deletions":14}}},{"hash":"6834196c5b55306fc948c309fb96e4ccb0dc719a","messageTitle":"Update contact commands documentation","messageBody":"Contact commands\u0027 names and synatax are updated but not\nthe documentation. This is because Intellij does not\nrefactor header comments.\n\nLet\u0027s update the documentation to reflect the changes.\n","fileTypesAndContributionMap":{"functional-code":{"insertions":9,"deletions":9}}},{"hash":"08df2dad4faa5bf08069311c468bf73c07e49956","messageTitle":"Update command test class names and fix style issues","messageBody":"","fileTypesAndContributionMap":{"functional-code":{"insertions":2,"deletions":1},"other":{"insertions":13,"deletions":12},"test-code":{"insertions":4,"deletions":2}}},{"hash":"0e6731e6659b259fbc2aea816441376b54b49a6f","messageTitle":"Update test case that was still using the previous command syntax","messageBody":"","fileTypesAndContributionMap":{"test-code":{"insertions":1,"deletions":1}}}]},{"date":"2022-10-07","commitResults":[{"hash":"e67370f055f0bfdd99a8ebd18bddde9acbcf433b","messageTitle":"Add list tasks command","messageBody":"There is no way for the user to see the tasks in the task list.\n\nLet\u0027s add a command to see tasks in the task list.\n","fileTypesAndContributionMap":{"functional-code":{"insertions":41,"deletions":0}}},{"hash":"8bf08168992589f143a9f461d2529ed5b3329a38","messageTitle":"Fix bug in AddCommandTest where a method was not overriden","messageBody":"","fileTypesAndContributionMap":{"test-code":{"insertions":5,"deletions":0}}},{"hash":"ed1a8d100c7ebcbe80681e457bcd19f20e2a2dd4","messageTitle":"Fix import statement ordering","messageBody":"","fileTypesAndContributionMap":{"functional-code":{"insertions":1,"deletions":1}}}]},{"date":"2022-10-09","commitResults":[{"hash":"cf1b9368497429d35465b7b29ea82e0fdeec2899","messageTitle":"Add edit command for tasks","messageBody":"There is no way for the user to edit their tasks after adding it\nto the task list.\n\nLet\u0027s add an edit command to allow the user to do so.\n","fileTypesAndContributionMap":{"functional-code":{"insertions":391,"deletions":3},"test-code":{"insertions":10,"deletions":0}}}]},{"date":"2022-10-11","commitResults":[{"hash":"414e66f1aa9724f797dc657c266117248c6c11c7","messageTitle":"Add tabs","messageBody":"There is no way to see other type of lists other than the list of\ncontacts.\n\nLet\u0027s add tabs so that we can switch tabs to see another type of\nlist.\n\nTabs allow us to see the list that we are currently interested in\nat the moment.\n","fileTypesAndContributionMap":{"functional-code":{"insertions":79,"deletions":8}}},{"hash":"1d8fd8e3f716ce98c117c1515173cc78d8e53a37","messageTitle":"Remove line used to test tab style","messageBody":"","fileTypesAndContributionMap":{"functional-code":{"insertions":5,"deletions":1}}},{"hash":"beae305045be9d49abbe7dc3fc46fd0eb1f2c68f","messageTitle":"Remove unused code","messageBody":"","fileTypesAndContributionMap":{"functional-code":{"insertions":0,"deletions":6}}}]},{"date":"2022-10-12","commitResults":[{"hash":"e175b35ca09535dbc2615cc1e96bd47511e11fcd","messageTitle":"Add GUI for task list","messageBody":"There is no GUI to display the task list after adding tasks to it.\n\nLet\u0027s make a GUI to display the task list.\n\nUse of a list view and card allows the user to see tasks\nrow by row.\n","fileTypesAndContributionMap":{"functional-code":{"insertions":225,"deletions":0}}},{"hash":"5efb2d0800010e91cc2e4d41386e426828d62b44","messageTitle":"Add GUI for tag list","messageBody":"There is no GUI to display the tag list after adding a tag.\n\nLet\u0027s add a GUI to display the tag list.\n\nUse of a flow pane allows the user to add as many tags as they\nwant without the tags exceeding the width of the pane.\n","fileTypesAndContributionMap":{"functional-code":{"insertions":88,"deletions":3},"test-code":{"insertions":12,"deletions":0}}}]},{"date":"2022-10-13","commitResults":[{"hash":"495fed341eaeee15f3b7f1bc9e6758b5122726ee","messageTitle":"Allow add task command to be parsed","messageBody":"","fileTypesAndContributionMap":{"functional-code":{"insertions":5,"deletions":0}}},{"hash":"e90734c2a2f12f8d209f6e22ffbf20e124d7315b","messageTitle":"Add deadline to be displayed by GUI","messageBody":"Users have no way to see the deadline.\n\nLet\u0027s modfiy the GUI to be able to display the deadline.\n","fileTypesAndContributionMap":{"functional-code":{"insertions":14,"deletions":3}}},{"hash":"d260911c5e5bd7ccdb4cd327ac2cc881372a220b","messageTitle":"Fix style issues","messageBody":"","fileTypesAndContributionMap":{"functional-code":{"insertions":0,"deletions":3}}},{"hash":"886793d32fef5b9f8b40cc2fdc1bac8767a3e3ee","messageTitle":"Modify edit task command to also copy deadlines,tags and isDone","messageBody":"Edit task command can only copy description.\n\nLet\u0027s allow edit task command to also copy the remaining fields.\n","fileTypesAndContributionMap":{"functional-code":{"insertions":27,"deletions":66}}},{"hash":"79c27fdafbf70ad0b8532608175c679f139f4e9d","messageTitle":"Remove duplicate methods in test case","messageBody":"","fileTypesAndContributionMap":{"test-code":{"insertions":0,"deletions":10}}},{"hash":"9d1550edb6545956156cb0667b1e9fa31132eb23","messageTitle":"Fix edit task command not allowing deadlines to be edited","messageBody":"Deadlines cannot be edited in edit task command.\n\nLet\u0027s fix edit task command to allow tasks to be edited.\n","fileTypesAndContributionMap":{"functional-code":{"insertions":6,"deletions":1}}},{"hash":"4e168409cab4e3af74bb5c021a120b9cd083abc7","messageTitle":"Change edit task command to copy isDone value as well","messageBody":"Edit task command always sets isDone to false as editTaskDescriptor\nwas not copying taskToEdit\u0027s isDone.\n\nLet\u0027s change edit task command to copy taskToEdit\u0027s isDone instead.\n","fileTypesAndContributionMap":{"functional-code":{"insertions":4,"deletions":1}}}]},{"date":"2022-10-20","commitResults":[{"hash":"676675616e7a6ca6c73e7003d421fcf5c94555f6","messageTitle":"Update DG (sort by deadline)","messageBody":"","fileTypesAndContributionMap":{"docs":{"insertions":52,"deletions":0}}},{"hash":"4a2505000f9c28b2da13a7101bd0818a41264d6f","messageTitle":"Add sort by deadline command","messageBody":"The user is unable to see the most urgent tasks to complete.\n\nLet\u0027s add a sort by deadline command to allow the user to do so.\nThis allows the user to see the list of tasks starting from the\nearliest to the latest deadline.\n","fileTypesAndContributionMap":{"functional-code":{"insertions":107,"deletions":0},"test-code":{"insertions":10,"deletions":0}}},{"hash":"6a37e6107997b1a738b4bdfa1b21f02832caca63","messageTitle":"Update storage to store status of sort by deadline","messageBody":"Each time the user exits and starts the app, the task list is no\nlonger sorted when the user adds a new task or edits the deadline.\n\nUsers who prefer a sort by deadline order will need to sort on\nstarting the app each time.\n\nLet\u0027s update storage to store the status of sort by deadline such\nthat the user only needs to sort once when they prefer the sort by\ndeadline order.\n","fileTypesAndContributionMap":{"functional-code":{"insertions":50,"deletions":1}}},{"hash":"e940bdeea2c344a5fb161b653db88780fcf6718d","messageTitle":"Add sort by id and improve code quality for sort by deadline","messageBody":"There is no way for the user to return the list back to the\noriginal state after using sort by deadline.\n\nLet\u0027s add a way for the user to do so through the sort by id\ncommand.\n\nLet\u0027s,\n* give each task an Id class to manage their id\n* make each id comparable to allow sorting by id\n* update edit task command to copy ids\n","fileTypesAndContributionMap":{"functional-code":{"insertions":158,"deletions":50}}},{"hash":"c769dd52bb7eab51aa7bd8ba22d3e5c14bef704a","messageTitle":"Add storage for id, sort by id and update other commands with id","messageBody":"Each time the user exits and starts the app, the task list is no\nlonger sorted by their previous id as a new id is given to each of\nthem.\n\nUsers who prefer a sort by id order will not be able to retain the\ninitial id order.\n\nLet\u0027s update storage to store the id of tasks and to know when to\nsort by id.\n\nAdditionally, the ids of new tasks will be incorrect since\nid count is always initialized to 0 but some task could already\nhave that id.\n\nLet\u0027s also update id to correctly initialize id count.\n","fileTypesAndContributionMap":{"functional-code":{"insertions":75,"deletions":10}}},{"hash":"65360f8b64bf9f74fdac4859be7dcdf004b5e45b","messageTitle":"Fix style and test case issues","messageBody":"","fileTypesAndContributionMap":{"functional-code":{"insertions":0,"deletions":3},"test-code":{"insertions":5,"deletions":0}}},{"hash":"38a004c25483e60707df61854ea78b31c0c68265","messageTitle":"Update DG with explanations","messageBody":"","fileTypesAndContributionMap":{"docs":{"insertions":39,"deletions":2}}},{"hash":"c03c788c36b557cf65bd18c90e9ef6c9f0f6385a","messageTitle":"Remove unwanted line","messageBody":"","fileTypesAndContributionMap":{"docs":{"insertions":0,"deletions":3}}},{"hash":"846160b92724d353b9bdcf416a24fb60716a2cfd","messageTitle":"Remove unwanted line","messageBody":"","fileTypesAndContributionMap":{"docs":{"insertions":0,"deletions":2}}},{"hash":"650dc564657a788ffb2442740125456c3aac9364","messageTitle":"Update sequence diagram with task list","messageBody":"","fileTypesAndContributionMap":{"docs":{"insertions":7,"deletions":0}}},{"hash":"b1081bb7f4f6080bd939da7a8ae4c867afdd36cd","messageTitle":"Update version number","messageBody":"","fileTypesAndContributionMap":{"functional-code":{"insertions":1,"deletions":1}}}]},{"date":"2022-10-22","commitResults":[{"hash":"ded61278b9171618085c9ecf52b369ae5561a6bb","messageTitle":"Update test utility classes with an id field","messageBody":"Test utility classes are unable to test tasks with an id.\n\nLet\u0027s add an id field so that they can be tested.\n","fileTypesAndContributionMap":{"functional-code":{"insertions":10,"deletions":0},"test-code":{"insertions":24,"deletions":1}}},{"hash":"4454dda75a39165765da704650ec4fc7274a1f66","messageTitle":"Add test cases for commands I have written","messageBody":"The current way of testing commands is by seeing the changes\nthrough the GUI. This is tedious as the commands need to be typed\nmanually.\n\nLet\u0027s automate this process by adding test cases.\n","fileTypesAndContributionMap":{"functional-code":{"insertions":32,"deletions":0},"test-code":{"insertions":588,"deletions":9}}},{"hash":"4874cb6ee3a285d1ea278979efff086700e519a6","messageTitle":"Fix style issues","messageBody":"","fileTypesAndContributionMap":{"test-code":{"insertions":386,"deletions":390}}},{"hash":"6231ea224d2a496fffea4e62751d626a0bb33c53","messageTitle":"Normalize all the line endings","messageBody":"","fileTypesAndContributionMap":{"test-code":{"insertions":379,"deletions":379}}},{"hash":"f315a666db4d921e7689b8579ce1d52c74fb6c89","messageTitle":"Fix style and documentation for classes in main","messageBody":"","fileTypesAndContributionMap":{"functional-code":{"insertions":1,"deletions":2}}},{"hash":"d4f4fb59252c3044c296674be7dedce1b2217173","messageTitle":"Add delete all command","messageBody":"When the user finishes a project, they will have to manually\ndelete the tasks, contacts and tags associated with it one by one.\n\nLet\u0027s instead provide a way to delete all these information by\nsimply specifying the tag to be deleted through the delete all\ncommand.\n","fileTypesAndContributionMap":{"functional-code":{"insertions":203,"deletions":0}}},{"hash":"f00fdafc86ffc8d7192ef7359aa7fe6f522b0db8","messageTitle":"Fix bug where delete all fails for multiple tags","messageBody":"Delete all only deletes the task if the task has only one tag.\nFor tasks with multiple tags, delete all only removes the tags.\nThis does not take into account the scenario where the task has\nno tags left after removing all tags.\n\nLet\u0027s update the delete all command to delete the tasks with no\ntags after removing their tags.\n","fileTypesAndContributionMap":{"functional-code":{"insertions":18,"deletions":12}}}]},{"date":"2022-10-26","commitResults":[{"hash":"8a1cd3edd65a433655911fd7225e82af8fb6e378","messageTitle":"Improve code quality","messageBody":"","fileTypesAndContributionMap":{"functional-code":{"insertions":24,"deletions":6},"other":{"insertions":46,"deletions":64}}},{"hash":"6275b41bb8ace6025dcbc77ce4642743cb2504d5","messageTitle":"Add test cases and fix bugs for delete all command.","messageBody":"","fileTypesAndContributionMap":{"functional-code":{"insertions":54,"deletions":26},"test-code":{"insertions":165,"deletions":0}}},{"hash":"2079b40065c95c49470727fe2d845cb910627897","messageTitle":"Update DG","messageBody":"For editT, sortD, sortI and deleteA","fileTypesAndContributionMap":{"docs":{"insertions":63,"deletions":0}}},{"hash":"cab64e43e4628cd22b621d341d17526c1e6a7a47","messageTitle":"Fix bug in add tag where the GUI does not update immediately","messageBody":"","fileTypesAndContributionMap":{"functional-code":{"insertions":6,"deletions":4}}}]},{"date":"2022-10-28","commitResults":[{"hash":"00ad9ec263f510d4ca202a98c1321011a90d4790","messageTitle":"Update version","messageBody":"","fileTypesAndContributionMap":{"functional-code":{"insertions":1,"deletions":1}}},{"hash":"9b9948f86429aa2069ace32bb01c5506b4bfc816","messageTitle":"Update user stories","messageBody":"","fileTypesAndContributionMap":{"docs":{"insertions":4,"deletions":4}}}]},{"date":"2022-10-31","commitResults":[{"hash":"e5731fb0988ee4f9125364dfacccb6db42899e1d","messageTitle":"Update PPP","messageBody":"","fileTypesAndContributionMap":{"docs":{"insertions":26,"deletions":15}}},{"hash":"d1966ca4cf3807ba6f8180677d31c41b5088a3f4","messageTitle":"Update DG with activity diagram","messageBody":"","fileTypesAndContributionMap":{"docs":{"insertions":14,"deletions":0}}},{"hash":"78d3015c8ef26b5fb07292f1097ae9db82e0fea0","messageTitle":"Increase Storage Image width","messageBody":"","fileTypesAndContributionMap":{"docs":{"insertions":1,"deletions":1}}},{"hash":"e4342a91db04f90fdae5433b05f7f87611467f8a","messageTitle":"Fix ped bug","messageBody":"This also fixes the bug where the tag size is being displayed\nincorrectly when an undo is done after add/delete tag.\n","fileTypesAndContributionMap":{"functional-code":{"insertions":10,"deletions":6}}}]},{"date":"2022-11-02","commitResults":[{"hash":"c59f5be329108c59a0b95aad71c2f46c97af8c62","messageTitle":"Rename tag to label for user messages","messageBody":"It can be confusing for new users when the messages displayed use\ntags while the commands and user guide use labels.\n\nLet\u0027s rename tag to label for the user messages to prevent\nconfusion.\n","fileTypesAndContributionMap":{"functional-code":{"insertions":22,"deletions":21}}}]},{"date":"2022-11-04","commitResults":[{"hash":"1e8ad7d126a8afcc317c5befa4f20940400bd0b5","messageTitle":"Update UG","messageBody":"","fileTypesAndContributionMap":{"docs":{"insertions":4,"deletions":4}}},{"hash":"5f1ddaa0fe0c2b4c4cc31919b2c27ed87c610259","messageTitle":"Work in progress","messageBody":"","fileTypesAndContributionMap":{"docs":{"insertions":3,"deletions":2}}}]}],"feliciagan":[{"date":"2022-09-28","commitResults":[{"hash":"09ba7260f1928f9276c04a99c85db0ac97557ca9","messageTitle":"Update AboutUs.md with personal information","messageBody":"","fileTypesAndContributionMap":{"docs":{"insertions":5,"deletions":6}}},{"hash":"14d805cf16f87024cb4aaafc076323eb4c02a7fc","messageTitle":"Add a skeletal PPP","messageBody":"","fileTypesAndContributionMap":{"docs":{"insertions":38,"deletions":0}}},{"hash":"c191fe8aab5dae25f78e589f35a35ea8603ec121","messageTitle":"Add newline at end of file","messageBody":"","fileTypesAndContributionMap":{"docs":{"insertions":1,"deletions":1}}},{"hash":"b6601edfd9e2a99ef4c31f1390a744f07995839d","messageTitle":"Update the user guide","messageBody":"","fileTypesAndContributionMap":{"docs":{"insertions":54,"deletions":69}}},{"hash":"8d15997ef30d7354fec2931cd23046b597efa18b","messageTitle":"Update content of README to match project","messageBody":"","fileTypesAndContributionMap":{"docs":{"insertions":14,"deletions":10}}}]},{"date":"2022-09-29","commitResults":[{"hash":"5a131c942aa136903203e802a3574cfa89598658","messageTitle":"Add mark task use case","messageBody":"","fileTypesAndContributionMap":{"docs":{"insertions":23,"deletions":0}}}]},{"date":"2022-09-30","commitResults":[{"hash":"b8204f2d610cc23fabc04fd033f2ef614419544b","messageTitle":"Change nicole ppp and png name","messageBody":"","fileTypesAndContributionMap":{"docs":{"insertions":0,"deletions":0}}}]},{"date":"2022-10-06","commitResults":[{"hash":"14e1c70868c32b07d314b290cbb48855d31eabb0","messageTitle":"Add mark and unmark task commands","messageBody":"There are no mark and unmark task commands.\n\nAllowing users to mark their tasks as completed or incomplete will help them keep track of what tasks they have not done.\n\nLet\u0027s add mark and unmark task commands.\n","fileTypesAndContributionMap":{"functional-code":{"insertions":281,"deletions":0}}},{"hash":"34950d80589949969273a3df269697188c918bcb","messageTitle":"Resolve CI errors","messageBody":"","fileTypesAndContributionMap":{"functional-code":{"insertions":8,"deletions":1}}},{"hash":"d0daacbe0ca173fd6a13973a8329a7056709f421","messageTitle":"Resolve CI test errors","messageBody":"","fileTypesAndContributionMap":{"test-code":{"insertions":12,"deletions":0}}}]},{"date":"2022-10-07","commitResults":[{"hash":"2a37de583dc5ae0a64cde5e78b0adba1a055673b","messageTitle":"Change file names to standardise","messageBody":"","fileTypesAndContributionMap":{"functional-code":{"insertions":6,"deletions":6},"other":{"insertions":24,"deletions":24}}}]},{"date":"2022-10-13","commitResults":[{"hash":"a31cb5fa25ba3315ba78d2f20455ea4afb97fed4","messageTitle":"Add remark field for person","messageBody":"Add contact command and edit contact command does not allow adding of remark to a person in address book.\n\nA remark is more user-friendly because users are able to note down important things about a person.\n\nLet\u0027s allow adding of remark to a person in address book.\n","fileTypesAndContributionMap":{"functional-code":{"insertions":248,"deletions":408},"other":{"insertions":19,"deletions":42},"docs":{"insertions":21,"deletions":21},"test-code":{"insertions":98,"deletions":63}}},{"hash":"2904bd09db4144b8a7eaa3646e7849d9d4cddf97","messageTitle":"Resolve checkstyle error","messageBody":"","fileTypesAndContributionMap":{"functional-code":{"insertions":2,"deletions":1}}},{"hash":"a721c7363044f4d1f02a54b3432d5e325e5054fa","messageTitle":"Resolve failing tests","messageBody":"","fileTypesAndContributionMap":{"test-code":{"insertions":8,"deletions":7}}},{"hash":"5f9c6efe6e64011ed3f4487d5df3f981dd176749","messageTitle":"Update mark unmark task commands","messageBody":"Mark and unmark task commands do not change the gui immediately after being executed.\n\nUpdating the commands gets rid of this bug.\n\nLet\u0027s update mark and unmark task commands.\n","fileTypesAndContributionMap":{"functional-code":{"insertions":247,"deletions":163},"test-code":{"insertions":0,"deletions":5}}},{"hash":"d080070748a475e6db422cc7765d6c7a36507ef4","messageTitle":"Add storage of tasks","messageBody":"Task list is not stored.\n\nThe user needs the data to be stored to use the address book regularly.\n\nLet\u0027s store the task list.\n","fileTypesAndContributionMap":{"functional-code":{"insertions":124,"deletions":5}}}]},{"date":"2022-10-20","commitResults":[{"hash":"b590d0c4479b5a5f93ba28f916683b2297ee4faa","messageTitle":"Add task test util","messageBody":"","fileTypesAndContributionMap":{"other":{"insertions":9,"deletions":12},"test-code":{"insertions":210,"deletions":2}}},{"hash":"1cf649f315ab40512a953ffe879cf13ac0cf3bd1","messageTitle":"Add more task test util","messageBody":"","fileTypesAndContributionMap":{"test-code":{"insertions":79,"deletions":11}}},{"hash":"055929b10eae6c1955fe03fce2772cc083c63466","messageTitle":"Resolve checkstyle errors","messageBody":"","fileTypesAndContributionMap":{"test-code":{"insertions":9,"deletions":2}}}]},{"date":"2022-10-21","commitResults":[{"hash":"cd90ea7d754f88c8f1934c0e421435ec1c1fae72","messageTitle":"Add markT and unmarkT implementation to dg","messageBody":"","fileTypesAndContributionMap":{"docs":{"insertions":148,"deletions":28}}},{"hash":"259fac87b44f017357fbf42a30a34fab1ff60080","messageTitle":"Resolve checkstyle errors","messageBody":"","fileTypesAndContributionMap":{"docs":{"insertions":46,"deletions":46}}}]},{"date":"2022-10-24","commitResults":[{"hash":"3226c5573edf48a91a1521a7d7b9f55a8581cf82","messageTitle":"Change ui color scheme","messageBody":"","fileTypesAndContributionMap":{"functional-code":{"insertions":43,"deletions":38}}},{"hash":"4c2eda1600e6025ec3d84c282b22a992db549c80","messageTitle":"Toggle tab according to command","messageBody":"","fileTypesAndContributionMap":{"functional-code":{"insertions":78,"deletions":0}}},{"hash":"0d3e7a6365c563f6f7772a3af64564bef1d4457b","messageTitle":"Resolve bug with toggle tab","messageBody":"","fileTypesAndContributionMap":{"functional-code":{"insertions":2,"deletions":2}}},{"hash":"a90df92e4da860c7af4e9dbef4fba445770f0b22","messageTitle":"Change ui for task and tag","messageBody":"","fileTypesAndContributionMap":{"functional-code":{"insertions":187,"deletions":71}}},{"hash":"f33490a4614ca89d9e67209ee601f5a96289f98b","messageTitle":"Resolve checkstyle errors","messageBody":"","fileTypesAndContributionMap":{"functional-code":{"insertions":1,"deletions":1},"docs":{"insertions":2,"deletions":2}}}]},{"date":"2022-10-25","commitResults":[{"hash":"c502abed3ee737229510afff14e9eff091ef872a","messageTitle":"Resolve checkstyle errors","messageBody":"","fileTypesAndContributionMap":{"functional-code":{"insertions":4,"deletions":7}}},{"hash":"b88af6f70dbf1bcd02a95e3d76ac932268bde5d3","messageTitle":"Add task sample data and change datafile name to yellowbook.json","messageBody":"","fileTypesAndContributionMap":{"functional-code":{"insertions":31,"deletions":14}}},{"hash":"f2097e94f531f47d0b70340b9eb33d26ffb80185","messageTitle":"Remove tab focus indicator color","messageBody":"","fileTypesAndContributionMap":{"functional-code":{"insertions":4,"deletions":0}}}]},{"date":"2022-10-26","commitResults":[{"hash":"f142f7055bd2a20e9eac96679e041588221e2014","messageTitle":"Change implementation of status color","messageBody":"","fileTypesAndContributionMap":{"functional-code":{"insertions":5,"deletions":9}}},{"hash":"d477b4d27273c21e552fa7288edd6ab9bd1efd6d","messageTitle":"Add copy email command","messageBody":"Users have to search for each team member and separately copy their emails from their contact details.\n\nIt will be more convenient for them to be able to copy a string of emails of all team members with a particular tag.\n\nLet\u0027s add copy email command.\n","fileTypesAndContributionMap":{"functional-code":{"insertions":103,"deletions":6}}},{"hash":"5aa51c66b576e634ef20f1185ccb997827a74d8a","messageTitle":"Add exception for markT and unmarkT","messageBody":"","fileTypesAndContributionMap":{"functional-code":{"insertions":10,"deletions":0}}},{"hash":"92e9278e3cf16e1762ce9dda7797119035a60f47","messageTitle":"Resolve some message and user guide mistakes","messageBody":"","fileTypesAndContributionMap":{"functional-code":{"insertions":5,"deletions":5},"docs":{"insertions":10,"deletions":10}}},{"hash":"959a64c046a67c0cb85acae83775881257f0f762","messageTitle":"Move copyC message to other file","messageBody":"","fileTypesAndContributionMap":{"functional-code":{"insertions":2,"deletions":3}}},{"hash":"cf4b5cd592ac488ab58a12758516b2bdc4593d24","messageTitle":"Standardise display message format","messageBody":"","fileTypesAndContributionMap":{"functional-code":{"insertions":20,"deletions":26}}},{"hash":"ce32b8b8d203814efe14e6cd7d65fabba2da570e","messageTitle":"Resolve undo redo toggle parse error","messageBody":"","fileTypesAndContributionMap":{"functional-code":{"insertions":2,"deletions":0}}}]},{"date":"2022-10-27","commitResults":[{"hash":"24ce65084f422cc92b6aa93de1b642b27a4d7f1c","messageTitle":"Resolve task status reset error when edit task","messageBody":"","fileTypesAndContributionMap":{"functional-code":{"insertions":2,"deletions":2}}},{"hash":"a13b2d420814a510eb7516bd5e73861b42011207","messageTitle":"Resolve bug with isAnyFieldEdited method","messageBody":"","fileTypesAndContributionMap":{"functional-code":{"insertions":1,"deletions":1}}},{"hash":"28eec9c67fc2a82c2e9423d0d63b44a319be82f9","messageTitle":"Restrict remark validity","messageBody":"","fileTypesAndContributionMap":{"functional-code":{"insertions":23,"deletions":2},"test-code":{"insertions":42,"deletions":6}}},{"hash":"48310d8e3356e0586de395c698051be16e581591","messageTitle":"Update documentation","messageBody":"","fileTypesAndContributionMap":{"docs":{"insertions":45,"deletions":21}}}]},{"date":"2022-10-28","commitResults":[{"hash":"0b47022eecbd15662366bed7ed7e1941ea29f289","messageTitle":"Update developer guide","messageBody":"","fileTypesAndContributionMap":{"docs":{"insertions":136,"deletions":50}}}]},{"date":"2022-10-31","commitResults":[{"hash":"6072e43a8772c1c1901106ada7cb8fc0323b9249","messageTitle":"Change link in sample usage section","messageBody":"","fileTypesAndContributionMap":{"docs":{"insertions":1,"deletions":1}}}]},{"date":"2022-11-01","commitResults":[{"hash":"8e77bede08114d675b49542a6b40eb19253750b3","messageTitle":"Update ppp","messageBody":"","fileTypesAndContributionMap":{"docs":{"insertions":56,"deletions":15}}}]},{"date":"2022-11-05","commitResults":[{"hash":"9958011a14183b31f806219e1e4d36e6061ad47b","messageTitle":"Add tests for mark, unmark, copyc, remark","messageBody":"","fileTypesAndContributionMap":{"functional-code":{"insertions":3,"deletions":0},"test-code":{"insertions":462,"deletions":4}}},{"hash":"1de708f2485b2fca06b8d3f6ea54b6c4234c0cc3","messageTitle":"Change user messages from tag to label","messageBody":"","fileTypesAndContributionMap":{"functional-code":{"insertions":12,"deletions":6}}},{"hash":"af61dcc2c6cea9a0e14586a47a467cffffe3f601","messageTitle":"Change valid tags in tests","messageBody":"","fileTypesAndContributionMap":{"test-code":{"insertions":33,"deletions":36}}},{"hash":"8b8bb591f1b3e924d91521f3eae9bf8626d2bf12","messageTitle":"Resolve checkstyle errors","messageBody":"","fileTypesAndContributionMap":{"test-code":{"insertions":7,"deletions":3}}},{"hash":"63cbd9088e931d31c1069ddb10afc2865d729ee0","messageTitle":"Resolve failing tests","messageBody":"","fileTypesAndContributionMap":{"test-code":{"insertions":6,"deletions":6}}}]},{"date":"2022-11-06","commitResults":[{"hash":"0681415ba54f51a9b20bda9b5769237be1f74f3a","messageTitle":"Change user message","messageBody":"","fileTypesAndContributionMap":{"functional-code":{"insertions":1,"deletions":1}}},{"hash":"acb50395a3be11570b921d112d962b1ecbdddd04","messageTitle":"Resolve failing tests","messageBody":"","fileTypesAndContributionMap":{"test-code":{"insertions":2,"deletions":2}}},{"hash":"bd9ed3089c571465e52b5351b1dd527737f52918","messageTitle":"Add storage tests","messageBody":"","fileTypesAndContributionMap":{"test-code":{"insertions":97,"deletions":0}}},{"hash":"7455e01a048d7b5fc21ee32d7da8fd1c95b21e7e","messageTitle":"Resolve checkstyle errors","messageBody":"","fileTypesAndContributionMap":{"docs":{"insertions":15,"deletions":15}}},{"hash":"bd61e73c69c8e187e83361eac91007c679320104","messageTitle":"Update user guide","messageBody":"","fileTypesAndContributionMap":{"docs":{"insertions":73,"deletions":41}}}]}],"junwei-tan":[{"date":"2022-09-29","commitResults":[{"hash":"406acdd3e471b2965f543573788fe71d01225cd3","messageTitle":"Add PPP for Jun Wei Tan","messageBody":"","fileTypesAndContributionMap":{"docs":{"insertions":41,"deletions":0}}},{"hash":"49bb290357246134856b71b8e949bf522f9af38f","messageTitle":"Add junwei-tan to AboutUs page","messageBody":"","fileTypesAndContributionMap":{"docs":{"insertions":4,"deletions":4}}},{"hash":"0a00273668ee31b8c059f753c566570181ea067f","messageTitle":"Add newline at EOF to comply with code style","messageBody":"","fileTypesAndContributionMap":{"docs":{"insertions":1,"deletions":1}}}]},{"date":"2022-09-30","commitResults":[{"hash":"2d6943b0a483f680f888cf5391790c0170ce3b10","messageTitle":"Add NFR to DeveloperGuide.md","messageBody":"","fileTypesAndContributionMap":{"docs":{"insertions":17,"deletions":3}}},{"hash":"95e2f2a7a642ef260be4680a6f1b8ddd9e651529","messageTitle":"Add use case for finding task tagged to specified contact","messageBody":"","fileTypesAndContributionMap":{"docs":{"insertions":21,"deletions":0}}},{"hash":"1829eaa29c4f9465433d6b30a81d3aa6444fc71c","messageTitle":"Update UG","messageBody":"","fileTypesAndContributionMap":{"docs":{"insertions":101,"deletions":6}}}]},{"date":"2022-10-06","commitResults":[{"hash":"ab47662c571cc6c7e40524678526ac83abf73cbc","messageTitle":"Update Find command to query all fields of a person","messageBody":"Find command only searches the \"name\" field of a person.\n\nA find command that searches all fields of a person returns more\nprecise results.\n\nLet\u0027s update the find command to search the \"name\", \"phone\", \"email\",\nand \"address\" fields.\n","fileTypesAndContributionMap":{"functional-code":{"insertions":195,"deletions":7}}}]},{"date":"2022-10-07","commitResults":[{"hash":"1609820a88c5b3cccd1523d05f3707d93fae8a60","messageTitle":"Update test cases","messageBody":"","fileTypesAndContributionMap":{"functional-code":{"insertions":15,"deletions":7},"test-code":{"insertions":117,"deletions":29}}},{"hash":"c279464f99a251efbdafceef10f74821e65eadfa","messageTitle":"Update code to comply with checkstyle","messageBody":"","fileTypesAndContributionMap":{"test-code":{"insertions":16,"deletions":12}}},{"hash":"8f7ca6920b52f90e79265f2c04fcb037c5d72d3d","messageTitle":"Update help command","messageBody":"","fileTypesAndContributionMap":{"functional-code":{"insertions":16,"deletions":2},"test-code":{"insertions":4,"deletions":1}}},{"hash":"25a6372c977fcf73494207d87b493348c96a254c","messageTitle":"Edit test cases","messageBody":"","fileTypesAndContributionMap":{"test-code":{"insertions":65,"deletions":69}}},{"hash":"6982ab978139b4dcdeff170c8886a8d26889ac94","messageTitle":"Refactor code into packages for task, person, and tag","messageBody":"","fileTypesAndContributionMap":{"functional-code":{"insertions":19,"deletions":10},"other":{"insertions":76,"deletions":33},"test-code":{"insertions":28,"deletions":17}}},{"hash":"b0934e411d6a1fd63155cd92ac06bbdddff5bb62","messageTitle":"Update code format to comply with checkstyle","messageBody":"","fileTypesAndContributionMap":{"functional-code":{"insertions":25,"deletions":9},"test-code":{"insertions":4,"deletions":4}}}]},{"date":"2022-10-09","commitResults":[{"hash":"ed53f0c7938da2a3848cd9531ef4beb2483629ed","messageTitle":"Add find task command","messageBody":"","fileTypesAndContributionMap":{"functional-code":{"insertions":277,"deletions":16}}},{"hash":"3a1190d7bed097eed8fbeada1b0c46754abc8cd9","messageTitle":"Format code for code style","messageBody":"","fileTypesAndContributionMap":{"functional-code":{"insertions":5,"deletions":2}}}]},{"date":"2022-10-12","commitResults":[{"hash":"7c7cd3bd829173967d32b0211ba99e45c22d3246","messageTitle":"Refactor code","messageBody":"Some classes violate the law of demeter.\n\nThis is bad coding practice.\n\nLet\u0027s,\n* Edit \"Task\" class\n* Edit \"TaskContainsKeywordsPredicate\" class\n","fileTypesAndContributionMap":{"functional-code":{"insertions":23,"deletions":6}}},{"hash":"e06a101b9cf5295b74b011dc76dba7ab5782de3d","messageTitle":"Implement Deadline and Description class","messageBody":"","fileTypesAndContributionMap":{"functional-code":{"insertions":117,"deletions":29}}},{"hash":"985b1e4d785d146742c09f98014a94e4820f7440","messageTitle":"Update Task, Description and TaskContainsKeywordsPredicate class","messageBody":"","fileTypesAndContributionMap":{"functional-code":{"insertions":28,"deletions":6}}},{"hash":"50cef7f97801c3794bcb6ad8caa115372e0c4fd6","messageTitle":"Update javadoc","messageBody":"","fileTypesAndContributionMap":{"functional-code":{"insertions":1,"deletions":1}}}]},{"date":"2022-10-13","commitResults":[{"hash":"ff14db3fe46d6fdc7559748d9cf478e4dce878c9","messageTitle":"Fix Deadline class","messageBody":"","fileTypesAndContributionMap":{"functional-code":{"insertions":21,"deletions":5}}},{"hash":"a6d694161c95dec663f352ff2c902dd63010175e","messageTitle":"Add filter command for task and people","messageBody":"Users are unable to query based on tags.\n\nAllowing quering using tags provides more flexibility in searching.\n\nLet\u0027s,\n* add filter command for contacts (filterC)\n* add filter command for tasks (filterT)\n","fileTypesAndContributionMap":{"functional-code":{"insertions":241,"deletions":25},"test-code":{"insertions":12,"deletions":0}}}]},{"date":"2022-10-14","commitResults":[{"hash":"2a2e24cf0291e150173309ee172082e671cebc2f","messageTitle":"Update user guide for find/filter commands","messageBody":"","fileTypesAndContributionMap":{"docs":{"insertions":29,"deletions":29}}}]},{"date":"2022-10-20","commitResults":[{"hash":"776f4a05633669ef70d603d368928bef88f8597c","messageTitle":"Enable assertions","messageBody":"","fileTypesAndContributionMap":{"other":{"insertions":5,"deletions":1}}}]},{"date":"2022-10-21","commitResults":[{"hash":"d802c6dcd786edae3aaa0a5b38a92c2d5ecec91b","messageTitle":"Add Find contact command to DG","messageBody":"","fileTypesAndContributionMap":{"docs":{"insertions":143,"deletions":0}}}]},{"date":"2022-10-23","commitResults":[{"hash":"73457e5e00afcbcb6769d401767cbc975ab94e8a","messageTitle":"Add description for Person, Task, and Tag class to DG","messageBody":"","fileTypesAndContributionMap":{"docs":{"insertions":39,"deletions":0}}},{"hash":"d29e24b92fdd985e5905c1b189205f6ff0985b0f","messageTitle":"Update constraints for class fields of Person and Task in DG","messageBody":"","fileTypesAndContributionMap":{"docs":{"insertions":17,"deletions":15}}}]},{"date":"2022-10-24","commitResults":[{"hash":"839a454df347818c78355c6f34e889af7a26c9eb","messageTitle":"Add undo/redo command","messageBody":"","fileTypesAndContributionMap":{"functional-code":{"insertions":222,"deletions":0},"test-code":{"insertions":29,"deletions":0}}},{"hash":"962412c20a9a93a5159e9e5611187f840a8b5888","messageTitle":"Update to DG","messageBody":"","fileTypesAndContributionMap":{"docs":{"insertions":18,"deletions":14}}},{"hash":"c0a558c0ac6c6afe06042436acdc874fbd904064","messageTitle":"Add Undo/redo command to DG","messageBody":"","fileTypesAndContributionMap":{"docs":{"insertions":79,"deletions":0}}},{"hash":"5598f72bea47afc743ddc393f092f74588223882","messageTitle":"Add unique id to Person","messageBody":"","fileTypesAndContributionMap":{"functional-code":{"insertions":43,"deletions":9},"test-code":{"insertions":127,"deletions":41}}}]},{"date":"2022-10-25","commitResults":[{"hash":"86e2c8844c1569c08789c5372fe0a8c671695e94","messageTitle":"Update test cases","messageBody":"","fileTypesAndContributionMap":{"functional-code":{"insertions":17,"deletions":2},"other":{"insertions":3,"deletions":0},"test-code":{"insertions":100,"deletions":42}}},{"hash":"559e6556b63dade005d5d0a8729741af3f34fc64","messageTitle":"Remove duplicate code","messageBody":"","fileTypesAndContributionMap":{"functional-code":{"insertions":0,"deletions":17}}},{"hash":"2a4b7aef16a90cba5087776d9f4ef6ce937fa98e","messageTitle":"Fix bug in parse method in filter commands","messageBody":"","fileTypesAndContributionMap":{"functional-code":{"insertions":4,"deletions":4}}}]},{"date":"2022-10-27","commitResults":[{"hash":"2c387c84af7ee1ae835fe329168751ebe53b4605","messageTitle":"Update how task status is displayed in result box","messageBody":"Task completion status is shown as true/false.\n\nThis is not intuitive for less-technical users.\n\nLet\u0027s display as completed/not completed instead.\n","fileTypesAndContributionMap":{"functional-code":{"insertions":11,"deletions":5}}},{"hash":"27a2a0b6c2780c9443f4b785807d4709a75a4b31","messageTitle":"Refactor code","messageBody":"Task::getStatus() is used to get completion status of task.\n\nisArchive field is going to be added to task which may cause ambiguity\nin what \"status\" refers to.\n\nLet\u0027s:\n- Refactor Task::getStatus to Task::getCompletionStatus\n- Refactor Task::getStatusForDisplay to\nTask::getCompletionStatusForDisplay\n- Refactor code in TaskCard to be more concise\n- Declare \"magic constant\" colour hex-codes as variables\n","fileTypesAndContributionMap":{"functional-code":{"insertions":19,"deletions":28}}},{"hash":"7dad68bcb0cf78150dfd1968f53c4cef5f042cba","messageTitle":"Add archive/unarchive task feature","messageBody":"","fileTypesAndContributionMap":{"functional-code":{"insertions":464,"deletions":49},"test-code":{"insertions":58,"deletions":17}}},{"hash":"40004295c1b46fbbab7f130a15518bf4ad1173c4","messageTitle":"Fix code","messageBody":"","fileTypesAndContributionMap":{"test-code":{"insertions":2,"deletions":2}}},{"hash":"1248d7f14382103002f9e89ef9c5842badc69864","messageTitle":"Update user guide","messageBody":"","fileTypesAndContributionMap":{"functional-code":{"insertions":8,"deletions":4},"docs":{"insertions":100,"deletions":45}}},{"hash":"5b57b08a7a97437a498206cb2673a8b455db74d2","messageTitle":"Update Ui.png","messageBody":"","fileTypesAndContributionMap":{"functional-code":{"insertions":1,"deletions":8},"docs":{"insertions":2,"deletions":2}}},{"hash":"7054178f3f45f2721f2362e8970ac45943cfe367","messageTitle":"Edit code","messageBody":"","fileTypesAndContributionMap":{"functional-code":{"insertions":0,"deletions":4}}}]},{"date":"2022-10-28","commitResults":[{"hash":"03a20aa7727c5447f0b7d7fd2021534324152407","messageTitle":"Update findC and findT command","messageBody":"","fileTypesAndContributionMap":{"functional-code":{"insertions":161,"deletions":23},"docs":{"insertions":26,"deletions":9}}},{"hash":"064a3757bddd9d13de5abe30d9041f10f831651e","messageTitle":"Revert help command back to original AB3 version with minor edits","messageBody":"","fileTypesAndContributionMap":{"functional-code":{"insertions":8,"deletions":10},"docs":{"insertions":1,"deletions":1}}},{"hash":"80fe533679122f07642007c44e73788345eaf5fd","messageTitle":"Fix code style","messageBody":"","fileTypesAndContributionMap":{"functional-code":{"insertions":12,"deletions":10}}},{"hash":"0406bdcd9c7767f1edcb983e8a1f23ecdcd14aa8","messageTitle":"update test cases","messageBody":"","fileTypesAndContributionMap":{"test-code":{"insertions":23,"deletions":8}}},{"hash":"17571590f4621b428e59df9f31ce5f2cb0dd7af5","messageTitle":"Fix find contact command","messageBody":"","fileTypesAndContributionMap":{"functional-code":{"insertions":6,"deletions":2}}},{"hash":"d55324ff7345e6f2b3aa16fefd6a8df9be5a9551","messageTitle":"Update UG","messageBody":"","fileTypesAndContributionMap":{"functional-code":{"insertions":14,"deletions":5},"docs":{"insertions":4,"deletions":4}}}]},{"date":"2022-11-02","commitResults":[{"hash":"246c37a915881212a861682dcb0056a52c7665ac","messageTitle":"update PPP","messageBody":"","fileTypesAndContributionMap":{"docs":{"insertions":32,"deletions":13}}},{"hash":"6a338c9de588d7dd0204a55e1cc1ee592ef867f3","messageTitle":"Updates to documentation","messageBody":"","fileTypesAndContributionMap":{"functional-code":{"insertions":9,"deletions":7},"docs":{"insertions":15,"deletions":15}}},{"hash":"913c60854145aae1ea013f2daa7bb0d6ca99de6c","messageTitle":"update wrong find task command message","messageBody":"","fileTypesAndContributionMap":{"functional-code":{"insertions":1,"deletions":1}}},{"hash":"9e136658468f14e9a1401ee32e362a6702611718","messageTitle":"update wrong find task command message","messageBody":"","fileTypesAndContributionMap":{"functional-code":{"insertions":1,"deletions":1}}}]},{"date":"2022-11-04","commitResults":[{"hash":"f4b635f4c80532846a2dc21f34b098e6ce223ebe","messageTitle":"Update sample usage section in UG","messageBody":"","fileTypesAndContributionMap":{"docs":{"insertions":9,"deletions":6}}},{"hash":"bdc0280e4385cca1ee66d113f8ae6e24c1bd0859","messageTitle":"update find task command","messageBody":"","fileTypesAndContributionMap":{"functional-code":{"insertions":3,"deletions":3},"docs":{"insertions":0,"deletions":1}}}]},{"date":"2022-11-06","commitResults":[{"hash":"b24cd7344552eee1df90a44d3a590c9412068650","messageTitle":"update UG","messageBody":"","fileTypesAndContributionMap":{"docs":{"insertions":29,"deletions":12}}},{"hash":"31b03356244457ce38d2a398ddda64cd232f9ac9","messageTitle":"Update find command in DG","messageBody":"","fileTypesAndContributionMap":{"docs":{"insertions":10,"deletions":6}}},{"hash":"f305fad01a8bdd1102caccd95ebc636f1b695e28","messageTitle":"update user guide","messageBody":"","fileTypesAndContributionMap":{"docs":{"insertions":42,"deletions":40}}},{"hash":"0ff6b346f8dbac8e3d8b3d10ea50b6400b8770a7","messageTitle":"Edit order of commands","messageBody":"","fileTypesAndContributionMap":{"docs":{"insertions":48,"deletions":48}}},{"hash":"ab5f3489d75ed84cf08d2bedeb95902dfe3989ea","messageTitle":"Edit order of commands in UG","messageBody":"","fileTypesAndContributionMap":{"docs":{"insertions":22,"deletions":22}}},{"hash":"61568cc9fd876c08e2a3b4d4f46a0d6589e553a0","messageTitle":"Update DG","messageBody":"","fileTypesAndContributionMap":{"docs":{"insertions":4,"deletions":4}}},{"hash":"774fa625423339261eadd326745131f26f925780","messageTitle":"update references","messageBody":"","fileTypesAndContributionMap":{"docs":{"insertions":1,"deletions":0}}},{"hash":"63c9bd0ec1d9a7dbe9907f5bc9919ecaf344e8ac","messageTitle":"Edits to NFR","messageBody":"","fileTypesAndContributionMap":{"docs":{"insertions":14,"deletions":15}}},{"hash":"498db6eb051e4dcbe9e4663bfe104735178e79b9","messageTitle":"Update PPP","messageBody":"","fileTypesAndContributionMap":{"docs":{"insertions":3,"deletions":3}}},{"hash":"233e6ac4dfa0f08045ee95d5d07e6fd1d2979283","messageTitle":"rename general section to \"other useful features\"","messageBody":"","fileTypesAndContributionMap":{"docs":{"insertions":1,"deletions":1}}}]}],"nickeltea":[{"date":"2022-09-21","commitResults":[{"hash":"7ec05617ea61fc089b73efa6bf49843cfe300fff","messageTitle":"Add a new command","messageBody":"A new command must be added in order to complete Tutorial 2.\n\nTutorial 2 will be completed.\n\nLet\u0027s complete Tutorial 2 by adding a new command.\n","fileTypesAndContributionMap":{"functional-code":{"insertions":217,"deletions":49},"test-code":{"insertions":160,"deletions":17}}}]},{"date":"2022-09-26","commitResults":[{"hash":"405b5dfd7e0d469569242cc3d66b5afa0782a361","messageTitle":"Revert \"Merge branch \u0027tutorial-adding-command\u0027\"","messageBody":"This reverts commit 6ded88cbafa181f558ed82db7ddb096be7aad6c7, reversing\nchanges made to 77a32bf67b69274221eb3a6b3b1db2a16683ee46.\n","fileTypesAndContributionMap":{"functional-code":{"insertions":49,"deletions":217},"test-code":{"insertions":17,"deletions":160}}}]},{"date":"2022-09-27","commitResults":[{"hash":"18e74215005b6169a6e35500d2fbedb62bbaade7","messageTitle":"Update the User Guide","messageBody":"The User Guide is not updated.\n\nThe user Guide should be up to date.\n\nLet\u0027s update the User Guide.\n","fileTypesAndContributionMap":{"docs":{"insertions":11,"deletions":100}}},{"hash":"b38c6cfcf68cbe12180733f5c12155fc28706165","messageTitle":"Fix errors","messageBody":"The deadline example given is not accurate.\n\nThe example formats given should be accurate.\n\nLet\u0027s correct the example given.\n","fileTypesAndContributionMap":{"docs":{"insertions":4,"deletions":5}}}]},{"date":"2022-09-29","commitResults":[{"hash":"c6c29dc35c893409c8085ab6772de6615ad6fef6","messageTitle":"Add use cases","messageBody":"The Developer Guide lacks use cases.\n\nThe Developer Guide should have more relevant use cases.\n\nLet\u0027s add some use cases to the Developer Guide.\n","fileTypesAndContributionMap":{"docs":{"insertions":72,"deletions":0}}},{"hash":"90c29cff0018500f533f6ce034825c6885ab1e7c","messageTitle":"Add a skeletal PPP","messageBody":"Every member needs to have a PPP.\n\nNot every member has a PPP.\n\nLet\u0027s add a PPP.\n","fileTypesAndContributionMap":{"docs":{"insertions":38,"deletions":0}}},{"hash":"7958d491df2814bec49641278c491e05d9a22df4","messageTitle":"Update the AboutUs","messageBody":"The AboutUs contains placeholder information.\n\nThe AboutUs should contain accurate information.\n\nLet\u0027s replace the placeholder text in the AboutUs.\n","fileTypesAndContributionMap":{"docs":{"insertions":6,"deletions":6}}}]},{"date":"2022-09-30","commitResults":[{"hash":"a9ce3f5d8a6f1fcf383d4924cc47c0877d06533e","messageTitle":"Change AddressBook to YellowBook","messageBody":"The use cases are written using AddressBook instead of YellowBook.\n\nThe name of the app should be YellowBook.\n\nLet\u0027s edit the use cases.\n","fileTypesAndContributionMap":{"docs":{"insertions":12,"deletions":12}}}]},{"date":"2022-10-06","commitResults":[{"hash":"c1a83f2c49253d52d13922ec92a19c86b7601cd5","messageTitle":"Implement addT command","messageBody":"There is no command to add tasks.\n\nThere needs to be a command to add tasks.\n\nLet\u0027s implement the addT command.\n","fileTypesAndContributionMap":{"functional-code":{"insertions":14,"deletions":0}}},{"hash":"27cc8e75ebfa26617a5614378e851fb2d5fe33d8","messageTitle":"Implement addT command.","messageBody":"There is currently no command to add tasks.\n\nThere needs to be a command to add tasks.\n\nLet\u0027s implement the addT command.\n","fileTypesAndContributionMap":{"functional-code":{"insertions":394,"deletions":7}}}]},{"date":"2022-10-07","commitResults":[{"hash":"9006ef28f858fc31e0a9dd2ae09b4bbd75f2fde9","messageTitle":"Improve code quality","messageBody":"The code currently fails checkstyle.\n\nThe code should pass checkstyle.\n\nLet\u0027s improve the code quality so checkstyle is passed.\n","fileTypesAndContributionMap":{"functional-code":{"insertions":10,"deletions":12}}},{"hash":"07a98272306612b68307a7e83354106adb7b0190","messageTitle":"Improve code quality","messageBody":"The code currently fails checkstyle.\n\nThe code should pass checkstyle.\n\nLet\u0027s improve the code quality so checkstyle is passed.\n","fileTypesAndContributionMap":{"functional-code":{"insertions":69,"deletions":9},"test-code":{"insertions":6,"deletions":0}}},{"hash":"a68b7d37feaca22003fa02642ea38bd425c0cd4c","messageTitle":"Standardise the naming","messageBody":"The class names are not standardised.\n\nThe class names should be standardised.\n\nLet\u0027s standardise the names.\n","fileTypesAndContributionMap":{"other":{"insertions":9,"deletions":9}}}]},{"date":"2022-10-14","commitResults":[{"hash":"01d38894fd1b2a48b47b8a3ec631501f9ed9f9c1","messageTitle":"Implement deleteT command","messageBody":"Currently there is no way to delete tasks from the TaskList.\n\nThe TaskList is only minimally functional with a way to both add and\ndelete tasks.\n\nLet\u0027s implement a command to delete tasks from the TaskList.\n","fileTypesAndContributionMap":{"functional-code":{"insertions":136,"deletions":14},"docs":{"insertions":5,"deletions":4},"test-code":{"insertions":1,"deletions":1}}},{"hash":"6f984d92f536f84901c7b2e3e34afedd0ee48f7f","messageTitle":"Fix checkstyle","messageBody":"The code does not pass checkstyle.\n\nThe code should pass checkstyle.\n\nLet\u0027s improve the code quality so it passes checkstyle.\n","fileTypesAndContributionMap":{"functional-code":{"insertions":18,"deletions":9},"test-code":{"insertions":5,"deletions":0}}},{"hash":"63f24165267ed69111bde763b4d97af1795913e1","messageTitle":"Correct inaccuracies in JavaDocs","messageBody":"There are inaccuracies in the JavaDocs.\n\nThere should not inaccuracies in the JavaDocs.\n\nLet\u0027s correct the inaccuracies in the JavaDocs.\n","fileTypesAndContributionMap":{"functional-code":{"insertions":3,"deletions":3}}}]},{"date":"2022-10-21","commitResults":[{"hash":"d0650dcda6eb85ce9189029ad41bd45503f2ca0d","messageTitle":"Update the developer guide","messageBody":"The developer guide is not updated.\n\nThe developer guide should be updated.\n\nLet\u0027s update the developer guide.\n","fileTypesAndContributionMap":{"docs":{"insertions":130,"deletions":0}}},{"hash":"35e719786dd171122aed5691b700aa13b74bc851","messageTitle":"Update user guide","messageBody":"The user guide can be improved.\n\nThe user guide should be up to date and accurate.\n\nLet\u0027s update the user guide.\n","fileTypesAndContributionMap":{"functional-code":{"insertions":0,"deletions":1},"docs":{"insertions":0,"deletions":10}}},{"hash":"651a221aa744a73256c6c3ad805bdd48b1f563bd","messageTitle":"Remove unused class","messageBody":"TaskUi is not being used and does not affect the functionality of the\ncode.\n\nUnused classes should be removed to improve code quality.\n\nLet\u0027s remove the TaskUi class to improve code quality.\n","fileTypesAndContributionMap":{"functional-code":{"insertions":0,"deletions":122}}},{"hash":"2d7d5f7d23ec9e3ca04270d41182b6931bd0852f","messageTitle":"Make minor edit to DG for consistency","messageBody":"Changed the capitalization on one letter for consistency in the DG.\n\nThe developer guide should look consistent.\n\nLet\u0027s improve the quality of the DG.\n","fileTypesAndContributionMap":{"docs":{"insertions":1,"deletions":1}}},{"hash":"d505d7368f1ac0a70ec443999854b6293f6890da","messageTitle":"Add activity diagram to DG","messageBody":"The documentation for add/delete task does not include an activity\ndiagram\n\nAn activity diagram would have improve the comprehensibility of the DG.\n\nLet\u0027s add an activity diagram for adding tasks.\n","fileTypesAndContributionMap":{"docs":{"insertions":21,"deletions":0}}},{"hash":"895fe2410fb3f16603072789cefdf8d9b4ed8633","messageTitle":"Fix checkstyle","messageBody":"The checkstyle does not pass.\n\nThe checkstyle should pass to ensure adequate code quality.\n\nLet\u0027s improve the code quality so checkstyle passes.\n","fileTypesAndContributionMap":{"docs":{"insertions":3,"deletions":4}}}]},{"date":"2022-10-25","commitResults":[{"hash":"87d5993787a99e4498f8fd83fd47fdabe1c12512","messageTitle":"Create ReminderCommand class","messageBody":"We need to implement the remindT command.\n\nThere should be a ReminderCommand class.\n\nLet\u0027s implement the ReminderCommand class.\n","fileTypesAndContributionMap":{"functional-code":{"insertions":2,"deletions":0}}},{"hash":"91a5e04aa533ce5c5317a414667cc08f471be059","messageTitle":"Implement the ReminderCommand class","messageBody":"We need to implement the remindT command.\n\nThere should be a ReminderCommand class.\n\nLet\u0027s implement the ReminderCommand class.\n","fileTypesAndContributionMap":{"functional-code":{"insertions":35,"deletions":1}}},{"hash":"5756c8487d5edace796ef312bff9a71e7a12a779","messageTitle":"Implement remindT command","messageBody":"There should be a reminder command to list tasks with deadlines up to\nand including the specified deadline.\n\nAdding a remindT command will expand the functionality of YellowBook.\n\nLet\u0027s add a new feature to YellowBook by implementing remindT.\n","fileTypesAndContributionMap":{"functional-code":{"insertions":108,"deletions":8},"docs":{"insertions":1,"deletions":1}}},{"hash":"3d7ac9e6bd7b3a53f5d2b7c0ef8bf01626f54049","messageTitle":"Make date field final","messageBody":"The date field was made not final for testing.\n\nThe date field of the Deadline class should be final.\n\nLet\u0027s make the date field of the Deadline class final.\n","fileTypesAndContributionMap":{"functional-code":{"insertions":1,"deletions":1}}},{"hash":"40f86add639a11a73259242c399cb581bc8a9079","messageTitle":"Improve documentation","messageBody":"There are mistakes in the JavaDocs for some methods.\n\nThe documentation should be accurate and comprehensible.\n\nLet\u0027s correct these mistakes to improve the quality of documentation.\n","fileTypesAndContributionMap":{"functional-code":{"insertions":6,"deletions":7}}},{"hash":"490462eeccac55355d417149a422b23cf4c5c6b3","messageTitle":"Add equals method","messageBody":"TaskProgressCommand does not override the equals method.\n\nTaskProgressCommand class should override the equals method.\n\nLet\u0027s override the equals method for the TaskProgressCommand class.\n","fileTypesAndContributionMap":{"functional-code":{"insertions":49,"deletions":0}}}]},{"date":"2022-10-26","commitResults":[{"hash":"c9efdeb93f8963d6ab206f3bb8ea75a6c780474f","messageTitle":"Implement progressT command","messageBody":"YellowBook is currently unable to show the current completion percentage\nof tasks under any of the specified tags.\n\nYelllowBook\u0027s functionality can be improved by implementing a command\nsuch that users can show the task completion progress of tasks under any\nof the specified tags.\n\nLet\u0027s implement the progressT command to expand YellowBook\u0027s\nfunctionality.\n","fileTypesAndContributionMap":{"functional-code":{"insertions":98,"deletions":10},"docs":{"insertions":1,"deletions":1},"test-code":{"insertions":5,"deletions":0}}},{"hash":"62dfc5b24eae05038d68e3b5bec1a1ec3f8f8f27","messageTitle":"Edit TaskProgressCommandParser class","messageBody":"The TaskProgressCommandParser class contains code that is not used.\n\nCode that is not used should be deleted.\n\nLet\u0027s improve code quality by editing the TaskProgressCommandParser\n.class\n","fileTypesAndContributionMap":{"functional-code":{"insertions":1,"deletions":1}}},{"hash":"b42dedc9c58c4a75803b8b1a01967ede73cd984b","messageTitle":"Improve code quality","messageBody":"The code currently contains a duplicate method.\n\nThe code quality can be improved by removing the duplicate method and\nrenaming certain methods.\n\nLet\u0027s improve the code quality by removing duplicated code and naming\nmethods meaningfully.\n","fileTypesAndContributionMap":{"functional-code":{"insertions":4,"deletions":13},"test-code":{"insertions":1,"deletions":1}}}]},{"date":"2022-10-27","commitResults":[{"hash":"54483db1ad2568e24afba2040f09ecd75e74e3f1","messageTitle":"Update the User Guide","messageBody":"The User Guide is not up to date with the new commands implemented.\n\nThe User Guide should be up to date and comprehensible.\n\nLet\u0027s update the User Guide to make it more complete and accurate.\n","fileTypesAndContributionMap":{"functional-code":{"insertions":2,"deletions":1},"docs":{"insertions":86,"deletions":23}}},{"hash":"87c927a7d8154624d5c17bdc756b632d83f34c9a","messageTitle":"Reformat table","messageBody":"The table in the User Guide is not formatted correctly.\n\nThe table in the User Guide should be formatted correctly to improve the\nreadability of the User Guide.\n\nLet\u0027s improve the quality of documentation by reformatting the table in\nthe User Guide.\n","fileTypesAndContributionMap":{"docs":{"insertions":17,"deletions":17}}}]},{"date":"2022-10-28","commitResults":[{"hash":"8405dca4d954deb430010017eea1144629042a6a","messageTitle":"Fix User Guide","messageBody":"There are inaccuracies in the User Guide.\n\nThe User Guide should be as accurate as possible.\n\nLet\u0027s improve the quality of documentation by fixing the User Guide.\n","fileTypesAndContributionMap":{"docs":{"insertions":1,"deletions":1}}}]},{"date":"2022-10-30","commitResults":[{"hash":"59dc7443fe67295595e5613dc6bc89cc0876d77e","messageTitle":"Reduce duplicate code","messageBody":"","fileTypesAndContributionMap":{"functional-code":{"insertions":76,"deletions":181}}},{"hash":"028695609fe6149fb0da97d4bdda7f0fa4ad5628","messageTitle":"Reduce duplicate code","messageBody":"","fileTypesAndContributionMap":{"functional-code":{"insertions":14,"deletions":26}}}]},{"date":"2022-11-02","commitResults":[{"hash":"c7ecd188c09eea6f3e18879a80356f00aafe451d","messageTitle":"Fix PE-D bugs","messageBody":"","fileTypesAndContributionMap":{"functional-code":{"insertions":8,"deletions":2},"docs":{"insertions":2,"deletions":0}}},{"hash":"8cdb1fc4e56d8b8214c04708558ba871b1332adb","messageTitle":"Fix PE-D bugs","messageBody":"The user guide does not state that overdue tasks can be completed.\nInvalid dates can be used as deadlines.\n\nThe user guide should mention that overdue tasks can be completed and\ninvalid dates should not be accepted.\n\nLet\u0027s update the user guide and fix the implementation of Deadline.\n","fileTypesAndContributionMap":{"functional-code":{"insertions":40,"deletions":21},"docs":{"insertions":2,"deletions":0}}},{"hash":"4624cfec7af8e0813d1759b6d44a71bcd333f84f","messageTitle":"Fix Checkstyle bugs","messageBody":"","fileTypesAndContributionMap":{"functional-code":{"insertions":4,"deletions":5},"docs":{"insertions":18,"deletions":18}}},{"hash":"613c811d6538b8fd31fa820049c10cad91041c6e","messageTitle":"Fix PE-D issue #213","messageBody":"","fileTypesAndContributionMap":{"docs":{"insertions":3,"deletions":3}}},{"hash":"1a77cd972b47b381599b64b36ccab3145fa3e19f","messageTitle":"Update user guide","messageBody":"The user guide does not specify that the parameters of addT cannot be\nrearranged.\n\nThe user guide should be clear and comprehensible to users.\n\nLet\u0027s update the user guide to improve the quality of documentation.\n","fileTypesAndContributionMap":{"docs":{"insertions":2,"deletions":0}}},{"hash":"2352289b260bb8419d84ae1919b6016b87b70f1a","messageTitle":"Update PPP","messageBody":"","fileTypesAndContributionMap":{"docs":{"insertions":37,"deletions":15}}},{"hash":"b4cf2575bc196bb5ed0803535508050ee79365fb","messageTitle":"Update PPP and User Guide","messageBody":"The PPP is not up to date. The User Guide is not up to date and not\nconsistent in formatting.\n\nThe PPP and User guide should be up to date and consistent in\nformatting.\n\nLet\u0027s update the PPP and the User Guide to improve the quality of\ndocumentation.\n","fileTypesAndContributionMap":{"docs":{"insertions":15,"deletions":8}}}]},{"date":"2022-11-03","commitResults":[{"hash":"24cada78acbdd3174b157b9cc314e2844a777acb","messageTitle":"Update PPP","messageBody":"","fileTypesAndContributionMap":{"docs":{"insertions":7,"deletions":0}}},{"hash":"bd813a42b64295afddcbdcf01c7279f0c9671e9a","messageTitle":"Implement CommandUtil class","messageBody":"There is duplicated code in a few different classes.\n\nThere should not be duplicated code as this reduces code quality.\n\nLet\u0027s implement a CommandUtil class to improve code quality.\n","fileTypesAndContributionMap":{"functional-code":{"insertions":60,"deletions":97},"test-code":{"insertions":2,"deletions":2}}},{"hash":"d04316a3a0d55f236838ce0be81318f781aef7c2","messageTitle":"Fix Checkstyle","messageBody":"","fileTypesAndContributionMap":{"functional-code":{"insertions":2,"deletions":1}}}]},{"date":"2022-11-04","commitResults":[{"hash":"12048b2567183947e040710fadbb3a11beb1ebdd","messageTitle":"Write testcases","messageBody":"There are no testcases for AddTaskCommand and DeleteTaskCommand.\n\nThere should be higher test coverage.\n\nLet\u0027s write testcases for AddTaskCommand and DeleteTaskCommand to\nimprove test coverage.\n","fileTypesAndContributionMap":{"functional-code":{"insertions":0,"deletions":2},"test-code":{"insertions":421,"deletions":1}}},{"hash":"757bc7874044e3d864564c37ccface6bf59cce66","messageTitle":"Write testcases","messageBody":"RemindTaskCommand and TaskProgressCommand do not have any testcases.\n\nWe should write more testcases to increase test coverage.\n\nLet\u0027s write more testcases to improve test coverage.\n","fileTypesAndContributionMap":{"test-code":{"insertions":4,"deletions":0}}},{"hash":"a412ff1751e287bc666e32dc4f7c39830309503f","messageTitle":"Write testcases","messageBody":"RemindTaskCommand and TaskProgressCommand do not have any testcases.\n\nWe should write more testcases to increase test coverage.\n\nLet\u0027s write more testcases to improve test coverage.\n","fileTypesAndContributionMap":{"functional-code":{"insertions":8,"deletions":2},"test-code":{"insertions":103,"deletions":4}}},{"hash":"ea29d17c81375513904ede9c66003ac3529921a7","messageTitle":"Fix checkstyle","messageBody":"","fileTypesAndContributionMap":{"functional-code":{"insertions":4,"deletions":0},"test-code":{"insertions":4,"deletions":5}}},{"hash":"400020f533c119beaf4ed6cb6375e8d9e313a5d4","messageTitle":"Fix isValidDeadline","messageBody":"","fileTypesAndContributionMap":{"functional-code":{"insertions":12,"deletions":0}}}]},{"date":"2022-11-05","commitResults":[{"hash":"b4b9622c9a1c2f80a3232e4908f793212a4146c6","messageTitle":"Add remindT command to developer guide","messageBody":"The developer guide is incomplete.\n\nThe developer guide should be up to date and comprehensible.\n\nLet\u0027s add the remindT command to the developer guide to improve the\nquality of documentation.\n","fileTypesAndContributionMap":{"docs":{"insertions":32,"deletions":0}}},{"hash":"34c4d7192c8805ea9a183c9337ef494dd44b02f1","messageTitle":"Add task progress command to the dg","messageBody":"The dg does not include the task progress command.\n\nThe dg should be complete and comprehensible.\n\nLet\u0027s add the task progress command to the dg to improve the quality of\ndocumentation.\n","fileTypesAndContributionMap":{"functional-code":{"insertions":3,"deletions":1},"docs":{"insertions":38,"deletions":2}}},{"hash":"ac2b4b9317324a1b8a8c90b447c63133c725e83b","messageTitle":"Minor edit to PPP","messageBody":"","fileTypesAndContributionMap":{"docs":{"insertions":3,"deletions":0}}}]},{"date":"2022-11-06","commitResults":[{"hash":"b97a43ccfcae81290336843ab90defd83d19bf46","messageTitle":"Minor change to PPP","messageBody":"","fileTypesAndContributionMap":{"docs":{"insertions":0,"deletions":3}}},{"hash":"246951bbcaf6542e2f5220aec3d2152faad0618a","messageTitle":"Minor change to ppp","messageBody":"","fileTypesAndContributionMap":{"docs":{"insertions":1,"deletions":0}}},{"hash":"d36d1a91043ce76fccbc625751a6b80097b2eb77","messageTitle":"Update documentation","messageBody":"","fileTypesAndContributionMap":{"docs":{"insertions":5,"deletions":3}}}]}],"ryanguai":[{"date":"2022-09-26","commitResults":[{"hash":"f4697c8e54b6e6fb297406d37a92debec27be0df","messageTitle":"Update the link of the GitHub Actions build status badge (Build Status) on README","messageBody":"","fileTypesAndContributionMap":{"docs":{"insertions":1,"deletions":1}}},{"hash":"753193469825706d1269f7296591d4ea5e1ab924","messageTitle":"Create skeletal version of PPP","messageBody":"","fileTypesAndContributionMap":{"docs":{"insertions":42,"deletions":50}}},{"hash":"a1d47e3af97e612ab91291902ee1f4f4eef6c447","messageTitle":"Move draft UG content into repo","messageBody":"","fileTypesAndContributionMap":{"docs":{"insertions":10,"deletions":97}}},{"hash":"3875e3525a9e45d9446edc458c8a1a51d750ccf3","messageTitle":"Replace placeholder information on AboutUs with personal information","messageBody":"","fileTypesAndContributionMap":{"docs":{"insertions":5,"deletions":6}}}]},{"date":"2022-09-29","commitResults":[{"hash":"d567f4bf13406f048f8fe906571bb5257f682462","messageTitle":"Correct wrongly named title of section in UG","messageBody":"","fileTypesAndContributionMap":{"docs":{"insertions":1,"deletions":1}}},{"hash":"2811d4220ffd90dcdb7a009d1c60d7c332c607b1","messageTitle":"Make style changes to ensure that CI passes","messageBody":"","fileTypesAndContributionMap":{"docs":{"insertions":12,"deletions":12}}}]},{"date":"2022-09-30","commitResults":[{"hash":"7f93a8afbffffe611e104cf2833215c49074eeda","messageTitle":"Add use case for adding a label and add definitions of keywords to glossary","messageBody":"","fileTypesAndContributionMap":{"docs":{"insertions":32,"deletions":5}}},{"hash":"d2eceb33a00b339a7ae2f06b25742329db64de71","messageTitle":"Standardise commands listed in UG, remove references to AddressBook","messageBody":"","fileTypesAndContributionMap":{"docs":{"insertions":73,"deletions":54}}}]},{"date":"2022-10-01","commitResults":[{"hash":"30bf2f5da47b94661984c164fa8fbf1ced429c84","messageTitle":"Standardise commands used in title for each command in UG and fix typos","messageBody":"","fileTypesAndContributionMap":{"docs":{"insertions":45,"deletions":20}}},{"hash":"040a8f835529ebdd3da1c3acbd38cf64aa8804d9","messageTitle":"Fix spacing between bullet point and examples","messageBody":"","fileTypesAndContributionMap":{"docs":{"insertions":5,"deletions":5}}},{"hash":"53b9d79f9bd89e8f9fad81480faff983cbfecaa0","messageTitle":"Standardise full stops and spacing in title of command sections","messageBody":"","fileTypesAndContributionMap":{"docs":{"insertions":23,"deletions":23}}},{"hash":"6d5ba4ca3453eb1f814d5552adc1009f5fb00ccf","messageTitle":"Remove spacing between command description and colon for label commands","messageBody":"","fileTypesAndContributionMap":{"docs":{"insertions":2,"deletions":2}}}]},{"date":"2022-10-06","commitResults":[{"hash":"52833e081462d9228ddd143782db60acc87d064e","messageTitle":"Add support for UniqueTagList and related exception handling","messageBody":"","fileTypesAndContributionMap":{"functional-code":{"insertions":168,"deletions":0}}},{"hash":"c27ee0911bdc3072d2e5c40987a7b6f270917e44","messageTitle":"Added command to allow adding tags to existing users","messageBody":"","fileTypesAndContributionMap":{"functional-code":{"insertions":310,"deletions":0}}},{"hash":"60fd6aaac8c35c0e6652b5c66d8b3198ed581929","messageTitle":"Edited display messages for failed and successful add tag","messageBody":"","fileTypesAndContributionMap":{"functional-code":{"insertions":4,"deletions":4}}}]},{"date":"2022-10-07","commitResults":[{"hash":"f430350f3a7a0938f96bb9ab7cc9b364e44316e6","messageTitle":"Add ability to delete existing tag from existing user","messageBody":"","fileTypesAndContributionMap":{"functional-code":{"insertions":313,"deletions":2}}},{"hash":"29e9fe8c8edc68ae5bc16cb984c4e6d89a2b48bb","messageTitle":"Fix errors brought up by style check","messageBody":"","fileTypesAndContributionMap":{"functional-code":{"insertions":26,"deletions":29}}},{"hash":"b638398a5b995bb6a2a7f8a17a4a07f13f92bd1a","messageTitle":"Fix import ordering in AddTagParser and DeleteTagParser","messageBody":"","fileTypesAndContributionMap":{"functional-code":{"insertions":25,"deletions":18}}}]},{"date":"2022-10-08","commitResults":[{"hash":"2337daa00c3b9b8e21fcbb1358b2b21d5f87b8b3","messageTitle":"Add support for adding of tags to tasks","messageBody":"","fileTypesAndContributionMap":{"functional-code":{"insertions":260,"deletions":36}}}]},{"date":"2022-10-09","commitResults":[{"hash":"3b9a7f1753396e6c7f17142fa07bae3fdd42a83c","messageTitle":"Fix checkstyle problems and add two Task exceptions","messageBody":"","fileTypesAndContributionMap":{"functional-code":{"insertions":44,"deletions":13}}},{"hash":"f23ddfa143e3453fab4d052ac0645a415c5e6fc5","messageTitle":"Add newline at EOF for newly added exceptions","messageBody":"","fileTypesAndContributionMap":{"functional-code":{"insertions":2,"deletions":2}}},{"hash":"2e5cea78e5026ee11c46844d19adc5d2866d3937","messageTitle":"Correct checkstyle errors","messageBody":"","fileTypesAndContributionMap":{"functional-code":{"insertions":3,"deletions":3}}},{"hash":"075dac143e253c6df73088fa57033c49411e1102","messageTitle":"Add override methods for model stub in test files","messageBody":"","fileTypesAndContributionMap":{"test-code":{"insertions":10,"deletions":0}}}]},{"date":"2022-10-12","commitResults":[{"hash":"fd95d47810efd26097a55327991e3bf0aac8d50e","messageTitle":"Add remove tag command for tasks","messageBody":"","fileTypesAndContributionMap":{"functional-code":{"insertions":169,"deletions":41}}},{"hash":"716bdf2b120492abd2db2a30987d49061af80bf4","messageTitle":"Correct checkstyle errors","messageBody":"","fileTypesAndContributionMap":{"functional-code":{"insertions":6,"deletions":4}}},{"hash":"dfb56f57f1534211d0b2e5058dc8c1822e51d9c2","messageTitle":"Correct typos in docs","messageBody":"","fileTypesAndContributionMap":{"functional-code":{"insertions":4,"deletions":3}}}]},{"date":"2022-10-13","commitResults":[{"hash":"2315eac276c1a327a0193efac4579ff160143fa9","messageTitle":"Fix wrong import order in Task","messageBody":"","fileTypesAndContributionMap":{"functional-code":{"insertions":1,"deletions":1}}}]},{"date":"2022-10-14","commitResults":[{"hash":"f81c4292fb9ac4a78cefe16d65a3ad0dac3f1348","messageTitle":"Add exception handling and fix bugs in add and delete tag","messageBody":"","fileTypesAndContributionMap":{"functional-code":{"insertions":62,"deletions":45}}},{"hash":"18c7115e95ead9aeafe7a52a7f4a1a16d2d9b587","messageTitle":"Fix minor checkstyle problems","messageBody":"","fileTypesAndContributionMap":{"functional-code":{"insertions":4,"deletions":3}}},{"hash":"2e74a9d3f54c2bdf638722c6dc80d72690e49914","messageTitle":"Fix wrong indentation","messageBody":"","fileTypesAndContributionMap":{"functional-code":{"insertions":2,"deletions":2}}},{"hash":"2ffdafaf5e85268e5a9291e48ec019ec5243b38c","messageTitle":"Edit UG based on new command format, fix issues raised in PR comments","messageBody":"","fileTypesAndContributionMap":{"functional-code":{"insertions":2,"deletions":1},"docs":{"insertions":8,"deletions":8}}}]},{"date":"2022-10-17","commitResults":[{"hash":"6e8326d23590da2f8175d916c8439c3d7b409c5b","messageTitle":"Create PlantUML sequence diagram and update DG for add/delete tag","messageBody":"","fileTypesAndContributionMap":{"docs":{"insertions":84,"deletions":108}}}]},{"date":"2022-10-23","commitResults":[{"hash":"54b6ce527312654784a8c5f39da67993770ecb6e","messageTitle":"Integrate AddTag with UniqueTagList","messageBody":"","fileTypesAndContributionMap":{"functional-code":{"insertions":163,"deletions":19}}},{"hash":"1e764a8ecc4cd0840356b09028af55d721e7ff52","messageTitle":"Integrate DeleteTag with UniqueTagList","messageBody":"","fileTypesAndContributionMap":{"functional-code":{"insertions":75,"deletions":21}}},{"hash":"5caa1868bed74650029f3c865527164d368eed8a","messageTitle":"Fix checkstyle problems","messageBody":"","fileTypesAndContributionMap":{"functional-code":{"insertions":39,"deletions":8}}},{"hash":"259615f3b233ff1033f07023e074a4fc504ca43b","messageTitle":"Edit model stub in test files","messageBody":"","fileTypesAndContributionMap":{"test-code":{"insertions":37,"deletions":1}}}]},{"date":"2022-10-24","commitResults":[{"hash":"a3caf6faa9e5699d58f0e376e0bdc1595e83fd24","messageTitle":"Fix problem with TagFlowPane not updating with changes","messageBody":"","fileTypesAndContributionMap":{"functional-code":{"insertions":12,"deletions":0}}},{"hash":"dc4ebca19011d1065c491ba3e28a5ff7255d5a2f","messageTitle":"Fix capitalisation for refreshflowpane method","messageBody":"","fileTypesAndContributionMap":{"functional-code":{"insertions":2,"deletions":2}}},{"hash":"d99e5bc141d7fe031063b4032f171389be22ade6","messageTitle":"Update user guide tag section","messageBody":"","fileTypesAndContributionMap":{"docs":{"insertions":26,"deletions":26}}},{"hash":"94f0a8239c03dd7b22b0b507bdb896dac36bd9d9","messageTitle":"Allow adding of tags to contact and task simultaneously; better exception handling","messageBody":"","fileTypesAndContributionMap":{"functional-code":{"insertions":26,"deletions":13}}},{"hash":"35c64f0b4c3cd3665433097a496aee46dd378341","messageTitle":"Fix checkstyle","messageBody":"","fileTypesAndContributionMap":{"functional-code":{"insertions":4,"deletions":2}}}]},{"date":"2022-10-25","commitResults":[{"hash":"ab684b3b6ac5bb8701d0b63f0ea64dce784ff8ec","messageTitle":"Add storage for tags","messageBody":"","fileTypesAndContributionMap":{"functional-code":{"insertions":32,"deletions":10},"test-code":{"insertions":1,"deletions":1}}},{"hash":"40c777ee6da0c2d456c00adb99c1eee3f4b42395","messageTitle":"Fix bug where tags weren\u0027t showing on loading up the app","messageBody":"","fileTypesAndContributionMap":{"functional-code":{"insertions":3,"deletions":0}}},{"hash":"69f8760640783bb6b49cf6107b97a2c8f29fadca","messageTitle":"Ensure tags are deleted from tag list when a contact/task with tags is deleted","messageBody":"","fileTypesAndContributionMap":{"functional-code":{"insertions":18,"deletions":1}}},{"hash":"aa51919e637cfe14285368b4347f61141a7483b9","messageTitle":"Edit tests for typical persons to include the associated tag list","messageBody":"","fileTypesAndContributionMap":{"functional-code":{"insertions":1,"deletions":1},"test-code":{"insertions":63,"deletions":0}}},{"hash":"ad5d02097c8cbc44ca22ffab5f925fd895b346c5","messageTitle":"Fix checkstyle for TagBuilder","messageBody":"","fileTypesAndContributionMap":{"test-code":{"insertions":1,"deletions":1}}}]},{"date":"2022-10-26","commitResults":[{"hash":"e3d2b1433164bd280c88d2ff0045049ec661a821","messageTitle":"Resolve merge conflict","messageBody":"","fileTypesAndContributionMap":{"functional-code":{"insertions":597,"deletions":136},"other":{"insertions":3,"deletions":0},"docs":{"insertions":152,"deletions":28},"test-code":{"insertions":248,"deletions":75}}},{"hash":"0e25234b8214f515884633b92d6558b63f381663","messageTitle":"Add sample data for tag list, update tag list UI when commands entered","messageBody":"","fileTypesAndContributionMap":{"functional-code":{"insertions":17,"deletions":2}}},{"hash":"93ab6ac84d5a6f6fa6ddd838e1a954d66590e034","messageTitle":"Fix checkstyle","messageBody":"","fileTypesAndContributionMap":{"functional-code":{"insertions":1,"deletions":1}}},{"hash":"6f832024ea548ac7a7ab54cf8a61747947fbfb27","messageTitle":"Add list tag command","messageBody":"","fileTypesAndContributionMap":{"functional-code":{"insertions":31,"deletions":0}}},{"hash":"d2434d2795d161df3ed0ea94e9c506b8fef30b68","messageTitle":"Fix checkstyle","messageBody":"","fileTypesAndContributionMap":{"functional-code":{"insertions":1,"deletions":1}}},{"hash":"9d0c879295d51949d76fc9884852cb14a961cf32","messageTitle":"Fix import ordering","messageBody":"","fileTypesAndContributionMap":{"functional-code":{"insertions":3,"deletions":3}}},{"hash":"4628122430afc1d15c3f4ccaa8862d9b426e8564","messageTitle":"Add list tag to UG","messageBody":"","fileTypesAndContributionMap":{"docs":{"insertions":4,"deletions":0}}}]},{"date":"2022-10-28","commitResults":[{"hash":"5f9f7a8251439099a91bd5a093840394e6ab5bac","messageTitle":"Update UG to remove technical language","messageBody":"","fileTypesAndContributionMap":{"docs":{"insertions":2,"deletions":2}}},{"hash":"c774e0402d8235f0a4fc721d359f8c6d0612d563","messageTitle":"Add archival status to task card, change notion of equality for person and task","messageBody":"","fileTypesAndContributionMap":{"functional-code":{"insertions":25,"deletions":2}}},{"hash":"3607ad2a7b34042a426a48e4049bea4a6ad631de","messageTitle":"Update UG and DG to reflect new changes","messageBody":"","fileTypesAndContributionMap":{"docs":{"insertions":25,"deletions":11}}},{"hash":"f27eb7b5b82c8802af72e5a3ea3568b943ffc3c3","messageTitle":"Fix tests that fail due to change in isSameTask","messageBody":"","fileTypesAndContributionMap":{"test-code":{"insertions":8,"deletions":8}}}]},{"date":"2022-10-31","commitResults":[{"hash":"9aeb696cc728179fd5c0e8ead974be3d747db2dc","messageTitle":"Fix bugs raised in PED","messageBody":"","fileTypesAndContributionMap":{"functional-code":{"insertions":50,"deletions":65},"docs":{"insertions":28,"deletions":4}}},{"hash":"c5ef9c8bd326950130b4881168c3f38e7ad6be80","messageTitle":"Fix checkstyle","messageBody":"","fileTypesAndContributionMap":{"functional-code":{"insertions":8,"deletions":3}}},{"hash":"de86cb8070cbae47eee8e0dec9d741c3ba1370f2","messageTitle":"Add test for JsonAdaptedTask","messageBody":"","fileTypesAndContributionMap":{"functional-code":{"insertions":1,"deletions":1},"test-code":{"insertions":110,"deletions":0}}},{"hash":"2e19b1ed7c182e017ff7e5eaa280e69f3d54fc8b","messageTitle":"Add test for JsonAdaptedTag","messageBody":"","fileTypesAndContributionMap":{"functional-code":{"insertions":1,"deletions":1},"docs":{"insertions":4,"deletions":0},"test-code":{"insertions":89,"deletions":0}}},{"hash":"acbe1c2e6951b961aeaabfa394a1fc5f366cddad","messageTitle":"Add test for deadline and description, fix error message when index is negative","messageBody":"","fileTypesAndContributionMap":{"functional-code":{"insertions":4,"deletions":1},"test-code":{"insertions":78,"deletions":0}}},{"hash":"bc8df6b4e59976189b4d2fdc26025a87be6810ff","messageTitle":"Fix checkstyle","messageBody":"","fileTypesAndContributionMap":{"functional-code":{"insertions":2,"deletions":3}}},{"hash":"9186c242a62028a455104fc601d290b7892d4a60","messageTitle":"Fix test checkstyle","messageBody":"","fileTypesAndContributionMap":{"test-code":{"insertions":11,"deletions":17}}},{"hash":"f9069e3ccb3293d4af02c923ff071bac0156d781","messageTitle":"Fix import ordering","messageBody":"","fileTypesAndContributionMap":{"test-code":{"insertions":7,"deletions":9}}},{"hash":"52358e50d312f4e77b81abaec347ba9c3e155b7a","messageTitle":"FIx import ordering again","messageBody":"","fileTypesAndContributionMap":{"test-code":{"insertions":10,"deletions":10}}},{"hash":"764d7ecc441459028e3872a3e8eaf354d66fc7dc","messageTitle":"Update PPP with my contributions","messageBody":"","fileTypesAndContributionMap":{"docs":{"insertions":27,"deletions":15}}},{"hash":"59c64ebb3ffee0a62e3c6e12fa7c0cdf804e6387","messageTitle":"Add tests for add and delete task","messageBody":"","fileTypesAndContributionMap":{"test-code":{"insertions":423,"deletions":0}}},{"hash":"6af6e2f6cb7719b15e98daafae0278b941b7f917","messageTitle":"Fix checkstyle","messageBody":"","fileTypesAndContributionMap":{"test-code":{"insertions":2,"deletions":2}}}]},{"date":"2022-11-04","commitResults":[{"hash":"6445e4f9a2df5a106bd1f7c8c125ee78ec061369","messageTitle":"Minor changes to commented code","messageBody":"","fileTypesAndContributionMap":{"functional-code":{"insertions":2,"deletions":2},"docs":{"insertions":1,"deletions":1}}},{"hash":"a94473ede08376ac2c238e87ac0abd0589f6dd1b","messageTitle":"Resolve errors introduced in resolving merge conflict","messageBody":"","fileTypesAndContributionMap":{"functional-code":{"insertions":4,"deletions":4}}},{"hash":"7c660df15486a8391245ea88cdd94d8417b3f9b6","messageTitle":"Edit descriptions for contact and label section of UG","messageBody":"","fileTypesAndContributionMap":{"docs":{"insertions":5,"deletions":5}}}]},{"date":"2022-11-05","commitResults":[{"hash":"6e026ce2ab37ab1bf9064941322523ffad2cdd4a","messageTitle":"Add tests for AddTag","messageBody":"","fileTypesAndContributionMap":{"functional-code":{"insertions":1,"deletions":1},"test-code":{"insertions":362,"deletions":3}}}]},{"date":"2022-11-06","commitResults":[{"hash":"893f58628862a155d091a9d958372f7c8697ec8c","messageTitle":"Finalise AddTag tests","messageBody":"","fileTypesAndContributionMap":{"test-code":{"insertions":86,"deletions":279}}},{"hash":"5347ee4d428ddbf6d23665c4a97d4b0c0f985f65","messageTitle":"Add tests for DeleteTag, ensure TypicalTags syncs up with TypicalPersons and TypicalTasks","messageBody":"","fileTypesAndContributionMap":{"functional-code":{"insertions":7,"deletions":2},"test-code":{"insertions":143,"deletions":13}}},{"hash":"38778312006afe3d91369fb5d55e14752b2169ed","messageTitle":"Fix checkstyle","messageBody":"","fileTypesAndContributionMap":{"functional-code":{"insertions":4,"deletions":4}}},{"hash":"3c7f90b855c8db1deb186a1a3206c730556c83b3","messageTitle":"Fix more checkstyle","messageBody":"","fileTypesAndContributionMap":{"test-code":{"insertions":32,"deletions":28}}},{"hash":"7673b77ce77a2afa0e667b5d94b2ea0dd4222bfc","messageTitle":"Fix bug where addL and deleteL usage were not displaying; fix bug where deleteL and deleteA were not working as intended","messageBody":"","fileTypesAndContributionMap":{"functional-code":{"insertions":75,"deletions":6},"test-code":{"insertions":0,"deletions":4}}},{"hash":"7d409523dd7ac440203ebbd5b230b9aaee96fc4f","messageTitle":"Fix checkstyle","messageBody":"","fileTypesAndContributionMap":{"functional-code":{"insertions":4,"deletions":3}}},{"hash":"a4238346cdefe46c830a3a55f49813fede9fe780","messageTitle":"Add test for deleting tag that does not exist on contact; fix UG bugs","messageBody":"","fileTypesAndContributionMap":{"docs":{"insertions":2,"deletions":2},"test-code":{"insertions":18,"deletions":0}}}]}]},"authorFileTypeContributionMap":{"alvintfl":{"docs":291,"functional-code":1278,"test-code":883},"feliciagan":{"docs":480,"functional-code":1286,"test-code":1005,"other":1},"junwei-tan":{"docs":508,"functional-code":1734,"test-code":347,"other":8},"nickeltea":{"docs":408,"functional-code":791,"test-code":546},"ryanguai":{"docs":283,"functional-code":1055,"test-code":795}},"authorContributionVariance":{"alvintfl":123829.42,"feliciagan":53766.12,"junwei-tan":29994.059,"nickeltea":19287.436,"ryanguai":64983.285},"authorDisplayNameMap":{"alvintfl":"CS2103T-F11-4 ALVI..LONG","feliciagan":"CS2103T-F11-4 GAN ..ICIA","junwei-tan":"CS2103T-F11-4 TAN .. WEI","nickeltea":"CS2103T-F11-4 NICO..YING","ryanguai":"CS2103T-F11-4 GUAI..PHER"}}
