{"authorDailyContributionsMap":{"glemenneo":[{"date":"2022-09-28","commitResults":[{"hash":"3b244027eb30facb7b470416cd39a94ac00cea43","messageTitle":"Update AboutUs.md","messageBody":"","fileTypesAndContributionMap":{"docs":{"insertions":4,"deletions":4}}}]},{"date":"2022-09-29","commitResults":[{"hash":"84a205e65e1027e0a6bd260c314d5c16b503aa0b","messageTitle":"Add elaboration for responsibilities","messageBody":"","fileTypesAndContributionMap":{"docs":{"insertions":3,"deletions":3}}},{"hash":"a2a15e7ac2bc3bff4b9c79322c432618db14a9e3","messageTitle":"Add PPP","messageBody":"","fileTypesAndContributionMap":{"docs":{"insertions":28,"deletions":0}}},{"hash":"024c8774ac930a13398aa8163de942bc2189e716","messageTitle":"Update UserGuide.md skeleton","messageBody":"","fileTypesAndContributionMap":{"docs":{"insertions":44,"deletions":41}}},{"hash":"2da80db28c4e2d99ac1954604ed1906149c60e2e","messageTitle":"Fix UserGuide.md typos","messageBody":"","fileTypesAndContributionMap":{"docs":{"insertions":2,"deletions":2}}},{"hash":"074ab2225dfaa886b84960ff2aabf4dcff681bcc","messageTitle":"Add toc header and fix additional typos","messageBody":"","fileTypesAndContributionMap":{"docs":{"insertions":9,"deletions":8}}},{"hash":"377789088aff9548cb3af828091df12b87e44c10","messageTitle":"Remove list command","messageBody":"","fileTypesAndContributionMap":{"docs":{"insertions":0,"deletions":9}}},{"hash":"994ebe3e378b47aec87b9d3e17ba5d127c9cf9ef","messageTitle":"Remove unecessary headers in table of contents","messageBody":"","fileTypesAndContributionMap":{"docs":{"insertions":0,"deletions":4}}},{"hash":"bd35d95ed271e60155d6c6f88c6707a56e2a12dd","messageTitle":"Change parameter name to c/COMPANY","messageBody":"","fileTypesAndContributionMap":{"docs":{"insertions":7,"deletions":7}}},{"hash":"3c1fffef25ec6b21855a71d5eb1c685d2f668bfb","messageTitle":"Change address parameter to r/ROLE","messageBody":"","fileTypesAndContributionMap":{"docs":{"insertions":3,"deletions":3}}}]},{"date":"2022-09-30","commitResults":[{"hash":"8282d857a266a1819e999c0afd6f1b104008ced1","messageTitle":"Update edit feature of UserGuide.md","messageBody":"","fileTypesAndContributionMap":{"docs":{"insertions":7,"deletions":7}}}]},{"date":"2022-10-12","commitResults":[{"hash":"48cc843ff36e53d03c029d10a27cc70bc4f8f77c","messageTitle":"Update Help window UI for Workbook","messageBody":"Add UI scafolding elements for WorkBook commands in JavaFX FXML and CSS\nfile of Help window.\n\nURL elements in Help windows has id helpMessage and helpMessageContainer which is not specific\nenough if more UI elements are added.\n\nLet\u0027s change the element id to urlMessage and urlMessageContainer to\nclearly seperate it from the other ui elements in the Help window.\n","fileTypesAndContributionMap":{"functional-code":{"insertions":55,"deletions":24}}},{"hash":"7acdb9be588466c85403094fee5dd3d819bfdad8","messageTitle":"Add command instructions to Help window","messageBody":"All commands and their formatting examples have been added to the Help\nwindow. URL link has also been changed to WorkBook userguide instead of\nAB3 userguide.\n","fileTypesAndContributionMap":{"functional-code":{"insertions":29,"deletions":1}}},{"hash":"ae87573d11dcb1ad67be855f6afc2ee0f20f169b","messageTitle":"Improve styling of Help window","messageBody":"Added headers for each command briefly explaining its function.\n","fileTypesAndContributionMap":{"functional-code":{"insertions":63,"deletions":18}}},{"hash":"029264b28a1bb7f14ad77abcedad5c20212478ec","messageTitle":"Remove trailing whitespace in HelpWindow.fxml","messageBody":"","fileTypesAndContributionMap":{"functional-code":{"insertions":1,"deletions":1}}},{"hash":"30dc3e1ae18ed5ed3b26340993e0ffd0eb45a5f9","messageTitle":"Remove more trailing whitespaces in HelpWindow.fxml","messageBody":"","fileTypesAndContributionMap":{"functional-code":{"insertions":1,"deletions":1}}},{"hash":"5e571e386a42ef324f0f8d7ebd00649d138dec4e","messageTitle":"Change HelpWindow.fxml to use java 11","messageBody":"","fileTypesAndContributionMap":{"functional-code":{"insertions":1,"deletions":1}}},{"hash":"87f10b4e2496d3e6678bdc5bddcae8f3d8daefc6","messageTitle":"Group UI elements by styleClass in HelpWindow.css","messageBody":"","fileTypesAndContributionMap":{"functional-code":{"insertions":31,"deletions":25}}}]},{"date":"2022-10-21","commitResults":[{"hash":"7132449595bb9f6e1dcdc4e1338778b34ce9278d","messageTitle":"Add 3 user stories and 1 use case to DG","messageBody":"","fileTypesAndContributionMap":{"docs":{"insertions":11,"deletions":1}}}]},{"date":"2022-10-24","commitResults":[{"hash":"91463fbf8102eb7701aabe99849727ff9b839ac6","messageTitle":"Reshuffle elements in internship card, add non functional tips button","messageBody":"","fileTypesAndContributionMap":{"functional-code":{"insertions":69,"deletions":7}}}]},{"date":"2022-10-25","commitResults":[{"hash":"799f4e9cc3d19dc0c8f4a1f52ccbce2a62dbcc31","messageTitle":"Add new dynamic tip window to each internship card, functionality WIP","messageBody":"","fileTypesAndContributionMap":{"functional-code":{"insertions":261,"deletions":2}}}]},{"date":"2022-10-26","commitResults":[{"hash":"14a1fcfce40919328774fbd6335975906748c383","messageTitle":"Change method to accept stage, move map populator to static initialisor","messageBody":"","fileTypesAndContributionMap":{"functional-code":{"insertions":23,"deletions":0}}},{"hash":"027911d6fffa38e53df6d392e2dc96e3623cc677","messageTitle":"Finish tips window for stages that have specific tips","messageBody":"","fileTypesAndContributionMap":{"functional-code":{"insertions":11,"deletions":24}}},{"hash":"dbde8b00636888fa78d8bb46246fd7c45e642888","messageTitle":"Remove constructor and redundant methods in StageUtil.java","messageBody":"","fileTypesAndContributionMap":{"functional-code":{"insertions":0,"deletions":10}}},{"hash":"ff85952af9f5489fbaca57f99109fe641e950093","messageTitle":"Remove redundant method in StageUtil.java","messageBody":"","fileTypesAndContributionMap":{"functional-code":{"insertions":0,"deletions":13}}},{"hash":"a583232754715fe413cbb749f382f19597e83fd8","messageTitle":"Fix CheckStyle errors","messageBody":"","fileTypesAndContributionMap":{"functional-code":{"insertions":6,"deletions":8}}}]},{"date":"2022-10-27","commitResults":[{"hash":"bc1aa43663365558dd6ed1af9996a97a2b5fdfd2","messageTitle":"Add responsive UI, tip window when window is resized to be wide","messageBody":"","fileTypesAndContributionMap":{"functional-code":{"insertions":445,"deletions":3}}},{"hash":"44eb9654404aa13a05c534514dfecc14fc163df5","messageTitle":"Move stage in internship card to match level of company title","messageBody":"","fileTypesAndContributionMap":{"functional-code":{"insertions":2,"deletions":8}}},{"hash":"4840ce8e6efefbb6e327f6c05f0b57c82665f42c","messageTitle":"Fix CheckStyle errors and add JavaDocs","messageBody":"","fileTypesAndContributionMap":{"functional-code":{"insertions":25,"deletions":9}}}]},{"date":"2022-11-01","commitResults":[{"hash":"5484ccdeb32f785815d6beaccd600967fd61fefb","messageTitle":"Add narrow Ui example photo in UG Getting Started section","messageBody":"","fileTypesAndContributionMap":{"docs":{"insertions":3,"deletions":1}}},{"hash":"3efb331c961c4a1daae800e6615c5e47ccfa0232","messageTitle":"Add section on responsive Ui to UG","messageBody":"","fileTypesAndContributionMap":{"docs":{"insertions":16,"deletions":2}}},{"hash":"48ed282093f396f8b8e7e13b60db26938dfc4c8a","messageTitle":"Replace html image embedding in UG for Ui examples","messageBody":"","fileTypesAndContributionMap":{"docs":{"insertions":4,"deletions":5}}},{"hash":"b93e87768f741feba6be1091a4a3e20654d5e824","messageTitle":"Add section in UG on how to view tips","messageBody":"","fileTypesAndContributionMap":{"docs":{"insertions":23,"deletions":1}}},{"hash":"e9a403485a241d08df87c68b8325a1d2e4ebb64c","messageTitle":"Change 6.11 section header","messageBody":"","fileTypesAndContributionMap":{"docs":{"insertions":1,"deletions":1}}}]},{"date":"2022-11-02","commitResults":[{"hash":"87492e501394b74503fa663e7c78d029527d0162","messageTitle":"Add gif to responsive Ui section","messageBody":"","fileTypesAndContributionMap":{"docs":{"insertions":3,"deletions":4}}},{"hash":"fb2dbf972c121bc49ebf57992919d3830a1fd5f3","messageTitle":"Add anchor links to tips section","messageBody":"","fileTypesAndContributionMap":{"docs":{"insertions":2,"deletions":2}}},{"hash":"f051294c67e5abafd2aca7c3a881a9c23691518f","messageTitle":"Make changes to UG","messageBody":"For the getting started section, the 2 example pictures for the 2 Ui\nlayouts are on top of one another, making it hard to compare.\n\nLet\u0027s put it side by side with headers so readers can clearly see and\ncompare the 2 layouts.\n\nThe viewing tips section is at near the end of the guide. It is one of\nour defining features and should be more front and centre.\n\nLet\u0027s move it up right below the list command section so after users add\nand list their applications, they will know how to view the tips right\nafter.\n\nThe light bulb tutorial in the viewing tips section has example images\non top of one another, making it hard for users to group the examples\ntogether by making them scroll unnecessarily.\n\nLet\u0027s put it side by side with headers so users can easily view both\nexample images at a glance.\n\nAdditionally, some headers and texts were changed to be more appropriate\nand user friendly.\n","fileTypesAndContributionMap":{"docs":{"insertions":37,"deletions":38}}}]},{"date":"2022-11-04","commitResults":[{"hash":"1e6cd2da5445f35939ca631d90260e9ce48dada3","messageTitle":"Fix typo and added example images under Responsive UI section","messageBody":"","fileTypesAndContributionMap":{"docs":{"insertions":6,"deletions":2}}},{"hash":"01de9b4e5ef4ba127ec238a96d97d84f8c97bc8b","messageTitle":"Move wide layout image above narrow layout image","messageBody":"","fileTypesAndContributionMap":{"docs":{"insertions":4,"deletions":3}}},{"hash":"91038523fc0b3570662b875b0f7690c02d17e7ab","messageTitle":"Add annotated picture for narrow ui and moved images around","messageBody":"","fileTypesAndContributionMap":{"docs":{"insertions":6,"deletions":3}}},{"hash":"10298b8d003d06b321a3910e3d90d91fbf460758","messageTitle":"Update role to UI/UX, update PPP with contributions","messageBody":"","fileTypesAndContributionMap":{"docs":{"insertions":7,"deletions":2}}},{"hash":"7eb0618abd728b7a0cc0b420e85cdcafbb794184","messageTitle":"Add contributions to PPP","messageBody":"","fileTypesAndContributionMap":{"docs":{"insertions":15,"deletions":7}}}]},{"date":"2022-11-05","commitResults":[{"hash":"40a7a955601a91bbb1abf9a07c9e0110f8910d98","messageTitle":"Change narrow ui example pic under responsive ui","messageBody":"","fileTypesAndContributionMap":{"docs":{"insertions":1,"deletions":1}}},{"hash":"682e0c1af0329c49a1c582d087c99e4e273ef946","messageTitle":"Fix spam clicking lightbulb button tips window bug","messageBody":"","fileTypesAndContributionMap":{"functional-code":{"insertions":10,"deletions":10}}}]},{"date":"2022-11-06","commitResults":[{"hash":"460ea0cbc0b94c7ac3b60f3514e4cc2725026988","messageTitle":"Rebuild UI components to fix padding and clipping bugs","messageBody":"","fileTypesAndContributionMap":{"functional-code":{"insertions":196,"deletions":208},"other":{"insertions":1,"deletions":0}}}]}],"rylzxc":[{"date":"2022-09-19","commitResults":[{"hash":"e011a3a336690a2e814e66c9c47f739c286cbe6d","messageTitle":"Update index.md","messageBody":"Ensure proper tracking of code coverage for the repo\n","fileTypesAndContributionMap":{"docs":{"insertions":1,"deletions":1}}},{"hash":"62baaf52a54ca1363e4fc082cfcdb078397a623b","messageTitle":"Update index.md","messageBody":"Corrected codecov link to allow proper tracking\n","fileTypesAndContributionMap":{"docs":{"insertions":1,"deletions":1}}}]},{"date":"2022-09-28","commitResults":[{"hash":"47379da94be5e916648af43887c57c2244101b59","messageTitle":"Update AboutUs.md","messageBody":"Changing Github and PPP links to reflect proper information\nAdding profile image for it to reflect in Project List Page\n","fileTypesAndContributionMap":{"docs":{"insertions":32,"deletions":5}}},{"hash":"ae91cf65f555736a737c9d1e43ad4a2eefd6c541","messageTitle":"Update AboutUs.md","messageBody":"","fileTypesAndContributionMap":{"docs":{"insertions":1,"deletions":1}}},{"hash":"9ef240c8b1a2f79b588f14c5f5edf32a7b4d35fa","messageTitle":"Update daryl.md","messageBody":"","fileTypesAndContributionMap":{"docs":{"insertions":1,"deletions":1}}}]},{"date":"2022-09-29","commitResults":[{"hash":"fe65bb5daf1a3f943214a1d170b8a5eb8cdc1de0","messageTitle":"Rename PPP to Github username","messageBody":"","fileTypesAndContributionMap":{"docs":{"insertions":1,"deletions":1}}},{"hash":"2753a684be33d6e5f866626c7b1da1fd7c7a5295","messageTitle":"Add page title to PPP","messageBody":"","fileTypesAndContributionMap":{"docs":{"insertions":4,"deletions":1}}},{"hash":"2dc6952394fca7c66a1db18264e19da2870c46b1","messageTitle":"Update README","messageBody":"Adding badges to reflect code coverage and build status\n","fileTypesAndContributionMap":{"docs":{"insertions":2,"deletions":1}}},{"hash":"6b77be37197ca531299d6628efa54b7cdfc0291b","messageTitle":"Add use cases","messageBody":"","fileTypesAndContributionMap":{"docs":{"insertions":77,"deletions":12}}},{"hash":"79ee37ef95addf6d058f66aec328d10f52187706","messageTitle":"Update use case in DG","messageBody":"","fileTypesAndContributionMap":{"docs":{"insertions":19,"deletions":2}}},{"hash":"a2ce583ce1a604c659d75738f1c48b1c3aadd841","messageTitle":"Update tienyu2000.md","messageBody":"","fileTypesAndContributionMap":{"docs":{"insertions":4,"deletions":1}}}]},{"date":"2022-09-30","commitResults":[{"hash":"cd101a6ddf76c2467c5c34b34df1d3232f0e4c8d","messageTitle":"Update User Guide to explain usage of Add function","messageBody":"","fileTypesAndContributionMap":{"docs":{"insertions":9,"deletions":8}}}]},{"date":"2022-10-13","commitResults":[{"hash":"7b0786281fb003727a99fa5efc3c47fe6b16a971","messageTitle":"Add internship application stage attribute to internship class","messageBody":"We want to keep track of the stage of application we are at so we know what to expect\nnext in the application.\n\nLet\u0027s add a new field to `AddCommand` and `EditCommand` to include `stage` attribute.\n\nThis follows the conventional way of adding and editing  an internship.\nAs internship application is a process, allowing edits to the stage is\njustifiable.\n\nLet\u0027s also edit the JUnit tests for these respective classes\nto reflect the changes in the main code. Respective JSON files\nused in testcases are updated as well.\n\nHowever, not advised to follow this chunky commit method.\n","fileTypesAndContributionMap":{"functional-code":{"insertions":144,"deletions":11},"test-code":{"insertions":117,"deletions":38}}},{"hash":"79e3057dd96527afbce47ef7bf84a3343e34603f","messageTitle":"Fix ordering of parameters","messageBody":"","fileTypesAndContributionMap":{"test-code":{"insertions":2,"deletions":2}}}]},{"date":"2022-10-15","commitResults":[{"hash":"88e648a040c83545b71bcd9c84292346f19ed049","messageTitle":"Add `date` model","messageBody":"Let\u0027s allow the input of dates so that the user can keep track\nof their internship application stage dates.\n\nLet\u0027s also allow the date format to be how we usually write them\n(i.e. DD-MM-YYYY) to allow users to input at a faster speed.\n","fileTypesAndContributionMap":{"functional-code":{"insertions":57,"deletions":0}}}]},{"date":"2022-10-16","commitResults":[{"hash":"4c35107760d086c5c23f0de9ce0a43d55b0282bd","messageTitle":"Update `add` command to allow optional dates","messageBody":"This allows users to keep track of when the next important\ndate is, and subsequently be well-prepared before the date.\n\nIt is made optional to allow flexibility of recording dates.\n","fileTypesAndContributionMap":{"functional-code":{"insertions":66,"deletions":16}}},{"hash":"79bb464db73fd42f5616add6dc2110e9bd7ba4cf","messageTitle":"Fix bug when adding optional `date`","messageBody":"Minor changes to essential logic code to allow addition\nof optional date to each internship application.\n\nLet\u0027s also update the logic for `edit` command to\nallow compilation of the code.\n","fileTypesAndContributionMap":{"functional-code":{"insertions":34,"deletions":18},"other":{"insertions":3,"deletions":14}}},{"hash":"979ba3681e400476150cdc59ce8b48e93eeae756","messageTitle":"Update UI to reflect dates if present","messageBody":"","fileTypesAndContributionMap":{"functional-code":{"insertions":4,"deletions":0}}},{"hash":"90d5cd131574f7667f0252acb45c1d194bc309a1","messageTitle":"Change `date` to only take in predefined format","messageBody":"","fileTypesAndContributionMap":{"functional-code":{"insertions":33,"deletions":14}}},{"hash":"dd63755b007d0e965b683e94422b8e51b2ca6338","messageTitle":"Rename `Date` to `DateTime`","messageBody":"Let\u0027s rename to allow developers and users to\neasily know to include both time and date after the\nprefix field.\n","fileTypesAndContributionMap":{"functional-code":{"insertions":56,"deletions":56},"other":{"insertions":4,"deletions":4},"docs":{"insertions":3,"deletions":3}}},{"hash":"ac925405762346f92a4325ca0c9b0479c020b913","messageTitle":"Update formatting of `DateTime`","messageBody":"","fileTypesAndContributionMap":{"functional-code":{"insertions":70,"deletions":19}}},{"hash":"015ca76dbe295d1f53f8cf7911addace449da5a2","messageTitle":"Fix `edit` command to allow `DateTime` edits","messageBody":"","fileTypesAndContributionMap":{"functional-code":{"insertions":6,"deletions":1}}}]},{"date":"2022-10-17","commitResults":[{"hash":"7af96d0d04d7c2e533f9f3f1cfef69791559068e","messageTitle":"Update testcases and fix checkstyle","messageBody":"","fileTypesAndContributionMap":{"functional-code":{"insertions":41,"deletions":28},"test-code":{"insertions":85,"deletions":21}}},{"hash":"5881f2561f3be8c09e7bed5fe930c9959009bf1b","messageTitle":"Update Developer Guide to correct grammar","messageBody":"","fileTypesAndContributionMap":{"docs":{"insertions":15,"deletions":15}}},{"hash":"9a008c050db45a54cf3f9029281423b8d68f588c","messageTitle":"Fix checkstyle issues","messageBody":"","fileTypesAndContributionMap":{"test-code":{"insertions":8,"deletions":8}}},{"hash":"db9dd55b5c05961fa191064340b4dbb69de1c8d4","messageTitle":"Update DateTime naming and position for Json file","messageBody":"","fileTypesAndContributionMap":{"functional-code":{"insertions":1,"deletions":1}}},{"hash":"0e2e9f83f83ba762a0437e06a67e2dd7665a1b5f","messageTitle":"Change `DEFAULT_DATETIME` to empty string","messageBody":"InternshipBuilder has `DEFAULT_DATETIME` to build `Internship`\nobjects in TypicalInternships.java. Let\u0027s amend it to an empty string\nas it is an optional field. This is possible as any valid `withDateTime`\nwill override the empty string to update into the json file.\n","fileTypesAndContributionMap":{"test-code":{"insertions":1,"deletions":1}}},{"hash":"0f3a1421c3992b16712ac2d72f696e9c4d25584f","messageTitle":"Create global constant for empty DateTIme","messageBody":"Let\u0027s have a standardised empty DateTime for use in testing and parsing.\n\nSingleton pattern may be implemented in the future, for now, let\u0027s allow\nother developers to work with an optional DateField to amend the UI.\n","fileTypesAndContributionMap":{"functional-code":{"insertions":4,"deletions":1}}},{"hash":"a229d6e7f10d7825d9f14b35df3d9e5046fe3339","messageTitle":"Fix checkstyle","messageBody":"","fileTypesAndContributionMap":{"functional-code":{"insertions":2,"deletions":2}}}]},{"date":"2022-10-21","commitResults":[{"hash":"020bf97d765500bf3ddcfb57447b6f60548a5500","messageTitle":"Update Developer Guide","messageBody":"Let\u0027s update the acknowledgements\nand user stories segments to reflect what\nwe used in developing WorkBook and the\nstories behind each feature respectively.\n","fileTypesAndContributionMap":{"docs":{"insertions":23,"deletions":17}}}]},{"date":"2022-10-24","commitResults":[{"hash":"457f020efb7c0b454e6c27f244a379a3f88770cd","messageTitle":"Enhance `Stage` feature","messageBody":"Let\u0027s update `Stage` to include checks for those with curated tips.\nIn this manner, frontend can call this method to determine if the input stage\nhas tips to display.\n","fileTypesAndContributionMap":{"functional-code":{"insertions":18,"deletions":0}}},{"hash":"5721c5a342577f073252a5af6132d6537e63b927","messageTitle":"Update message displayed for added internships","messageBody":"Let\u0027s notify the user if they added a stage that was not prepared\nbeforehand by us. If it is something related, they can easily edit the\nstage to suit our pre-defined list and get some tips.\n\nThis encourages flexibility for the user, instead of outwright rejection.\n\nTestcases are not updated as of this commit.\n","fileTypesAndContributionMap":{"functional-code":{"insertions":69,"deletions":26}}},{"hash":"f29ed81e48a796f82e8c44616d43c3c391b9eb78","messageTitle":"Add `StageUtil` class","messageBody":"Let\u0027s add this class to contain the constants and utility methods\nfor `Stage` class. It helps map each `Stage` to a list of curated tips.\n\nLet\u0027s fix some code quality issues too to ensure mutual\nunderstanding between developers.\n","fileTypesAndContributionMap":{"functional-code":{"insertions":104,"deletions":17}}}]},{"date":"2022-10-25","commitResults":[{"hash":"16a33726c8168660a2433b6322861daddf47812e","messageTitle":"Code Cleanup","messageBody":"Let\u0027s remove `Stage` level methods declared in `Model`, `ModelManager\n,`WorkBook` and `VersionedWorkBook` to comply to OOP standards.\n\nLet\u0027s also make the elements in `StageUtil` to be `private` to prevent\nmanipulation from the outside world. Getters are implemented to\nretrieve the elements instead.\n\nImprove documentation of methods as well to allow more\neffective comunication between developers.\n","fileTypesAndContributionMap":{"functional-code":{"insertions":46,"deletions":39}}},{"hash":"c0b01c83d4382db5d7d0eaff03a55bb9f46e6757","messageTitle":"Fix Testcase","messageBody":"","fileTypesAndContributionMap":{"test-code":{"insertions":1,"deletions":1}}},{"hash":"fa93356e5082dfba436e768615502f8a1d8c03a3","messageTitle":"Fix CheckStyle and add hyperlinks as comments","messageBody":"","fileTypesAndContributionMap":{"functional-code":{"insertions":38,"deletions":40}}},{"hash":"ca18a7596f8e6daa70a0911fc12c755928369e5a","messageTitle":"Fix coding standards","messageBody":"","fileTypesAndContributionMap":{"functional-code":{"insertions":11,"deletions":2}}}]},{"date":"2022-10-28","commitResults":[{"hash":"b07c378c2cce578caf26d24b743b723cef5f73b6","messageTitle":"Update UG","messageBody":"","fileTypesAndContributionMap":{"docs":{"insertions":20,"deletions":17}}}]},{"date":"2022-10-31","commitResults":[{"hash":"5de6a18465009a2464e5727aad6229847a8fbf48","messageTitle":"Update User Guide","messageBody":"Let\u0027s give clearer guidance to our new users.\n","fileTypesAndContributionMap":{"docs":{"insertions":23,"deletions":20}}},{"hash":"30d934b7f0c5c9b0752dad190470cb2941ceebe6","messageTitle":"Update UG","messageBody":"","fileTypesAndContributionMap":{"docs":{"insertions":2,"deletions":2}}},{"hash":"42d18b39c153a60d0cd14516de968bcd7a426b43","messageTitle":"Update UG","messageBody":"Let\u0027s add a personal touch to the UG to make it\nsuch that we designed the product for them.\n","fileTypesAndContributionMap":{"docs":{"insertions":40,"deletions":32}}},{"hash":"8ae54dd84eafedf9e98b84cbc5fc8b82d3440a14","messageTitle":"Update UG","messageBody":"","fileTypesAndContributionMap":{"docs":{"insertions":26,"deletions":20}}}]},{"date":"2022-11-01","commitResults":[{"hash":"0bafccd52c6c9405854ef3ec60ce02466c498576","messageTitle":"Fix `DateTime` to not allow invalid dates","messageBody":"Let\u0027s also update the command format in the\nhelp window to inform users on the accepted date format\n","fileTypesAndContributionMap":{"functional-code":{"insertions":7,"deletions":6}}},{"hash":"462016b6601efd846943a8f3a12deb3bab5c019c","messageTitle":"Minor updates to UG","messageBody":"","fileTypesAndContributionMap":{"functional-code":{"insertions":4,"deletions":3},"docs":{"insertions":33,"deletions":22}}},{"hash":"1c18413bb8e4cc4923952f7d8e23541809aeb3f6","messageTitle":"Minor UG fix","messageBody":"","fileTypesAndContributionMap":{"docs":{"insertions":4,"deletions":5}}},{"hash":"bb8a3fc7edfc3883f5086d1c62fba6bc958d8392","messageTitle":"Fix TOC for UG","messageBody":"","fileTypesAndContributionMap":{"docs":{"insertions":3,"deletions":1}}},{"hash":"44c618f397101235a3d830e1f5c15ce112a65a8c","messageTitle":"Add emoji to UG","messageBody":"Let\u0027s welcome users to our User Guide.\n","fileTypesAndContributionMap":{"docs":{"insertions":1,"deletions":1}}},{"hash":"ea406f12037de3561dca035481de40e016e45cac","messageTitle":"Fix grammar and formatting issues in UG","messageBody":"","fileTypesAndContributionMap":{"docs":{"insertions":20,"deletions":24}}},{"hash":"ad3240e74d9389400c285d08f388fe687d40bab7","messageTitle":"Fix `find` under \u0027What you can do\u0027","messageBody":"","fileTypesAndContributionMap":{"docs":{"insertions":1,"deletions":1}}},{"hash":"1916bf1e2965abc5e6d767a116f9109085163b49","messageTitle":"Fix TOC in UG","messageBody":"","fileTypesAndContributionMap":{"docs":{"insertions":3,"deletions":5}}}]},{"date":"2022-11-02","commitResults":[{"hash":"b0ccff10aca3bb398d137f4722d4d6f40376066b","messageTitle":"Update UG Introduction and Getting Started","messageBody":"","fileTypesAndContributionMap":{"docs":{"insertions":56,"deletions":72}}}]},{"date":"2022-11-04","commitResults":[{"hash":"ed0b21468521cffc0e88f7ab9455f5cafcee17ff","messageTitle":"Update PPP","messageBody":"","fileTypesAndContributionMap":{"docs":{"insertions":31,"deletions":1}}}]},{"date":"2022-11-05","commitResults":[{"hash":"21acfbea57712bbb751df3ab9deb094b3e4a7899","messageTitle":"Update DG for add command","messageBody":"","fileTypesAndContributionMap":{"docs":{"insertions":80,"deletions":0}}}]},{"date":"2022-11-06","commitResults":[{"hash":"13e16d6e2d182618004aaf9a11ee10ed61bd9307","messageTitle":"Improve UG for `add`","messageBody":"","fileTypesAndContributionMap":{"docs":{"insertions":21,"deletions":23}}},{"hash":"06c7b6576e903d677be7bfaf44f4356d92fd1c31","messageTitle":"Add newline after EOF","messageBody":"","fileTypesAndContributionMap":{"docs":{"insertions":1,"deletions":1}}},{"hash":"0d2c11a73b6afc4576dbb08d7a0fa826598e979a","messageTitle":"Update add and edit commands","messageBody":"","fileTypesAndContributionMap":{"docs":{"insertions":58,"deletions":18}}},{"hash":"7d88d0306b9fbae39f957c87386bb0c0d587113f","messageTitle":"Enhance UG","messageBody":"Add Ui2 for testing purposes.\n","fileTypesAndContributionMap":{"docs":{"insertions":28,"deletions":28}}}]}],"tienyu2000":[{"date":"2022-09-28","commitResults":[{"hash":"14f6174610a35dc6884729d0e773394239ef1dcc","messageTitle":"Updated AboutUs and Individual Project Portfolio Page","messageBody":"","fileTypesAndContributionMap":{"docs":{"insertions":33,"deletions":6}}}]},{"date":"2022-09-29","commitResults":[{"hash":"88d4008de9faad928f674b87dd36b324e82ac83d","messageTitle":"Rename skeletal PPP","messageBody":"","fileTypesAndContributionMap":{"docs":{"insertions":2,"deletions":2}}},{"hash":"8cb4db19df67b4a4a1b2792ed5f8f565fbc29d95","messageTitle":"Update README.md","messageBody":"","fileTypesAndContributionMap":{"docs":{"insertions":16,"deletions":10}}}]},{"date":"2022-09-30","commitResults":[{"hash":"0c6fdfd2d769f34e86546d3ddeb5201c4832a249","messageTitle":"Update user guide","messageBody":"","fileTypesAndContributionMap":{"docs":{"insertions":3,"deletions":2}}}]},{"date":"2022-10-13","commitResults":[{"hash":"8b675f02499796247b4f6dec2b0169626e90cd89","messageTitle":"Add Undo Command","messageBody":"","fileTypesAndContributionMap":{"functional-code":{"insertions":158,"deletions":19},"test-code":{"insertions":73,"deletions":0}}}]},{"date":"2022-10-14","commitResults":[{"hash":"16466cfbe1ee0475d1b914aa49fbdf246a50fe90","messageTitle":"Adhere to chesktyle rules and fix command tests","messageBody":"","fileTypesAndContributionMap":{"functional-code":{"insertions":13,"deletions":1},"test-code":{"insertions":10,"deletions":0}}}]},{"date":"2022-10-20","commitResults":[{"hash":"b20c45067cec636d3a85e100988213308d7ece27","messageTitle":"Fix Documentation Issues","messageBody":"","fileTypesAndContributionMap":{"functional-code":{"insertions":99,"deletions":62},"test-code":{"insertions":3,"deletions":3}}},{"hash":"77d291044585e26f3c7b6da3fe158d3ad8a730a8","messageTitle":"Fix checkstyle issues","messageBody":"","fileTypesAndContributionMap":{"functional-code":{"insertions":12,"deletions":3}}}]},{"date":"2022-10-21","commitResults":[{"hash":"373d8c07e8a7faaf9debeed3f48ea4027b6190d2","messageTitle":"Add Redo Command","messageBody":"","fileTypesAndContributionMap":{"functional-code":{"insertions":93,"deletions":1},"test-code":{"insertions":60,"deletions":0}}},{"hash":"a9b22f2cd9c5e07b714befd928f36b495b6e7e04","messageTitle":"Add redo use case and update DeveloperGuide.md","messageBody":"","fileTypesAndContributionMap":{"docs":{"insertions":38,"deletions":21}}},{"hash":"9e2b25d6676d4b938ed612707178d76c3e772ef6","messageTitle":"Add redo user story","messageBody":"","fileTypesAndContributionMap":{"docs":{"insertions":21,"deletions":20}}}]},{"date":"2022-10-28","commitResults":[{"hash":"0be58b8b7ed4eb7c81168ab25c79b69a3407e6e5","messageTitle":"Update UML diagrams and DG","messageBody":"","fileTypesAndContributionMap":{"docs":{"insertions":237,"deletions":147}}},{"hash":"d38ff94d3569429eaa43c365296bbdaf3cd157bb","messageTitle":"Update UG with undo and redo features","messageBody":"","fileTypesAndContributionMap":{"docs":{"insertions":76,"deletions":8}}}]},{"date":"2022-11-02","commitResults":[{"hash":"73000c31919e6ad1d634c4a6185048112a0c8073","messageTitle":"Update UG with redo and undo features","messageBody":"","fileTypesAndContributionMap":{"docs":{"insertions":78,"deletions":52}}},{"hash":"eb5875c1f8df63ab34a923dc3fc18e6adf2e08c7","messageTitle":"Shift undo and redo caution to become a tip","messageBody":"","fileTypesAndContributionMap":{"docs":{"insertions":7,"deletions":11}}}]},{"date":"2022-11-03","commitResults":[{"hash":"52554fec69622127d28f9bea145192bd2697d848","messageTitle":"Add images to enhance undo and redo features in UG","messageBody":"","fileTypesAndContributionMap":{"docs":{"insertions":91,"deletions":40}}}]},{"date":"2022-11-04","commitResults":[{"hash":"9b69b9b90145fe3f90b9400967cd40d662c3fba1","messageTitle":"Update description","messageBody":"","fileTypesAndContributionMap":{"docs":{"insertions":5,"deletions":4}}},{"hash":"dcd82ab5ae5c190cdd057b20873ca89f07a63165","messageTitle":"Update undo and redo feature description","messageBody":"","fileTypesAndContributionMap":{"docs":{"insertions":3,"deletions":0}}},{"hash":"942201ced5bdce4390dbcbd606b633b29ce42d60","messageTitle":"Update PPP","messageBody":"","fileTypesAndContributionMap":{"docs":{"insertions":128,"deletions":6}}}]}],"jacobkwan":[{"date":"2022-09-28","commitResults":[{"hash":"c820841c1f31d71487da39c1f56043972e91d2eb","messageTitle":"Update AboutUs.md Add profile picture and update roles and responsibilities.","messageBody":"","fileTypesAndContributionMap":{"docs":{"insertions":5,"deletions":5}}},{"hash":"c284512f3836d5b485a505294e51fc2dd92d68da","messageTitle":"Add skeletal PPP Add a outline for the PPP to be used as portfolio page in team website","messageBody":"","fileTypesAndContributionMap":{"docs":{"insertions":28,"deletions":0}}}]},{"date":"2022-09-29","commitResults":[{"hash":"15e4502e3b3556880f8d7e38118d7c0d48ab2eda","messageTitle":"Update About Us page to use real name","messageBody":"","fileTypesAndContributionMap":{"docs":{"insertions":1,"deletions":1}}},{"hash":"b8931b2cc7d5d6ed1f6b94382a37df5c74d94f2e","messageTitle":"Fix Table of Contents for User Guide","messageBody":"","fileTypesAndContributionMap":{"docs":{"insertions":2,"deletions":2}}},{"hash":"e85c01513c2f2977cc9a65d07c3158fdef46b22a","messageTitle":"Update User Guide to explain usage of Delete function","messageBody":"","fileTypesAndContributionMap":{"docs":{"insertions":6,"deletions":6}}}]},{"date":"2022-09-30","commitResults":[{"hash":"0f0738b198328720fb3bdd61dfa91c924d5449a6","messageTitle":"Add NFRs and basic Glossary to Developer Guide","messageBody":"","fileTypesAndContributionMap":{"docs":{"insertions":7,"deletions":4}}}]},{"date":"2022-10-10","commitResults":[{"hash":"8f969dc7673de47afc8d4c38eff949ba3ce37663","messageTitle":"Rename package from seedu.address to seedu.workbook","messageBody":"Package name \"seedu.address\" is taken from AB3 which does not match our\ntP product \"WorkBook\".\n\nRename package across all files to seedu.workbook.xxx. More refactoring\ncommits to come subsequently, for class names etc.\n","fileTypesAndContributionMap":{"other":{"insertions":738,"deletions":738}}},{"hash":"982575cadd105e58cd6f14fd90ccccc905ee5581","messageTitle":"Change mainClassName in build.gradle to match package renaming.","messageBody":"Entry point for gradlew needs to be updated as our package prefix is\nrenamed to seedu.workbook.xxx\n\nOther minor misc. changes to non-java files (.md and .fxml) included\nalso.\n","fileTypesAndContributionMap":{"other":{"insertions":2,"deletions":2},"docs":{"insertions":4,"deletions":4},"test-code":{"insertions":2,"deletions":2}}},{"hash":"7ece8bcb4fe78bf62d3b7299cba3b97f8d3b6ab5","messageTitle":"Rename classes to match tP product name, \"WorkBook\"","messageBody":"Class names from AB3 are unintuitive for development work as they do not\nfit with WorkBook (e.g AddressBookStorage.java, AddressBookParser.java\netc)\n\nLet\u0027s perform a project-wide refactoring of all class names to use\nWorkBook and appropriate phrasing to remove any semblance to AB3.\nThis includes .json files as well.\n\nNote: remnants of AB3 phrasing are still present, e.g .md and .puml\nfiles.\n\nMore refactoring commits to be followed.\n","fileTypesAndContributionMap":{"functional-code":{"insertions":168,"deletions":167},"other":{"insertions":97,"deletions":97},"test-code":{"insertions":247,"deletions":247}}},{"hash":"c052ccfcaf91f670843f8aa01de7e5c981d5b57a","messageTitle":"Rename primary domain from Person to Internship.","messageBody":"Class, attribute and method names are unintuitive as they are carried\nover from AB3 to WorkBook (e.g PersonBuilder.java, UniquePersonList.java\netc).\n\nLet\u0027s perform an overhaul of all these inappropriate names in the\nproject so that all development work will be standardised from here on\nout (e.g PersonBuilder.java -\u003e InternshipBuilder.java)\n\nLet\u0027s also change the attribute of Person.name to Internship.company,\nmaking the appropriate changes in all test/util/other files (e.g\nNameContainsKeywordsPredicate.java -\u003e\nCompanyContainsKeywordsPredicate.java)\n\nThis completes the bulk of the refactoring from AB3 to WorkBook.\nCRUD functionality is now fully working, and all test cases are passing at\nthis stage, although mock data still does not match WorkBook\u0027s context.\n","fileTypesAndContributionMap":{"functional-code":{"insertions":540,"deletions":542},"other":{"insertions":174,"deletions":167},"test-code":{"insertions":981,"deletions":978}}},{"hash":"2a222554d33f2f07e032d5e7ca347ac4f4602ed7","messageTitle":"Add Role field to an Internship","messageBody":"An Internship should not only have a Company name, but also a Role (e.g\nBackend Engineer).\n\nLet\u0027s add an attribute to the Internship Model, and make the necessary\nchanges to all test files as well.\n\nOne can think of Company name and Role as a \"primary key\" or unique\nidentifier for an Internship in WorkBook. As such, we should allow for\nentries that have the same Company as long as they have different Roles.\n\nTake a look at Internship#isSameInternship for this functionality (this\nmethod is used throughout the codebase e.g during Edit, loading from\n.json, etc)\n","fileTypesAndContributionMap":{"functional-code":{"insertions":148,"deletions":23},"test-code":{"insertions":192,"deletions":70}}},{"hash":"d2f62b4b06cc90987a98bf4fad5b1ecfd3eecf1b","messageTitle":"Remove trailing whitespace as enforced by run-checks.sh","messageBody":"","fileTypesAndContributionMap":{"functional-code":{"insertions":1,"deletions":1}}},{"hash":"ece155dd1ef247d07fe61eeb4c2d245f1d5ec0ed","messageTitle":"Fix formatting for checkstyle","messageBody":"Note that certain rules enforced by checkstyle.xml are inappropriate such as\nthe enforcing of `SeparatorWrap` on lambda functions (see\nUniqueInternshipListTest.java:168 for e.g).\n\nAs such, we should exercise some discretion and use the provided\n`SuppressionCommentFilter` in `checkstyle.xml`\nto disable checkstyle within a specific code chunk and with\nrespect to a specific `rule` (again see UniqueInternshipListTest.java)\n\nIn order to disable certain rules that are higher up the inheritance\nchain in `checkstyle.xml` (rules defined outside the `TreeWalker` module), we can add `SuppressionWithPlainTextCommentFilter` to the `Checker` module. (See checkstyle.xml:13)\n\nThis allows us to suppress rules like `LineLength` using the same syntax\n(see Company.java and Role.java for e.g)\n\nFinally, note that these suppressions should not be abused, but only\nused if the enforced rule clearly degrades code quality/readability.\n","fileTypesAndContributionMap":{"functional-code":{"insertions":138,"deletions":79},"other":{"insertions":7,"deletions":0},"test-code":{"insertions":172,"deletions":116}}}]},{"date":"2022-10-20","commitResults":[{"hash":"d32cd15a4d7b04b596b2acd5beeb957391c3b0f2","messageTitle":"Add sorting use case to DG","messageBody":"","fileTypesAndContributionMap":{"docs":{"insertions":32,"deletions":3}}}]},{"date":"2022-10-21","commitResults":[{"hash":"83e99464700beb189d916372aaf2e53e1fc97879","messageTitle":"Improve phrasing of use case","messageBody":"","fileTypesAndContributionMap":{"docs":{"insertions":1,"deletions":1}}},{"hash":"4fed5fd462138a01bf8e1fcaf01aa9a2c2922d24","messageTitle":"Enable assertions in build.gradle","messageBody":"","fileTypesAndContributionMap":{"other":{"insertions":4,"deletions":0}}},{"hash":"8fdc41fbe06aaa074b65d33ff7e50b4a32a6cda6","messageTitle":"Update app version number","messageBody":"","fileTypesAndContributionMap":{"functional-code":{"insertions":1,"deletions":1}}}]},{"date":"2022-10-23","commitResults":[{"hash":"4462b1eeb92de07302d554f24830e28f78c4b0ca","messageTitle":"Change behaviour of Edit to not reset filtering","messageBody":"If one uses Find followed by Edit, the filtering resets (as if List had\nbeen used).\n\nIt does not seem very user friendly and is also somewhat\ndisruptive/jarring based on my own testing.\n\nLet\u0027s remove this behaviour, so that Edit does not reset any Predicates\nimposed on the internal internship list.\n","fileTypesAndContributionMap":{"functional-code":{"insertions":4,"deletions":2},"test-code":{"insertions":14,"deletions":2}}},{"hash":"5cda869f3c07ebc196fb69fdfd6d05a3e865c035","messageTitle":"Add util methods to DateTime to support comparison","messageBody":"Let\u0027s add some util methods to DateTime and use them in our custom InternshipComparator.\n\nNote the checks for `DateTime.EMPTY_DATETIME` in the comparator.\n\nComparison will follow the ordering as specified in the Developer Guide.\n","fileTypesAndContributionMap":{"functional-code":{"insertions":51,"deletions":0}}}]},{"date":"2022-10-24","commitResults":[{"hash":"e013d28920768fdfca9f7f8d914ed77e997c90b4","messageTitle":"Ensure internship list is always sorted","messageBody":"Note the minor fix in `InternshipComparator.java`.\nOriginally the comparison would be wrong if `o1` was a upcoming date and\n`o2` was a date that had passed already.\n","fileTypesAndContributionMap":{"functional-code":{"insertions":22,"deletions":6},"test-code":{"insertions":2,"deletions":2}}},{"hash":"e66702365f36eda3099d54140c12c1f3f91045ab","messageTitle":"Update sample data","messageBody":"Let\u0027s use better dates (upcoming, past, blank) so that new users can actually get an idea of the\nenforced sorting in WorkBook.\n","fileTypesAndContributionMap":{"functional-code":{"insertions":6,"deletions":6}}},{"hash":"a3384e22932e1f13450b6fe6e0b420d903b75d26","messageTitle":"Fix more test cases","messageBody":"Failing test cases exposed another weakness in the InternshipComparator.\nA desirable characteristic of our comparator (especially for testing) is unambiguity, so let\u0027s further specify how we want two empty datetimes to be sorted - by lexicographical order of Company name.\n\nAlso, we have to fix the `equals` method on UniqueInternshipList.java as\nequality should only be checked w.r.t the sorted list and not the\ninternal list as that is the external facing interface anyway. This\nfixes all the remaining test cases that were failing.\n","fileTypesAndContributionMap":{"functional-code":{"insertions":2,"deletions":2},"test-code":{"insertions":6,"deletions":1}}}]},{"date":"2022-10-26","commitResults":[{"hash":"6f3a8f29a80d61f6e09cb927f297ed9a2b6d63c4","messageTitle":"Add Language tags","messageBody":"Let\u0027s make a distinction between misc. tags and Language tags which a\nuser can use to indicate what languages they should be proficient in for\na certain application.\n\nConsidered making a new class to extend from `Tag.java` but decided it\nwas not worth the effort, so `languageTags` are basically a separate\n`Set` of Tags. (and will be rendered differently later)\n","fileTypesAndContributionMap":{"functional-code":{"insertions":86,"deletions":12}}},{"hash":"37a696e4c4d2ae39a3d531109d5eb2cf2f70ac61","messageTitle":"Add specific styling for Language Tags","messageBody":"We define a custom component class `LanguageTagLabel.java` so that we\ncan still insert all our tags into the same `FlowPane` but apply\ndifferent styling based on `.setStyleClass()`.\n","fileTypesAndContributionMap":{"functional-code":{"insertions":29,"deletions":0}}},{"hash":"f82c4cecfa30316abc7e6dbdac633c32839669e3","messageTitle":"Fix test cases","messageBody":"","fileTypesAndContributionMap":{"test-code":{"insertions":62,"deletions":15}}}]},{"date":"2022-10-27","commitResults":[{"hash":"5d3d8a6b5c99a7d5d6dc2270f7b5c10985074458","messageTitle":"Update sample data for new users","messageBody":"Sample data should better illustrate the vision of WorkBook!\n","fileTypesAndContributionMap":{"functional-code":{"insertions":31,"deletions":31}}},{"hash":"30274a46600afdc4a4dd87ef122a5b134fc3ab3c","messageTitle":"Put first card into focus upon app start","messageBody":"This makes the ux more intuitive as the right panel will not just be\nblank initially.\n","fileTypesAndContributionMap":{"functional-code":{"insertions":6,"deletions":2}}}]},{"date":"2022-10-28","commitResults":[{"hash":"d1d3be0ac49cfc92f6e7e00212b446ba2acf7fc7","messageTitle":"Refine ui further","messageBody":"We should not show tips when no card is selected. This occurs for\nexample when `clear` is executed. If not, the last selected tip will\nremain.\n\nWe should also set the correct panel upon startup instead of having to\nwait for the user to resize the window for the event listener to pick up\non the changes.\n","fileTypesAndContributionMap":{"functional-code":{"insertions":12,"deletions":7}}},{"hash":"a51e2e53532edea43fb471719a1ab8d7a4a9aa8b","messageTitle":"Add missing commands to help window","messageBody":"Update usage message for Find to follow convention (using \"|\" )\nUpdate usage message for Add to match workbook phrasing.\n","fileTypesAndContributionMap":{"functional-code":{"insertions":78,"deletions":17}}},{"hash":"11bf37854ce1808087145bdc06cd47427337ec12","messageTitle":"Update user guide","messageBody":"Move command summary to the top.\nUpdate parameters for edit.\nAdd list to feature explanation\nAdd list, undo, redo, find to command summary table\n","fileTypesAndContributionMap":{"docs":{"insertions":32,"deletions":26}}}]},{"date":"2022-10-31","commitResults":[{"hash":"fa1f128e9f2339783adc226dc4b9c2ff0920e5da","messageTitle":"Fix UG and documentation","messageBody":"","fileTypesAndContributionMap":{"functional-code":{"insertions":2,"deletions":2},"docs":{"insertions":2,"deletions":2}}},{"hash":"88c2a73209c75601b9908a6b503eeb8f65a46fb0","messageTitle":"Fix validation bug on tags and related tests","messageBody":"","fileTypesAndContributionMap":{"functional-code":{"insertions":6,"deletions":4},"test-code":{"insertions":0,"deletions":51}}}]},{"date":"2022-11-04","commitResults":[{"hash":"67ab18bce9ae81a4fa654ab30d49852bcb5e5816","messageTitle":"Update PPP","messageBody":"","fileTypesAndContributionMap":{"docs":{"insertions":11,"deletions":2}}},{"hash":"d1b61553420bbbe02fec39a69cf4de251e73ff43","messageTitle":"Update docs/team/jacobkwan.md","messageBody":"Co-authored-by: Daryl \u003c97279671+rylzxc@users.noreply.github.com\u003e","fileTypesAndContributionMap":{"docs":{"insertions":1,"deletions":1}}}]}],"adeearyaa":[{"date":"2022-09-29","commitResults":[{"hash":"491e2bb46c1ba8e4ebb23aa06ec5fba94fc31c27","messageTitle":"Updated AboutUs.md","messageBody":"","fileTypesAndContributionMap":{"docs":{"insertions":6,"deletions":6}}},{"hash":"3a8ac3a60552920d5bdc10e9ae32f138ab45c582","messageTitle":"updating picture have not updated PPP yet","messageBody":"","fileTypesAndContributionMap":{"docs":{"insertions":1,"deletions":1}}},{"hash":"3df4777a51bcdb935d7f44e4dbcc1227541ef80d","messageTitle":"added image and done PPP","messageBody":"","fileTypesAndContributionMap":{"docs":{"insertions":14,"deletions":32}}},{"hash":"29abef8b25b34c37dbe250608c8c8ea9b19f57f2","messageTitle":"Update Developer Guide","messageBody":"","fileTypesAndContributionMap":{"docs":{"insertions":23,"deletions":10}}},{"hash":"c7c2c584bf1e52ce9b0fde08dd7e81d5388cab8c","messageTitle":"Update Developer Guide","messageBody":"","fileTypesAndContributionMap":{"docs":{"insertions":1,"deletions":1}}},{"hash":"2aa5adc24bae33ff1e4a1f48c6241224d502db68","messageTitle":"Update developer guide on grammar issues","messageBody":"","fileTypesAndContributionMap":{"docs":{"insertions":16,"deletions":17}}},{"hash":"43ef2202bd8f6828272d6fad388bf5b8a0dd0fbb","messageTitle":"Change User stories","messageBody":"This reverts commit 04a4991d917b911a7a85b582c1229b2fde66cee4.\n","fileTypesAndContributionMap":{"docs":{"insertions":1,"deletions":1}}},{"hash":"f4afe619ea7202e5956c9fd48ebf06d62030637e","messageTitle":"Change user stories by taking out unnecessary words","messageBody":"","fileTypesAndContributionMap":{"docs":{"insertions":6,"deletions":6}}}]},{"date":"2022-09-30","commitResults":[{"hash":"420660855ad61918d4f861fa32617e4a15102c71","messageTitle":"Update the User Guide with the Clear command","messageBody":"","fileTypesAndContributionMap":{"docs":{"insertions":5,"deletions":2}}}]},{"date":"2022-10-11","commitResults":[{"hash":"1933405287dde14b5f14603829d998612a80e57b","messageTitle":"Remove attribute \"Address\"","messageBody":"","fileTypesAndContributionMap":{"functional-code":{"insertions":76,"deletions":199},"test-code":{"insertions":171,"deletions":337}}}]},{"date":"2022-10-12","commitResults":[{"hash":"bd601cfd5ac65dcf85329a11c017efca422ceb27","messageTitle":"Fix formatting for checkstyle","messageBody":"","fileTypesAndContributionMap":{"functional-code":{"insertions":62,"deletions":61},"test-code":{"insertions":131,"deletions":121}}},{"hash":"019153cb9e4bdb899cf6b842e8f57933d4a2c38f","messageTitle":"Edit test cases after removing address attribute","messageBody":"","fileTypesAndContributionMap":{"test-code":{"insertions":1,"deletions":1}}}]},{"date":"2022-10-16","commitResults":[{"hash":"02276237591a8785c1080af6abfc0948adea46e8","messageTitle":"Remove phone attribute","messageBody":"","fileTypesAndContributionMap":{"functional-code":{"insertions":10,"deletions":84},"test-code":{"insertions":48,"deletions":181}}},{"hash":"72373776d411e57e166dd816013332c93b5cf069","messageTitle":"Fix minor check style issues","messageBody":"","fileTypesAndContributionMap":{"functional-code":{"insertions":1,"deletions":55},"test-code":{"insertions":2,"deletions":45}}}]},{"date":"2022-10-18","commitResults":[{"hash":"affd05fb56e5d061f77cb149add35ad9dc20f499","messageTitle":"Fix some bugs after merge conflict","messageBody":"","fileTypesAndContributionMap":{"functional-code":{"insertions":0,"deletions":1},"test-code":{"insertions":3,"deletions":3}}}]},{"date":"2022-10-19","commitResults":[{"hash":"fea2581918b8b9993ff812a68f1132078d9240de","messageTitle":"Make email field optional","messageBody":"","fileTypesAndContributionMap":{"functional-code":{"insertions":10,"deletions":3}}},{"hash":"1d10f7fa033e684074bff124f309ecf1b50c6db4","messageTitle":"Fix some assert tests and check style issues","messageBody":"","fileTypesAndContributionMap":{"functional-code":{"insertions":1,"deletions":1},"test-code":{"insertions":5,"deletions":16}}},{"hash":"10b856d41a43d08519f01b3888a04f09fa03bb8e","messageTitle":"Change error messages and help window","messageBody":"","fileTypesAndContributionMap":{"functional-code":{"insertions":11,"deletions":7}}}]},{"date":"2022-10-21","commitResults":[{"hash":"ee57ceefb0f25e424d517fed37af95c6ddd00e0d","messageTitle":"Add use case for undo command to Developer Guide","messageBody":"","fileTypesAndContributionMap":{"docs":{"insertions":18,"deletions":3}}},{"hash":"2982772d81b3bea5a5fae06e470533fea6dc95e9","messageTitle":"Fix grammar issues for use case","messageBody":"","fileTypesAndContributionMap":{"docs":{"insertions":4,"deletions":2}}}]},{"date":"2022-10-22","commitResults":[{"hash":"502f4a51e12e318993e3b0d451c4403ed648b606","messageTitle":"Fix  company and roles attribute naming convention","messageBody":"","fileTypesAndContributionMap":{"functional-code":{"insertions":35,"deletions":2},"test-code":{"insertions":2,"deletions":2}}}]},{"date":"2022-10-23","commitResults":[{"hash":"b7a5059d50a4f59f6d45d364f4170779bc8302f1","messageTitle":"Add role, stage and DateTime attribute test files","messageBody":"","fileTypesAndContributionMap":{"functional-code":{"insertions":15,"deletions":9},"test-code":{"insertions":128,"deletions":0}}}]},{"date":"2022-10-24","commitResults":[{"hash":"98a65cc8e66eed642421bee3ca96efdfd8fcd2a3","messageTitle":"Fix test cases and stick to DRY principle","messageBody":"","fileTypesAndContributionMap":{"functional-code":{"insertions":24,"deletions":36},"test-code":{"insertions":6,"deletions":8}}},{"hash":"60dbec77886f9cf675a5ab43afb093f26a703bbe","messageTitle":"Fix method names","messageBody":"","fileTypesAndContributionMap":{"functional-code":{"insertions":4,"deletions":4}}}]},{"date":"2022-10-25","commitResults":[{"hash":"2619d9ebb822de6dc263cc4db146a7407fa8a5e7","messageTitle":"Add filter functionality for role and stage as well","messageBody":"","fileTypesAndContributionMap":{"functional-code":{"insertions":132,"deletions":8},"test-code":{"insertions":7,"deletions":6}}}]},{"date":"2022-10-26","commitResults":[{"hash":"61594510f6d1bea59ae3f30ca20c888593560dce","messageTitle":"Add Javadocs to method","messageBody":"","fileTypesAndContributionMap":{"functional-code":{"insertions":7,"deletions":0}}},{"hash":"f02d66f84d1029f6460cebe3fd6778676b394df2","messageTitle":"Add test files and fix bugs","messageBody":"","fileTypesAndContributionMap":{"functional-code":{"insertions":20,"deletions":24},"test-code":{"insertions":230,"deletions":16}}},{"hash":"2248bec307561c3cde3e59d651cbf1e9900b6fb8","messageTitle":"Fix minor naming conventions","messageBody":"","fileTypesAndContributionMap":{"functional-code":{"insertions":1,"deletions":1}}}]},{"date":"2022-10-27","commitResults":[{"hash":"c9ebc09e2bbabb36ff5f3e786cd045e9f9537add","messageTitle":"Fix find command","messageBody":"","fileTypesAndContributionMap":{"functional-code":{"insertions":5,"deletions":5},"test-code":{"insertions":9,"deletions":37}}}]},{"date":"2022-10-28","commitResults":[{"hash":"de75b9193bc955722f2c4700291d2c95e1b0858b","messageTitle":"Add find command to user guide","messageBody":"","fileTypesAndContributionMap":{"docs":{"insertions":19,"deletions":2}}}]},{"date":"2022-11-01","commitResults":[{"hash":"957a29ca4c55e19188fd2e85674676d6bec1624a","messageTitle":"Fix user guide","messageBody":"","fileTypesAndContributionMap":{"docs":{"insertions":125,"deletions":26}}},{"hash":"8d564e313753426b30b3fa33e61038e954122ff5","messageTitle":"Fix user guide use cases and other errors","messageBody":"","fileTypesAndContributionMap":{"docs":{"insertions":24,"deletions":19}}},{"hash":"a45b7b827a083ee403875e7ccfda584e753cb97c","messageTitle":"Fix typos in user guide","messageBody":"","fileTypesAndContributionMap":{"docs":{"insertions":7,"deletions":7}}}]},{"date":"2022-11-04","commitResults":[{"hash":"9933df12b04a8b8683e4b2a76aef5eef49bd8797","messageTitle":"Update PPP","messageBody":"","fileTypesAndContributionMap":{"docs":{"insertions":14,"deletions":1}}},{"hash":"f224314e4bb5aa9c983edc17c61810eeb57c9bcc","messageTitle":"Fix bugs","messageBody":"","fileTypesAndContributionMap":{"functional-code":{"insertions":3,"deletions":1},"docs":{"insertions":6,"deletions":0}}}]},{"date":"2022-11-06","commitResults":[{"hash":"0bdd9e21c7aacecf40e2f12b03d9ec0fe4f90039","messageTitle":"Add Images UG","messageBody":"","fileTypesAndContributionMap":{"docs":{"insertions":8,"deletions":2}}},{"hash":"a934f8aa2a7bbf20815cfa6642f0b28e230e0744","messageTitle":"Delete example from UG","messageBody":"","fileTypesAndContributionMap":{"docs":{"insertions":1,"deletions":4}}},{"hash":"d8da84d586ed42e5e4ee10f209cb0f410d6e4389","messageTitle":"Fix UG bugs","messageBody":"","fileTypesAndContributionMap":{"docs":{"insertions":5,"deletions":4}}}]}]},"authorFileTypeContributionMap":{"glemenneo":{"docs":102,"functional-code":910,"test-code":0},"rylzxc":{"docs":385,"functional-code":472,"test-code":143,"other":9},"tienyu2000":{"docs":573,"functional-code":357,"test-code":143},"jacobkwan":{"docs":100,"functional-code":1414,"test-code":1510,"other":13},"adeearyaa":{"docs":154,"functional-code":239,"test-code":533}},"authorContributionVariance":{"glemenneo":10006.842,"rylzxc":8328.988,"tienyu2000":7470.8413,"jacobkwan":881128.25,"adeearyaa":19096.37},"authorDisplayNameMap":{"glemenneo":"CS2103T-T10-3 NEO ..EMEN","rylzxc":"CS2103T-T10-3 CHUA..HING","tienyu2000":"CS2103T-T10-3 TIEN..N YU","jacobkwan":"CS2103T-T10-3 KWAN..ACOB","adeearyaa":"CS2103T-T10-3 ARYA..DEEP"}}
