{"authorDailyContributionsMap":{"Hongyi6328":[{"date":"2022-09-19","commitResults":[{"hash":"41296cd7f8dc4787cb560b14f7258e0f6f201f74","messageTitle":"Add 3 sections","messageBody":"Add target user profile, value proposition, and user stories.\n","fileTypesAndContributionMap":{"functional-code":{"insertions":4,"deletions":0},"docs":{"insertions":36,"deletions":10}}},{"hash":"cf4f23bcd031b51fd688a0747e2febafc1dea6dc","messageTitle":"Write the use cases for the practice iteration","messageBody":"","fileTypesAndContributionMap":{"docs":{"insertions":66,"deletions":4}}},{"hash":"f98ae64ccc38f5a080b6c03e365800383ea285c1","messageTitle":"Update personal info","messageBody":"","fileTypesAndContributionMap":{"docs":{"insertions":56,"deletions":7}}}]},{"date":"2022-09-20","commitResults":[{"hash":"a26fe3bdfc53c817301afeae1fe1da867fb2b715","messageTitle":"Update DeveloperGuide.md","messageBody":"","fileTypesAndContributionMap":{"docs":{"insertions":1,"deletions":44}}}]},{"date":"2022-10-05","commitResults":[{"hash":"cca98a0832902a8ea9282f66ecc8f9a0e6e261f6","messageTitle":"Add pet-related data model classes","messageBody":"","fileTypesAndContributionMap":{"functional-code":{"insertions":104,"deletions":0}}},{"hash":"a63faba71bbd5a6c5a523bc877aed6c534af2541","messageTitle":"Modify data model classes","messageBody":"","fileTypesAndContributionMap":{"functional-code":{"insertions":43,"deletions":2}}},{"hash":"108cbc76ecdf099db09560167d46f646e8fbac94","messageTitle":"Add more data models","messageBody":"","fileTypesAndContributionMap":{"functional-code":{"insertions":255,"deletions":5}}},{"hash":"efdd296381e5d22f49a9979768aec8804068ccdb","messageTitle":"Add more data models and leave some comments","messageBody":"","fileTypesAndContributionMap":{"functional-code":{"insertions":71,"deletions":26}}},{"hash":"bb9d8c7d8f2a8b3cb35665f05521dbd5e86db818","messageTitle":"Modify Pet class","messageBody":"","fileTypesAndContributionMap":{"functional-code":{"insertions":44,"deletions":3}}},{"hash":"4ef0b7d419f3c83d43b248b006144bf8d7ae7bef","messageTitle":"Create UniquePetList","messageBody":"","fileTypesAndContributionMap":{"functional-code":{"insertions":164,"deletions":3},"other":{"insertions":1,"deletions":1}}},{"hash":"8c4842f604dd92a242353cfd85609fb1325dbaf2","messageTitle":"Update DateOfBirth.java","messageBody":"","fileTypesAndContributionMap":{"functional-code":{"insertions":24,"deletions":8}}}]}],"boredcoco":[{"date":"2022-09-19","commitResults":[{"hash":"1175b67b31833a02c56df4f8a67ffa5b573fd861","messageTitle":"Update AboutUs.md","messageBody":"","fileTypesAndContributionMap":{"docs":{"insertions":2,"deletions":2}}},{"hash":"13f52cbceb12bbfceb522d4ef180bf927f1ed968","messageTitle":"Add faithchua.md Update AboutUs.md","messageBody":"","fileTypesAndContributionMap":{"docs":{"insertions":49,"deletions":3}}},{"hash":"6922bd41a0f4f5471319c5c6a23c245bdc35bcdf","messageTitle":"Update AboutUs Add faithchua.png","messageBody":"","fileTypesAndContributionMap":{"docs":{"insertions":1,"deletions":1}}}]},{"date":"2022-09-20","commitResults":[{"hash":"029fe7da63a0b6aab9f51adeb48634486319a2f5","messageTitle":"Rename faithchua.md to boredcoco.md","messageBody":"","fileTypesAndContributionMap":{"docs":{"insertions":0,"deletions":0}}},{"hash":"7f8f3174341fb527adea8555f6881a76324628ed","messageTitle":"Update boredcoco.md","messageBody":"","fileTypesAndContributionMap":{"docs":{"insertions":1,"deletions":1}}},{"hash":"55f8a29dcdfe464c27bdf1b12601cbcad1a96bd4","messageTitle":"Update AboutUs.md","messageBody":"","fileTypesAndContributionMap":{"docs":{"insertions":1,"deletions":1}}},{"hash":"f844687dd3b6ee4ee43f87c79560319913d8e4ea","messageTitle":"Update index.md","messageBody":"","fileTypesAndContributionMap":{"docs":{"insertions":1,"deletions":1}}}]},{"date":"2022-10-09","commitResults":[{"hash":"7158a7886ef59af3ac23c725d01c86b426938d98","messageTitle":"Update FindCommand Update FindCommandParser","messageBody":"","fileTypesAndContributionMap":{"functional-code":{"insertions":49,"deletions":21},"test-code":{"insertions":76,"deletions":97}}},{"hash":"e7c3275c7f5e1c665b82775080bc6a24c7d8639c","messageTitle":"Update FindCommandParserTest","messageBody":"","fileTypesAndContributionMap":{"functional-code":{"insertions":2,"deletions":1},"test-code":{"insertions":47,"deletions":42}}},{"hash":"4ac3c0c5553944e661657c533c0387eb665e672c","messageTitle":"Update FindCommandParserTest","messageBody":"","fileTypesAndContributionMap":{"test-code":{"insertions":29,"deletions":1}}},{"hash":"700e8b841f21fb7aeade0a5b0a1e2031f85c7fce","messageTitle":"Update FindCommandTest","messageBody":"","fileTypesAndContributionMap":{"test-code":{"insertions":72,"deletions":57}}},{"hash":"8ce3e762cc546b51540f38175a25456deac0754f","messageTitle":"Add Javadocs","messageBody":"","fileTypesAndContributionMap":{"functional-code":{"insertions":16,"deletions":1}}}]}],"elizabethhky":[{"date":"2022-09-28","commitResults":[{"hash":"c1e8aefce63b4b5005311c3051d071d953da9228","messageTitle":"Update AboutUs.md","messageBody":"","fileTypesAndContributionMap":{"docs":{"insertions":55,"deletions":10}}},{"hash":"eade08318b2ee8d7a40750a3f0008f4fdfa0603b","messageTitle":"Patch to resolve JavaCI","messageBody":"* Remove trailing whitespaces\n* Add newline at EOF\n","fileTypesAndContributionMap":{"docs":{"insertions":5,"deletions":5}}}]},{"date":"2022-09-29","commitResults":[{"hash":"1f95330dc162fcabca9425885c37362ce5d39ef5","messageTitle":"Update DeveloperGuide","messageBody":"* Edit Glossary section.\n* Edit Non-Functional Requirements section.\n","fileTypesAndContributionMap":{"docs":{"insertions":6,"deletions":4}}}]},{"date":"2022-10-11","commitResults":[{"hash":"1e4df7cec9af8112c302ac030946aa79c0165861","messageTitle":"Delete command: Refactor","messageBody":"Current delete command cannot detect a person\u0027s category.\n\nA person\u0027s category is important in separating a contact into their\nrespective lists (buyer, deliverer, supplier).\n\nLet\u0027s,\n* add a PersonCategory class under person\n* update Clisyntax to recognise PersonCategory and Index prefixes\n* update Person and child classes to include PersonCategory\n","fileTypesAndContributionMap":{"functional-code":{"insertions":321,"deletions":144},"test-code":{"insertions":1,"deletions":1}}},{"hash":"e1bbe75aed3a47f0546cf6884d0d57653f38a2a8","messageTitle":"DeleteCommandTest and DeleteCommandParserTest: Refactor","messageBody":"Current DeleteCommandTest and DeleteCommandParserTest does not test for\nBuyer List, Deliverer List and Supplier List.\n\nLet\u0027s,\n* refactor DeleteCommandTest and DeleteCommandParserTest to test if\ndelete command works on all three person categories\n* add TypicalPersonCategories, TypicalBuyers, TypicalDeliverers,\nTypicalSuppliers for testing\n* refactor EditPersonDescriptorBuilder and PersonBuilder to include\nPersonCategory\n","fileTypesAndContributionMap":{"functional-code":{"insertions":99,"deletions":98},"test-code":{"insertions":748,"deletions":355}}},{"hash":"ec71fd9213f79a9e05e44b6c8a8b6c5ec991ef12","messageTitle":"Fix NullPointerException in toString method","messageBody":"toString methods in Buyer, Deliverer and Supplier throw\nNullPointerException when orders or petsOnSale are null\n\nLet\u0027s,\n* add guard clause to check for null\n","fileTypesAndContributionMap":{"functional-code":{"insertions":26,"deletions":14}}},{"hash":"d769d942224743a7f7cfc890ae6f7241c54970cf","messageTitle":"Update UG for DeleteCommand","messageBody":"The v1.2 version of the DeleteCommand is different from what we have\nenvisioned it to be.\n\nLet\u0027s,\n* update the user guide for the DeleteCommand to make it relevant\n","fileTypesAndContributionMap":{"docs":{"insertions":6,"deletions":8}}}]}],"Wu-Lezheng":[{"date":"2022-09-27","commitResults":[{"hash":"37ad5706d09caeb16229f1bfebe2c2253c976889","messageTitle":"Update some documents","messageBody":"","fileTypesAndContributionMap":{"docs":{"insertions":54,"deletions":7}}}]},{"date":"2022-09-28","commitResults":[{"hash":"72c8ef92251cbdf147c01906f50415972e4cf5ba","messageTitle":"Update user guide","messageBody":"","fileTypesAndContributionMap":{"docs":{"insertions":37,"deletions":14}}}]},{"date":"2022-10-05","commitResults":[{"hash":"6dc9c3d79ca0e23ef149d9d80c2297f479e38cb5","messageTitle":"Update the model folder","messageBody":"","fileTypesAndContributionMap":{"functional-code":{"insertions":264,"deletions":1}}},{"hash":"f94f2e0072d3e92e2e977f7ae3ec93ce4083d831","messageTitle":"Update order and person","messageBody":"","fileTypesAndContributionMap":{"functional-code":{"insertions":584,"deletions":92}}}]},{"date":"2022-10-06","commitResults":[{"hash":"2102253ef4323e70ea5c2f828fcf51361698c203","messageTitle":"Rename Pattern.java in pet to ColorPattern.java","messageBody":"","fileTypesAndContributionMap":{"functional-code":{"insertions":65,"deletions":62},"docs":{"insertions":1,"deletions":1}}}]}],"WWEQG":[{"date":"2022-09-24","commitResults":[{"hash":"d6db6a6297fa1e2a801981ed1bb9003d190617d5","messageTitle":"Patch to pass JavaCI check","messageBody":"","fileTypesAndContributionMap":{"functional-code":{"insertions":0,"deletions":4}}},{"hash":"e71b07d7e06f46c58ece3f867ffae0152426a100","messageTitle":"Update the personal info","messageBody":"","fileTypesAndContributionMap":{"docs":{"insertions":50,"deletions":5}}},{"hash":"ea3260cf85c283bcc71b255e1ea68501db1a13d5","messageTitle":"Update README.md content","messageBody":"","fileTypesAndContributionMap":{"docs":{"insertions":17,"deletions":11}}},{"hash":"fc6e2c61709a20472f43e828ae77255679bafe2c","messageTitle":"Update link to CodeCov bagde","messageBody":"","fileTypesAndContributionMap":{"docs":{"insertions":3,"deletions":4}}},{"hash":"12bfcf3d4fd6c0d38e9d6cb315607e78d7d57d01","messageTitle":"Update JavaCI badge progress link in README","messageBody":"","fileTypesAndContributionMap":{"docs":{"insertions":2,"deletions":2}}}]},{"date":"2022-09-25","commitResults":[{"hash":"af419303a777833653a3065631e63b22467247fa","messageTitle":"Update README.md","messageBody":"","fileTypesAndContributionMap":{"docs":{"insertions":3,"deletions":3}}},{"hash":"aec2c41ceb7c57b2001b2699bc439bf9eeff91d4","messageTitle":"Update README.md","messageBody":"","fileTypesAndContributionMap":{"docs":{"insertions":1,"deletions":1}}},{"hash":"afb78bffa5a0b105235e6c08ecf7142fbb1fe24c","messageTitle":"Update README.md","messageBody":"","fileTypesAndContributionMap":{"docs":{"insertions":3,"deletions":3}}}]},{"date":"2022-09-29","commitResults":[{"hash":"1189dab61cf1936758db2af530028fdbd0f5e2b3","messageTitle":"Some updates","messageBody":"","fileTypesAndContributionMap":{"docs":{"insertions":2,"deletions":2}}},{"hash":"5115dd527251535d5e59e0e45dee2a3476702413","messageTitle":"Update UG to remove AB3 traces.","messageBody":"","fileTypesAndContributionMap":{"docs":{"insertions":24,"deletions":22}}},{"hash":"8684d70ffa6261f8117a0ff1b43df16fb51b0435","messageTitle":"Update UserGuide.md","messageBody":"","fileTypesAndContributionMap":{"docs":{"insertions":1,"deletions":1}}}]},{"date":"2022-10-05","commitResults":[{"hash":"b6596ab71c2b40e0ef4037cd57193ed309bf498b","messageTitle":"Attempt to create SortCommand","messageBody":"","fileTypesAndContributionMap":{"functional-code":{"insertions":80,"deletions":9}}},{"hash":"4cfd54f1505df66715395046af2ff655044845ee","messageTitle":"no message","messageBody":"","fileTypesAndContributionMap":{"functional-code":{"insertions":0,"deletions":1},"docs":{"insertions":1,"deletions":2}}},{"hash":"ab92a8aa78870ffcaded7cb9147fcf68c5742cc4","messageTitle":"Fix some minor issues to pass java CI","messageBody":"","fileTypesAndContributionMap":{"functional-code":{"insertions":1,"deletions":1}}},{"hash":"8163b55d6e9ead50fb0c2b578cbffc6fe2c945dd","messageTitle":"no message","messageBody":"","fileTypesAndContributionMap":{"functional-code":{"insertions":0,"deletions":1}}}]},{"date":"2022-10-07","commitResults":[{"hash":"1d6240ef754696080c35280d253d986afc6fb112","messageTitle":"Update simple sortCommand","messageBody":"","fileTypesAndContributionMap":{"functional-code":{"insertions":4,"deletions":9}}},{"hash":"880571eea5d6caf30850ab2a716dad45e48f5630","messageTitle":"Update README.md","messageBody":"","fileTypesAndContributionMap":{"docs":{"insertions":1,"deletions":1}}}]},{"date":"2022-10-08","commitResults":[{"hash":"7aa93ce9c189f8f28916baacfa83a6d90279a499","messageTitle":"no message","messageBody":"","fileTypesAndContributionMap":{"functional-code":{"insertions":101,"deletions":2}}},{"hash":"bdf779c423ed430ed7bd8f787cbb3ffb14efc03a","messageTitle":"no message","messageBody":"","fileTypesAndContributionMap":{"functional-code":{"insertions":61,"deletions":3}}}]},{"date":"2022-10-09","commitResults":[{"hash":"f8a5b853246a7f8005be28ac6eb8cab3bfe3fc5c","messageTitle":"Create unique list for classes Buyer, Supplier and Deliverer. Update the relevant methods in the AddressBook class.","messageBody":"","fileTypesAndContributionMap":{"functional-code":{"insertions":130,"deletions":50},"test-code":{"insertions":147,"deletions":147}}},{"hash":"36a3980a8fd642e24d5f7c1958e334d4954187c8","messageTitle":"Void some Commands to allow, these command classes are to be refined later. Update model classes to the changes in the addressBook class.","messageBody":"","fileTypesAndContributionMap":{"functional-code":{"insertions":232,"deletions":125},"test-code":{"insertions":313,"deletions":312}}},{"hash":"9eb02f2b59ae2ded0ca698ce29a3c919b1a5f0f3","messageTitle":"Update all the relevant files, the code could be compiled now.","messageBody":"","fileTypesAndContributionMap":{"functional-code":{"insertions":213,"deletions":84},"other":{"insertions":27,"deletions":25},"test-code":{"insertions":133,"deletions":70}}},{"hash":"b5344fd0a1e2212ea0584c42daeaba5f7b5d525e","messageTitle":"Update part of test components. Void some Command tests as those were being void to fit the changes.","messageBody":"","fileTypesAndContributionMap":{"functional-code":{"insertions":3,"deletions":2},"test-code":{"insertions":796,"deletions":659}}},{"hash":"442eabee6bc84f41dbf96eba3665a6c33b3a5143","messageTitle":"Add JsonAdaptedSupplier and Deliverer Class","messageBody":"","fileTypesAndContributionMap":{"functional-code":{"insertions":314,"deletions":67}}},{"hash":"393772d8d95daa0b98f5d359d340808c5f9882af","messageTitle":"Merged with Update_SampleData branch to test out UI.","messageBody":"","fileTypesAndContributionMap":{"functional-code":{"insertions":411,"deletions":17}}}]}]},"authorFileTypeContributionMap":{"Hongyi6328":{"docs":126,"functional-code":577,"test-code":1},"boredcoco":{"docs":53,"functional-code":55,"test-code":74,"other":1},"elizabethhky":{"docs":61,"functional-code":391,"test-code":692},"Wu-Lezheng":{"docs":85,"functional-code":730,"test-code":0},"WWEQG":{"docs":93,"functional-code":1302,"test-code":925}},"authorContributionVariance":{"Hongyi6328":21805.406,"boredcoco":9684.795,"elizabethhky":122386.2,"Wu-Lezheng":32873.402,"WWEQG":672540.94},"authorDisplayNameMap":{"Hongyi6328":"CS2103T-T09-2 HUAN..NGYI","boredcoco":"CS2103T-T09-2 CHUA..AITH","elizabethhky":"CS2103T-T09-2 HONG..BETH","Wu-Lezheng":"CS2103T-T09-2 WU L..HENG","WWEQG":"CS2103T-T09-2 ZHAN..IANG"}}
