[{"path":"docs/AboutUs.md","fileType":"docs","lines":[{"lineNumber":1,"author":{"gitId":"-"},"content":"---","lastModifiedDate":"2020-05-23"},{"lineNumber":2,"author":{"gitId":"-"},"content":"layout: page","lastModifiedDate":"2020-05-23"},{"lineNumber":3,"author":{"gitId":"-"},"content":"title: About Us","lastModifiedDate":"2020-05-23"},{"lineNumber":4,"author":{"gitId":"-"},"content":"---","lastModifiedDate":"2020-05-23"},{"lineNumber":5,"author":{"gitId":"-"},"content":"","lastModifiedDate":"2020-05-23"},{"lineNumber":6,"author":{"gitId":"-"},"content":"We are a team based in the [School of Computing, National University of Singapore](http://www.comp.nus.edu.sg).","lastModifiedDate":"2020-05-23"},{"lineNumber":7,"author":{"gitId":"-"},"content":"","lastModifiedDate":"2020-05-23"},{"lineNumber":8,"author":{"gitId":"-"},"content":"You can reach us at the email `seer[at]comp.nus.edu.sg`","lastModifiedDate":"2020-06-17"},{"lineNumber":9,"author":{"gitId":"-"},"content":"","lastModifiedDate":"2020-06-17"},{"lineNumber":10,"author":{"gitId":"-"},"content":"## Project team","lastModifiedDate":"2020-06-07"},{"lineNumber":11,"author":{"gitId":"-"},"content":"","lastModifiedDate":"2020-05-23"},{"lineNumber":12,"author":{"gitId":"dlimyy"},"content":"### Douglas Lim","lastModifiedDate":"2022-09-28"},{"lineNumber":13,"author":{"gitId":"-"},"content":"","lastModifiedDate":"2020-05-23"},{"lineNumber":14,"author":{"gitId":"dlimyy"},"content":"\u003cimg src\u003d\"images/dlimyy.png\" width\u003d\"200px\"\u003e","lastModifiedDate":"2022-09-28"},{"lineNumber":15,"author":{"gitId":"-"},"content":"","lastModifiedDate":"2020-05-23"},{"lineNumber":16,"author":{"gitId":"dlimyy"},"content":"[[github](https://github.com/dlimyy)]","lastModifiedDate":"2022-09-28"},{"lineNumber":17,"author":{"gitId":"dlimyy"},"content":"[[portfolio](team/dlimyy.md)]","lastModifiedDate":"2022-09-28"},{"lineNumber":18,"author":{"gitId":"-"},"content":"","lastModifiedDate":"2020-05-23"},{"lineNumber":19,"author":{"gitId":"dlimyy"},"content":"* Role: Developer","lastModifiedDate":"2022-09-28"},{"lineNumber":20,"author":{"gitId":"dlimyy"},"content":"* Responsibilities: Integration, Deliverables and deadlines","lastModifiedDate":"2022-09-28"},{"lineNumber":21,"author":{"gitId":"-"},"content":"","lastModifiedDate":"2020-05-23"},{"lineNumber":22,"author":{"gitId":"-"},"content":"### Jane Doe","lastModifiedDate":"2020-06-17"},{"lineNumber":23,"author":{"gitId":"-"},"content":"","lastModifiedDate":"2020-05-23"},{"lineNumber":24,"author":{"gitId":"-"},"content":"\u003cimg src\u003d\"images/johndoe.png\" width\u003d\"200px\"\u003e","lastModifiedDate":"2020-06-17"},{"lineNumber":25,"author":{"gitId":"-"},"content":"","lastModifiedDate":"2020-05-23"},{"lineNumber":26,"author":{"gitId":"-"},"content":"[[github](http://github.com/johndoe)]","lastModifiedDate":"2020-06-17"},{"lineNumber":27,"author":{"gitId":"-"},"content":"[[portfolio](team/johndoe.md)]","lastModifiedDate":"2020-05-23"},{"lineNumber":28,"author":{"gitId":"-"},"content":"","lastModifiedDate":"2020-05-23"},{"lineNumber":29,"author":{"gitId":"-"},"content":"* Role: Team Lead","lastModifiedDate":"2020-05-23"},{"lineNumber":30,"author":{"gitId":"-"},"content":"* Responsibilities: UI","lastModifiedDate":"2020-05-23"},{"lineNumber":31,"author":{"gitId":"-"},"content":"","lastModifiedDate":"2020-05-23"},{"lineNumber":32,"author":{"gitId":"tlx02"},"content":"### Tan Li Xin","lastModifiedDate":"2022-09-28"},{"lineNumber":33,"author":{"gitId":"-"},"content":"","lastModifiedDate":"2020-05-23"},{"lineNumber":34,"author":{"gitId":"tlx02"},"content":"\u003cimg src\u003d\"images/tlx02.png\" width\u003d\"200px\"\u003e","lastModifiedDate":"2022-09-28"},{"lineNumber":35,"author":{"gitId":"-"},"content":"","lastModifiedDate":"2020-05-23"},{"lineNumber":36,"author":{"gitId":"RachelChua"},"content":"","lastModifiedDate":"2022-09-28"},{"lineNumber":37,"author":{"gitId":"tlx02"},"content":"[[github](http://github.com/tlx02)] ","lastModifiedDate":"2022-09-28"},{"lineNumber":38,"author":{"gitId":"tlx02"},"content":"[[portfolio](team/tlx02.md)]","lastModifiedDate":"2022-09-28"},{"lineNumber":39,"author":{"gitId":"-"},"content":"","lastModifiedDate":"2020-05-23"},{"lineNumber":40,"author":{"gitId":"-"},"content":"","lastModifiedDate":"2020-05-23"},{"lineNumber":41,"author":{"gitId":"-"},"content":"* Role: Developer","lastModifiedDate":"2020-05-23"},{"lineNumber":42,"author":{"gitId":"tlx02"},"content":"* Responsibilities: Code Quality","lastModifiedDate":"2022-09-28"},{"lineNumber":43,"author":{"gitId":"-"},"content":"","lastModifiedDate":"2020-05-23"},{"lineNumber":44,"author":{"gitId":"phualiting"},"content":"### Phua Li Ting","lastModifiedDate":"2022-09-28"},{"lineNumber":45,"author":{"gitId":"-"},"content":"","lastModifiedDate":"2020-05-23"},{"lineNumber":46,"author":{"gitId":"phualiting"},"content":"\u003cimg src\u003d\"images/phualiting.png\" width\u003d\"200px\"\u003e","lastModifiedDate":"2022-09-28"},{"lineNumber":47,"author":{"gitId":"-"},"content":"","lastModifiedDate":"2020-05-23"},{"lineNumber":48,"author":{"gitId":"phualiting"},"content":"[[github](http://github.com/phualiting)]","lastModifiedDate":"2022-09-28"},{"lineNumber":49,"author":{"gitId":"phualiting"},"content":"[[portfolio](team/phualiting.md)]","lastModifiedDate":"2022-09-28"},{"lineNumber":50,"author":{"gitId":"-"},"content":"","lastModifiedDate":"2020-05-23"},{"lineNumber":51,"author":{"gitId":"-"},"content":"* Role: Developer","lastModifiedDate":"2020-05-23"},{"lineNumber":52,"author":{"gitId":"phualiting"},"content":"* Responsibilities: Scheduling and tracking","lastModifiedDate":"2022-09-28"},{"lineNumber":53,"author":{"gitId":"-"},"content":"","lastModifiedDate":"2020-05-23"},{"lineNumber":54,"author":{"gitId":"RachelChua"},"content":"### Rachel Chua","lastModifiedDate":"2022-09-28"},{"lineNumber":55,"author":{"gitId":"-"},"content":"","lastModifiedDate":"2020-05-23"},{"lineNumber":56,"author":{"gitId":"RachelChua"},"content":"\u003cimg src\u003d\"images/rachelchua.png\" width\u003d\"200px\"\u003e","lastModifiedDate":"2022-09-28"},{"lineNumber":57,"author":{"gitId":"-"},"content":"","lastModifiedDate":"2020-05-23"},{"lineNumber":58,"author":{"gitId":"RachelChua"},"content":"[[github](http://github.com/RachelChua)]","lastModifiedDate":"2022-09-28"},{"lineNumber":59,"author":{"gitId":"RachelChua"},"content":"[[portfolio](team/rachelchua.md)]","lastModifiedDate":"2022-09-28"},{"lineNumber":60,"author":{"gitId":"-"},"content":"","lastModifiedDate":"2020-05-23"},{"lineNumber":61,"author":{"gitId":"-"},"content":"* Role: Developer","lastModifiedDate":"2020-05-23"},{"lineNumber":62,"author":{"gitId":"RachelChua"},"content":"* Responsibilities: Deliverable and deadlines","lastModifiedDate":"2022-09-28"}],"authorContributionMap":{"phualiting":5,"RachelChua":6,"tlx02":5,"dlimyy":6,"-":40}},{"path":"docs/UserGuide.md","fileType":"docs","lines":[{"lineNumber":1,"author":{"gitId":"-"},"content":"---","lastModifiedDate":"2020-05-23"},{"lineNumber":2,"author":{"gitId":"-"},"content":"layout: page","lastModifiedDate":"2020-05-23"},{"lineNumber":3,"author":{"gitId":"-"},"content":"title: User Guide","lastModifiedDate":"2020-05-23"},{"lineNumber":4,"author":{"gitId":"-"},"content":"---","lastModifiedDate":"2020-05-23"},{"lineNumber":5,"author":{"gitId":"-"},"content":"","lastModifiedDate":"2020-05-23"},{"lineNumber":6,"author":{"gitId":"dlimyy"},"content":"MODPRO is a desktop application which helps NUS students in tracking the progress of their modules. It is highly optimised for students who prefer Command Line Interface (CLI) by allowing those who type fast to key in commands to track their modules. It also provides a Graphic User interface(GUI) for those who prefer it.","lastModifiedDate":"2022-09-28"},{"lineNumber":7,"author":{"gitId":"-"},"content":"","lastModifiedDate":"2020-05-23"},{"lineNumber":8,"author":{"gitId":"dlimyy"},"content":"## Table of Contents","lastModifiedDate":"2022-09-28"},{"lineNumber":9,"author":{"gitId":"dlimyy"},"content":"- [Quick Start](#quick-start)","lastModifiedDate":"2022-09-28"},{"lineNumber":10,"author":{"gitId":"dlimyy"},"content":"- [Features](#features)","lastModifiedDate":"2022-09-28"},{"lineNumber":11,"author":{"gitId":"phualiting"},"content":"  - [Adding task functions](#tagging-task-order-coming-soon-in-v12)","lastModifiedDate":"2022-09-28"},{"lineNumber":12,"author":{"gitId":"dlimyy"},"content":"  - [Tagging task order](#tagging-task-order-coming-soon-in-v12)","lastModifiedDate":"2022-09-28"},{"lineNumber":13,"author":{"gitId":"RachelChua"},"content":"  - [List](#list-coming-soon-in-v2)","lastModifiedDate":"2022-09-28"},{"lineNumber":14,"author":{"gitId":"-"},"content":"","lastModifiedDate":"2022-09-28"},{"lineNumber":15,"author":{"gitId":"-"},"content":"--------------------------------------------------------------------------------------------------------------------","lastModifiedDate":"2020-05-23"},{"lineNumber":16,"author":{"gitId":"-"},"content":"","lastModifiedDate":"2020-05-23"},{"lineNumber":17,"author":{"gitId":"-"},"content":"## Quick start ","lastModifiedDate":"2020-05-23"},{"lineNumber":18,"author":{"gitId":"-"},"content":"","lastModifiedDate":"2020-05-23"},{"lineNumber":19,"author":{"gitId":"-"},"content":"1. Ensure you have Java `11` or above installed in your Computer.","lastModifiedDate":"2020-05-23"},{"lineNumber":20,"author":{"gitId":"-"},"content":"","lastModifiedDate":"2020-05-23"},{"lineNumber":21,"author":{"gitId":"dlimyy"},"content":"2. Download the latest `modpro.jar` from [here](https://github.com/AY2223S1-CS2103T-F11-2/tp).","lastModifiedDate":"2022-09-28"},{"lineNumber":22,"author":{"gitId":"-"},"content":"","lastModifiedDate":"2020-05-23"},{"lineNumber":23,"author":{"gitId":"dlimyy"},"content":"3. Copy the file to the folder you want to use as the _home folder_ for MODPRO.","lastModifiedDate":"2022-09-28"},{"lineNumber":24,"author":{"gitId":"-"},"content":"","lastModifiedDate":"2020-05-23"},{"lineNumber":25,"author":{"gitId":"dlimyy"},"content":"4. Double-click the file to start the app. The GUI similar to the below should appear in a few seconds. \u003cbr\u003e","lastModifiedDate":"2022-09-28"},{"lineNumber":26,"author":{"gitId":"-"},"content":"   ![Ui](images/Ui.png)","lastModifiedDate":"2020-05-23"},{"lineNumber":27,"author":{"gitId":"-"},"content":"","lastModifiedDate":"2020-05-23"},{"lineNumber":28,"author":{"gitId":"dlimyy"},"content":"5. Refer to the [Features](#features) below for details of each command.","lastModifiedDate":"2022-09-28"},{"lineNumber":29,"author":{"gitId":"-"},"content":"","lastModifiedDate":"2020-05-23"},{"lineNumber":30,"author":{"gitId":"-"},"content":"--------------------------------------------------------------------------------------------------------------------","lastModifiedDate":"2020-05-23"},{"lineNumber":31,"author":{"gitId":"-"},"content":"","lastModifiedDate":"2020-05-23"},{"lineNumber":32,"author":{"gitId":"-"},"content":"## Features","lastModifiedDate":"2020-05-23"},{"lineNumber":33,"author":{"gitId":"-"},"content":"","lastModifiedDate":"2020-05-23"},{"lineNumber":34,"author":{"gitId":"phualiting"},"content":"### Adding task functions [Coming Soon in v1.2]","lastModifiedDate":"2022-09-28"},{"lineNumber":35,"author":{"gitId":"phualiting"},"content":"Adds task into task list","lastModifiedDate":"2022-09-28"},{"lineNumber":36,"author":{"gitId":"-"},"content":"","lastModifiedDate":"2022-09-28"},{"lineNumber":37,"author":{"gitId":"phualiting"},"content":"Format: `add TASK`","lastModifiedDate":"2022-09-28"},{"lineNumber":38,"author":{"gitId":"phualiting"},"content":"* Adds a task to the end of the task list","lastModifiedDate":"2022-09-28"},{"lineNumber":39,"author":{"gitId":"phualiting"},"content":"* Task refers to the task description to be shown","lastModifiedDate":"2022-09-28"},{"lineNumber":40,"author":{"gitId":"phualiting"},"content":"* If the task description is empty, an error message will be displayed to inform the user to enter a description","lastModifiedDate":"2022-09-28"},{"lineNumber":41,"author":{"gitId":"-"},"content":"","lastModifiedDate":"2022-09-28"},{"lineNumber":42,"author":{"gitId":"-"},"content":"Examples:","lastModifiedDate":"2022-09-28"},{"lineNumber":43,"author":{"gitId":"-"},"content":"","lastModifiedDate":"2022-09-28"},{"lineNumber":44,"author":{"gitId":"phualiting"},"content":"`add CS2105 Assignment 1` adds CS2105 Assignment 1 task into task list","lastModifiedDate":"2022-09-28"},{"lineNumber":45,"author":{"gitId":"-"},"content":"","lastModifiedDate":"2022-09-28"},{"lineNumber":46,"author":{"gitId":"phualiting"},"content":"`add CS2103T Quiz` adds CS2103T Quiz task into task list","lastModifiedDate":"2022-09-28"},{"lineNumber":47,"author":{"gitId":"-"},"content":"","lastModifiedDate":"2022-09-28"},{"lineNumber":48,"author":{"gitId":"dlimyy"},"content":"### Tagging task order [Coming Soon in v1.2]","lastModifiedDate":"2022-09-28"},{"lineNumber":49,"author":{"gitId":"dlimyy"},"content":"Tags the order that the task is scheduled to be completed in","lastModifiedDate":"2022-09-28"},{"lineNumber":50,"author":{"gitId":"-"},"content":"","lastModifiedDate":"2020-05-23"},{"lineNumber":51,"author":{"gitId":"dlimyy"},"content":"Format: `tag task (number)`","lastModifiedDate":"2022-09-28"},{"lineNumber":52,"author":{"gitId":"dlimyy"},"content":"* If the number chosen is not currently in used, the task will be assigned this tag","lastModifiedDate":"2022-09-28"},{"lineNumber":53,"author":{"gitId":"dlimyy"},"content":"* If the number chosen is already in used, an error message will inform the user to select another number","lastModifiedDate":"2022-09-28"},{"lineNumber":54,"author":{"gitId":"dlimyy"},"content":"* If no number is given, an error message will appear to inform the user to key in a number","lastModifiedDate":"2022-09-28"},{"lineNumber":55,"author":{"gitId":"-"},"content":"","lastModifiedDate":"2020-05-23"},{"lineNumber":56,"author":{"gitId":"-"},"content":"Examples:","lastModifiedDate":"2020-05-23"},{"lineNumber":57,"author":{"gitId":"-"},"content":"","lastModifiedDate":"2020-05-23"},{"lineNumber":58,"author":{"gitId":"dlimyy"},"content":"`tag CS2105 Quiz (1)` tags CS2105 Quiz as 1st task to complete","lastModifiedDate":"2022-09-28"},{"lineNumber":59,"author":{"gitId":"-"},"content":"","lastModifiedDate":"2020-05-23"},{"lineNumber":60,"author":{"gitId":"dlimyy"},"content":"`tag CS2103T Quiz (2)` tags CS2103T Quiz as 2nd task to complete","lastModifiedDate":"2022-09-28"},{"lineNumber":61,"author":{"gitId":"-"},"content":"","lastModifiedDate":"2020-05-23"},{"lineNumber":62,"author":{"gitId":"-"},"content":"","lastModifiedDate":"2020-05-23"},{"lineNumber":63,"author":{"gitId":"RachelChua"},"content":"### List [Coming Soon in v1.2]","lastModifiedDate":"2022-09-28"},{"lineNumber":64,"author":{"gitId":"RachelChua"},"content":"List tasks stored in task list","lastModifiedDate":"2022-09-28"},{"lineNumber":65,"author":{"gitId":"-"},"content":"","lastModifiedDate":"2022-09-28"},{"lineNumber":66,"author":{"gitId":"RachelChua"},"content":"Format: `list`","lastModifiedDate":"2022-09-28"},{"lineNumber":67,"author":{"gitId":"RachelChua"},"content":"* Display tasks that are stored in the task list","lastModifiedDate":"2022-09-28"},{"lineNumber":68,"author":{"gitId":"-"},"content":"","lastModifiedDate":"2022-09-28"},{"lineNumber":69,"author":{"gitId":"-"},"content":"Examples:","lastModifiedDate":"2022-09-28"},{"lineNumber":70,"author":{"gitId":"-"},"content":"","lastModifiedDate":"2022-09-28"},{"lineNumber":71,"author":{"gitId":"RachelChua"},"content":"`list` displays tasks that are stored in the task list","lastModifiedDate":"2022-09-28"},{"lineNumber":72,"author":{"gitId":"-"},"content":"","lastModifiedDate":"2022-09-28"},{"lineNumber":73,"author":{"gitId":"-"},"content":"","lastModifiedDate":"2022-09-28"},{"lineNumber":74,"author":{"gitId":"tlx02"},"content":"### Marking a task as complete [Coming Soon in v1.2]","lastModifiedDate":"2022-09-28"},{"lineNumber":75,"author":{"gitId":"tlx02"},"content":"Marks the specified task as complete","lastModifiedDate":"2022-09-28"},{"lineNumber":76,"author":{"gitId":"-"},"content":"","lastModifiedDate":"2022-09-28"},{"lineNumber":77,"author":{"gitId":"tlx02"},"content":"Format: `mark INDEX`","lastModifiedDate":"2022-09-28"},{"lineNumber":78,"author":{"gitId":"tlx02"},"content":"* Marks the task at the specified INDEX as complete. ","lastModifiedDate":"2022-09-28"},{"lineNumber":79,"author":{"gitId":"tlx02"},"content":"* The index refers to the index number shown in the task list. ","lastModifiedDate":"2022-09-28"},{"lineNumber":80,"author":{"gitId":"tlx02"},"content":"* The index must be a positive integer 1, 2, 3, …​","lastModifiedDate":"2022-09-28"},{"lineNumber":81,"author":{"gitId":"tlx02"},"content":"* If the index is non-positive or more than the number of tasks in the list, an error message will be displayed.","lastModifiedDate":"2022-09-28"},{"lineNumber":82,"author":{"gitId":"-"},"content":"","lastModifiedDate":"2022-09-28"},{"lineNumber":83,"author":{"gitId":"tlx02"},"content":"Examples:","lastModifiedDate":"2022-09-28"},{"lineNumber":84,"author":{"gitId":"-"},"content":"","lastModifiedDate":"2022-09-28"},{"lineNumber":85,"author":{"gitId":"tlx02"},"content":"`mark 1` marks the first task in the list as complete.","lastModifiedDate":"2022-09-28"},{"lineNumber":86,"author":{"gitId":"-"},"content":"","lastModifiedDate":"2022-09-28"},{"lineNumber":87,"author":{"gitId":"tlx02"},"content":"`mark 3` marks the third task in the list as complete.","lastModifiedDate":"2022-09-28"},{"lineNumber":88,"author":{"gitId":"-"},"content":"","lastModifiedDate":"2022-09-28"},{"lineNumber":89,"author":{"gitId":"-"},"content":"","lastModifiedDate":"2020-05-23"},{"lineNumber":90,"author":{"gitId":"-"},"content":"--------------------------------------------------------------------------------------------------------------------","lastModifiedDate":"2020-05-23"},{"lineNumber":91,"author":{"gitId":"-"},"content":"","lastModifiedDate":"2020-05-23"},{"lineNumber":92,"author":{"gitId":"dlimyy"},"content":"## Summary of Commands","lastModifiedDate":"2022-09-28"},{"lineNumber":93,"author":{"gitId":"-"},"content":"","lastModifiedDate":"2020-05-23"},{"lineNumber":94,"author":{"gitId":"dlimyy"},"content":"| Command | Format and Examples                                                     |","lastModifiedDate":"2022-09-28"},{"lineNumber":95,"author":{"gitId":"dlimyy"},"content":"|---------|-------------------------------------------------------------------------|","lastModifiedDate":"2022-09-28"},{"lineNumber":96,"author":{"gitId":"phualiting"},"content":"| **Add** | **Format**: `add TASK`\u003cbr/\u003e **Example**: `add CS2105 Assignment 1`      |","lastModifiedDate":"2022-09-28"},{"lineNumber":97,"author":{"gitId":"dlimyy"},"content":"| **Tag**  | **Format**: `tag task (number)`\u003cbr/\u003e **Example**: `tag CS2105 Quiz (1)` |","lastModifiedDate":"2022-09-28"},{"lineNumber":98,"author":{"gitId":"RachelChua"},"content":"| **List** | **Format**: `list`\u003cbr/\u003e **Example**:`list`                               |","lastModifiedDate":"2022-09-28"},{"lineNumber":99,"author":{"gitId":"-"},"content":"","lastModifiedDate":"2022-09-28"}],"authorContributionMap":{"phualiting":10,"RachelChua":7,"tlx02":10,"dlimyy":21,"-":51}},{"path":"docs/team/dlimyy.md","fileType":"docs","lines":[{"lineNumber":1,"author":{"gitId":"dlimyy"},"content":"---","lastModifiedDate":"2022-09-28"},{"lineNumber":2,"author":{"gitId":"dlimyy"},"content":"layout: page","lastModifiedDate":"2022-09-28"},{"lineNumber":3,"author":{"gitId":"dlimyy"},"content":"title: Douglas Lim\u0027s Project Portfolio Page","lastModifiedDate":"2022-09-28"},{"lineNumber":4,"author":{"gitId":"dlimyy"},"content":"---","lastModifiedDate":"2022-09-28"},{"lineNumber":5,"author":{"gitId":"dlimyy"},"content":"","lastModifiedDate":"2022-09-28"},{"lineNumber":6,"author":{"gitId":"dlimyy"},"content":"### Project: MODPRO","lastModifiedDate":"2022-09-28"},{"lineNumber":7,"author":{"gitId":"dlimyy"},"content":"","lastModifiedDate":"2022-09-28"},{"lineNumber":8,"author":{"gitId":"dlimyy"},"content":"MODPRO is a desktop application which helps NUS students in tracking the progress of their modules. It is highly optimised for students who prefer Command Line Interface (CLI) by allowing those who type fast to key in commands to track their modules. The user interacts with it using a CLI, and it has a GUI created with JavaFX. It is written in Java, and has about 10 kLoC.","lastModifiedDate":"2022-09-28"},{"lineNumber":9,"author":{"gitId":"dlimyy"},"content":"","lastModifiedDate":"2022-09-28"},{"lineNumber":10,"author":{"gitId":"dlimyy"},"content":"Given below are my contributions to the project.","lastModifiedDate":"2022-09-28"},{"lineNumber":11,"author":{"gitId":"dlimyy"},"content":"","lastModifiedDate":"2022-09-28"},{"lineNumber":12,"author":{"gitId":"dlimyy"},"content":"* **New Feature**: To be added soon","lastModifiedDate":"2022-09-28"},{"lineNumber":13,"author":{"gitId":"dlimyy"},"content":"","lastModifiedDate":"2022-09-28"},{"lineNumber":14,"author":{"gitId":"dlimyy"},"content":"","lastModifiedDate":"2022-09-28"},{"lineNumber":15,"author":{"gitId":"dlimyy"},"content":"* **Code contributed**: [RepoSense link](https://nus-cs2103-ay2223s1.github.io/tp-dashboard/?search\u003ddlimyy)","lastModifiedDate":"2022-09-28"},{"lineNumber":16,"author":{"gitId":"dlimyy"},"content":"","lastModifiedDate":"2022-09-28"},{"lineNumber":17,"author":{"gitId":"dlimyy"},"content":"","lastModifiedDate":"2022-09-28"},{"lineNumber":18,"author":{"gitId":"dlimyy"},"content":"* **Project management**:","lastModifiedDate":"2022-09-28"},{"lineNumber":19,"author":{"gitId":"dlimyy"},"content":"    * To be added soon","lastModifiedDate":"2022-09-28"},{"lineNumber":20,"author":{"gitId":"dlimyy"},"content":"","lastModifiedDate":"2022-09-28"},{"lineNumber":21,"author":{"gitId":"dlimyy"},"content":"* **Enhancements to existing features**:","lastModifiedDate":"2022-09-28"},{"lineNumber":22,"author":{"gitId":"dlimyy"},"content":"    * To be added soon","lastModifiedDate":"2022-09-28"},{"lineNumber":23,"author":{"gitId":"dlimyy"},"content":"","lastModifiedDate":"2022-09-28"},{"lineNumber":24,"author":{"gitId":"dlimyy"},"content":"* **Documentation**:","lastModifiedDate":"2022-09-28"},{"lineNumber":25,"author":{"gitId":"dlimyy"},"content":"    * User Guide:","lastModifiedDate":"2022-09-28"},{"lineNumber":26,"author":{"gitId":"dlimyy"},"content":"        * To be added soon","lastModifiedDate":"2022-09-28"},{"lineNumber":27,"author":{"gitId":"dlimyy"},"content":"    * Developer Guide:","lastModifiedDate":"2022-09-28"},{"lineNumber":28,"author":{"gitId":"dlimyy"},"content":"        * To be added soon","lastModifiedDate":"2022-09-28"},{"lineNumber":29,"author":{"gitId":"dlimyy"},"content":"","lastModifiedDate":"2022-09-28"},{"lineNumber":30,"author":{"gitId":"dlimyy"},"content":"* **Community**:","lastModifiedDate":"2022-09-28"},{"lineNumber":31,"author":{"gitId":"dlimyy"},"content":"    * To be added soon","lastModifiedDate":"2022-09-28"},{"lineNumber":32,"author":{"gitId":"dlimyy"},"content":"","lastModifiedDate":"2022-09-28"},{"lineNumber":33,"author":{"gitId":"dlimyy"},"content":"* **Tools**:","lastModifiedDate":"2022-09-28"},{"lineNumber":34,"author":{"gitId":"dlimyy"},"content":"    * To be added soon","lastModifiedDate":"2022-09-28"}],"authorContributionMap":{"dlimyy":34}},{"path":"docs/team/phualiting.md","fileType":"docs","lines":[{"lineNumber":1,"author":{"gitId":"phualiting"},"content":"---","lastModifiedDate":"2022-09-28"},{"lineNumber":2,"author":{"gitId":"phualiting"},"content":"layout: page","lastModifiedDate":"2022-09-28"},{"lineNumber":3,"author":{"gitId":"phualiting"},"content":"title: Phua Li Ting\u0027s Project Portfolio Page","lastModifiedDate":"2022-09-28"},{"lineNumber":4,"author":{"gitId":"phualiting"},"content":"---","lastModifiedDate":"2022-09-28"},{"lineNumber":5,"author":{"gitId":"phualiting"},"content":"","lastModifiedDate":"2022-09-28"},{"lineNumber":6,"author":{"gitId":"phualiting"},"content":"### Project: MODPRO","lastModifiedDate":"2022-09-28"},{"lineNumber":7,"author":{"gitId":"phualiting"},"content":"","lastModifiedDate":"2022-09-28"},{"lineNumber":8,"author":{"gitId":"phualiting"},"content":"MODPRO is a desktop application which helps NUS students in tracking the progress of their modules. It is highly optimised for students who prefer Command Line Interface (CLI) by allowing those who type fast to key in commands to track their modules. The user interacts with it using a CLI, and it has a GUI created with JavaFX. It is written in Java, and has about 10 kLoC.","lastModifiedDate":"2022-09-28"},{"lineNumber":9,"author":{"gitId":"phualiting"},"content":"","lastModifiedDate":"2022-09-28"},{"lineNumber":10,"author":{"gitId":"phualiting"},"content":"Given below are my contributions to the project.","lastModifiedDate":"2022-09-28"},{"lineNumber":11,"author":{"gitId":"phualiting"},"content":"","lastModifiedDate":"2022-09-28"},{"lineNumber":12,"author":{"gitId":"phualiting"},"content":"* **New Feature**: To be added soon","lastModifiedDate":"2022-09-28"},{"lineNumber":13,"author":{"gitId":"phualiting"},"content":"","lastModifiedDate":"2022-09-28"},{"lineNumber":14,"author":{"gitId":"phualiting"},"content":"","lastModifiedDate":"2022-09-28"},{"lineNumber":15,"author":{"gitId":"phualiting"},"content":"* **Code contributed**: [RepoSense link](https://nus-cs2103-ay2223s1.github.io/tp-dashboard/?search\u003dphualiting\u0026breakdown\u003dtrue)","lastModifiedDate":"2022-09-28"},{"lineNumber":16,"author":{"gitId":"phualiting"},"content":"","lastModifiedDate":"2022-09-28"},{"lineNumber":17,"author":{"gitId":"phualiting"},"content":"","lastModifiedDate":"2022-09-28"},{"lineNumber":18,"author":{"gitId":"phualiting"},"content":"* **Project management**:","lastModifiedDate":"2022-09-28"},{"lineNumber":19,"author":{"gitId":"phualiting"},"content":"    * To be added soon","lastModifiedDate":"2022-09-28"},{"lineNumber":20,"author":{"gitId":"phualiting"},"content":"","lastModifiedDate":"2022-09-28"},{"lineNumber":21,"author":{"gitId":"phualiting"},"content":"* **Enhancements to existing features**:","lastModifiedDate":"2022-09-28"},{"lineNumber":22,"author":{"gitId":"phualiting"},"content":"    * To be added soon","lastModifiedDate":"2022-09-28"},{"lineNumber":23,"author":{"gitId":"phualiting"},"content":"","lastModifiedDate":"2022-09-28"},{"lineNumber":24,"author":{"gitId":"phualiting"},"content":"* **Documentation**:","lastModifiedDate":"2022-09-28"},{"lineNumber":25,"author":{"gitId":"phualiting"},"content":"    * User Guide:","lastModifiedDate":"2022-09-28"},{"lineNumber":26,"author":{"gitId":"phualiting"},"content":"        * To be added soon","lastModifiedDate":"2022-09-28"},{"lineNumber":27,"author":{"gitId":"phualiting"},"content":"    * Developer Guide:","lastModifiedDate":"2022-09-28"},{"lineNumber":28,"author":{"gitId":"phualiting"},"content":"        * To be added soon","lastModifiedDate":"2022-09-28"},{"lineNumber":29,"author":{"gitId":"phualiting"},"content":"","lastModifiedDate":"2022-09-28"},{"lineNumber":30,"author":{"gitId":"phualiting"},"content":"* **Community**:","lastModifiedDate":"2022-09-28"},{"lineNumber":31,"author":{"gitId":"phualiting"},"content":"    * To be added soon","lastModifiedDate":"2022-09-28"},{"lineNumber":32,"author":{"gitId":"phualiting"},"content":"","lastModifiedDate":"2022-09-28"},{"lineNumber":33,"author":{"gitId":"phualiting"},"content":"* **Tools**:","lastModifiedDate":"2022-09-28"},{"lineNumber":34,"author":{"gitId":"phualiting"},"content":"    * To be added soon","lastModifiedDate":"2022-09-28"}],"authorContributionMap":{"phualiting":34}},{"path":"docs/team/rachelchua.md","fileType":"docs","lines":[{"lineNumber":1,"author":{"gitId":"RachelChua"},"content":"---","lastModifiedDate":"2022-09-28"},{"lineNumber":2,"author":{"gitId":"RachelChua"},"content":"layout: page","lastModifiedDate":"2022-09-28"},{"lineNumber":3,"author":{"gitId":"RachelChua"},"content":"title: Rachel Chua\u0027s Project Portfolio Page","lastModifiedDate":"2022-09-28"},{"lineNumber":4,"author":{"gitId":"RachelChua"},"content":"---","lastModifiedDate":"2022-09-28"},{"lineNumber":5,"author":{"gitId":"RachelChua"},"content":"","lastModifiedDate":"2022-09-28"},{"lineNumber":6,"author":{"gitId":"RachelChua"},"content":"### Project: MODPRO","lastModifiedDate":"2022-09-28"},{"lineNumber":7,"author":{"gitId":"RachelChua"},"content":"","lastModifiedDate":"2022-09-28"},{"lineNumber":8,"author":{"gitId":"RachelChua"},"content":"MODPRO is a desktop application which helps NUS students in tracking the progress of their modules. It is highly optimised for students who prefer Command Line Interface (CLI) by allowing those who type fast to key in commands to track their modules. The user interacts with it using a CLI, and it has a GUI created with JavaFX. It is written in Java, and has about 10 kLoC.","lastModifiedDate":"2022-09-28"},{"lineNumber":9,"author":{"gitId":"RachelChua"},"content":"","lastModifiedDate":"2022-09-28"},{"lineNumber":10,"author":{"gitId":"RachelChua"},"content":"Given below are my contributions to the project.","lastModifiedDate":"2022-09-28"},{"lineNumber":11,"author":{"gitId":"RachelChua"},"content":"","lastModifiedDate":"2022-09-28"},{"lineNumber":12,"author":{"gitId":"RachelChua"},"content":"* **New Feature**: To be added soon","lastModifiedDate":"2022-09-28"},{"lineNumber":13,"author":{"gitId":"RachelChua"},"content":"","lastModifiedDate":"2022-09-28"},{"lineNumber":14,"author":{"gitId":"RachelChua"},"content":"","lastModifiedDate":"2022-09-28"},{"lineNumber":15,"author":{"gitId":"RachelChua"},"content":"* **Code contributed**: [RepoSense link](https://nus-cs2103-ay2223s1.github.io/tp-dashboard/?search\u003drachelchua)","lastModifiedDate":"2022-09-28"},{"lineNumber":16,"author":{"gitId":"RachelChua"},"content":"","lastModifiedDate":"2022-09-28"},{"lineNumber":17,"author":{"gitId":"RachelChua"},"content":"","lastModifiedDate":"2022-09-28"},{"lineNumber":18,"author":{"gitId":"RachelChua"},"content":"* **Project management**:","lastModifiedDate":"2022-09-28"},{"lineNumber":19,"author":{"gitId":"RachelChua"},"content":"    * To be added soon","lastModifiedDate":"2022-09-28"},{"lineNumber":20,"author":{"gitId":"RachelChua"},"content":"","lastModifiedDate":"2022-09-28"},{"lineNumber":21,"author":{"gitId":"RachelChua"},"content":"* **Enhancements to existing features**:","lastModifiedDate":"2022-09-28"},{"lineNumber":22,"author":{"gitId":"RachelChua"},"content":"    * To be added soon","lastModifiedDate":"2022-09-28"},{"lineNumber":23,"author":{"gitId":"RachelChua"},"content":"","lastModifiedDate":"2022-09-28"},{"lineNumber":24,"author":{"gitId":"RachelChua"},"content":"* **Documentation**:","lastModifiedDate":"2022-09-28"},{"lineNumber":25,"author":{"gitId":"RachelChua"},"content":"    * User Guide:","lastModifiedDate":"2022-09-28"},{"lineNumber":26,"author":{"gitId":"RachelChua"},"content":"        * To be added soon","lastModifiedDate":"2022-09-28"},{"lineNumber":27,"author":{"gitId":"RachelChua"},"content":"    * Developer Guide:","lastModifiedDate":"2022-09-28"},{"lineNumber":28,"author":{"gitId":"RachelChua"},"content":"        * To be added soon","lastModifiedDate":"2022-09-28"},{"lineNumber":29,"author":{"gitId":"RachelChua"},"content":"","lastModifiedDate":"2022-09-28"},{"lineNumber":30,"author":{"gitId":"RachelChua"},"content":"* **Community**:","lastModifiedDate":"2022-09-28"},{"lineNumber":31,"author":{"gitId":"RachelChua"},"content":"    * To be added soon","lastModifiedDate":"2022-09-28"},{"lineNumber":32,"author":{"gitId":"RachelChua"},"content":"","lastModifiedDate":"2022-09-28"},{"lineNumber":33,"author":{"gitId":"RachelChua"},"content":"* **Tools**:","lastModifiedDate":"2022-09-28"},{"lineNumber":34,"author":{"gitId":"RachelChua"},"content":"    * To be added soon","lastModifiedDate":"2022-09-28"}],"authorContributionMap":{"RachelChua":34}},{"path":"docs/team/tlx02.md","fileType":"docs","lines":[{"lineNumber":1,"author":{"gitId":"tlx02"},"content":"---","lastModifiedDate":"2022-09-28"},{"lineNumber":2,"author":{"gitId":"tlx02"},"content":"layout: page","lastModifiedDate":"2022-09-28"},{"lineNumber":3,"author":{"gitId":"tlx02"},"content":"title: Tan Li Xin\u0027s Project Portfolio Page","lastModifiedDate":"2022-09-28"},{"lineNumber":4,"author":{"gitId":"tlx02"},"content":"---","lastModifiedDate":"2022-09-28"},{"lineNumber":5,"author":{"gitId":"tlx02"},"content":"","lastModifiedDate":"2022-09-28"},{"lineNumber":6,"author":{"gitId":"tlx02"},"content":"### Project: MODPRO","lastModifiedDate":"2022-09-28"},{"lineNumber":7,"author":{"gitId":"tlx02"},"content":"","lastModifiedDate":"2022-09-28"},{"lineNumber":8,"author":{"gitId":"tlx02"},"content":"MODPRO is a desktop application which helps NUS students in tracking the progress of their modules. It is highly optimised for students who prefer Command Line Interface (CLI) by allowing those who type fast to key in commands to track their modules. The user interacts with it using a CLI, and it has a GUI created with JavaFX. It is written in Java, and has about 10 kLoC.","lastModifiedDate":"2022-09-28"},{"lineNumber":9,"author":{"gitId":"tlx02"},"content":"","lastModifiedDate":"2022-09-28"},{"lineNumber":10,"author":{"gitId":"tlx02"},"content":"Given below are my contributions to the project.","lastModifiedDate":"2022-09-28"},{"lineNumber":11,"author":{"gitId":"tlx02"},"content":"","lastModifiedDate":"2022-09-28"},{"lineNumber":12,"author":{"gitId":"tlx02"},"content":"* **New Feature**: To be added soon.","lastModifiedDate":"2022-09-28"},{"lineNumber":13,"author":{"gitId":"tlx02"},"content":"","lastModifiedDate":"2022-09-28"},{"lineNumber":14,"author":{"gitId":"tlx02"},"content":"* **Code contributed**: [RepoSense link](https://nus-cs2103-ay2223s1.github.io/tp-dashboard/?search\u003dtlx02\u0026breakdown\u003dtrue)","lastModifiedDate":"2022-09-28"},{"lineNumber":15,"author":{"gitId":"tlx02"},"content":"","lastModifiedDate":"2022-09-28"},{"lineNumber":16,"author":{"gitId":"tlx02"},"content":"* **Project management**:","lastModifiedDate":"2022-09-28"},{"lineNumber":17,"author":{"gitId":"tlx02"},"content":"  * To be added soon","lastModifiedDate":"2022-09-28"},{"lineNumber":18,"author":{"gitId":"tlx02"},"content":"","lastModifiedDate":"2022-09-28"},{"lineNumber":19,"author":{"gitId":"tlx02"},"content":"* **Enhancements to existing features**:","lastModifiedDate":"2022-09-28"},{"lineNumber":20,"author":{"gitId":"tlx02"},"content":"  * To be added soon","lastModifiedDate":"2022-09-28"},{"lineNumber":21,"author":{"gitId":"tlx02"},"content":"","lastModifiedDate":"2022-09-28"},{"lineNumber":22,"author":{"gitId":"tlx02"},"content":"* **Documentation**:","lastModifiedDate":"2022-09-28"},{"lineNumber":23,"author":{"gitId":"tlx02"},"content":"  * User Guide:","lastModifiedDate":"2022-09-28"},{"lineNumber":24,"author":{"gitId":"tlx02"},"content":"    * To be added soon","lastModifiedDate":"2022-09-28"},{"lineNumber":25,"author":{"gitId":"tlx02"},"content":"  * Developer Guide:","lastModifiedDate":"2022-09-28"},{"lineNumber":26,"author":{"gitId":"tlx02"},"content":"    * To be added soon","lastModifiedDate":"2022-09-28"},{"lineNumber":27,"author":{"gitId":"tlx02"},"content":"* **Community**:","lastModifiedDate":"2022-09-28"},{"lineNumber":28,"author":{"gitId":"tlx02"},"content":"  * PRs reviewed (with non-trivial review comments): To be added soon","lastModifiedDate":"2022-09-28"},{"lineNumber":29,"author":{"gitId":"tlx02"},"content":"","lastModifiedDate":"2022-09-28"},{"lineNumber":30,"author":{"gitId":"tlx02"},"content":"* **Tools**:","lastModifiedDate":"2022-09-28"},{"lineNumber":31,"author":{"gitId":"tlx02"},"content":"  * To be added soon","lastModifiedDate":"2022-09-28"}],"authorContributionMap":{"tlx02":31}}]
