{"authorDailyContributionsMap":{"phualiting":[{"date":"2022-09-28","commitResults":[{"hash":"4e8e247b7ccafde6ec4b378af0ec807b7a02b4f5","messageTitle":"Update AboutUs","messageBody":"","fileTypesAndContributionMap":{"docs":{"insertions":4,"deletions":4}}},{"hash":"82f465a236eeaa69613792bc28165d4eba75c48b","messageTitle":"Update UserGuide","messageBody":"","fileTypesAndContributionMap":{"docs":{"insertions":17,"deletions":1}}},{"hash":"c688a1c15ad30eb5df875167e136c03f776d6803","messageTitle":"Add skeletal PPP","messageBody":"","fileTypesAndContributionMap":{"docs":{"insertions":34,"deletions":0}}},{"hash":"88e756b6fee0a0f6737d07be3e5968202900adaf","messageTitle":"Update responsibility in AboutUs","messageBody":"","fileTypesAndContributionMap":{"docs":{"insertions":1,"deletions":1}}}]},{"date":"2022-09-29","commitResults":[{"hash":"f17fd39b6ebb7c603a10e046287204d664ea2699","messageTitle":"Update DG","messageBody":"","fileTypesAndContributionMap":{"docs":{"insertions":25,"deletions":8}}}]},{"date":"2022-10-06","commitResults":[{"hash":"034de1381e5fdea034a147f186a2923b53cf6a1f","messageTitle":"Add task command","messageBody":"","fileTypesAndContributionMap":{"functional-code":{"insertions":506,"deletions":4},"test-code":{"insertions":34,"deletions":0}}}]}],"RachelChua":[{"date":"2022-09-28","commitResults":[{"hash":"06325ff59db5b9864d845de8e953fbcbf3233de1","messageTitle":"Update AboutUs page","messageBody":"","fileTypesAndContributionMap":{"docs":{"insertions":5,"deletions":5}}},{"hash":"509cdfad3ae09e024137258ade55918011c5fdcc","messageTitle":"Update UserGuide","messageBody":"","fileTypesAndContributionMap":{"docs":{"insertions":17,"deletions":3}}},{"hash":"f28c1336f9ec1684722178bc3cd767c9f843b765","messageTitle":"Add skeletal PPP","messageBody":"","fileTypesAndContributionMap":{"docs":{"insertions":34,"deletions":0}}},{"hash":"1c5274f2c4e58954868456e0070d7de5f6798eeb","messageTitle":"Update AboutUs","messageBody":"","fileTypesAndContributionMap":{"docs":{"insertions":2,"deletions":1}}}]},{"date":"2022-09-29","commitResults":[{"hash":"07f7cf5102734e5dc94f0406b6f12ed1cab496ba","messageTitle":"Update the DG","messageBody":"","fileTypesAndContributionMap":{"docs":{"insertions":10,"deletions":2}}}]},{"date":"2022-10-09","commitResults":[{"hash":"e1d459f328f913cbf49ab7927ac9fb44551162fc","messageTitle":"Add list feature for task","messageBody":"","fileTypesAndContributionMap":{"functional-code":{"insertions":301,"deletions":17},"test-code":{"insertions":9,"deletions":0}}},{"hash":"2cdc9c2cbd6eec3478d5d3ccb2cdc09ae5c21282","messageTitle":"Add FindTasksCommand feature,ListTasksCommand feature, FindTasksCommandTest, ListTasksCommandTest","messageBody":"","fileTypesAndContributionMap":{"functional-code":{"insertions":26,"deletions":84},"other":{"insertions":16,"deletions":12},"test-code":{"insertions":126,"deletions":4}}},{"hash":"ff76e0af243e7704fa9dd9e8c9010e96a2e0740d","messageTitle":"Make slight changes to fix some errors","messageBody":"","fileTypesAndContributionMap":{"functional-code":{"insertions":1,"deletions":22},"test-code":{"insertions":2,"deletions":4}}},{"hash":"5b2ca1e0b41ca514a7f8de2df1934332f68f0a04","messageTitle":"Fix checkstyle errors.","messageBody":"","fileTypesAndContributionMap":{"test-code":{"insertions":4,"deletions":20}}},{"hash":"a79c489cc000df8ee3487aedd9cf2b77e7c82981","messageTitle":"Fix some errors","messageBody":"","fileTypesAndContributionMap":{"functional-code":{"insertions":21,"deletions":0}}},{"hash":"4f9e8e5a91005431aea928fde1ac66fb63b23267","messageTitle":"Comment out tests as they are some errors","messageBody":"","fileTypesAndContributionMap":{"functional-code":{"insertions":3,"deletions":1},"test-code":{"insertions":113,"deletions":113}}},{"hash":"d629fc2e822254a32c784d0804240093e2f0f1d3","messageTitle":"Comment out the correct test","messageBody":"","fileTypesAndContributionMap":{"functional-code":{"insertions":0,"deletions":22},"test-code":{"insertions":153,"deletions":153}}}]}],"tlx02":[{"date":"2022-09-28","commitResults":[{"hash":"8fd7e76f861d6cf2586d2200ef59823b986970e2","messageTitle":"Update AboutUs.md","messageBody":"","fileTypesAndContributionMap":{"docs":{"insertions":5,"deletions":4}}},{"hash":"6e81e790ccc69f971d19c6f7bb6a1681e0409118","messageTitle":"Update UserGuide.md","messageBody":"","fileTypesAndContributionMap":{"docs":{"insertions":15,"deletions":0}}},{"hash":"1c7512321d389a4c2962f9c482addf3d79507085","messageTitle":"Create skeletal PPP file","messageBody":"","fileTypesAndContributionMap":{"docs":{"insertions":46,"deletions":0}}},{"hash":"d0c09beae7870b89274a5f40c187ea6796a04b02","messageTitle":"Update tlx02.md","messageBody":"","fileTypesAndContributionMap":{"docs":{"insertions":11,"deletions":26}}}]},{"date":"2022-09-29","commitResults":[{"hash":"5a870d9fd862a2bc2f8d2552df547b7f1e2cc72e","messageTitle":"Update DeveloperGuide.md","messageBody":"","fileTypesAndContributionMap":{"docs":{"insertions":21,"deletions":1}}}]}],"Sampy147":[{"date":"2022-09-29","commitResults":[{"hash":"17a44e2b964ee329458eb985c93be6efdffc0259","messageTitle":"Add image sampy147.png and details to AboutUs.md","messageBody":"","fileTypesAndContributionMap":{"docs":{"insertions":9,"deletions":0}}}]},{"date":"2022-09-30","commitResults":[{"hash":"0371664bd9c4bbf81fceb0d923995b931d0d2355","messageTitle":"Add skeletal PPP","messageBody":"Make a new skeletal PPP file to show individual contributions.\n","fileTypesAndContributionMap":{"docs":{"insertions":34,"deletions":46}}},{"hash":"b2b2c136a47dd42430a41f967322d35109d64cc0","messageTitle":"Update AboutUs","messageBody":"AboutUs page lacked the github portfolio details for sampy147.\nRectified the AboutUs page to include these details.\n","fileTypesAndContributionMap":{"docs":{"insertions":1,"deletions":0}}},{"hash":"5bf9e1f434c0b91365e812d1f20c5ec60f35b092","messageTitle":"Update UserGuide Add the delete task function and the function details into UserGuide.","messageBody":"","fileTypesAndContributionMap":{"docs":{"insertions":25,"deletions":5}}},{"hash":"e83338ffae7ddb4ae8b1609411f31acdc577e6a2","messageTitle":"Update DeveloperGuide","messageBody":"Add delete task function of MODpro and relevant details under user stories\nand use cases.\n","fileTypesAndContributionMap":{"docs":{"insertions":38,"deletions":24}}}]}],"dlimyy":[{"date":"2022-09-28","commitResults":[{"hash":"91a1004963edf4f55381e8b1102d7f4e72af053b","messageTitle":"Update user guide to include tagging feature","messageBody":"Added tagging feature into UG and change the description of UG from\naddressbook to modpro.\n","fileTypesAndContributionMap":{"docs":{"insertions":22,"deletions":161}}},{"hash":"e274d4dbba3b8014ddebf71d17cea7a0b1d86934","messageTitle":"Add skeletal PPP","messageBody":"Added skeletal PPP which tracks contributions towards the project.\n","fileTypesAndContributionMap":{"docs":{"insertions":34,"deletions":0}}},{"hash":"acc6fcc6fa207f555bbd78a76ad7b2fb11192ecb","messageTitle":"Update AboutUs page","messageBody":"Added photo, changed name and added roles and responsibilities.\n","fileTypesAndContributionMap":{"docs":{"insertions":6,"deletions":6}}}]},{"date":"2022-09-29","commitResults":[{"hash":"8d4996efd5e6db73e38e778424f6b29772287221","messageTitle":"Update Readme","messageBody":"Changed image of README to MODPRO UI mockup image and changed content\nto match MODPRO details.\n","fileTypesAndContributionMap":{"docs":{"insertions":7,"deletions":8}}},{"hash":"9e531cb7bf1609e08f73228bad50f63fc2cad865","messageTitle":"Update build status badge and add codecov badge","messageBody":"Updated build status badge and added codecov badge.\n","fileTypesAndContributionMap":{"docs":{"insertions":2,"deletions":1}}},{"hash":"1c9ff0047f65dde8ff1adb66fe3ef143b6e95f4b","messageTitle":"Update DG","messageBody":"Added user story for tagging and use case for tagging.\n","fileTypesAndContributionMap":{"docs":{"insertions":24,"deletions":13}}},{"hash":"e8f381a5d720aab7eb2b1d2ec7f9d8e17c14f288","messageTitle":"Remove redundant entry in aboutus","messageBody":"Removed redundant entry in AboutUs.\n","fileTypesAndContributionMap":{"docs":{"insertions":0,"deletions":10}}}]},{"date":"2022-09-30","commitResults":[{"hash":"7179757e697f072dbb6dca52871628dbdcb16946","messageTitle":"Update tag feature in UG","messageBody":"Changed tagging description from order of task to priority of task.\n","fileTypesAndContributionMap":{"docs":{"insertions":19,"deletions":20}}},{"hash":"a852d43b77d822dcf4079bb3f9413a5266cb3e3c","messageTitle":"Update tagging use case","messageBody":"Update tagging use case and user story and updated NFR.\n","fileTypesAndContributionMap":{"docs":{"insertions":11,"deletions":11}}}]},{"date":"2022-10-06","commitResults":[{"hash":"70a2e05bacb7f4150ff5ddc8d03656c87f560e11","messageTitle":"Add Module class and AddModuleCommand class","messageBody":"Added Module class and AddModuleCommand class. Storage was also\nchanged to handle module class.\n","fileTypesAndContributionMap":{"functional-code":{"insertions":457,"deletions":15}}},{"hash":"8d472de464dfd6915c85043df03c9267e4ef8ba6","messageTitle":"Update some test classes","messageBody":"Changed some test classes to account for new Module related classes\nadded.\n","fileTypesAndContributionMap":{"test-code":{"insertions":23,"deletions":0}}},{"hash":"3d9ee645da8a1d3e067ad258bd716f6db23c6c9d","messageTitle":"Add EOF at end of ModuleListCard.fxml","messageBody":"Added EOF at end of ModuleListCard.fxml to fix issue with CI.\n","fileTypesAndContributionMap":{"functional-code":{"insertions":1,"deletions":1}}}]},{"date":"2022-10-07","commitResults":[{"hash":"a9c7e50c0b638f10763d052facd0c0acaadd0c6f","messageTitle":"Update checkstyle for classes modified","messageBody":"Made some changes to the checkstyle of the classes which have\nbeen added and modified.\n","fileTypesAndContributionMap":{"functional-code":{"insertions":139,"deletions":29}}}]},{"date":"2022-10-09","commitResults":[{"hash":"789646df05366205d8b84a8e19187aef93d85cee","messageTitle":"Add Task class and update classes in storage","messageBody":"Added Task and TaskDescription classes. Made some changes\nto classes in storage.\n","fileTypesAndContributionMap":{"functional-code":{"insertions":378,"deletions":22}}},{"hash":"b0d5c1f1bcb74c0e62147eaf3b1f92bd5a76757d","messageTitle":"Update test classes","messageBody":"Updated test classes to handle newly added Task class.\n","fileTypesAndContributionMap":{"test-code":{"insertions":12,"deletions":0}}},{"hash":"4588ab44c47ebe5326bb0103b0293c940e206730","messageTitle":"Fix test classes to fix issue with codecov","messageBody":"Commented out test methods which caused issues.\n","fileTypesAndContributionMap":{"test-code":{"insertions":43,"deletions":43}}}]}]},"authorFileTypeContributionMap":{"phualiting":{"docs":55,"functional-code":349,"test-code":86},"RachelChua":{"docs":53,"functional-code":142,"test-code":112},"tlx02":{"docs":59,"functional-code":0,"test-code":0},"Sampy147":{"docs":63,"functional-code":0,"test-code":0},"dlimyy":{"docs":94,"functional-code":898,"test-code":55}},"authorContributionVariance":{"phualiting":11827.315,"RachelChua":59962.246,"tlx02":468.31772,"Sampy147":1192.9102,"dlimyy":20317.104},"authorDisplayNameMap":{"phualiting":"CS2103T-F11-2 PHUA..TING","RachelChua":"CS2103T-F11-2 RACH..LING","tlx02":"CS2103T-F11-2 TAN .. XIN","Sampy147":"CS2103T-F11-2 SAMU..ERNG","dlimyy":"CS2103T-F11-2 LIM ..GLAS"}}
