{"authorDailyContributionsMap":{"phualiting":[{"date":"2022-09-28","commitResults":[{"hash":"4e8e247b7ccafde6ec4b378af0ec807b7a02b4f5","messageTitle":"Update AboutUs","messageBody":"","fileTypesAndContributionMap":{"docs":{"insertions":4,"deletions":4}}},{"hash":"82f465a236eeaa69613792bc28165d4eba75c48b","messageTitle":"Update UserGuide","messageBody":"","fileTypesAndContributionMap":{"docs":{"insertions":17,"deletions":1}}},{"hash":"c688a1c15ad30eb5df875167e136c03f776d6803","messageTitle":"Add skeletal PPP","messageBody":"","fileTypesAndContributionMap":{"docs":{"insertions":34,"deletions":0}}},{"hash":"88e756b6fee0a0f6737d07be3e5968202900adaf","messageTitle":"Update responsibility in AboutUs","messageBody":"","fileTypesAndContributionMap":{"docs":{"insertions":1,"deletions":1}}}]},{"date":"2022-09-29","commitResults":[{"hash":"f17fd39b6ebb7c603a10e046287204d664ea2699","messageTitle":"Update DG","messageBody":"","fileTypesAndContributionMap":{"docs":{"insertions":25,"deletions":8}}}]},{"date":"2022-10-06","commitResults":[{"hash":"034de1381e5fdea034a147f186a2923b53cf6a1f","messageTitle":"Add task command","messageBody":"","fileTypesAndContributionMap":{"functional-code":{"insertions":506,"deletions":4},"test-code":{"insertions":34,"deletions":0}}}]},{"date":"2022-10-07","commitResults":[{"hash":"64c048658b492e2dfdb1c98f15eeb527ed9d3fde","messageTitle":"Update user guide for task command","messageBody":"","fileTypesAndContributionMap":{"docs":{"insertions":9,"deletions":7}}}]},{"date":"2022-10-12","commitResults":[{"hash":"d6e23345917593caafb1dde1aa7c7d61d87dd824","messageTitle":"Update addtask command word and rename addtask command files","messageBody":"","fileTypesAndContributionMap":{"functional-code":{"insertions":3,"deletions":3},"other":{"insertions":10,"deletions":10}}},{"hash":"8f7722053fa4e0ea078ea08a7a91f2a2104f2dc2","messageTitle":"Add filter command to filter tasks by modules","messageBody":"","fileTypesAndContributionMap":{"functional-code":{"insertions":138,"deletions":0}}},{"hash":"0903e12a1b5319683fd55cc4148e408e2e5e36d3","messageTitle":"Update AddTaskCommand class name in javadocs","messageBody":"","fileTypesAndContributionMap":{"functional-code":{"insertions":4,"deletions":4}}},{"hash":"486ca7004dfd2157f836734d93b3ee387684245a","messageTitle":"Add check for whether module is in module list","messageBody":"","fileTypesAndContributionMap":{"functional-code":{"insertions":9,"deletions":6}}}]},{"date":"2022-10-13","commitResults":[{"hash":"cef60202a345313892383764afb84003f38a7ddb","messageTitle":"Add filter by task status","messageBody":"","fileTypesAndContributionMap":{"functional-code":{"insertions":120,"deletions":14}}},{"hash":"9c9d3716109221f56b4ef9814dbbfefe2dc03a84","messageTitle":"Clean up code, add javadoc comments","messageBody":"","fileTypesAndContributionMap":{"functional-code":{"insertions":17,"deletions":50}}},{"hash":"bda1ffbb16dd845968d83bc92497a9ffb3f94ace","messageTitle":"Add clear task feature","messageBody":"","fileTypesAndContributionMap":{"functional-code":{"insertions":31,"deletions":0}}},{"hash":"62958ad15fab18622afc777133d930068ea5bf5a","messageTitle":"Improve code quality","messageBody":"","fileTypesAndContributionMap":{"functional-code":{"insertions":35,"deletions":35}}},{"hash":"f55bfaaf8095d2058b0e50ef6b2f70b6b46e13f5","messageTitle":"Update javadocs","messageBody":"","fileTypesAndContributionMap":{"functional-code":{"insertions":4,"deletions":4}}},{"hash":"8c6b64d82754530eb874192ae3525d09ca0b0395","messageTitle":"Add clear modules feature","messageBody":"","fileTypesAndContributionMap":{"functional-code":{"insertions":38,"deletions":1}}}]},{"date":"2022-10-18","commitResults":[{"hash":"a5c4ab5117e997dcf58cd1c1c061db709153da59","messageTitle":"Remove redundant TaskModule class","messageBody":"","fileTypesAndContributionMap":{"functional-code":{"insertions":6,"deletions":76}}}]},{"date":"2022-10-21","commitResults":[{"hash":"2fbdf0409319707508117dcdaed846b946372063","messageTitle":"Update DG with filter implementation","messageBody":"","fileTypesAndContributionMap":{"docs":{"insertions":111,"deletions":0}}}]},{"date":"2022-10-22","commitResults":[{"hash":"23642edcbadea8f944a5a8c407750bb99ab1dfac","messageTitle":"Add listexamtasks command","messageBody":"","fileTypesAndContributionMap":{"functional-code":{"insertions":135,"deletions":0}}},{"hash":"525be2686bc557bd3e78c8e33af8d8702a434461","messageTitle":"Update javadocs","messageBody":"","fileTypesAndContributionMap":{"functional-code":{"insertions":1,"deletions":1}}}]},{"date":"2022-10-23","commitResults":[{"hash":"ad8cc487c3b67f6520d69eeae8cb874cf390d9c3","messageTitle":"Add unlink exam feature","messageBody":"","fileTypesAndContributionMap":{"functional-code":{"insertions":91,"deletions":0}}},{"hash":"30952638f29ad63695eda7bd71fa97840bf9ae77","messageTitle":"Add equals method in UnlinkExamCommand","messageBody":"","fileTypesAndContributionMap":{"functional-code":{"insertions":7,"deletions":0}}},{"hash":"06fe9214d94815636d51643732b3932e6d2176a1","messageTitle":"Add delete exam feature","messageBody":"","fileTypesAndContributionMap":{"functional-code":{"insertions":116,"deletions":2},"test-code":{"insertions":6,"deletions":0}}},{"hash":"eaef98393a4110696d0a531404525004a46e5ac2","messageTitle":"Add unlinkTasksFromExam method in DistinctTaskList class","messageBody":"","fileTypesAndContributionMap":{"functional-code":{"insertions":15,"deletions":6}}},{"hash":"7847b7466e706825ca38bc5ba5bd14523beed3b2","messageTitle":"Update filter to allow filter by link status, change arguments to accepy y/n","messageBody":"","fileTypesAndContributionMap":{"functional-code":{"insertions":183,"deletions":20}}},{"hash":"9717f05389ca67ea979df2664128d62fb8e0aef2","messageTitle":"Change filter implementation","messageBody":"","fileTypesAndContributionMap":{"functional-code":{"insertions":47,"deletions":150}}},{"hash":"c21ee59ecce5512909cedd7d3e71aba94a79e555","messageTitle":"Add null check for exam in unlinkTasksFromExam method in DistinctTaskList class","messageBody":"","fileTypesAndContributionMap":{"functional-code":{"insertions":1,"deletions":0}}}]},{"date":"2022-10-25","commitResults":[{"hash":"757c7eef13171c0ef2b1f96dc16e81416a46ad8b","messageTitle":"Update isValidYesNoResponse method to private in ParserUtil class","messageBody":"","fileTypesAndContributionMap":{"functional-code":{"insertions":1,"deletions":1}}},{"hash":"14e9490d8b18033bd27fc0734db96736e85e929a","messageTitle":"Change clearmodules command to clearall","messageBody":"","fileTypesAndContributionMap":{"functional-code":{"insertions":3,"deletions":4},"other":{"insertions":4,"deletions":10}}},{"hash":"3e52c9f6fb04b3361c756d26ad6e133ede60957b","messageTitle":"Move methods from ParserUtil to FilterTasksCommandParser","messageBody":"","fileTypesAndContributionMap":{"functional-code":{"insertions":39,"deletions":37}}},{"hash":"a67bf51885d8f61ffbc7c444e13359673f989b74","messageTitle":"Fix bug where progress bar is not updated after cleartasks","messageBody":"","fileTypesAndContributionMap":{"functional-code":{"insertions":20,"deletions":0}}}]},{"date":"2022-10-26","commitResults":[{"hash":"936a72858de3409bc7f07e1fe309c29d1fa5645a","messageTitle":"Update exam progress bar after cleartasks command","messageBody":"","fileTypesAndContributionMap":{"functional-code":{"insertions":17,"deletions":1}}},{"hash":"b67385cb985c13d1e83ce11d015921ffdcf78763","messageTitle":"Update UG with new features","messageBody":"","fileTypesAndContributionMap":{"docs":{"insertions":87,"deletions":10}}},{"hash":"7e9a010601fadbde65f39e21584897a1513f0a41","messageTitle":"Update GUI for ModuleCard","messageBody":"","fileTypesAndContributionMap":{"functional-code":{"insertions":68,"deletions":30}}}]},{"date":"2022-10-27","commitResults":[{"hash":"3cf371480cdc10ac8d5c3619601f910116f40a20","messageTitle":"Add different message shown if lists are already empty","messageBody":"","fileTypesAndContributionMap":{"functional-code":{"insertions":23,"deletions":1}}},{"hash":"a0e55fdadcea5a86d28b1eadbbeb024bb149745e","messageTitle":"Improve code quality","messageBody":"","fileTypesAndContributionMap":{"functional-code":{"insertions":6,"deletions":6}}},{"hash":"cb035e72fd5afddb14d6ef17595caf3c847151f6","messageTitle":"Fix checkstyle","messageBody":"","fileTypesAndContributionMap":{"functional-code":{"insertions":1,"deletions":1}}},{"hash":"3b2044478f8df0c04fe581403972f1e16620a9af","messageTitle":"Update UG","messageBody":"","fileTypesAndContributionMap":{"docs":{"insertions":40,"deletions":30}}},{"hash":"008c01af334b097d95ceb091560614e32893f2c4","messageTitle":"Update message for t add","messageBody":"","fileTypesAndContributionMap":{"functional-code":{"insertions":2,"deletions":2}}},{"hash":"91fb18db358cdda29a246618ba4435c25c199636","messageTitle":"Add optional brackets for filter","messageBody":"","fileTypesAndContributionMap":{"docs":{"insertions":2,"deletions":2}}},{"hash":"7afd93d8e2c2dc43cead0adf090a9acbd17dc12a","messageTitle":"Update message usages and help window filter message","messageBody":"","fileTypesAndContributionMap":{"functional-code":{"insertions":20,"deletions":16}}}]},{"date":"2022-10-29","commitResults":[{"hash":"1ac728841ea9e238133d076474718af30d7bd551","messageTitle":"Add JUnit tests for AddTaskCommand and AddTaskCommandParser classes","messageBody":"","fileTypesAndContributionMap":{"test-code":{"insertions":520,"deletions":0}}}]},{"date":"2022-10-30","commitResults":[{"hash":"1ff83e533dc162cda49568f98e8c68804d069031","messageTitle":"Add some JUnit tests for DeleteExamCommand and DeleteExamCommandParser classes","messageBody":"","fileTypesAndContributionMap":{"functional-code":{"insertions":1,"deletions":1},"test-code":{"insertions":75,"deletions":0}}},{"hash":"59c5f193b42b5d18bd82b04b7965300865bb3497","messageTitle":"Add JUnit test for ClearAllCommand class","messageBody":"","fileTypesAndContributionMap":{"test-code":{"insertions":25,"deletions":0}}}]},{"date":"2022-11-02","commitResults":[{"hash":"7351344503c1465e177ce41b01d4f770da2753b5","messageTitle":"Add JUnit tests for DeleteExamCommand class","messageBody":"","fileTypesAndContributionMap":{"functional-code":{"insertions":31,"deletions":0},"test-code":{"insertions":113,"deletions":42}}},{"hash":"2423717da8eee670bb04363ed7bd712095123fbd","messageTitle":"Add JUnit tests for ClearAllCommand and ClearTasksCommand classes","messageBody":"","fileTypesAndContributionMap":{"test-code":{"insertions":52,"deletions":6}}}]},{"date":"2022-11-03","commitResults":[{"hash":"a0f6c0d1a419d5a18d07677162f9da67fc2a86f9","messageTitle":"Add JUnit tests for ListExamTasksCommand and ListExamTasksCommandParser classes","messageBody":"","fileTypesAndContributionMap":{"functional-code":{"insertions":1,"deletions":1},"test-code":{"insertions":130,"deletions":0}}},{"hash":"8fee25f9eee947f0d998e1f891739837a4a30f2d","messageTitle":"Remove irrelevant tests","messageBody":"","fileTypesAndContributionMap":{"functional-code":{"insertions":0,"deletions":31},"test-code":{"insertions":0,"deletions":56}}},{"hash":"e1e79c6df3bf82bbd6925cac165886a35ba1f853","messageTitle":"Add JUnit tests for FilterTasksCommand and FilterTasksCommandParser classes","messageBody":"","fileTypesAndContributionMap":{"functional-code":{"insertions":1,"deletions":1},"test-code":{"insertions":246,"deletions":0}}},{"hash":"e4f7f7f98d5bfe93313d7ec1fca2e7449da1692d","messageTitle":"Add JUnit tests for FilterPredicate and TaskLinkedToExamPredicate classes","messageBody":"","fileTypesAndContributionMap":{"test-code":{"insertions":166,"deletions":14}}},{"hash":"8d3d6d920e46a69ee648f26f5e9faf8c198abffc","messageTitle":"Add tests for UnlinkExamCommand and UnlinkExamCommandParser classes","messageBody":"","fileTypesAndContributionMap":{"test-code":{"insertions":159,"deletions":0}}}]},{"date":"2022-11-04","commitResults":[{"hash":"70007043d12de68220bd7af652681aa3816ac797","messageTitle":"Update PPP","messageBody":"","fileTypesAndContributionMap":{"docs":{"insertions":36,"deletions":11}}}]}],"RachelChua":[{"date":"2022-09-28","commitResults":[{"hash":"06325ff59db5b9864d845de8e953fbcbf3233de1","messageTitle":"Update AboutUs page","messageBody":"","fileTypesAndContributionMap":{"docs":{"insertions":5,"deletions":5}}},{"hash":"509cdfad3ae09e024137258ade55918011c5fdcc","messageTitle":"Update UserGuide","messageBody":"","fileTypesAndContributionMap":{"docs":{"insertions":17,"deletions":3}}},{"hash":"f28c1336f9ec1684722178bc3cd767c9f843b765","messageTitle":"Add skeletal PPP","messageBody":"","fileTypesAndContributionMap":{"docs":{"insertions":34,"deletions":0}}},{"hash":"1c5274f2c4e58954868456e0070d7de5f6798eeb","messageTitle":"Update AboutUs","messageBody":"","fileTypesAndContributionMap":{"docs":{"insertions":2,"deletions":1}}}]},{"date":"2022-09-29","commitResults":[{"hash":"07f7cf5102734e5dc94f0406b6f12ed1cab496ba","messageTitle":"Update the DG","messageBody":"","fileTypesAndContributionMap":{"docs":{"insertions":10,"deletions":2}}}]},{"date":"2022-10-09","commitResults":[{"hash":"e1d459f328f913cbf49ab7927ac9fb44551162fc","messageTitle":"Add list feature for task","messageBody":"","fileTypesAndContributionMap":{"functional-code":{"insertions":301,"deletions":17},"test-code":{"insertions":9,"deletions":0}}},{"hash":"2cdc9c2cbd6eec3478d5d3ccb2cdc09ae5c21282","messageTitle":"Add FindTasksCommand feature,ListTasksCommand feature, FindTasksCommandTest, ListTasksCommandTest","messageBody":"","fileTypesAndContributionMap":{"functional-code":{"insertions":26,"deletions":84},"other":{"insertions":16,"deletions":12},"test-code":{"insertions":126,"deletions":4}}},{"hash":"ff76e0af243e7704fa9dd9e8c9010e96a2e0740d","messageTitle":"Make slight changes to fix some errors","messageBody":"","fileTypesAndContributionMap":{"functional-code":{"insertions":1,"deletions":22},"test-code":{"insertions":2,"deletions":4}}},{"hash":"5b2ca1e0b41ca514a7f8de2df1934332f68f0a04","messageTitle":"Fix checkstyle errors.","messageBody":"","fileTypesAndContributionMap":{"test-code":{"insertions":4,"deletions":20}}},{"hash":"a79c489cc000df8ee3487aedd9cf2b77e7c82981","messageTitle":"Fix some errors","messageBody":"","fileTypesAndContributionMap":{"functional-code":{"insertions":21,"deletions":0}}},{"hash":"4f9e8e5a91005431aea928fde1ac66fb63b23267","messageTitle":"Comment out tests as they are some errors","messageBody":"","fileTypesAndContributionMap":{"functional-code":{"insertions":3,"deletions":1},"test-code":{"insertions":113,"deletions":113}}},{"hash":"d629fc2e822254a32c784d0804240093e2f0f1d3","messageTitle":"Comment out the correct test","messageBody":"","fileTypesAndContributionMap":{"functional-code":{"insertions":0,"deletions":22},"test-code":{"insertions":153,"deletions":153}}}]},{"date":"2022-10-13","commitResults":[{"hash":"df70bdd527e12727bc514ec258b0a35b79f1cd17","messageTitle":"Improve findtaskscommand such that it can list tasks that contains the keyword inputted by the user even if the tasks description contains the keyword partially. Sort the list of words displayed by the tasks\u0027description length, such that the word with the closest match with the keyword is shown first.","messageBody":"","fileTypesAndContributionMap":{"functional-code":{"insertions":131,"deletions":14}}},{"hash":"5e254b539ba2abb054331d426fd43fc017a0ffab","messageTitle":"Added FindModulesCommand and ListModulesCommand.","messageBody":"","fileTypesAndContributionMap":{"functional-code":{"insertions":144,"deletions":2}}}]},{"date":"2022-10-14","commitResults":[{"hash":"3354148257dd5535a153cea549ab92304c07b7a9","messageTitle":"Update FindTask command such that it can find the tasks that contains the keyword that is typed by the user even if it is a partial word.","messageBody":"","fileTypesAndContributionMap":{"functional-code":{"insertions":27,"deletions":8}}},{"hash":"0ff5a5a8ff828adaae77fc03d3309b731e554d3b","messageTitle":"Remove the sorted function for findtasks","messageBody":"","fileTypesAndContributionMap":{"functional-code":{"insertions":1,"deletions":61}}},{"hash":"94c2ed1919b3daa3627b376fd9104b03f41d0a34","messageTitle":"Delete sorted function for findlist and fix checkstyle errors","messageBody":"","fileTypesAndContributionMap":{"functional-code":{"insertions":19,"deletions":41},"test-code":{"insertions":5,"deletions":0}}},{"hash":"03bd5054d6925c76a973a68ec9ed4c780eb070b4","messageTitle":"Remove uneccessary details","messageBody":"","fileTypesAndContributionMap":{"functional-code":{"insertions":0,"deletions":2}}},{"hash":"f3e8579af72df5026c0c8dd2be58f044ead30b5a","messageTitle":"Fix checkstyle error","messageBody":"","fileTypesAndContributionMap":{"functional-code":{"insertions":0,"deletions":1}}}]},{"date":"2022-10-18","commitResults":[{"hash":"2adff1319391c229fecaf1f1216e14e246bed384","messageTitle":"Added the Exam class and classes for the fields for an exam. Added the storage for exam list. Added the AddExamCommand and the AddExamCommandParser classes. Updated the Logic, Logic Manager, Model, Model Manager, AddressBook classes, AddressBook Parser for the commands related to exam. Updated the GUI to show the exam list panel.","messageBody":"","fileTypesAndContributionMap":{"functional-code":{"insertions":944,"deletions":36}}},{"hash":"3c6e85ff36893832f21fbd377156b597f193f3e1","messageTitle":"Fix checkstyle errors.","messageBody":"","fileTypesAndContributionMap":{"functional-code":{"insertions":65,"deletions":28},"test-code":{"insertions":49,"deletions":0}}},{"hash":"7ae0b3797b5c2e3ffeb4e7d205e27c3cb32a4b93","messageTitle":"Change variable name","messageBody":"","fileTypesAndContributionMap":{"functional-code":{"insertions":2,"deletions":2}}}]},{"date":"2022-10-19","commitResults":[{"hash":"e7fc90b071caa83802977250be58cf9ca42e3098","messageTitle":"Updated the Exam date class such that it takes in exam date in the format of dd-MM-yyyy instead of yyyy-MM-dd as well as making date that are before the current date to be invalid date to be inputted.","messageBody":"","fileTypesAndContributionMap":{"functional-code":{"insertions":20,"deletions":11}}},{"hash":"1fbc0841d6d169b138f3191d83bd363fd5ad823e","messageTitle":"Fix checkstyle errors","messageBody":"","fileTypesAndContributionMap":{"functional-code":{"insertions":3,"deletions":0}}},{"hash":"4c48878e17ca8ff98ebc3fec9184e3781fc5b097","messageTitle":"Remove unneccessary imports","messageBody":"","fileTypesAndContributionMap":{"functional-code":{"insertions":0,"deletions":2}}},{"hash":"fa47999610fe9c94c76f534d1ecbfc7f6d76129b","messageTitle":"Trying to fix build gradle error","messageBody":"","fileTypesAndContributionMap":{"functional-code":{"insertions":3,"deletions":1}}},{"hash":"18458727b8c10f20efd51c349779ab2e5c52a6ed","messageTitle":"Update to fix the build gradle error","messageBody":"","fileTypesAndContributionMap":{"functional-code":{"insertions":1,"deletions":1}}},{"hash":"f7f95a76135572535aa5e7dd9b37b2c203987239","messageTitle":"Update the storage problem such that there would not be a problem with storage when the exam whose date has passed is still in the exam list.","messageBody":"","fileTypesAndContributionMap":{"functional-code":{"insertions":23,"deletions":4}}},{"hash":"8565f6cf71041144bea07323afb927ea92e3a7bc","messageTitle":"Updated the storage files","messageBody":"","fileTypesAndContributionMap":{"functional-code":{"insertions":1,"deletions":23}}},{"hash":"8c34993c2ac0c643f29d72cdb2378e54ed413179","messageTitle":"Changes to fix errors from merge conflict.","messageBody":"","fileTypesAndContributionMap":{"functional-code":{"insertions":1,"deletions":1}}},{"hash":"4bb95074fc81af49cb896b042f2bfb18d65413e7","messageTitle":"Fix checkstyle errors","messageBody":"","fileTypesAndContributionMap":{"functional-code":{"insertions":0,"deletions":1}}},{"hash":"9307ccd1ce230dc3bde3ecf9c51c015f7f078bc6","messageTitle":"Fix java docs error","messageBody":"","fileTypesAndContributionMap":{"functional-code":{"insertions":1,"deletions":1}}},{"hash":"832d65c52b48dbff79af02cd55935b4f3c937a3d","messageTitle":"Standardise java docs for ExamDate as well as other command classes message usage. Change the toString() of Exam slightly. Made other minor changes to java docs.","messageBody":"","fileTypesAndContributionMap":{"functional-code":{"insertions":19,"deletions":7}}}]},{"date":"2022-10-21","commitResults":[{"hash":"c2ab7f6c0c6f1254e67523b4235a0d3131dd5da9","messageTitle":"Update Developer Guide","messageBody":"","fileTypesAndContributionMap":{"docs":{"insertions":50,"deletions":0}}}]},{"date":"2022-10-22","commitResults":[{"hash":"a7d9fc9cba88c63b73c9ccbc5c9a029242f65b41","messageTitle":"Update diagram.","messageBody":"","fileTypesAndContributionMap":{"docs":{"insertions":78,"deletions":0}}}]},{"date":"2022-10-24","commitResults":[{"hash":"35597c401b00da3d77361293198b5c89ac9b37a6","messageTitle":"Add editExamCommand and relevant classes.","messageBody":"","fileTypesAndContributionMap":{"functional-code":{"insertions":296,"deletions":29}}},{"hash":"39276216b4ba2695b6720cb1445d5852f92e800e","messageTitle":"Fix checkstyle errors","messageBody":"","fileTypesAndContributionMap":{"functional-code":{"insertions":53,"deletions":39},"test-code":{"insertions":5,"deletions":0}}},{"hash":"2d333b44e0cda24300403277968cbd5fb01a8bca","messageTitle":"Correct javadocs","messageBody":"","fileTypesAndContributionMap":{"functional-code":{"insertions":3,"deletions":3}}}]},{"date":"2022-10-25","commitResults":[{"hash":"a3ef0e7f1df13de67067d41933eb7115dbe1dd4d","messageTitle":"Did some testing","messageBody":"","fileTypesAndContributionMap":{"functional-code":{"insertions":28,"deletions":13},"test-code":{"insertions":731,"deletions":106}}}]},{"date":"2022-10-26","commitResults":[{"hash":"c5b73190165056147f62397e5a3d449e57478da9","messageTitle":"Improve the edit command by making an alert confirmation before the person changes the module and unlinks all the task. Made changes to the command result. Fix bugs for the duplicate exam exception such that it does not unlink or update the task before exception is thrown. Make changes to the date format for exam such that it displays dd-mm-yyyy for standardisation","messageBody":"","fileTypesAndContributionMap":{"functional-code":{"insertions":72,"deletions":11}}},{"hash":"90c2002d8d09fb7a1ccb46959bfbb5cdae8482c3","messageTitle":"Fix checkstyle errors","messageBody":"","fileTypesAndContributionMap":{"functional-code":{"insertions":7,"deletions":7},"test-code":{"insertions":5,"deletions":0}}},{"hash":"cbaa37b0b3805f23d46c7e9463e658593e5b1b78","messageTitle":"Change method name","messageBody":"","fileTypesAndContributionMap":{"functional-code":{"insertions":4,"deletions":4}}},{"hash":"6bd1387c2cf5a3074e6d13b22eea05da78973407","messageTitle":"Remove alert confirmation as it is not very user friendly for a fast typer.","messageBody":"","fileTypesAndContributionMap":{"functional-code":{"insertions":6,"deletions":33}}},{"hash":"063e228565dd48eaa567e721b07dbe3c26163337","messageTitle":"Fix checkstyle errors","messageBody":"","fileTypesAndContributionMap":{"functional-code":{"insertions":0,"deletions":2}}},{"hash":"993c799d30a118fd88f4fd1df251141af987b03b","messageTitle":"Update find modules and find tasks to be case sensitive","messageBody":"","fileTypesAndContributionMap":{"functional-code":{"insertions":4,"deletions":2}}},{"hash":"7328810e0baa4475526d8d8a7a08a21a6742dac4","messageTitle":"FIx checkstyle errors","messageBody":"","fileTypesAndContributionMap":{"functional-code":{"insertions":0,"deletions":2}}},{"hash":"196f33549e70e5c1a60d0c70e87f58cb75a80995","messageTitle":"Edit java docs.","messageBody":"","fileTypesAndContributionMap":{"functional-code":{"insertions":2,"deletions":2}}},{"hash":"23ef595ce1cda72eaba02f458b60038a9ff96eaa","messageTitle":"Added the sequence diagram","messageBody":"","fileTypesAndContributionMap":{"docs":{"insertions":17,"deletions":8}}},{"hash":"cd2d05def5ec059ec1cc03928a192403862bf4bf","messageTitle":"Fix newline at EOF","messageBody":"","fileTypesAndContributionMap":{"docs":{"insertions":1,"deletions":1}}},{"hash":"8c4d9c3e72f3cf6a35ceb70972e123354fc7511e","messageTitle":"Put replace exam at start of try block","messageBody":"","fileTypesAndContributionMap":{"functional-code":{"insertions":1,"deletions":2}}},{"hash":"22c8854666d409b560c019fb6c1e2a032cd6d80e","messageTitle":"Update GUI","messageBody":"","fileTypesAndContributionMap":{"functional-code":{"insertions":17,"deletions":14}}},{"hash":"fa91ac3145759576c6f3c63c0f1f02516c7d6136","messageTitle":"Add warning word","messageBody":"","fileTypesAndContributionMap":{"functional-code":{"insertions":1,"deletions":1}}},{"hash":"5267d6aba8faa9345cf0e6bb5a25b197cd29a565","messageTitle":"Update GUI for exam card.","messageBody":"","fileTypesAndContributionMap":{"functional-code":{"insertions":62,"deletions":33}}},{"hash":"f2377048824c984360593981b7f460eef50eebe1","messageTitle":"Fix checkstyle","messageBody":"","fileTypesAndContributionMap":{"functional-code":{"insertions":1,"deletions":1}}}]},{"date":"2022-10-27","commitResults":[{"hash":"69e4edd9493829da72591a9fb66628d7b7a68fd3","messageTitle":"Change prefix from c to m for module","messageBody":"","fileTypesAndContributionMap":{"functional-code":{"insertions":8,"deletions":8}}},{"hash":"fa820ef01f75c3b54691627a4096c6ee128eccd9","messageTitle":"Fix bugs on how find command is not handling case insensitvity in some cases.","messageBody":"","fileTypesAndContributionMap":{"functional-code":{"insertions":4,"deletions":3}}},{"hash":"b7574d8940c959752f1f97a57a3c6c1d8ea8e4d9","messageTitle":"Update date exceptions","messageBody":"","fileTypesAndContributionMap":{"functional-code":{"insertions":49,"deletions":15}}},{"hash":"f6df2c79bc34e6b4b647c07de1441a7dfcf0388d","messageTitle":"update user guide","messageBody":"","fileTypesAndContributionMap":{"docs":{"insertions":11,"deletions":0}}},{"hash":"a77e0e58c1ad21b7e76604178a18e7016ccd0c4a","messageTitle":"Update user guide with find commands, list commnads, addexamcommand, editexamcommands","messageBody":"","fileTypesAndContributionMap":{"docs":{"insertions":78,"deletions":17}}},{"hash":"20353e4117d7a28d8908673ba85202350a70b652","messageTitle":"Update changes.","messageBody":"","fileTypesAndContributionMap":{"functional-code":{"insertions":17,"deletions":21}}},{"hash":"31480f03bb093dbeba62eff36a625a5df7d43f00","messageTitle":"Update spacing issues.","messageBody":"","fileTypesAndContributionMap":{"docs":{"insertions":1,"deletions":0}}},{"hash":"26cadace85b2672bedbfce1d8cc13c8d5de2fe73","messageTitle":"Update userguide to include command format information","messageBody":"","fileTypesAndContributionMap":{"docs":{"insertions":23,"deletions":9}}},{"hash":"2f42022d33368d1604441f7af3f32698810ed91f","messageTitle":"Fix style spacing problem","messageBody":"","fileTypesAndContributionMap":{"docs":{"insertions":1,"deletions":2}}},{"hash":"bac93e74e2075cced74327dfde631d51aeb20380","messageTitle":"Update table of contents.","messageBody":"","fileTypesAndContributionMap":{"docs":{"insertions":8,"deletions":3}}},{"hash":"d99fe465b7eb8bad72b2130620a5437160aae646","messageTitle":"Try to fix navigation problem","messageBody":"","fileTypesAndContributionMap":{"docs":{"insertions":2,"deletions":2}}},{"hash":"35c6dec263d06a583db74047da5f1ee2da8add30","messageTitle":"Update message usage.","messageBody":"","fileTypesAndContributionMap":{"functional-code":{"insertions":4,"deletions":4}}},{"hash":"90263e60c64aa75432371acba93708a08ecd5b3a","messageTitle":"Update command message for editexamcommand.","messageBody":"","fileTypesAndContributionMap":{"functional-code":{"insertions":21,"deletions":7}}},{"hash":"c2b91e4af208d2e70cb56e435e16298152df6f65","messageTitle":"Change error message","messageBody":"","fileTypesAndContributionMap":{"functional-code":{"insertions":1,"deletions":1}}},{"hash":"0060c5e9fea688f4306bc9e7b840334425afba94","messageTitle":"Change prefix from prefix_mod_code to prefix_module","messageBody":"","fileTypesAndContributionMap":{"functional-code":{"insertions":7,"deletions":7}}},{"hash":"fc3e78806bf7326db6f00381f0dcc0b2375023cc","messageTitle":"Update optional brackets","messageBody":"","fileTypesAndContributionMap":{"functional-code":{"insertions":3,"deletions":3}}},{"hash":"52e371fffabb97551f10c6ae021cb66d23e66d70","messageTitle":"Some language and spacing errors fixed.","messageBody":"","fileTypesAndContributionMap":{"functional-code":{"insertions":3,"deletions":3}}},{"hash":"160a10af7676d666ccf6487ae4f4977d6419e2e6","messageTitle":"Update date constraints message.","messageBody":"","fileTypesAndContributionMap":{"functional-code":{"insertions":7,"deletions":3}}},{"hash":"87a956b0ab9d26fcee6b3d40d41f79d231e4304c","messageTitle":"Update userguide and javadocs to include DD-MM-YYYY and specification of this format in userguide.","messageBody":"","fileTypesAndContributionMap":{"functional-code":{"insertions":5,"deletions":5},"docs":{"insertions":19,"deletions":14}}},{"hash":"3a9257bfeaaebda4874e8ee31169925695be2ec1","messageTitle":"Update message usage before command word other than in the example.","messageBody":"","fileTypesAndContributionMap":{"functional-code":{"insertions":4,"deletions":4}}}]},{"date":"2022-10-28","commitResults":[{"hash":"dffecac1a68b9e18d4d743638e9d2913ccb838c0","messageTitle":"Make changes to some formatting as well as change the part about the date as it is too lengthy.","messageBody":"","fileTypesAndContributionMap":{"docs":{"insertions":23,"deletions":27}}},{"hash":"23329b43cd2ff4f1b0287d5d7ae91fd732fe1c42","messageTitle":"Change date to DATE","messageBody":"","fileTypesAndContributionMap":{"docs":{"insertions":2,"deletions":2}}},{"hash":"d16a0a2bb1abe14dbb47ad9715746bf86e2d2078","messageTitle":"Update equals","messageBody":"","fileTypesAndContributionMap":{"functional-code":{"insertions":31,"deletions":1},"test-code":{"insertions":47,"deletions":10}}}]},{"date":"2022-10-29","commitResults":[{"hash":"ddc73c8f736318970a0530538e9a57d27a709180","messageTitle":"Update test","messageBody":"","fileTypesAndContributionMap":{"functional-code":{"insertions":18,"deletions":1},"test-code":{"insertions":632,"deletions":131}}}]},{"date":"2022-11-01","commitResults":[{"hash":"6f8ca9b40d74522801dba7142fed44779dc9d9f4","messageTitle":"Added Junit tests","messageBody":"","fileTypesAndContributionMap":{"functional-code":{"insertions":8,"deletions":3},"test-code":{"insertions":2333,"deletions":1174}}}]},{"date":"2022-11-02","commitResults":[{"hash":"8aded1572d1c6f204ee2aa9c70d70af8b4f0b2b7","messageTitle":"Make some changes.","messageBody":"","fileTypesAndContributionMap":{"functional-code":{"insertions":5,"deletions":23},"test-code":{"insertions":631,"deletions":638}}},{"hash":"2cde7acb63d6bd54af10893618d7d8083d983a42","messageTitle":"Fix checkstyle errors.","messageBody":"","fileTypesAndContributionMap":{"functional-code":{"insertions":1,"deletions":6},"test-code":{"insertions":547,"deletions":478}}},{"hash":"dce439da4a6d8e7ee715372f4b936b0c6b638e88","messageTitle":"Fix some minor changes","messageBody":"","fileTypesAndContributionMap":{"test-code":{"insertions":2,"deletions":135}}},{"hash":"41159917e32379c9a3356f0f7f683dabbd1d541a","messageTitle":"Remove method.","messageBody":"","fileTypesAndContributionMap":{"functional-code":{"insertions":0,"deletions":3}}},{"hash":"6d797085e4202d9f341a39c6e8a85c0ccd2f6c39","messageTitle":"fix eof error","messageBody":"","fileTypesAndContributionMap":{"functional-code":{"insertions":2,"deletions":1}}}]},{"date":"2022-11-03","commitResults":[{"hash":"ea984329a8b0d31efe22ef378adfac4aa6064204","messageTitle":"Change variable names.","messageBody":"","fileTypesAndContributionMap":{"test-code":{"insertions":48,"deletions":46}}},{"hash":"78b3c626cd6c8162930ed67c3b3f207e00623a80","messageTitle":"Add JsonAdaptedExamTest","messageBody":"","fileTypesAndContributionMap":{"test-code":{"insertions":78,"deletions":0}}},{"hash":"11309aaf33f1cfcad8768806f200e7b742c8871d","messageTitle":"Fix grammar mistake.","messageBody":"","fileTypesAndContributionMap":{"functional-code":{"insertions":2,"deletions":2}}},{"hash":"445e15cac43e47a596877a3cf81bf0465d40d2dd","messageTitle":"Make changes to fix some UG bugs as well as make changes to standardise the userguide.","messageBody":"","fileTypesAndContributionMap":{"functional-code":{"insertions":4,"deletions":0},"docs":{"insertions":111,"deletions":109}}},{"hash":"7b597db6f910355f45ec13cda30c6518ad1c9b7b","messageTitle":"standardise formatting for example","messageBody":"","fileTypesAndContributionMap":{"docs":{"insertions":8,"deletions":1}}},{"hash":"4d67be66603ec947b72b0fdbb9aa27520eb28aaf","messageTitle":"Make more changes","messageBody":"","fileTypesAndContributionMap":{"docs":{"insertions":6,"deletions":2}}}]},{"date":"2022-11-04","commitResults":[{"hash":"7d7561e0ef54273aeaf95c7cabae91f819aac142","messageTitle":"Added relevant information for PPP.","messageBody":"","fileTypesAndContributionMap":{"docs":{"insertions":16,"deletions":3}}},{"hash":"4c0ea621ea03523a4bad145f6db42c63427d62d5","messageTitle":"Add PPP","messageBody":"","fileTypesAndContributionMap":{"docs":{"insertions":5,"deletions":5}}},{"hash":"f4b95de22c5fb3efdad948e12fd4fd4bf2142f4c","messageTitle":"Update grammatical error","messageBody":"","fileTypesAndContributionMap":{"functional-code":{"insertions":2,"deletions":2}}},{"hash":"8d1a5b1741d816294862c227e538ba55cd1b1dbf","messageTitle":"PPP added.","messageBody":"","fileTypesAndContributionMap":{"docs":{"insertions":31,"deletions":19}}}]},{"date":"2022-11-05","commitResults":[{"hash":"94c7dfe700a493a4df71199821f083912bd7e2a4","messageTitle":"Fix symbols","messageBody":"","fileTypesAndContributionMap":{"docs":{"insertions":1,"deletions":0}}},{"hash":"cffb285a421e5cffa139b0db8c5a74c79ced7b5e","messageTitle":"Fix checkstyle error","messageBody":"","fileTypesAndContributionMap":{"functional-code":{"insertions":1,"deletions":1}}}]}],"tlx02":[{"date":"2022-09-28","commitResults":[{"hash":"8fd7e76f861d6cf2586d2200ef59823b986970e2","messageTitle":"Update AboutUs.md","messageBody":"","fileTypesAndContributionMap":{"docs":{"insertions":5,"deletions":4}}},{"hash":"6e81e790ccc69f971d19c6f7bb6a1681e0409118","messageTitle":"Update UserGuide.md","messageBody":"","fileTypesAndContributionMap":{"docs":{"insertions":15,"deletions":0}}},{"hash":"1c7512321d389a4c2962f9c482addf3d79507085","messageTitle":"Create skeletal PPP file","messageBody":"","fileTypesAndContributionMap":{"docs":{"insertions":46,"deletions":0}}},{"hash":"d0c09beae7870b89274a5f40c187ea6796a04b02","messageTitle":"Update tlx02.md","messageBody":"","fileTypesAndContributionMap":{"docs":{"insertions":11,"deletions":26}}}]},{"date":"2022-09-29","commitResults":[{"hash":"5a870d9fd862a2bc2f8d2552df547b7f1e2cc72e","messageTitle":"Update DeveloperGuide.md","messageBody":"","fileTypesAndContributionMap":{"docs":{"insertions":21,"deletions":1}}}]},{"date":"2022-10-05","commitResults":[{"hash":"a9771486f44bf46974a9914b108f3c39befd7ebc","messageTitle":"Add MarkCommand to mark item in list as done","messageBody":"","fileTypesAndContributionMap":{"functional-code":{"insertions":118,"deletions":0}}},{"hash":"74b8182d33076e7e5b2beb83d1edc7b1d19f409f","messageTitle":"Update GUI to display status of task","messageBody":"","fileTypesAndContributionMap":{"functional-code":{"insertions":22,"deletions":4}}}]},{"date":"2022-10-07","commitResults":[{"hash":"2933eb2829303cab9602a76eeda30beefc087438","messageTitle":"Add JUnit tests for MarkCommand","messageBody":"","fileTypesAndContributionMap":{"functional-code":{"insertions":2,"deletions":1},"test-code":{"insertions":102,"deletions":0}}}]},{"date":"2022-10-09","commitResults":[{"hash":"187f0972814489658590cb2b0d3108f011118275","messageTitle":"Transfer changes from Person class to Task class","messageBody":"","fileTypesAndContributionMap":{"functional-code":{"insertions":101,"deletions":50},"test-code":{"insertions":6,"deletions":3}}},{"hash":"96bfd80b956db4ffdfd1de07cfdbfd7776925f81","messageTitle":"Add Ui and resolve conflicts in test classes","messageBody":"","fileTypesAndContributionMap":{"functional-code":{"insertions":13,"deletions":8},"test-code":{"insertions":8,"deletions":15}}},{"hash":"16c696de78348acfcef91fedec4a9c3b607d5c64","messageTitle":"Add Status class and implement storage of tasks with their status","messageBody":"","fileTypesAndContributionMap":{"functional-code":{"insertions":102,"deletions":19}}},{"hash":"37de0eba09b2481486b1292f7ac2946ed9df4c9d","messageTitle":"Fix bugs in TaskListCard.fxml and add javadocs","messageBody":"","fileTypesAndContributionMap":{"functional-code":{"insertions":14,"deletions":12},"other":{"insertions":22,"deletions":9}}}]},{"date":"2022-10-10","commitResults":[{"hash":"6c2418530496be63ddc3f6ecc080cdada9955a98","messageTitle":"Fix no newline at end of file error","messageBody":"","fileTypesAndContributionMap":{"test-code":{"insertions":1,"deletions":1}}},{"hash":"6e0897ec3a73c5718ff2d3c91e92e0f80d51d664","messageTitle":"Fix code style error","messageBody":"","fileTypesAndContributionMap":{"functional-code":{"insertions":6,"deletions":3}}},{"hash":"dc7d22458875b3240b1bd9ec22ea6146d143ec49","messageTitle":"Make Task class handle the changing of a task\u0027s status","messageBody":"","fileTypesAndContributionMap":{"functional-code":{"insertions":11,"deletions":16}}},{"hash":"55ed31a5840ef5c1dc26e11c13cdadbeb08add06","messageTitle":"Remove unused imports","messageBody":"","fileTypesAndContributionMap":{"functional-code":{"insertions":0,"deletions":3}}}]},{"date":"2022-10-11","commitResults":[{"hash":"b1c57bda67b9d3395baf02508698423611b6f9cc","messageTitle":"Change condition for setTask and update the error thrown","messageBody":"","fileTypesAndContributionMap":{"functional-code":{"insertions":18,"deletions":6}}}]},{"date":"2022-10-12","commitResults":[{"hash":"c9852fc7a746dd339d6ef07c56c5aec7d9377974","messageTitle":"Add unmark command","messageBody":"","fileTypesAndContributionMap":{"functional-code":{"insertions":98,"deletions":1}}}]},{"date":"2022-10-13","commitResults":[{"hash":"ed10a32b61dada995fa82ce5b5f7336d2803d52b","messageTitle":"Add edit task command","messageBody":"","fileTypesAndContributionMap":{"functional-code":{"insertions":271,"deletions":1}}},{"hash":"dbc82b95757b03b3664b71f9564276d0eb03eae0","messageTitle":"Declare common messages in the Messages class","messageBody":"","fileTypesAndContributionMap":{"functional-code":{"insertions":5,"deletions":3}}},{"hash":"2b90bdcea7e000909df1f739c2a4aa8a0e3bf201","messageTitle":"Replace PREFIX_MODULE with PREFIX_MOD_CODE","messageBody":"","fileTypesAndContributionMap":{"functional-code":{"insertions":24,"deletions":8}}},{"hash":"bd0721d248ff2119a77b92d67887d7aa20dd446d","messageTitle":"Fix checkstyle error","messageBody":"","fileTypesAndContributionMap":{"functional-code":{"insertions":4,"deletions":4}}},{"hash":"d70a5e55f50d207bcb0b207bf5a18a5a696332bd","messageTitle":"Standardize naming convention","messageBody":"","fileTypesAndContributionMap":{"functional-code":{"insertions":2,"deletions":2}}},{"hash":"b68422099b6b0e6159d0d243365330de929de8be","messageTitle":"Standardize naming convention in FilterTasksCommand.java","messageBody":"","fileTypesAndContributionMap":{"functional-code":{"insertions":2,"deletions":2}}},{"hash":"609278dcd72c26166d2faea942eb847b8c233e29","messageTitle":"Add replaceTask method in AddCommandTest class to fix error","messageBody":"","fileTypesAndContributionMap":{"test-code":{"insertions":5,"deletions":0}}}]},{"date":"2022-10-19","commitResults":[{"hash":"16c2fd80452cc7eb8a758f4e2722f49fcf0bdf34","messageTitle":"Add display of the percentage of tasks completed for each module","messageBody":"","fileTypesAndContributionMap":{"functional-code":{"insertions":153,"deletions":6}}},{"hash":"c3261f019df525b99f2b002d8e98587534ba8886","messageTitle":"Remove similar method - setTask","messageBody":"","fileTypesAndContributionMap":{"functional-code":{"insertions":51,"deletions":78},"test-code":{"insertions":1,"deletions":6}}},{"hash":"c69de49ecdc19ded3eee976e3277ccb30fdc7ac9","messageTitle":"Return error message if the task is already marked or unmarked","messageBody":"","fileTypesAndContributionMap":{"functional-code":{"insertions":13,"deletions":5}}},{"hash":"e6af6b00c0e09adb5fdaba932c12ddd58245445e","messageTitle":"Fix checkstyle error","messageBody":"","fileTypesAndContributionMap":{"functional-code":{"insertions":1,"deletions":1}}},{"hash":"f26ed8ca7dcb2e7f2c2076dbf9552352e824247b","messageTitle":"Update isSameModuleCode to isSameModule","messageBody":"","fileTypesAndContributionMap":{"functional-code":{"insertions":2,"deletions":3}}},{"hash":"e646b761ce22cd0295fccf0a8b85533c35f965d2","messageTitle":"Rename generateProgressString to generateProgressMessage","messageBody":"","fileTypesAndContributionMap":{"functional-code":{"insertions":2,"deletions":2}}}]},{"date":"2022-10-21","commitResults":[{"hash":"51580db51a17a57d2c190a039f9f939940164227","messageTitle":"Add sequence and activity diagrams for MarkCommand","messageBody":"","fileTypesAndContributionMap":{"docs":{"insertions":112,"deletions":0}}},{"hash":"9ce96d7fb3a44950bfa4768e465d7f35306c4f49","messageTitle":"Update DeveloperGuide.md","messageBody":"","fileTypesAndContributionMap":{"docs":{"insertions":33,"deletions":0}}},{"hash":"72ff38365c3eb476ae70c37c1cf590a8e0f95060","messageTitle":"Fix \u0027no new line at eof\u0027 error","messageBody":"","fileTypesAndContributionMap":{"docs":{"insertions":1,"deletions":1}}},{"hash":"644948afe0d7be736050e031128c302e81d74e5c","messageTitle":"Add assertions for methods in DistinctModuleList","messageBody":"","fileTypesAndContributionMap":{"functional-code":{"insertions":3,"deletions":1}}}]},{"date":"2022-10-23","commitResults":[{"hash":"bfd0cb9a4e59f24c48c72a2a4dc2d4f2c5c05d62","messageTitle":"Add progress bar for exams and update relevant methods","messageBody":"","fileTypesAndContributionMap":{"functional-code":{"insertions":157,"deletions":65}}},{"hash":"c552d580240be7a08037a659c9e86c6f69427af0","messageTitle":"Fix checkstyle error","messageBody":"","fileTypesAndContributionMap":{"functional-code":{"insertions":0,"deletions":1}}}]},{"date":"2022-10-25","commitResults":[{"hash":"ee85f872afdaca6e1a3721b6024d5153f7d320e7","messageTitle":"Update progress bar for the linked exam when a task is deleted","messageBody":"","fileTypesAndContributionMap":{"functional-code":{"insertions":4,"deletions":0}}},{"hash":"7fdbb1361c2075e094c97cc10c82ce45e0dad749","messageTitle":"Update progress bar when exam is edited","messageBody":"","fileTypesAndContributionMap":{"functional-code":{"insertions":5,"deletions":1}}}]},{"date":"2022-10-26","commitResults":[{"hash":"b6fb9a617fdabaa91a5b4757cd38f6a954f28041","messageTitle":"Update GUI for task cards","messageBody":"","fileTypesAndContributionMap":{"functional-code":{"insertions":93,"deletions":42}}},{"hash":"fe2f1bbdfed0c9dbbc301b8918cfacb03e229a4d","messageTitle":"Change font for Task Card","messageBody":"","fileTypesAndContributionMap":{"functional-code":{"insertions":21,"deletions":18}}},{"hash":"8939e74232a1a8351378a68adfb7e160add4ecb4","messageTitle":"Change position of task name and module","messageBody":"","fileTypesAndContributionMap":{"functional-code":{"insertions":27,"deletions":27}}},{"hash":"0e08508094e1f51c62abe04049dbf6baefe61902","messageTitle":"Update UserGuide.md","messageBody":"","fileTypesAndContributionMap":{"docs":{"insertions":81,"deletions":13}}}]},{"date":"2022-10-27","commitResults":[{"hash":"ae358f643a59ba3d94e7a0567e6da238fdb147a4","messageTitle":"Update UserGuide.md","messageBody":"","fileTypesAndContributionMap":{"docs":{"insertions":22,"deletions":15}}},{"hash":"97e0b55bd76338d5533076df77b5d15854221db3","messageTitle":"Update UserGuide.md","messageBody":"","fileTypesAndContributionMap":{"docs":{"insertions":4,"deletions":0}}},{"hash":"663f0f125b583c4a65279c52889987ee3fec1c52","messageTitle":"Update UserGuide.md","messageBody":"","fileTypesAndContributionMap":{"docs":{"insertions":28,"deletions":25}}},{"hash":"9546bc3fd34626925c0303a2893963e36bba090d","messageTitle":"Fix bugs regarding the checkbox and improve edit command","messageBody":"","fileTypesAndContributionMap":{"functional-code":{"insertions":65,"deletions":37}}},{"hash":"b55c89bd3ea0a15775d1a008831f5d383bc7f03f","messageTitle":"Update error message","messageBody":"","fileTypesAndContributionMap":{"functional-code":{"insertions":31,"deletions":12}}},{"hash":"f74e5cfccf9c4411dc6dd6da9e88a9c07594279d","messageTitle":"Disable checkbox and fix opacity","messageBody":"","fileTypesAndContributionMap":{"functional-code":{"insertions":5,"deletions":2}}},{"hash":"627b31995e85d155ec2db9c6c85b34d291ac1f3d","messageTitle":"Remove unused imports","messageBody":"","fileTypesAndContributionMap":{"functional-code":{"insertions":0,"deletions":2}}},{"hash":"f8755ba5f419cea4c57554dc1fb1777465bff7fd","messageTitle":"Update the command format","messageBody":"","fileTypesAndContributionMap":{"functional-code":{"insertions":16,"deletions":12}}},{"hash":"e18a2f3e279bdc8e567bab397c7dc00029402117","messageTitle":"Update UserGuide.md","messageBody":"","fileTypesAndContributionMap":{"docs":{"insertions":27,"deletions":6}}},{"hash":"03d0d7c5ae91553776b9ed66fd8169a077b71db1","messageTitle":"Fix heading","messageBody":"","fileTypesAndContributionMap":{"docs":{"insertions":0,"deletions":1}}},{"hash":"804d78f926586b71f425db446e05c8a9a7985570","messageTitle":"Fix typo","messageBody":"","fileTypesAndContributionMap":{"docs":{"insertions":1,"deletions":1}}}]},{"date":"2022-10-30","commitResults":[{"hash":"a2f5b96a75d68f5acbdaeb539a8b983bebf1d285","messageTitle":"Add JUnit tests for MarkCommand and UnmarkCommand","messageBody":"","fileTypesAndContributionMap":{"functional-code":{"insertions":10,"deletions":4},"test-code":{"insertions":419,"deletions":32}}},{"hash":"5f025826c6789e030ce6f5777d458ed3c19bb4e3","messageTitle":"Add JUnit tests for EditTaskCommandParser, MarkCommandParser and UnmarkCommandParser","messageBody":"","fileTypesAndContributionMap":{"functional-code":{"insertions":14,"deletions":3},"test-code":{"insertions":663,"deletions":5}}},{"hash":"43dcc4b25ddb54baf2817090ea4850b5b62be033","messageTitle":"Improve code quality for test classes","messageBody":"","fileTypesAndContributionMap":{"test-code":{"insertions":224,"deletions":171}}}]},{"date":"2022-10-31","commitResults":[{"hash":"6982a1ef5ce6b2f326637db807673c282ebc3bbc","messageTitle":"Add JUnit test for TaskStatus","messageBody":"","fileTypesAndContributionMap":{"functional-code":{"insertions":7,"deletions":4},"test-code":{"insertions":73,"deletions":0}}}]},{"date":"2022-11-01","commitResults":[{"hash":"52f15e95f1b0d73d5e302ccc2e711a8bdfc10346","messageTitle":"Fix checkstyle error","messageBody":"","fileTypesAndContributionMap":{"test-code":{"insertions":12,"deletions":12}}},{"hash":"b3e9d9d34f3c5880ba15847e9e9980c6ff24f678","messageTitle":"Fix checkstyle error","messageBody":"","fileTypesAndContributionMap":{"test-code":{"insertions":4,"deletions":3}}}]},{"date":"2022-11-02","commitResults":[{"hash":"2ea1278f95a3820768fdd33f8f25a80d6fae3467","messageTitle":"Add JUnit tests for DistinctTaskList, Task, JSonAdaptedTask and TaskDescription","messageBody":"","fileTypesAndContributionMap":{"functional-code":{"insertions":26,"deletions":5},"test-code":{"insertions":566,"deletions":1}}}]},{"date":"2022-11-03","commitResults":[{"hash":"56622ea4f07a81a801d8090eaef9ad1bb4a3c26f","messageTitle":"Fix checkstyle error and add tests for mark and unmark methods","messageBody":"","fileTypesAndContributionMap":{"functional-code":{"insertions":37,"deletions":4},"test-code":{"insertions":34,"deletions":9}}},{"hash":"d6688736c8ab010100b816fb7f1eb7f8078ce155","messageTitle":"Add tests for ParserUtil","messageBody":"","fileTypesAndContributionMap":{"functional-code":{"insertions":7,"deletions":17},"test-code":{"insertions":301,"deletions":0}}},{"hash":"23325499a177c4bd959e0edea2b9a310037dfce8","messageTitle":"Make some changes based on the comments","messageBody":"","fileTypesAndContributionMap":{"functional-code":{"insertions":5,"deletions":5}}}]},{"date":"2022-11-04","commitResults":[{"hash":"bd2b17259cdd9345f49d7d8d777b401d5a476802","messageTitle":"Add tests for Exam and DistinctTaskList","messageBody":"","fileTypesAndContributionMap":{"functional-code":{"insertions":39,"deletions":17},"test-code":{"insertions":370,"deletions":2}}},{"hash":"80d4b44720b03fcb6391f5c24295c4801f3e4168","messageTitle":"Update PPP","messageBody":"","fileTypesAndContributionMap":{"docs":{"insertions":21,"deletions":12}}},{"hash":"1cc45e730613a404525b31a0c44359c34db19145","messageTitle":"Correct the failed test for DistinctTaskList","messageBody":"","fileTypesAndContributionMap":{"functional-code":{"insertions":1,"deletions":1},"test-code":{"insertions":7,"deletions":8}}}]},{"date":"2022-11-05","commitResults":[{"hash":"6b00ecafe7b097417b2814340bb91522660e4df8","messageTitle":"Fix bug regarding integer overflow","messageBody":"","fileTypesAndContributionMap":{"functional-code":{"insertions":3,"deletions":7}}},{"hash":"f7d06dfc52747133bd0c42c330afaf03dca9bfdf","messageTitle":"Fix tests affected","messageBody":"","fileTypesAndContributionMap":{"functional-code":{"insertions":1,"deletions":3},"test-code":{"insertions":21,"deletions":6}}},{"hash":"cd3a2c7f24459feb15c01088435652208e07d21f","messageTitle":"Fix failed test due to changes in TypicalTasks","messageBody":"","fileTypesAndContributionMap":{"test-code":{"insertions":1,"deletions":1}}},{"hash":"f932dd52322f7bc773d54ed9dc0abd33b88bf3fb","messageTitle":"Fix bug for ExamCard","messageBody":"","fileTypesAndContributionMap":{"functional-code":{"insertions":3,"deletions":1}}}]},{"date":"2022-11-06","commitResults":[{"hash":"383bb0f1e99601ce44025093a6085a5fd004d997","messageTitle":"Fix bug regarding error message","messageBody":"","fileTypesAndContributionMap":{"functional-code":{"insertions":35,"deletions":5}}},{"hash":"7e4b7138f1a167b531de10e836f00a256a207518","messageTitle":"Fix tests","messageBody":"","fileTypesAndContributionMap":{"test-code":{"insertions":18,"deletions":10}}}]}],"Sampy147":[{"date":"2022-09-29","commitResults":[{"hash":"17a44e2b964ee329458eb985c93be6efdffc0259","messageTitle":"Add image sampy147.png and details to AboutUs.md","messageBody":"","fileTypesAndContributionMap":{"docs":{"insertions":9,"deletions":0}}}]},{"date":"2022-09-30","commitResults":[{"hash":"0371664bd9c4bbf81fceb0d923995b931d0d2355","messageTitle":"Add skeletal PPP","messageBody":"Make a new skeletal PPP file to show individual contributions.\n","fileTypesAndContributionMap":{"docs":{"insertions":34,"deletions":46}}},{"hash":"b2b2c136a47dd42430a41f967322d35109d64cc0","messageTitle":"Update AboutUs","messageBody":"AboutUs page lacked the github portfolio details for sampy147.\nRectified the AboutUs page to include these details.\n","fileTypesAndContributionMap":{"docs":{"insertions":1,"deletions":0}}},{"hash":"5bf9e1f434c0b91365e812d1f20c5ec60f35b092","messageTitle":"Update UserGuide Add the delete task function and the function details into UserGuide.","messageBody":"","fileTypesAndContributionMap":{"docs":{"insertions":25,"deletions":5}}},{"hash":"e83338ffae7ddb4ae8b1609411f31acdc577e6a2","messageTitle":"Update DeveloperGuide","messageBody":"Add delete task function of MODpro and relevant details under user stories\nand use cases.\n","fileTypesAndContributionMap":{"docs":{"insertions":38,"deletions":24}}}]},{"date":"2022-10-11","commitResults":[{"hash":"974557dd51620950baf8a009e5a1ea89ea79fee0","messageTitle":"Add delete task and delete module commands","messageBody":"Add delete task command feature which supports the deletion\nof tasks from the address book. With this feature, unwanted\ntasks can be removed easily.\n\nAdd delete module command feature which supports the deletion\nof modules from the address book. Unwanted modules can now be\nremoved easily.\n","fileTypesAndContributionMap":{"functional-code":{"insertions":290,"deletions":16},"test-code":{"insertions":242,"deletions":0}}},{"hash":"d571d23e349dddb527b2924ba6bd48af1ff8d119","messageTitle":"Change some method headers for better code quality","messageBody":"","fileTypesAndContributionMap":{"functional-code":{"insertions":2,"deletions":2}}},{"hash":"5f18fb3614a31b02c32ddf88fc150512b01c76fa","messageTitle":"Add newline to some classes to pass github CI test","messageBody":"Modify DeleteModuleCommandTest class and DeleteTaskCommandTest\nclass with newline at end of file to pass github CI test.\n","fileTypesAndContributionMap":{"test-code":{"insertions":2,"deletions":2}}},{"hash":"3fee3ace51e1dd5fcaa6e3763b7714bd81657b66","messageTitle":"Resolve checkstyle errors","messageBody":"Checkstyle errors such as unused imports and incorrect\nlexicographical ordering of imports are flagged out by the build\nmethod of gradle and are now rectified.\n","fileTypesAndContributionMap":{"functional-code":{"insertions":6,"deletions":20},"test-code":{"insertions":1,"deletions":31}}}]},{"date":"2022-10-14","commitResults":[{"hash":"ad2c4f08df46b34fa097fcb26f0ca88dcf5f9569","messageTitle":"Add edit module command","messageBody":"In order to allow users to not only edit tasks but modules as well,\nthe edit module functionality is implemented. This allows for\ngreater flexibility when a particular module was named wrongly,\nand skips the steps of module deletion and then creation through\nthe use of a single edit step.\n","fileTypesAndContributionMap":{"functional-code":{"insertions":269,"deletions":0},"test-code":{"insertions":10,"deletions":0}}}]},{"date":"2022-10-18","commitResults":[{"hash":"3f8572d24caa028a4a6b738c8e964bf177e860cb","messageTitle":"Change isSameModuleCode method name to isSameModule","messageBody":"Change isSameModuleCode method name in Module.java to be\nisSameModule to improve consistency and readability. Files\naffected by this name change were also modified. The\neditCommandModule class was changed as well to better respond\nto users when there is an erroneous input.\n","fileTypesAndContributionMap":{"functional-code":{"insertions":24,"deletions":18}}},{"hash":"2d68c1e4a44d1c8dbe33de3a84c7223f6d676a97","messageTitle":"Fix checkstyle errors","messageBody":"Fix checkstyle errors such as unused imports and improper\nindentation.\n","fileTypesAndContributionMap":{"functional-code":{"insertions":1,"deletions":3}}}]},{"date":"2022-10-21","commitResults":[{"hash":"0de55002e73ebbbe6ce663ef95cc07f8b5b7a2eb","messageTitle":"Update Developer Guide","messageBody":"Update Develoer Guide with the Delete Module feature as well as\nthe Edit Module feature.\n","fileTypesAndContributionMap":{"docs":{"insertions":37,"deletions":2}}}]},{"date":"2022-10-23","commitResults":[{"hash":"9bf264d21760667f782cd53cc83a346d18c8bb09","messageTitle":"Add module name and module credit fields","messageBody":"Modified the module class to accomodate module name and module credit\nfields. Modified classes such as AddModuleCommand and\nEditModuleCommand and their respective parser classes to\naccomodate these new fields. The storage was also modifed via the\nJsonAdaptedModule to save and process these fields, and the UI was\nchanged to diaplay these fields.\n","fileTypesAndContributionMap":{"functional-code":{"insertions":386,"deletions":40}}},{"hash":"5432736f2d8174c2a076bfde674edb63c2506be4","messageTitle":"Modify the edit module success message","messageBody":"","fileTypesAndContributionMap":{"functional-code":{"insertions":4,"deletions":2}}},{"hash":"c1738124ad5c1c0faa164b73ffbb18b4c2a258b4","messageTitle":"Remove unnecessary method in DistinctModuleList class","messageBody":"","fileTypesAndContributionMap":{"functional-code":{"insertions":0,"deletions":14}}}]},{"date":"2022-10-24","commitResults":[{"hash":"1ecdff3e542e886c9abddad2725bf72589dbfa46","messageTitle":"Change methods based on pull request comments","messageBody":"Changed the prefix for module name in CliSyntax class to simplifiy\nthe input the user keys in and changed the execption thrown in the\ntoModelType method in JsonAdaptedModule class to reflect a more\naccurate type of exception.\n","fileTypesAndContributionMap":{"functional-code":{"insertions":3,"deletions":3}}},{"hash":"13df088ed42dc46f4b9ae98e913d8d968ce1838b","messageTitle":"Remove unused import","messageBody":"","fileTypesAndContributionMap":{"functional-code":{"insertions":0,"deletions":1}}}]},{"date":"2022-10-26","commitResults":[{"hash":"41810e313232632d62894d4bce190970bb4bad4d","messageTitle":"Update edit module feature","messageBody":"Modified the edit module feature by taking into account the\nimplications on exams and tasks tied to this\nmodule when the module code is modified. In general, a successful\nchange of the module code will result in the module field of tasks\nand exams to change accordingly as well.This is done to ensure\ntasks and exams have a valid and existing module field.\n","fileTypesAndContributionMap":{"functional-code":{"insertions":131,"deletions":5},"test-code":{"insertions":10,"deletions":0}}},{"hash":"8befb73e93eff7db3cf638275033d9e9f832d072","messageTitle":"Fix checkstyle errors","messageBody":"","fileTypesAndContributionMap":{"functional-code":{"insertions":18,"deletions":8}}}]},{"date":"2022-10-27","commitResults":[{"hash":"4856cd062429f2e94a539953fc95dee52d8a992a","messageTitle":"Modify list panels and app layout UI","messageBody":"Modifications were made primarily on MainWindow.fxml,\nmultiple listpanels fxml files and DarkTheme.css to change the UI.\nThe colour scheme, each list panel portion, the input container\nand result container were changed for a more aesthetic and\npresentable display.\n","fileTypesAndContributionMap":{"functional-code":{"insertions":110,"deletions":27}}},{"hash":"53fe9300203043e430905c76fa6f754da36e3478","messageTitle":"Format code of MainWindow.fxml for readability","messageBody":"","fileTypesAndContributionMap":{"functional-code":{"insertions":1,"deletions":1}}},{"hash":"4cb8bb2c0796821d34c8ae4b1111577db434b97b","messageTitle":"Add new line at end of file to pass build tests","messageBody":"","fileTypesAndContributionMap":{"functional-code":{"insertions":1,"deletions":1}}},{"hash":"ed74855231857e6cc08d1fc57d4ab3191bdce0be","messageTitle":"Modify edit module feature","messageBody":"Modified the edit module command and command parser class to\nprovide more guided messages to the user in the case of an\nincorrect user input. The module code prefix and module name\nprefix were also changed to more intuitive characters to improve\nuser friendliness.\n","fileTypesAndContributionMap":{"functional-code":{"insertions":22,"deletions":12}}},{"hash":"3c0754d66dcf18579401235911364d680ff0769e","messageTitle":"Rectify checkstyle error","messageBody":"","fileTypesAndContributionMap":{"functional-code":{"insertions":2,"deletions":1}}}]},{"date":"2022-10-28","commitResults":[{"hash":"b93ab1c4c1c7b26b7f53a1c3f028a8c01ae91904","messageTitle":"Update delete module and edit module feature","messageBody":"The delete module feature was modified in a way such that the\ndeletion of a module would result in the deletion of tasks and\nexams related to it. This feature is also augmented with more\nguiding messages for the user, to improve user friendliness.\nThe command message usage is changed for both edit module\nand delete module features.\n","fileTypesAndContributionMap":{"functional-code":{"insertions":114,"deletions":8},"test-code":{"insertions":12,"deletions":0}}},{"hash":"41879c828537aeeb8180926479651dfc02708c20","messageTitle":"Rectify checkstyle error","messageBody":"","fileTypesAndContributionMap":{"functional-code":{"insertions":0,"deletions":1}}},{"hash":"7a6758428fad03cc5dcb83d09391a79ea55e1a24","messageTitle":"Update Edit Task feature with more messages","messageBody":"Updated Edit Task feature to be more user friendly by providing\nmore helpful messages when user enters a wrong input. The command\nmessage usage was also changed to be consistent with the current\ncommand format.\n","fileTypesAndContributionMap":{"functional-code":{"insertions":19,"deletions":5}}},{"hash":"151b4e6fb300592c06c254a44146cd4f66a4ab85","messageTitle":"Update UG with delete, edit module and edit task","messageBody":"","fileTypesAndContributionMap":{"docs":{"insertions":51,"deletions":6}}},{"hash":"3b6b81f93982fa0436b6d359d5d3b8ffa4e88641","messageTitle":"Change prefixed in CliSyntax","messageBody":"","fileTypesAndContributionMap":{"functional-code":{"insertions":2,"deletions":2}}}]},{"date":"2022-11-03","commitResults":[{"hash":"5a6c3e2064af9acbc18468db576c1c5aaf75fc85","messageTitle":"Amend bug for edit module feature","messageBody":"Initially, when the edit module command is called, all exams with\nthe module to be edited has their module field changed to the\nedited module. Also, all tasks with the module to be edited has\ntheir module field changed to the edited module. However the\noriginal links between these tasks and exams were not preserved.\n\nTo ensure these links are preserved, the DistinctTaskList and\nDistinctExamList classes were augmented with methods to check\nthese links.\n","fileTypesAndContributionMap":{"functional-code":{"insertions":72,"deletions":13}}},{"hash":"863a0b1bf4e3f419d5efe9a0d1b436c2f6a8b598","messageTitle":"Amend incorrect javadocs in Module.java","messageBody":"","fileTypesAndContributionMap":{"functional-code":{"insertions":2,"deletions":2}}}]},{"date":"2022-11-04","commitResults":[{"hash":"768f671d8530051ac5ce0d4b6af45b28c5848bf6","messageTitle":"rename edit method in task for clarity","messageBody":"","fileTypesAndContributionMap":{"functional-code":{"insertions":5,"deletions":4}}},{"hash":"f19b8cec3359b4ec7a39c12bd92ffe35b4954b0f","messageTitle":"Amend tests in TaskTest.java","messageBody":"","fileTypesAndContributionMap":{"functional-code":{"insertions":5,"deletions":2},"test-code":{"insertions":7,"deletions":5}}},{"hash":"d15ae834715fa9d03241a7c34abebdc5b73e6377","messageTitle":"edit-PPP","messageBody":"","fileTypesAndContributionMap":{"docs":{"insertions":20,"deletions":15}}}]}],"dlimyy":[{"date":"2022-09-28","commitResults":[{"hash":"91a1004963edf4f55381e8b1102d7f4e72af053b","messageTitle":"Update user guide to include tagging feature","messageBody":"Added tagging feature into UG and change the description of UG from\naddressbook to modpro.\n","fileTypesAndContributionMap":{"docs":{"insertions":22,"deletions":161}}},{"hash":"e274d4dbba3b8014ddebf71d17cea7a0b1d86934","messageTitle":"Add skeletal PPP","messageBody":"Added skeletal PPP which tracks contributions towards the project.\n","fileTypesAndContributionMap":{"docs":{"insertions":34,"deletions":0}}},{"hash":"acc6fcc6fa207f555bbd78a76ad7b2fb11192ecb","messageTitle":"Update AboutUs page","messageBody":"Added photo, changed name and added roles and responsibilities.\n","fileTypesAndContributionMap":{"docs":{"insertions":6,"deletions":6}}}]},{"date":"2022-09-29","commitResults":[{"hash":"8d4996efd5e6db73e38e778424f6b29772287221","messageTitle":"Update Readme","messageBody":"Changed image of README to MODPRO UI mockup image and changed content\nto match MODPRO details.\n","fileTypesAndContributionMap":{"docs":{"insertions":7,"deletions":8}}},{"hash":"9e531cb7bf1609e08f73228bad50f63fc2cad865","messageTitle":"Update build status badge and add codecov badge","messageBody":"Updated build status badge and added codecov badge.\n","fileTypesAndContributionMap":{"docs":{"insertions":2,"deletions":1}}},{"hash":"1c9ff0047f65dde8ff1adb66fe3ef143b6e95f4b","messageTitle":"Update DG","messageBody":"Added user story for tagging and use case for tagging.\n","fileTypesAndContributionMap":{"docs":{"insertions":24,"deletions":13}}},{"hash":"e8f381a5d720aab7eb2b1d2ec7f9d8e17c14f288","messageTitle":"Remove redundant entry in aboutus","messageBody":"Removed redundant entry in AboutUs.\n","fileTypesAndContributionMap":{"docs":{"insertions":0,"deletions":10}}}]},{"date":"2022-09-30","commitResults":[{"hash":"7179757e697f072dbb6dca52871628dbdcb16946","messageTitle":"Update tag feature in UG","messageBody":"Changed tagging description from order of task to priority of task.\n","fileTypesAndContributionMap":{"docs":{"insertions":19,"deletions":20}}},{"hash":"a852d43b77d822dcf4079bb3f9413a5266cb3e3c","messageTitle":"Update tagging use case","messageBody":"Update tagging use case and user story and updated NFR.\n","fileTypesAndContributionMap":{"docs":{"insertions":11,"deletions":11}}}]},{"date":"2022-10-06","commitResults":[{"hash":"70a2e05bacb7f4150ff5ddc8d03656c87f560e11","messageTitle":"Add Module class and AddModuleCommand class","messageBody":"Added Module class and AddModuleCommand class. Storage was also\nchanged to handle module class.\n","fileTypesAndContributionMap":{"functional-code":{"insertions":457,"deletions":15}}},{"hash":"8d472de464dfd6915c85043df03c9267e4ef8ba6","messageTitle":"Update some test classes","messageBody":"Changed some test classes to account for new Module related classes\nadded.\n","fileTypesAndContributionMap":{"test-code":{"insertions":23,"deletions":0}}},{"hash":"3d9ee645da8a1d3e067ad258bd716f6db23c6c9d","messageTitle":"Add EOF at end of ModuleListCard.fxml","messageBody":"Added EOF at end of ModuleListCard.fxml to fix issue with CI.\n","fileTypesAndContributionMap":{"functional-code":{"insertions":1,"deletions":1}}}]},{"date":"2022-10-07","commitResults":[{"hash":"a9c7e50c0b638f10763d052facd0c0acaadd0c6f","messageTitle":"Update checkstyle for classes modified","messageBody":"Made some changes to the checkstyle of the classes which have\nbeen added and modified.\n","fileTypesAndContributionMap":{"functional-code":{"insertions":139,"deletions":29}}}]},{"date":"2022-10-09","commitResults":[{"hash":"789646df05366205d8b84a8e19187aef93d85cee","messageTitle":"Add Task class and update classes in storage","messageBody":"Added Task and TaskDescription classes. Made some changes\nto classes in storage.\n","fileTypesAndContributionMap":{"functional-code":{"insertions":378,"deletions":22}}},{"hash":"b0d5c1f1bcb74c0e62147eaf3b1f92bd5a76757d","messageTitle":"Update test classes","messageBody":"Updated test classes to handle newly added Task class.\n","fileTypesAndContributionMap":{"test-code":{"insertions":12,"deletions":0}}},{"hash":"4588ab44c47ebe5326bb0103b0293c940e206730","messageTitle":"Fix test classes to fix issue with codecov","messageBody":"Commented out test methods which caused issues.\n","fileTypesAndContributionMap":{"test-code":{"insertions":43,"deletions":43}}}]},{"date":"2022-10-13","commitResults":[{"hash":"1e43e31c13552ed8cdbe0d53e3b72262075e2a1e","messageTitle":"Add tagging feature for task","messageBody":"Added tagging feature for tasks. Updated command word\nfor AddModuleCommand class.\n","fileTypesAndContributionMap":{"functional-code":{"insertions":293,"deletions":35}}}]},{"date":"2022-10-14","commitResults":[{"hash":"98569326b113c217420e76c8249af498b97cfe53","messageTitle":"Update AddTagCommandParser prefix present method","messageBody":"Modified prefix matching method to areAnyPrefixesPresent and removed\ntry catch block to show specific error message for adding tag.\n","fileTypesAndContributionMap":{"functional-code":{"insertions":14,"deletions":19}}},{"hash":"cda21cedb5e957ad62a69736515390d782a56fea","messageTitle":"Update StringUtil.java","messageBody":"Removed redundant method merged when resolving merge conflicts","fileTypesAndContributionMap":{"functional-code":{"insertions":0,"deletions":14}}},{"hash":"37d27f8f503ee46da840a38e4621f2b0aa05b776","messageTitle":"Fix issue with duplicate method in AddCommandTest","messageBody":"Removed duplicate method added when merging.","fileTypesAndContributionMap":{"test-code":{"insertions":0,"deletions":5}}}]},{"date":"2022-10-17","commitResults":[{"hash":"d4d4b4adc925a80cf8a669cd5eeb8750c754a3f8","messageTitle":"Add deadline tag","messageBody":"Added DeadlineTag class and added DeadlineTag object to the\nAddTagCommand class.\n","fileTypesAndContributionMap":{"functional-code":{"insertions":193,"deletions":18}}}]},{"date":"2022-10-18","commitResults":[{"hash":"c16e748f72295a613a6f5744720ec192b2409950","messageTitle":"Update JsonAdaptedTask to handle valid deadlines","messageBody":"Updated JsonAdaptedTask to handle all valid deadlines keyed in by\nuser in Json file. Changed DateTimeFormatter in all classes to\neliminate bug where invalid date entries are accepted.\n","fileTypesAndContributionMap":{"functional-code":{"insertions":19,"deletions":9}}}]},{"date":"2022-10-19","commitResults":[{"hash":"19e82200dbb93fa1afc2c4da8cd83c7c94a2e5dc","messageTitle":"Add sorting feature","messageBody":"Added ability to sort by priority, deadline, module code and\ntask description.\n","fileTypesAndContributionMap":{"functional-code":{"insertions":185,"deletions":6}}},{"hash":"0961e5b99ff45a3e4a861f5fa4fe0f2e5b8ee634","messageTitle":"Fix issue with test checkstyle","messageBody":"Fixed issue with checkstyle as sortTaskList method was not implemented for\nstub.\n","fileTypesAndContributionMap":{"test-code":{"insertions":5,"deletions":0}}},{"hash":"b41efef8d0cd16ffd1312a26484b5d49adda0448","messageTitle":"Resolve merge conflicts in test classes","messageBody":"Resolved merge conflict in AddCommandTest class.\n","fileTypesAndContributionMap":{"functional-code":{"insertions":1,"deletions":1},"test-code":{"insertions":3,"deletions":3}}}]},{"date":"2022-10-20","commitResults":[{"hash":"1a86e5f13f5bc7bf2636b9a36b99e65b379cf014","messageTitle":"Add link exam feature","messageBody":"Added LinkExamCommand class and LinkExamCommandParser to allow\nlinking of task to the exam. Added ability for GUI to display\nthe exam that the task is linked.\n","fileTypesAndContributionMap":{"functional-code":{"insertions":435,"deletions":72},"test-code":{"insertions":1,"deletions":6}}}]},{"date":"2022-10-21","commitResults":[{"hash":"b59ac6240e86fdbecf2721499a1a11ea2712e043","messageTitle":"Add sort feature implementation in DG","messageBody":"Updated DG to include sort command implementation.\n","fileTypesAndContributionMap":{"docs":{"insertions":115,"deletions":0}}},{"hash":"0c8818484b2c96c3e3206c33722afd8157907c28","messageTitle":"Add EOF at end of SortTaskCommandSequenceDiagram","messageBody":"Included EOF at end of SortTaskCommandSequenceDiagram.\n","fileTypesAndContributionMap":{"docs":{"insertions":1,"deletions":1}}},{"hash":"b3702bb148ef18fabe54b81b0d034997b91d43f1","messageTitle":"Update JsonAdaptedExam class","messageBody":"Removed JsonAdaptedLinkedTask and changed JsonSerializableAddressBook\nto handle differences in the way Exam object is stored.\n","fileTypesAndContributionMap":{"functional-code":{"insertions":37,"deletions":129}}},{"hash":"8b1b521e8fa5e99c6db300ec081a7574502792cd","messageTitle":"Enable assertions in build.gradle","messageBody":"Enabled assertions in build.gradle file and fix bug where assert\nstatement always threw AssertionError.\n","fileTypesAndContributionMap":{"functional-code":{"insertions":2,"deletions":2},"other":{"insertions":4,"deletions":0}}},{"hash":"ced28b3ab5e635add2c1f649d6ab57ac2ee6061b","messageTitle":"Update sorting feature to include Criteria class","messageBody":"Included Criteria class in sorting feature.\n","fileTypesAndContributionMap":{"functional-code":{"insertions":86,"deletions":21},"test-code":{"insertions":3,"deletions":2}}}]},{"date":"2022-10-23","commitResults":[{"hash":"18dcfcd2ced03199fc51fd70684d10f9411747bd","messageTitle":"Add edit tag feature","messageBody":"Added edit tag feature and added null check for\nAddTagCommandParser class.\n","fileTypesAndContributionMap":{"functional-code":{"insertions":222,"deletions":0}}}]},{"date":"2022-10-24","commitResults":[{"hash":"f0ff077da496073e21ef53c147afbdc88805a298","messageTitle":"Add delete tag feature","messageBody":"Added DeleteTagCommandParser class and DeleteTagCommand classes.\nMade some small changes to EditTagCommandParser class.\n","fileTypesAndContributionMap":{"functional-code":{"insertions":208,"deletions":8}}}]},{"date":"2022-10-25","commitResults":[{"hash":"ab0050e3a2cf4e4e83a1cdde240b02e87109faa0","messageTitle":"Remove duplicate keyword message","messageBody":"Removed duplicate keywords message and allowed\nduplicate keywords to not throw an error.\n","fileTypesAndContributionMap":{"functional-code":{"insertions":0,"deletions":4}}}]},{"date":"2022-10-26","commitResults":[{"hash":"fba2c41de949f5f7634698ae7796322b9eaba026","messageTitle":"Update help window","messageBody":"Updated help window to include all commands.\n","fileTypesAndContributionMap":{"functional-code":{"insertions":181,"deletions":33}}},{"hash":"d192d72b7a2943b3052d7ef83461428d1914ad33","messageTitle":"Include newline at EOF for HelpWindow.css","messageBody":"Included newline at EOF.\n","fileTypesAndContributionMap":{"functional-code":{"insertions":1,"deletions":1}}},{"hash":"fd9c7aa3d71a854b533f7d41d96a05d2234bbf57","messageTitle":"Make some formatting changes in HelpWindow.fxml","messageBody":"Corrected typos in task to tasks and made some formatting\nchanges.\n","fileTypesAndContributionMap":{"functional-code":{"insertions":6,"deletions":4}}},{"hash":"7067348ae0e697d783b5220e6f927f5859d603f2","messageTitle":"Update command formats","messageBody":"Updated command formats in AddressBookParser class.\n","fileTypesAndContributionMap":{"functional-code":{"insertions":98,"deletions":125}}}]},{"date":"2022-10-27","commitResults":[{"hash":"07ff7286a63d79305e87b17cc5c084774623f4fa","messageTitle":"Fix checkstyle errors","messageBody":"Fixed errors with variable access definition.\n","fileTypesAndContributionMap":{"functional-code":{"insertions":6,"deletions":6}}},{"hash":"318a50f4157d5a9d04242ea9094bb454114d4b2d","messageTitle":"Fix issue with failing tests","messageBody":"Fixed issues where certain tests fail.\n","fileTypesAndContributionMap":{"test-code":{"insertions":6,"deletions":0}}},{"hash":"840c3cdd0f44a7a830f53603f693eab0ae1201eb","messageTitle":"Remove unused imports","messageBody":"Removed unused imports in test classes.\n","fileTypesAndContributionMap":{"test-code":{"insertions":0,"deletions":39}}},{"hash":"1c379a0bfff5b2fea10aa0eea8a1605c8da123b5","messageTitle":"Update to detect whitespace characters","messageBody":"Update tag delete feature to handle detection\nof multiple whitespace characters between keywords.\n","fileTypesAndContributionMap":{"functional-code":{"insertions":1,"deletions":1}}},{"hash":"fc1faf9483f919c58afe655e3074dc151009241b","messageTitle":"Add check for number of keywords","messageBody":"Checked if number of keywords used is more than 2 or less than 1.\n","fileTypesAndContributionMap":{"functional-code":{"insertions":6,"deletions":1}}},{"hash":"c88d2f6f9ecc8a9401bc11ffd4a8f9ef1da8e2f0","messageTitle":"Update GUI for list containers","messageBody":"Changed colour for list view cells and fixed bug where module\nname does not text wrap.\n","fileTypesAndContributionMap":{"functional-code":{"insertions":207,"deletions":199}}},{"hash":"bd2ca49a82a3b3d29e73be552a2a3dc5c748b3cf","messageTitle":"Add name of fields in cards","messageBody":"Added name of fields in cards.\n","fileTypesAndContributionMap":{"functional-code":{"insertions":19,"deletions":32}}},{"hash":"b866efd093db62a3af016a412a4914960fdef4b1","messageTitle":"Update to handle case where list is empty","messageBody":"Updated to handle case where list is empty.\n","fileTypesAndContributionMap":{"functional-code":{"insertions":5,"deletions":0}}},{"hash":"1e283a1a4a5afbf3a654a4d71d418d808823ca26","messageTitle":"Update deadline exception messages","messageBody":"Updated deadline exception messages and modified\ncommand format for message usages for all tags.\n","fileTypesAndContributionMap":{"functional-code":{"insertions":36,"deletions":17}}},{"hash":"41693e609d7e8ed33920f087e4278ff4cbd1c95f","messageTitle":"Add more exception messages for different indexes","messageBody":"Added more exception messages to handle non-negative indexes\nfor either exam or task.\n","fileTypesAndContributionMap":{"functional-code":{"insertions":15,"deletions":3}}},{"hash":"ead54afda1c574bcc81e45d81a7f1dd20f9cd442","messageTitle":"Fix issue with dateFormat","messageBody":"Changed regex to allow invalid months to be caught as wrong format.\n","fileTypesAndContributionMap":{"functional-code":{"insertions":2,"deletions":1}}},{"hash":"e1bd083fec7e0dd3a94b064eda821223288cc5b7","messageTitle":"Update date format exception message","messageBody":"Update date format exception message for deadline tag.\n","fileTypesAndContributionMap":{"functional-code":{"insertions":2,"deletions":1}}},{"hash":"ddb0e6fe4f415abe123bf8946d50830f36b81243","messageTitle":"Fix checkstyle error","messageBody":"Fixed checkstyle error for deadline tag.\n","fileTypesAndContributionMap":{"functional-code":{"insertions":3,"deletions":2}}},{"hash":"86b8eb78ffa106f80bbe3b5619887a53e7e556f0","messageTitle":"Update user guide","messageBody":"Added add module, add tag, edit tag, delete tag and link exam commands\ninto the user guide.\n","fileTypesAndContributionMap":{"docs":{"insertions":154,"deletions":11}}},{"hash":"f68a1aacaf576a108690ed3295943b8f3bc9bd19","messageTitle":"Add help command","messageBody":"Added help command into user guide.\n","fileTypesAndContributionMap":{"docs":{"insertions":10,"deletions":0}}},{"hash":"a746f37188f0bed40a8cf2e5e051fd6b7141bc3e","messageTitle":"Update message usage","messageBody":"Updated message usage for all tag commands, link exam, add module and\nsort task commands\n","fileTypesAndContributionMap":{"functional-code":{"insertions":9,"deletions":9}}},{"hash":"2a4482e9ee5d4f21bbcbfe97ceee04aa65a0cb6a","messageTitle":"Add type feature for example","messageBody":"Added type feature for command.\n","fileTypesAndContributionMap":{"functional-code":{"insertions":1,"deletions":1}}}]},{"date":"2022-10-28","commitResults":[{"hash":"443a51f0e1be520ff10d05d0ae1eb101389cd10d","messageTitle":"Update name of json file","messageBody":"Updated name of json file from addressbook.json to modpro.json\n","fileTypesAndContributionMap":{"functional-code":{"insertions":1,"deletions":1}}},{"hash":"4d5c06ce0554ed3148f453ab3087c51d13dc89d4","messageTitle":"Make final changes","messageBody":"Made changes to UG and message usage for command classes.\n","fileTypesAndContributionMap":{"functional-code":{"insertions":45,"deletions":38},"docs":{"insertions":18,"deletions":2}}},{"hash":"4dc0452e8392850f9e6fd377e2f4036da70914ba","messageTitle":"Update jar file link in UG","messageBody":"Updated jar file link in UG.\n","fileTypesAndContributionMap":{"docs":{"insertions":1,"deletions":1}}}]},{"date":"2022-11-01","commitResults":[{"hash":"c5316bb9b5c9d9d4622408e63ad2b97f71b62fd3","messageTitle":"Add AddTagCommandTest","messageBody":"Added AddTagCommandTest.\n","fileTypesAndContributionMap":{"functional-code":{"insertions":17,"deletions":1},"test-code":{"insertions":240,"deletions":7}}}]},{"date":"2022-11-02","commitResults":[{"hash":"95be6ac0d6eae7a0fae23aef76bc76da6c8cc0d2","messageTitle":"Revert changes","messageBody":"","fileTypesAndContributionMap":{"test-code":{"insertions":2,"deletions":0}}},{"hash":"e07c6c103e0f07bf4c0280bb4de288231c677b46","messageTitle":"Store revert changes","messageBody":"","fileTypesAndContributionMap":{"functional-code":{"insertions":1,"deletions":6}}},{"hash":"1ea524a2c5f85f332f6de55fa10307ddd59b3834","messageTitle":"Add tag tests","messageBody":"Added TagAddCommandTest, TagEditCommandTest, TagDeleteCommandTest,\nPriorityTagTest, DeadlineTagTest.\n","fileTypesAndContributionMap":{"functional-code":{"insertions":15,"deletions":7},"test-code":{"insertions":625,"deletions":67}}},{"hash":"9695911949cff53b21a79c628b003dda030a9a9e","messageTitle":"Fix bug regarding integer overflow","messageBody":"Fixed issue where integer overflow caused incorrect error message to\ndisplay.\n","fileTypesAndContributionMap":{"functional-code":{"insertions":6,"deletions":4}}},{"hash":"4bf566480ba9c12c57bb94b9932c46c6abda5786","messageTitle":"Fix checkstyle issues","messageBody":"Fixed checkstyle issues.\n","fileTypesAndContributionMap":{"functional-code":{"insertions":2,"deletions":2}}},{"hash":"3e3b46e62d6f3305b0342b10ef2485f22009c987","messageTitle":"Edit upper bound number","messageBody":"Fixed error in upper bound number to be one number higher.\n","fileTypesAndContributionMap":{"functional-code":{"insertions":1,"deletions":1}}},{"hash":"b52c19cafa5e67b7c1983d09437d923bff3dc015","messageTitle":"Fix bug where main list does not appear","messageBody":"Fixed bug where list disappeared after find and add are done back to\nback.\n","fileTypesAndContributionMap":{"functional-code":{"insertions":2,"deletions":0}}}]},{"date":"2022-11-03","commitResults":[{"hash":"bd31d2be1284a60b18172cac81ddc671df0cc96e","messageTitle":"Add Parser tests for all tag methods","messageBody":"Added parser tests for all tag features.\n","fileTypesAndContributionMap":{"functional-code":{"insertions":51,"deletions":19},"test-code":{"insertions":319,"deletions":0}}},{"hash":"46b0638562d1b7ab045283e87d69960af5bbb1a8","messageTitle":"Fix checkstyle issues","messageBody":"Fixed issues with unused imports.\n","fileTypesAndContributionMap":{"functional-code":{"insertions":0,"deletions":2}}},{"hash":"fd8d7a82eb876978d04a09f1c2962c6366914148","messageTitle":"Fix checkstyle issues in tests","messageBody":"Fixed some issues with the import statements order in test classes.\n","fileTypesAndContributionMap":{"test-code":{"insertions":35,"deletions":30}}},{"hash":"f92dcb39aa43be3eaa25c4ad8eab38922806d3e7","messageTitle":"Add Sort command and parser tests","messageBody":"Added tests for SortTaskCommand and SortTaskCommandParser.\n","fileTypesAndContributionMap":{"functional-code":{"insertions":15,"deletions":3},"test-code":{"insertions":174,"deletions":0}}},{"hash":"1a9f3fa78436b750a4c0b1a2bcf6d20d8cfcd7f8","messageTitle":"Add invalid index check for parser tests","messageBody":"","fileTypesAndContributionMap":{"functional-code":{"insertions":14,"deletions":10},"test-code":{"insertions":5,"deletions":10}}},{"hash":"a86481f0e52a9b7ea1091d717336479a445ab11b","messageTitle":"Add LinkExamCommand tests","messageBody":"Added LinkExamCommand and LinkExamCommandParser tests and\nadded tests for ModuleCode.\n","fileTypesAndContributionMap":{"functional-code":{"insertions":30,"deletions":14},"test-code":{"insertions":331,"deletions":8}}},{"hash":"c24c0c9a234c59e6c1c3323232209eab131a1c0c","messageTitle":"Add Module and DistinctModuleList tests","messageBody":"Added tests for both module and distinctmodulelist.\n","fileTypesAndContributionMap":{"functional-code":{"insertions":9,"deletions":20},"test-code":{"insertions":359,"deletions":143}}},{"hash":"79b061ddb51f34e79b9487a09b4886299813f251","messageTitle":"Add testing for add module command and parser","messageBody":"Added AddModuleCommandTest, AddModuleCommandIntegrationTest,\nAddModuleCommandParserTest and CriteriaTest.\n","fileTypesAndContributionMap":{"functional-code":{"insertions":7,"deletions":9},"other":{"insertions":1,"deletions":1},"test-code":{"insertions":571,"deletions":35}}},{"hash":"d675aaddc6a22c55815f5c91d430df3223a9ef9e","messageTitle":"Fix issues with tests","messageBody":"Fixed issues where tests failed for TaskTest and\nAddModuleCommandIntegrationTest.\n","fileTypesAndContributionMap":{"test-code":{"insertions":5,"deletions":5}}}]},{"date":"2022-11-04","commitResults":[{"hash":"7f7890e8d3a09c782f0cc4506d9e8eaea3bceb9e","messageTitle":"Add JsonAdaptedModule test","messageBody":"","fileTypesAndContributionMap":{"test-code":{"insertions":76,"deletions":0}}},{"hash":"5f18b7e477302e3a09ff2447a625f0fee7fdb072","messageTitle":"Update ppp","messageBody":"Updated PPP to include features implemented.\n","fileTypesAndContributionMap":{"docs":{"insertions":43,"deletions":10}}},{"hash":"3aa07ac9a84490c51547e88de47e1124f819b442","messageTitle":"Update JsonSerializableAddressBook test","messageBody":"Updated JsonSerializableAddressBook tests.\n","fileTypesAndContributionMap":{"functional-code":{"insertions":11,"deletions":1},"test-code":{"insertions":102,"deletions":30}}},{"hash":"a42f3315a2890fc7925989f9ce22e34e97af12f3","messageTitle":"Fix issue with EOF for json files","messageBody":"Fixed issues with EOF for all json files.\n","fileTypesAndContributionMap":{"test-code":{"insertions":4,"deletions":2}}},{"hash":"b0369ea32f9fdc3a54da7de3fd6f6223a65de794","messageTitle":"Update LogicManager tests","messageBody":"Updated LogicManager tests and removed redundandt AB3 tests.\n","fileTypesAndContributionMap":{"functional-code":{"insertions":0,"deletions":8},"test-code":{"insertions":41,"deletions":18}}},{"hash":"eb7103303c31eeea00bd6a6fde1656ae34563908","messageTitle":"Fix checkstyle issues","messageBody":"Removed redundant imports in Logic and LogicManager classes.\n","fileTypesAndContributionMap":{"functional-code":{"insertions":0,"deletions":2}}},{"hash":"35c611fadea40d431b4b1475418998f1e2d7c020","messageTitle":"Change json files for JsonAddressBookStorageTest","messageBody":"Modified json files for JsonAddressBookStorageTest.\n","fileTypesAndContributionMap":{"test-code":{"insertions":14,"deletions":4}}}]},{"date":"2022-11-05","commitResults":[{"hash":"f491ee4a1965a24e8f6c430743eab93cd705d904","messageTitle":"Resolve issues where tests failed","messageBody":"Changed import statement for Criteria in ParserUtilTest.\n","fileTypesAndContributionMap":{"test-code":{"insertions":1,"deletions":1}}}]}]},"authorFileTypeContributionMap":{"phualiting":{"docs":259,"functional-code":1015,"test-code":1358},"RachelChua":{"docs":399,"functional-code":1646,"test-code":3520},"tlx02":{"docs":273,"functional-code":1217,"test-code":2274},"Sampy147":{"docs":129,"functional-code":1326,"test-code":7},"dlimyy":{"docs":356,"functional-code":2614,"test-code":2752,"other":4}},"authorContributionVariance":{"phualiting":31122.154,"RachelChua":392070.16,"tlx02":61390.703,"Sampy147":13541.473,"dlimyy":124373.14},"authorDisplayNameMap":{"phualiting":"CS2103T-F11-2 PHUA..TING","RachelChua":"CS2103T-F11-2 RACH..LING","tlx02":"CS2103T-F11-2 TAN .. XIN","Sampy147":"CS2103T-F11-2 SAMU..ERNG","dlimyy":"CS2103T-F11-2 LIM ..GLAS"}}
