{"authorDailyContributionsMap":{"o-ohst":[{"date":"2022-09-19","commitResults":[{"hash":"80ee6046c6980e633efc452cd38f1905e3248bdd","messageTitle":"add acknowledgement to README","messageBody":"","fileTypesAndContributionMap":{"docs":{"insertions":1,"deletions":1}}}]},{"date":"2022-09-30","commitResults":[{"hash":"3895bff99f5f2ffffa04ca560fbc9381d6931d76","messageTitle":"add Sitong\u0027s skeletal PPP","messageBody":"","fileTypesAndContributionMap":{"docs":{"insertions":32,"deletions":32}}}]},{"date":"2022-10-02","commitResults":[{"hash":"757418bc9bb13601dc14c9e26fa1f273d473eb50","messageTitle":"add Sitong\u0027s skeletal PPP","messageBody":"","fileTypesAndContributionMap":{"docs":{"insertions":1,"deletions":1}}}]},{"date":"2022-10-12","commitResults":[{"hash":"a2b4c69a9d35e2b4c5200e78e13cb661cf8d3c85","messageTitle":"find by description","messageBody":"","fileTypesAndContributionMap":{"functional-code":{"insertions":38,"deletions":38},"test-code":{"insertions":27,"deletions":27}}},{"hash":"40006e09d024e63763f3b18378197dec789a9d09","messageTitle":"fix style errors","messageBody":"","fileTypesAndContributionMap":{"functional-code":{"insertions":4,"deletions":2}}},{"hash":"6ba821ce532f78f070d8f9eae24aed560b20e49b","messageTitle":"change tests","messageBody":"","fileTypesAndContributionMap":{"other":{"insertions":19,"deletions":10}}},{"hash":"34bd897264afef215615e4f18d32363aee17b22b","messageTitle":"fix style","messageBody":"","fileTypesAndContributionMap":{"test-code":{"insertions":6,"deletions":6}}},{"hash":"8fef164f29537bb57754889ea51f59a10f5f50c4","messageTitle":"fix style","messageBody":"","fileTypesAndContributionMap":{"test-code":{"insertions":2,"deletions":1}}},{"hash":"04809de5f293f209c8a96dafda06519a2374b3a2","messageTitle":"fix tests","messageBody":"","fileTypesAndContributionMap":{"test-code":{"insertions":2,"deletions":0}}},{"hash":"5d67a85ae0697f74e133a9bc65a60b1838dd2596","messageTitle":"fix tests","messageBody":"","fileTypesAndContributionMap":{"test-code":{"insertions":35,"deletions":4}}},{"hash":"499d64ecf211c4a528085a7a08d701778e8e4bec","messageTitle":"fix style","messageBody":"","fileTypesAndContributionMap":{"test-code":{"insertions":1,"deletions":1}}},{"hash":"960e074e1cd7247fff4481c28c29aabce314f9c2","messageTitle":"fix style","messageBody":"","fileTypesAndContributionMap":{"test-code":{"insertions":1,"deletions":3}}},{"hash":"a35471538ceee141a2791614ad58236940afbb32","messageTitle":"fix style","messageBody":"","fileTypesAndContributionMap":{"test-code":{"insertions":2,"deletions":1}}},{"hash":"532f425dddf814095d56c66f75a64f7bb187b36e","messageTitle":"fix style","messageBody":"","fileTypesAndContributionMap":{"test-code":{"insertions":1,"deletions":1}}}]},{"date":"2022-10-20","commitResults":[{"hash":"30cf2f28e9761101b8bc9fdb66cd4b26f64c7292","messageTitle":"add rating","messageBody":"","fileTypesAndContributionMap":{"functional-code":{"insertions":2,"deletions":0}}},{"hash":"5c127661dfe1fabd5d1dedad79f87fea8afa3a01","messageTitle":"add rating","messageBody":"","fileTypesAndContributionMap":{"functional-code":{"insertions":200,"deletions":16}}},{"hash":"4baf227111d295f78508af8fc5ffe6570132f288","messageTitle":"fix style","messageBody":"","fileTypesAndContributionMap":{"functional-code":{"insertions":6,"deletions":10}}},{"hash":"1fbd84578208a0d78939f8a1a596c9cbb6c6fa0c","messageTitle":"fix style","messageBody":"","fileTypesAndContributionMap":{"functional-code":{"insertions":11,"deletions":16}}},{"hash":"2966cbd1f980916557de60c4be653b5139bdc0ea","messageTitle":"fix sty;e","messageBody":"","fileTypesAndContributionMap":{"functional-code":{"insertions":5,"deletions":4}}},{"hash":"836e72728626235ce8b71150f37cd331982dfe71","messageTitle":"fix style","messageBody":"","fileTypesAndContributionMap":{"functional-code":{"insertions":1,"deletions":1}}},{"hash":"5f4f1073d769eac8ba99109e70fe38281fc32676","messageTitle":"fix style","messageBody":"","fileTypesAndContributionMap":{"functional-code":{"insertions":18,"deletions":0}}}]},{"date":"2022-10-21","commitResults":[{"hash":"30b6c19f69ff28dc0bd5729ebd6015c16d056af7","messageTitle":"fix style","messageBody":"","fileTypesAndContributionMap":{"functional-code":{"insertions":1,"deletions":20},"test-code":{"insertions":5,"deletions":5}}}]},{"date":"2022-10-27","commitResults":[{"hash":"189d9f2e3d15f49a40d78098b6fe01263cac6978","messageTitle":"correct UG rating","messageBody":"","fileTypesAndContributionMap":{"docs":{"insertions":2,"deletions":2}}}]}],"bokun2":[{"date":"2022-09-25","commitResults":[{"hash":"040a8223ea7a7e60e2f9a833bb331ffbd5fada37","messageTitle":"Update AboutUs page","messageBody":"Add empty PPP page and placeholder picture.\n","fileTypesAndContributionMap":{"docs":{"insertions":26,"deletions":24}}}]},{"date":"2022-09-28","commitResults":[{"hash":"c44dd2d2b56cb3c2eb5fe79e8028e59b9d1d25dd","messageTitle":"add bokun\u0027s skeletal PPP","messageBody":"","fileTypesAndContributionMap":{"docs":{"insertions":33,"deletions":0}}},{"hash":"ff24ff04e81d84505a5d75e43c5879da01bfb9c2","messageTitle":"no message","messageBody":"","fileTypesAndContributionMap":{"docs":{"insertions":1,"deletions":1}}}]},{"date":"2022-10-15","commitResults":[{"hash":"93aa14c67bfdcededa61c93ae38b82622431da1a","messageTitle":"Add a date field","messageBody":"","fileTypesAndContributionMap":{"functional-code":{"insertions":242,"deletions":22},"test-code":{"insertions":27,"deletions":7}}}]},{"date":"2022-10-18","commitResults":[{"hash":"58ebdca73de3ef01fcf95adf298d371e00c405ff","messageTitle":"Work as a checkout point if bug happens","messageBody":"","fileTypesAndContributionMap":{"functional-code":{"insertions":6,"deletions":4}}}]},{"date":"2022-10-21","commitResults":[{"hash":"c0e1915866939a5e4c54030ab3e5f0a2ef215009","messageTitle":"Add several theme for the first version","messageBody":"Then need to adjust light and dark theme. Also change the behavior of selected list cell and solve issue with cell padding. Also need to figure out which part is controlling white box behind resultDisplayHolder and need to make it transparent.\n","fileTypesAndContributionMap":{"functional-code":{"insertions":1062,"deletions":148}}},{"hash":"57deccbbc62b30fb7d4c63044c492272a483308a","messageTitle":"Fix style","messageBody":"","fileTypesAndContributionMap":{"functional-code":{"insertions":1,"deletions":1}}},{"hash":"cee50b61155163e1032dff1509e5077a07d0b0c9","messageTitle":"Fix potential bugs","messageBody":"","fileTypesAndContributionMap":{"functional-code":{"insertions":4,"deletions":4}}},{"hash":"6b79dc4a11e55a2367155d8c8e5307bd6e9d9bae","messageTitle":"Fix bugs for edit date","messageBody":"","fileTypesAndContributionMap":{"functional-code":{"insertions":3,"deletions":2}}},{"hash":"8f56a2a377c93e3642c50ce3322616deedc8d434","messageTitle":"Fix style","messageBody":"","fileTypesAndContributionMap":{"functional-code":{"insertions":1,"deletions":1}}},{"hash":"687395160ce69576703634d2c54aa55ba8521ddc","messageTitle":"Update DG","messageBody":"","fileTypesAndContributionMap":{"docs":{"insertions":63,"deletions":45}}},{"hash":"d436c41713f2412c641b253391a00130bee48012","messageTitle":"Update UG","messageBody":"","fileTypesAndContributionMap":{"docs":{"insertions":40,"deletions":23}}},{"hash":"9cae4188f1076c453e2ee3355fc3be0d20d7df52","messageTitle":"Fix bug","messageBody":"","fileTypesAndContributionMap":{"docs":{"insertions":1,"deletions":1}}}]},{"date":"2022-10-24","commitResults":[{"hash":"f6699622bcd48b4653784911b4d89b06dcd37d1c","messageTitle":"Fix bug for being not able to find by date","messageBody":"","fileTypesAndContributionMap":{"functional-code":{"insertions":36,"deletions":3}}},{"hash":"9fdfad62ebd74e2eae1bda601b7d6878269262e1","messageTitle":"Update documents","messageBody":"","fileTypesAndContributionMap":{"docs":{"insertions":40,"deletions":20}}},{"hash":"d85dbb1f94fbb96c4d9bc438447425074d05ec4a","messageTitle":"no message","messageBody":"","fileTypesAndContributionMap":{"functional-code":{"insertions":5,"deletions":3}}},{"hash":"355a1e57e28166d7fbcce27183d08982965f386f","messageTitle":"Fix style","messageBody":"","fileTypesAndContributionMap":{"functional-code":{"insertions":1,"deletions":1}}}]},{"date":"2022-10-25","commitResults":[{"hash":"73b3f17436c14960ebabbaee87eb81736071c481","messageTitle":"A save point","messageBody":"","fileTypesAndContributionMap":{"functional-code":{"insertions":145,"deletions":193}}},{"hash":"451f28f498d36aefc06231e961baffe837db149b","messageTitle":"A trial save point","messageBody":"","fileTypesAndContributionMap":{"functional-code":{"insertions":24,"deletions":18}}},{"hash":"acaf762aa3241ca78889aff19cd3007b5b65a2fc","messageTitle":"Another save point","messageBody":"","fileTypesAndContributionMap":{"functional-code":{"insertions":188,"deletions":169}}},{"hash":"77075b225f03637b11c69507312e3ad9fe042059","messageTitle":"no message","messageBody":"","fileTypesAndContributionMap":{"functional-code":{"insertions":622,"deletions":324}}},{"hash":"a1386d24a98b46d8c08d7dd7b8fc6ab5dea6fccb","messageTitle":"Fix style","messageBody":"","fileTypesAndContributionMap":{"functional-code":{"insertions":5,"deletions":10}}},{"hash":"7e582603cdd7daa4727caad219036ab9d565fd1d","messageTitle":"fix","messageBody":"","fileTypesAndContributionMap":{"functional-code":{"insertions":2,"deletions":1}}},{"hash":"612fca302f32e2d993ad8bac8255581e6ef88ad8","messageTitle":"no message","messageBody":"","fileTypesAndContributionMap":{"functional-code":{"insertions":9,"deletions":9}}}]},{"date":"2022-10-26","commitResults":[{"hash":"8e8eb7504e96db2a9a0d16f7c7ad8daeddfbbfd4","messageTitle":"Allow Find rate","messageBody":"","fileTypesAndContributionMap":{"functional-code":{"insertions":10,"deletions":0}}},{"hash":"1a2cd86bbddc68eba600ba2958bd7812184eb19c","messageTitle":"Allow find activities with rate above certain value.","messageBody":"","fileTypesAndContributionMap":{"functional-code":{"insertions":122,"deletions":4}}},{"hash":"95c49d2dcaaafde96c501d2f1f9112be8b069adc","messageTitle":"no message","messageBody":"","fileTypesAndContributionMap":{"functional-code":{"insertions":12,"deletions":13}}},{"hash":"534e9f9c2a0b89cabf59e74ad9254d52d535bdb2","messageTitle":"no message","messageBody":"","fileTypesAndContributionMap":{"functional-code":{"insertions":1,"deletions":1}}},{"hash":"6e09fc6997df3e620eaeffcba327eb8ebd422f26","messageTitle":"no message","messageBody":"","fileTypesAndContributionMap":{"functional-code":{"insertions":2,"deletions":1}}},{"hash":"895abab3e6d11209a4936a04eeca42396708bf71","messageTitle":"no message","messageBody":"","fileTypesAndContributionMap":{"functional-code":{"insertions":0,"deletions":3}}},{"hash":"d4c053a97826a9425320cd7d85e9da11550b6edd","messageTitle":"FixStyle","messageBody":"","fileTypesAndContributionMap":{"functional-code":{"insertions":0,"deletions":1},"docs":{"insertions":4,"deletions":6}}},{"hash":"4d01622f9faa4b531cb7456961d7823e0cb3a909","messageTitle":"no message","messageBody":"","fileTypesAndContributionMap":{"functional-code":{"insertions":0,"deletions":4}}},{"hash":"5d384a36eb7d168a37b40cef13981b394e00b86a","messageTitle":"no message","messageBody":"","fileTypesAndContributionMap":{"functional-code":{"insertions":1,"deletions":0}}},{"hash":"06b7758aa60e564dbb55520a64b76c87be5b0d4e","messageTitle":"fix style","messageBody":"","fileTypesAndContributionMap":{"functional-code":{"insertions":1,"deletions":10}}},{"hash":"194fe70ad196a5ded621f5bad4bb8987407817bb","messageTitle":"fix style","messageBody":"","fileTypesAndContributionMap":{"functional-code":{"insertions":5,"deletions":4}}},{"hash":"cbf5890cfb26a007919e1200c651011d657243e7","messageTitle":"Fix a bug and docs","messageBody":"","fileTypesAndContributionMap":{"functional-code":{"insertions":9,"deletions":5},"docs":{"insertions":63,"deletions":36}}},{"hash":"3935a4914c36f61480006937410135d1cb965e94","messageTitle":"Fix style","messageBody":"","fileTypesAndContributionMap":{"functional-code":{"insertions":0,"deletions":2}}}]},{"date":"2022-10-27","commitResults":[{"hash":"838bcd04b922d5db71c1e52abfd8906bd36c5f12","messageTitle":"Fix gui","messageBody":"","fileTypesAndContributionMap":{"functional-code":{"insertions":53,"deletions":13}}},{"hash":"a6352cb4cd1e8f38e77fc572a04a45524f583e00","messageTitle":"no message","messageBody":"","fileTypesAndContributionMap":{"functional-code":{"insertions":59,"deletions":8}}},{"hash":"a08d21ed15c740c009734aa331c62d735b5afcf3","messageTitle":"Fix style","messageBody":"","fileTypesAndContributionMap":{"functional-code":{"insertions":3,"deletions":2}}},{"hash":"e6fd7eecc4dfdfb6cb96d0e58e99b1fea5eec4a9","messageTitle":"no message","messageBody":"","fileTypesAndContributionMap":{"functional-code":{"insertions":1,"deletions":1}}},{"hash":"48c01114412c2289bb1cb7c0210905a38d046a65","messageTitle":"no message","messageBody":"","fileTypesAndContributionMap":{"functional-code":{"insertions":5,"deletions":10}}}]}],"ngquyduc":[{"date":"2022-09-28","commitResults":[{"hash":"fe7a540d7690c8334aa384ffef5029f32e884a69","messageTitle":"Update target user profile in DG","messageBody":"","fileTypesAndContributionMap":{"docs":{"insertions":3,"deletions":1}}},{"hash":"fde13dd83f3beb93c691897b1294b41e4a1457f2","messageTitle":"Add use cases for a few representative user stories to DG","messageBody":"","fileTypesAndContributionMap":{"docs":{"insertions":40,"deletions":7}}},{"hash":"d8e12a7f18d6ac9c672073240313cc6ef28dee45","messageTitle":"Add Quy Duc\u0027s skeletal PPP","messageBody":"","fileTypesAndContributionMap":{"docs":{"insertions":32,"deletions":0}}}]},{"date":"2022-09-30","commitResults":[{"hash":"53662b41e5ff36e5a2cb3ca7f49735315848f042","messageTitle":"Update Quy Duc\u0027s PPP","messageBody":"","fileTypesAndContributionMap":{"docs":{"insertions":1,"deletions":1}}}]},{"date":"2022-10-02","commitResults":[{"hash":"775d080329de96733d54ef4e0ec5064e5a801e67","messageTitle":"Rename files and variables to fit HobbyList","messageBody":"","fileTypesAndContributionMap":{"functional-code":{"insertions":250,"deletions":254},"other":{"insertions":1012,"deletions":999},"docs":{"insertions":121,"deletions":121},"test-code":{"insertions":1300,"deletions":1359}}}]},{"date":"2022-10-03","commitResults":[{"hash":"7105e168fcece830663345bd6a47929f9f0ed52b","messageTitle":"Fix some checkstyles errors","messageBody":"","fileTypesAndContributionMap":{"functional-code":{"insertions":54,"deletions":57},"other":{"insertions":6,"deletions":7},"test-code":{"insertions":52,"deletions":52}}}]},{"date":"2022-10-09","commitResults":[{"hash":"3a7549a757020f53e771e17b0545182cc26934ab","messageTitle":"Update UG Features section","messageBody":"","fileTypesAndContributionMap":{"docs":{"insertions":46,"deletions":15}}}]},{"date":"2022-10-15","commitResults":[{"hash":"c0e1ebc89906702b411be9be638ddd2fb8122cbb","messageTitle":"Add filter by tag feature","messageBody":"","fileTypesAndContributionMap":{"functional-code":{"insertions":116,"deletions":0}}},{"hash":"ba22fd53ab783e24f3ff1246c2d9fa349569a5c1","messageTitle":"Fix checkstyle errors","messageBody":"","fileTypesAndContributionMap":{"functional-code":{"insertions":3,"deletions":4}}},{"hash":"30d7ffaa17c98feccffb2c1734ab1056206c8858","messageTitle":"Add test cases for FindTag features","messageBody":"","fileTypesAndContributionMap":{"functional-code":{"insertions":5,"deletions":5},"other":{"insertions":4,"deletions":4},"test-code":{"insertions":159,"deletions":0}}}]},{"date":"2022-10-23","commitResults":[{"hash":"6c9ea019ee90d9568ed034a55af73950291bc7eb","messageTitle":"Add filter status command","messageBody":"","fileTypesAndContributionMap":{"functional-code":{"insertions":118,"deletions":0}}}]},{"date":"2022-10-24","commitResults":[{"hash":"769248cd46fe695f418d60497419417d4b2cdbd9","messageTitle":"Rename FindTag to FilterTag","messageBody":"","fileTypesAndContributionMap":{"functional-code":{"insertions":3,"deletions":3},"other":{"insertions":22,"deletions":22}}},{"hash":"b2ab95bab3dd27e34fc7c09a08aab6fe0a72b642","messageTitle":"Rename COMMAND_WORD for FilterTagCommand","messageBody":"","fileTypesAndContributionMap":{"functional-code":{"insertions":1,"deletions":1}}}]},{"date":"2022-10-25","commitResults":[{"hash":"f9ea38dc53ca381d0f122c85756cbb4f10c19716","messageTitle":"Add select command","messageBody":"","fileTypesAndContributionMap":{"functional-code":{"insertions":108,"deletions":0}}}]},{"date":"2022-10-26","commitResults":[{"hash":"218f83fcc2a0442d8d4b13ebdaab22fce4426f80","messageTitle":"Implement edit and delete selected activity and add GUI","messageBody":"","fileTypesAndContributionMap":{"functional-code":{"insertions":267,"deletions":7},"test-code":{"insertions":10,"deletions":0}}},{"hash":"71b1407b24456b0e66b813c0a949dbc7d5d83a76","messageTitle":"Update DG","messageBody":"","fileTypesAndContributionMap":{"docs":{"insertions":30,"deletions":4}}},{"hash":"a71036be8663ccb22b4012a704a591736bcf3472","messageTitle":"Update new HobbyList icon","messageBody":"","fileTypesAndContributionMap":{"functional-code":{"insertions":1,"deletions":1}}},{"hash":"f9e81fa47442564c4cd2cd3ab79c89822c5b5b04","messageTitle":"Add new line at EOF","messageBody":"","fileTypesAndContributionMap":{"functional-code":{"insertions":1,"deletions":1}}},{"hash":"c0d8f89d0157580ffc06f0c25181577024aa95ab","messageTitle":"Fix minor errors","messageBody":"","fileTypesAndContributionMap":{"docs":{"insertions":7,"deletions":7}}}]},{"date":"2022-10-27","commitResults":[{"hash":"e0fc5f59245b4686e7f6c014c6a4324c58a689b4","messageTitle":"Add review field to Select Activity Panel and fix errors when selecting different activities","messageBody":"","fileTypesAndContributionMap":{"functional-code":{"insertions":49,"deletions":23}}},{"hash":"9866946a0507327b643aa4092a8f671d613c7e65","messageTitle":"Fix checkstyle error","messageBody":"","fileTypesAndContributionMap":{"functional-code":{"insertions":0,"deletions":2}}},{"hash":"b3ac248192a5a35623c86ed833d0256844cdf1e6","messageTitle":"Update UG","messageBody":"","fileTypesAndContributionMap":{"docs":{"insertions":112,"deletions":59}}},{"hash":"31c7becce291b37ddcdcb6a766791093e550d2ff","messageTitle":"Fix minor errors and update GUI","messageBody":"","fileTypesAndContributionMap":{"docs":{"insertions":3,"deletions":3}}},{"hash":"285742366fe9d39b35b93352e436c331e42a6bf4","messageTitle":"Update UI in Readme","messageBody":"","fileTypesAndContributionMap":{"docs":{"insertions":1,"deletions":1}}},{"hash":"2c8da2fce727e6a6489b2f07fc4353c04dc4f587","messageTitle":"Rename filterTag to findTag","messageBody":"","fileTypesAndContributionMap":{"functional-code":{"insertions":21,"deletions":23},"other":{"insertions":26,"deletions":26}}},{"hash":"916fc129e77e64084854a2a6016daa500f883da6","messageTitle":"Rename filterStatus to findStatus","messageBody":"","fileTypesAndContributionMap":{"functional-code":{"insertions":28,"deletions":28},"other":{"insertions":13,"deletions":13}}},{"hash":"a004ae7542e500f0cad4c8e33353d3d365aef872","messageTitle":"Fix checkstyle error","messageBody":"","fileTypesAndContributionMap":{"functional-code":{"insertions":2,"deletions":2}}},{"hash":"818abd7c471d8b8e859e785b5807776e08a65e98","messageTitle":"Update UG and Index.md","messageBody":"","fileTypesAndContributionMap":{"docs":{"insertions":24,"deletions":24}}},{"hash":"93ff8248507bcdd78aaf603bf552c0971b5dc5a6","messageTitle":"Update UI","messageBody":"","fileTypesAndContributionMap":{"functional-code":{"insertions":4,"deletions":4}}}]},{"date":"2022-10-29","commitResults":[{"hash":"dbe566590d9d985667b72d472bdbac56fee04dc4","messageTitle":"Fix errors and add suggestions based on PE-D","messageBody":"","fileTypesAndContributionMap":{"docs":{"insertions":11,"deletions":7}}}]}],"ssyap98":[{"date":"2022-09-27","commitResults":[{"hash":"ed0d3b963196aca5e5f7c0846cf2607eab12e51e","messageTitle":"Updates glossary in DG","messageBody":"","fileTypesAndContributionMap":{"docs":{"insertions":6,"deletions":2}}},{"hash":"455c1a2ee3eb55cf39e2f7510f622b7db7607d72","messageTitle":"Updates value proposition in DG","messageBody":"","fileTypesAndContributionMap":{"docs":{"insertions":3,"deletions":1}}},{"hash":"9e2fb304c345f1cdf7f8fefcd3c75a67b091339b","messageTitle":"Add Sien Soon\u0027s skeletal PPP","messageBody":"","fileTypesAndContributionMap":{"docs":{"insertions":32,"deletions":0}}}]},{"date":"2022-10-05","commitResults":[{"hash":"f2df221ee2f39b23ef81cf28de7fc9eefb2031af","messageTitle":"Update UG for HobbyList v1.2","messageBody":"","fileTypesAndContributionMap":{"docs":{"insertions":27,"deletions":90}}},{"hash":"fea55f16a2375bb1e1f7c0daeb94e1df1a282928","messageTitle":"Fix typo and reformat command summary table","messageBody":"","fileTypesAndContributionMap":{"docs":{"insertions":9,"deletions":9}}}]},{"date":"2022-10-06","commitResults":[{"hash":"f2b2b41bef23922024e921c0f98bae4eb3fe5b69","messageTitle":"Remove traces of AB3 from README.md","messageBody":"","fileTypesAndContributionMap":{"docs":{"insertions":11,"deletions":6}}},{"hash":"03e31fac21ef64bcaa955e0d88ab55b9a5617321","messageTitle":"Update AboutUs.md to include zhenglong3.png","messageBody":"","fileTypesAndContributionMap":{"docs":{"insertions":2,"deletions":2}}}]},{"date":"2022-10-09","commitResults":[{"hash":"0431e9b6534aac8c90c464fb4edc6c7cfb13f8d9","messageTitle":"Remove traces of AB3","messageBody":"","fileTypesAndContributionMap":{"docs":{"insertions":0,"deletions":3}}}]},{"date":"2022-10-12","commitResults":[{"hash":"8d688022cc2a6f263e175abd408f8bc7a01cc37c","messageTitle":"Set different background colours for different tags","messageBody":"","fileTypesAndContributionMap":{"functional-code":{"insertions":12,"deletions":0}}},{"hash":"408bb72ce4d9096b6d6871419ac93b948975f17b","messageTitle":"Fix bugs","messageBody":"Change tags from FlowPane to Label\n","fileTypesAndContributionMap":{"functional-code":{"insertions":5,"deletions":7}}}]},{"date":"2022-10-13","commitResults":[{"hash":"3201baf5b3f157a4a458e51787d16976dba61c53","messageTitle":"Allow multiple coloured tags to display beside each activity","messageBody":"Change to use FlowPane instead of Label\n","fileTypesAndContributionMap":{"functional-code":{"insertions":10,"deletions":12}}}]},{"date":"2022-10-18","commitResults":[{"hash":"d67b578c7572ae483886df315981137b3f9aa7d2","messageTitle":"Add status command in HobbyList","messageBody":"","fileTypesAndContributionMap":{"functional-code":{"insertions":271,"deletions":14}}},{"hash":"b3631908a77ef5932c7deb11d6973561f6a3bd9d","messageTitle":"Fix consistency in argument\u0027s name","messageBody":"","fileTypesAndContributionMap":{"functional-code":{"insertions":1,"deletions":1}}},{"hash":"77aae19291db8d51f40ee62f7472d7518adafda8","messageTitle":"Change Activity object\u0027s toString","messageBody":"","fileTypesAndContributionMap":{"functional-code":{"insertions":4,"deletions":0}}}]},{"date":"2022-10-19","commitResults":[{"hash":"74ae336f14746c61d14eb91137e6b1adda81d26f","messageTitle":"Add the ability to edit status using the edit command","messageBody":"","fileTypesAndContributionMap":{"functional-code":{"insertions":19,"deletions":3}}},{"hash":"1950eedcd9434cccca12c6e984e8b90a7a25c712","messageTitle":"Fix checkstyle","messageBody":"","fileTypesAndContributionMap":{"functional-code":{"insertions":37,"deletions":14}}},{"hash":"50473a07b4ecb7cde2d98b2f2adc4dc0d37393ce","messageTitle":"Fix SampleDataUtil.java","messageBody":"","fileTypesAndContributionMap":{"functional-code":{"insertions":22,"deletions":21}}},{"hash":"5d64433bd3978313ab9f6bb48bca5faca6aa0991","messageTitle":"Fix checkstyle","messageBody":"","fileTypesAndContributionMap":{"functional-code":{"insertions":6,"deletions":6}}},{"hash":"58044c81df00cee65864dad91768aa759b1e19f2","messageTitle":"Fix indentation","messageBody":"","fileTypesAndContributionMap":{"functional-code":{"insertions":22,"deletions":22}}},{"hash":"a8b7baa81b6b0f50cee3163e1d61335c130ef00a","messageTitle":"Fix existing tests","messageBody":"","fileTypesAndContributionMap":{"test-code":{"insertions":8,"deletions":5}}},{"hash":"13ced296526c182a5ee18febeffd7b60d376bd3e","messageTitle":"Fix activity in ActivityBuilder to take in status","messageBody":"","fileTypesAndContributionMap":{"test-code":{"insertions":5,"deletions":1}}}]},{"date":"2022-10-22","commitResults":[{"hash":"0499d1b0ac798a2378b2769d875f1440de59cb31","messageTitle":"Add status command in HobbyList","messageBody":"","fileTypesAndContributionMap":{"functional-code":{"insertions":178,"deletions":19},"test-code":{"insertions":9,"deletions":6}}},{"hash":"c194df50647455061be4a3224d5719b46cfa8f28","messageTitle":"Fix consistency in argument\u0027s name","messageBody":"","fileTypesAndContributionMap":{"functional-code":{"insertions":1,"deletions":1}}},{"hash":"d387f4417fb62bb678ffbd26890f0ee9bec3cf86","messageTitle":"Change Activity object\u0027s toString","messageBody":"","fileTypesAndContributionMap":{"functional-code":{"insertions":1,"deletions":0}}},{"hash":"931d6d842edfdd488002c8485a6fa49add6b55ed","messageTitle":"Add the ability to edit status using the edit command","messageBody":"","fileTypesAndContributionMap":{"functional-code":{"insertions":1,"deletions":1}}},{"hash":"9ca46ce2a0c4e0a6c320711b73f6164085ff85e3","messageTitle":"Fix checkstyle","messageBody":"","fileTypesAndContributionMap":{"functional-code":{"insertions":156,"deletions":12}}},{"hash":"8234c8ad897863ad6ed87cf6717dd5c05b1bd3f5","messageTitle":"Fix SampleDataUtil.java","messageBody":"","fileTypesAndContributionMap":{"functional-code":{"insertions":22,"deletions":21}}},{"hash":"0cf491f3362d5a8c8aa77cff88916bee987d9ec0","messageTitle":"Fix checkstyle","messageBody":"","fileTypesAndContributionMap":{"functional-code":{"insertions":6,"deletions":6}}},{"hash":"76a0dfae5fcf37698fa98d408d99b32ae01132eb","messageTitle":"Fix indentation","messageBody":"","fileTypesAndContributionMap":{"functional-code":{"insertions":22,"deletions":22}}},{"hash":"cbc92d838c8c454eaef25991ce62c30da937eebf","messageTitle":"Fix existing tests","messageBody":"","fileTypesAndContributionMap":{"functional-code":{"insertions":2,"deletions":1},"test-code":{"insertions":1,"deletions":0}}},{"hash":"f830c05044cc50de1311772c1e78b37abb8ee16f","messageTitle":"Fix activity in ActivityBuilder to take in status","messageBody":"","fileTypesAndContributionMap":{"test-code":{"insertions":2,"deletions":0}}},{"hash":"e895b742d228ae821203c9fc3fe75599b46ccd62","messageTitle":"Remove status command","messageBody":"Users can include status in their activity by using the \u0027add\u0027 and \u0027edit\u0027 command only\n","fileTypesAndContributionMap":{"functional-code":{"insertions":1,"deletions":124}}},{"hash":"7d710503a3493c917345dd3374a7679cfc165919","messageTitle":"Remove \u0027status\u0027 command","messageBody":"Users can include activity status using \u0027add\u0027 or \u0027edit\u0027 command instead.\n","fileTypesAndContributionMap":{"functional-code":{"insertions":0,"deletions":124}}},{"hash":"23c0b1d9822ade5c3fbe86b40ac52cdc7a79a7de","messageTitle":"Add different colors to the Status label","messageBody":"","fileTypesAndContributionMap":{"functional-code":{"insertions":24,"deletions":2}}},{"hash":"05475fc3ed2a3fb9a59174152704a1fce22af44e","messageTitle":"Fix checkstyle","messageBody":"","fileTypesAndContributionMap":{"functional-code":{"insertions":1,"deletions":2}}},{"hash":"426b1fe3d04a608bf264671244956b469a64fe75","messageTitle":"Fix checkstyle","messageBody":"","fileTypesAndContributionMap":{"test-code":{"insertions":4,"deletions":2}}}]},{"date":"2022-10-27","commitResults":[{"hash":"5ac5431e71a44d15dcea0f6cca489532b10e907d","messageTitle":"Enable assertions","messageBody":"","fileTypesAndContributionMap":{"other":{"insertions":4,"deletions":0}}},{"hash":"8f474c078b33ad91b4b717a4b47f5c7d4de5823b","messageTitle":"Update GUI image in project website","messageBody":"","fileTypesAndContributionMap":{"docs":{"insertions":1,"deletions":1}}},{"hash":"386a303605074eda1435ca15142ed7b220098e7f","messageTitle":"Add status field in UG","messageBody":"","fileTypesAndContributionMap":{"docs":{"insertions":8,"deletions":4}}}]},{"date":"2022-10-29","commitResults":[{"hash":"4bfd80e4e4148c1d737fbec6b966431b121003dd","messageTitle":"Rearrange commands in the Features section and Command summary table.","messageBody":"Add new column in command summary table to show examples.\n","fileTypesAndContributionMap":{"docs":{"insertions":70,"deletions":66}}},{"hash":"17a6134bd9a496e2266bd2cfb9d91a9df64fded1","messageTitle":"Add new sections to UG","messageBody":"","fileTypesAndContributionMap":{"docs":{"insertions":31,"deletions":9}}},{"hash":"f2e17eadde631e3a149a5d5fd2201a60f9d6f234","messageTitle":"Add heading to table of contents","messageBody":"","fileTypesAndContributionMap":{"docs":{"insertions":2,"deletions":0}}}]},{"date":"2022-10-30","commitResults":[{"hash":"ab359cdf7903f197269e6277f99dd883d84eb22e","messageTitle":"Fix table of content","messageBody":"","fileTypesAndContributionMap":{"docs":{"insertions":1,"deletions":1}}}]},{"date":"2022-10-31","commitResults":[{"hash":"48931a00a1125c7ef40af475db2a927670571074","messageTitle":"Remove bullet points from TOC","messageBody":"","fileTypesAndContributionMap":{"docs":{"insertions":4,"deletions":4}}},{"hash":"949ff6031ad8274052aee854ef18495b948c9246","messageTitle":"Fix toc","messageBody":"","fileTypesAndContributionMap":{"docs":{"insertions":2,"deletions":2}}},{"hash":"68b4c9af0afb922e4c74b127728a40ac5077ab7a","messageTitle":"Add numbering to features","messageBody":"","fileTypesAndContributionMap":{"docs":{"insertions":13,"deletions":13}}}]}],"ZhengLong3":[{"date":"2022-09-21","commitResults":[{"hash":"258f9a74e04a9dfa00ddb45dbafb7c3f07edf366","messageTitle":"Add Zheng Long\u0027s skeletal PPP","messageBody":"","fileTypesAndContributionMap":{"docs":{"insertions":46,"deletions":0}}},{"hash":"4cd471462167328ad3e3bf1ed2321c7a2d13efd9","messageTitle":"Update Zheng Long\u0027s PPP","messageBody":"","fileTypesAndContributionMap":{"docs":{"insertions":10,"deletions":24}}}]},{"date":"2022-09-23","commitResults":[{"hash":"c780f6da5ba00a6df16c2bcef4401a2dd37cfb52","messageTitle":"Update user stories in DG","messageBody":"","fileTypesAndContributionMap":{"docs":{"insertions":16,"deletions":8}}},{"hash":"a93d8c6407ebd835a4d7e8b73864bb7eaae33b51","messageTitle":"Update Github Actions build status badge","messageBody":"","fileTypesAndContributionMap":{"docs":{"insertions":1,"deletions":1}}}]},{"date":"2022-09-29","commitResults":[{"hash":"af895e308698eb47fe7840f4cc6df2eef4af72aa","messageTitle":"Update non-functional requirements","messageBody":"","fileTypesAndContributionMap":{"docs":{"insertions":1,"deletions":1}}}]},{"date":"2022-10-02","commitResults":[{"hash":"eee4925921a6d14a6f69a053107c3424ba96952c","messageTitle":"Update status badges in index.md","messageBody":"","fileTypesAndContributionMap":{"docs":{"insertions":2,"deletions":2}}}]},{"date":"2022-10-04","commitResults":[{"hash":"6746a7722d434cf7870e695b138a86d905e254db","messageTitle":"Remove unnecessary fields and update tests","messageBody":"","fileTypesAndContributionMap":{"functional-code":{"insertions":394,"deletions":643},"other":{"insertions":11,"deletions":15},"docs":{"insertions":2,"deletions":2},"test-code":{"insertions":827,"deletions":1184}}},{"hash":"5b6d2458d7253227d90d2bac625299a09104b6de","messageTitle":"Fix style errors","messageBody":"","fileTypesAndContributionMap":{"functional-code":{"insertions":4,"deletions":2}}},{"hash":"a3316c3222cf9b9907186e6e66d1c40cbcbade48","messageTitle":"Fix more style errors","messageBody":"","fileTypesAndContributionMap":{"functional-code":{"insertions":22,"deletions":22},"test-code":{"insertions":305,"deletions":243}}},{"hash":"6b97e0d65148cadf6e099bcf8796f11cdd8e51d7","messageTitle":"Fix another style error","messageBody":"","fileTypesAndContributionMap":{"functional-code":{"insertions":2,"deletions":1}}}]},{"date":"2022-10-06","commitResults":[{"hash":"490b795cec1a837c64dd47e63f05b8986412e31b","messageTitle":"Fix build.gradle","messageBody":"","fileTypesAndContributionMap":{"other":{"insertions":2,"deletions":2}}}]},{"date":"2022-10-08","commitResults":[{"hash":"d8821df20842f30e5e436366a473567686dc5af7","messageTitle":"Remove traces of AB3 from index.md","messageBody":"","fileTypesAndContributionMap":{"docs":{"insertions":4,"deletions":4}}}]},{"date":"2022-10-10","commitResults":[{"hash":"1b00a76e64e324aa73ecac24d892c6836a5850a9","messageTitle":"Fix bug with adding activities","messageBody":"Activities with the same name but different description and tags\ncannot be added.\n\nNow they can be added.\n","fileTypesAndContributionMap":{"functional-code":{"insertions":3,"deletions":1},"test-code":{"insertions":9,"deletions":10}}},{"hash":"f5f1a54e75e278e1e3e2f3467c97bba59c04072c","messageTitle":"Add more test cases to allow dupe names","messageBody":"","fileTypesAndContributionMap":{"test-code":{"insertions":10,"deletions":0}}}]},{"date":"2022-10-17","commitResults":[{"hash":"473f185751a892221a0f517679e566d3235aea0e","messageTitle":"Add renaming of command words","messageBody":"","fileTypesAndContributionMap":{"functional-code":{"insertions":667,"deletions":66},"test-code":{"insertions":25,"deletions":14}}},{"hash":"bda12570fec8e6fe6d4e70407709173549ea2d79","messageTitle":"Add QoL changes to edit aliases","messageBody":"","fileTypesAndContributionMap":{"functional-code":{"insertions":94,"deletions":64}}},{"hash":"e15f2292870b1652474ead8e9cb1305b43eba3a7","messageTitle":"Add tests and fix bug","messageBody":"","fileTypesAndContributionMap":{"functional-code":{"insertions":6,"deletions":1},"test-code":{"insertions":78,"deletions":0}}},{"hash":"183b3020b91a3de30319638df35d0769f9d121bc","messageTitle":"Fix tests","messageBody":"","fileTypesAndContributionMap":{"test-code":{"insertions":9,"deletions":0}}}]},{"date":"2022-10-19","commitResults":[{"hash":"31f6d7115b02f64c2ddf8fb8b40cfbc463e7ca80","messageTitle":"Update UG","messageBody":"","fileTypesAndContributionMap":{"docs":{"insertions":62,"deletions":18}}},{"hash":"3d672bd1422afec8c582aa8773824d46ca96ffef","messageTitle":"Fix allowing multiple dates in UG","messageBody":"","fileTypesAndContributionMap":{"docs":{"insertions":13,"deletions":13}}}]},{"date":"2022-10-20","commitResults":[{"hash":"27ac866ca9096912824c7e37b06109d50314f968","messageTitle":"Update DG","messageBody":"","fileTypesAndContributionMap":{"docs":{"insertions":183,"deletions":86}}},{"hash":"2f5848f947acdb7571ce386019b40690d7ff8571","messageTitle":"Fix style errors","messageBody":"","fileTypesAndContributionMap":{"docs":{"insertions":8,"deletions":8}}}]},{"date":"2022-10-21","commitResults":[{"hash":"bf69385fd7a9328477a533585032061fa5a0fe48","messageTitle":"Fix duplicate Edit in UG","messageBody":"","fileTypesAndContributionMap":{"docs":{"insertions":0,"deletions":9}}},{"hash":"d18455fc4cbbe5b911817d57aaec33ae557e3759","messageTitle":"Fix style errors","messageBody":"","fileTypesAndContributionMap":{"test-code":{"insertions":1,"deletions":1}}}]},{"date":"2022-10-24","commitResults":[{"hash":"ce5090acd3d30435d0302b68d0e17800867521a8","messageTitle":"Add review field","messageBody":"","fileTypesAndContributionMap":{"functional-code":{"insertions":148,"deletions":30},"test-code":{"insertions":36,"deletions":9}}},{"hash":"a5bbf75993cd444373088374c03da99a2bbd29a2","messageTitle":"Fix tests","messageBody":"","fileTypesAndContributionMap":{"functional-code":{"insertions":3,"deletions":3},"test-code":{"insertions":29,"deletions":2}}}]},{"date":"2022-10-25","commitResults":[{"hash":"b0a7590508300a5491a444bafee9a5573c3b30ea","messageTitle":"Allow rate to clear review with re/","messageBody":"","fileTypesAndContributionMap":{"functional-code":{"insertions":7,"deletions":3}}},{"hash":"af5d249353917c373819f54254f2043931f3c8e8","messageTitle":"Add storing theme settings","messageBody":"","fileTypesAndContributionMap":{"functional-code":{"insertions":150,"deletions":4}}},{"hash":"fa3f79ea5bed05b070a4f49400625657dd7fc2ad","messageTitle":"Fix bug","messageBody":"","fileTypesAndContributionMap":{"functional-code":{"insertions":1,"deletions":0}}},{"hash":"8093cccac39be81b53d185e8649de1f06151c041","messageTitle":"Fix tests","messageBody":"","fileTypesAndContributionMap":{"test-code":{"insertions":11,"deletions":0}}}]},{"date":"2022-10-26","commitResults":[{"hash":"9fb5a6307e82b395c933c5155980f1cd1be2d7c8","messageTitle":"Fix style errors","messageBody":"","fileTypesAndContributionMap":{"functional-code":{"insertions":1,"deletions":1}}},{"hash":"b629a5c38ea628a55dfb551229cee184bed8a91b","messageTitle":"Fix tests","messageBody":"","fileTypesAndContributionMap":{"test-code":{"insertions":4,"deletions":4}}},{"hash":"14617543f74af07b9a14e3f913c5bdc6ec0649f8","messageTitle":"Fix merge conflicts","messageBody":"","fileTypesAndContributionMap":{"functional-code":{"insertions":849,"deletions":69},"other":{"insertions":48,"deletions":25},"test-code":{"insertions":105,"deletions":14}}},{"hash":"05d11b6aa765f01a8438c2f7c04c95a3ab211f19","messageTitle":"Fix tests","messageBody":"","fileTypesAndContributionMap":{"test-code":{"insertions":5,"deletions":6}}},{"hash":"19979281aa312ab8dbe82514e41804667f912cfd","messageTitle":"Fix tree theme not saving","messageBody":"","fileTypesAndContributionMap":{"functional-code":{"insertions":11,"deletions":7}}},{"hash":"ffb4c312a498ebdd01c7f828566fd9b43dfe0dbd","messageTitle":"Fix wrong icon","messageBody":"","fileTypesAndContributionMap":{"functional-code":{"insertions":1,"deletions":1}}},{"hash":"bbace6a687b686319af5ace61375240d578a9a28","messageTitle":"Add ability to rename rateAbove and select","messageBody":"","fileTypesAndContributionMap":{"functional-code":{"insertions":81,"deletions":18}}},{"hash":"ef65a9977ced7551692697841df31ff751381037","messageTitle":"Fix tests","messageBody":"","fileTypesAndContributionMap":{"test-code":{"insertions":2,"deletions":1}}}]},{"date":"2022-10-27","commitResults":[{"hash":"1a18306d977853b90508bebdeab5e68bd0608f90","messageTitle":"Add validation to rename commands","messageBody":"","fileTypesAndContributionMap":{"functional-code":{"insertions":6,"deletions":1}}},{"hash":"9e35f3b1cc856303fbfb3deb86a22950f59e7827","messageTitle":"Fix javafx version and remove print","messageBody":"","fileTypesAndContributionMap":{"functional-code":{"insertions":4,"deletions":5},"test-code":{"insertions":0,"deletions":1}}},{"hash":"6a7828f016cbf632394c337121078a63c1bd17e8","messageTitle":"Fix status bar","messageBody":"","fileTypesAndContributionMap":{"functional-code":{"insertions":1,"deletions":1}}},{"hash":"90dd7143269e21da17d65e8ed3caa1bb5a1dd7ba","messageTitle":"Fix unable to rename some commands","messageBody":"","fileTypesAndContributionMap":{"functional-code":{"insertions":6,"deletions":0}}},{"hash":"fac0ff54b663adf0a61214842a20590c86d53da8","messageTitle":"Fix edit removing rating","messageBody":"","fileTypesAndContributionMap":{"functional-code":{"insertions":2,"deletions":2}}},{"hash":"cbd7082080b3cd6afdc8a5bf37dea09cd6604161","messageTitle":"Update version","messageBody":"","fileTypesAndContributionMap":{"functional-code":{"insertions":1,"deletions":1}}},{"hash":"79f8368d14782e0c843a4952f17612afc660702b","messageTitle":"Fix review not warpping text","messageBody":"","fileTypesAndContributionMap":{"functional-code":{"insertions":1,"deletions":1}}},{"hash":"f3dfe350d4dffeee6b8fdc43bd518a15c5b0e62b","messageTitle":"Fix rateAbove message usage","messageBody":"","fileTypesAndContributionMap":{"functional-code":{"insertions":1,"deletions":1}}}]}]},"authorFileTypeContributionMap":{"o-ohst":{"docs":35,"functional-code":205,"test-code":46},"bokun2":{"docs":116,"functional-code":1825,"test-code":21},"ngquyduc":{"docs":258,"functional-code":1221,"test-code":1080},"ssyap98":{"docs":157,"functional-code":208,"test-code":7,"other":15},"ZhengLong3":{"docs":222,"functional-code":1497,"test-code":1191,"other":2}},"authorContributionVariance":{"o-ohst":2924.2,"bokun2":103938.555,"ngquyduc":624722.25,"ssyap98":15423.299,"ZhengLong3":332463.12},"authorDisplayNameMap":{"o-ohst":"CS2103T-T12-3 HAO ..TONG","bokun2":"CS2103T-T12-3 ZHAN..OKUN","ngquyduc":"CS2103T-T12-3 NGUY.. DUC","ssyap98":"CS2103T-T12-3 YAP ..SOON","ZhengLong3":"CS2103T-T12-3 ONG ..LONG"}}
