[{"path":"docs/UserGuide.md","fileType":"docs","lines":[{"lineNumber":1,"author":{"gitId":"-"},"content":"# User Guide","lastModifiedDate":"2022-09-23"},{"lineNumber":2,"author":{"gitId":"-"},"content":"Travelr is a desktop app for managing trips and events, optimized for use via a Command Line Interface (CLI) while still having the benefits of a Graphical User Interface (GUI). If you can type fast, Travelr can get your contact management tasks done faster than traditional GUI apps.","lastModifiedDate":"2022-09-23"},{"lineNumber":3,"author":{"gitId":"seanmanik"},"content":"- [Quick start](#quick-start)","lastModifiedDate":"2022-09-25"},{"lineNumber":4,"author":{"gitId":"seanmanik"},"content":"- [Features](#features)","lastModifiedDate":"2022-09-25"},{"lineNumber":5,"author":{"gitId":"seanmanik"},"content":"   * [Adding events: `add -e`](#adding-events-add--e)","lastModifiedDate":"2022-09-25"},{"lineNumber":6,"author":{"gitId":"seanmanik"},"content":"   * [Deleting events: `delete -e`](#deleting-events-delete--e)","lastModifiedDate":"2022-09-25"},{"lineNumber":7,"author":{"gitId":"seanmanik"},"content":"   * [Viewing events list: `list -e`](#viewing-events-list-list--e)","lastModifiedDate":"2022-09-25"},{"lineNumber":8,"author":{"gitId":"seanmanik"},"content":"   * [Adding trips: `add -t`](#adding-trips-add--t)","lastModifiedDate":"2022-09-25"},{"lineNumber":9,"author":{"gitId":"seanmanik"},"content":"   * [Viewing trips list: `list -t`](#viewing-trips-list-list--t)","lastModifiedDate":"2022-09-25"},{"lineNumber":10,"author":{"gitId":"seanmanik"},"content":"   * [Adding events to trips: `add -et`](#adding-events-to-trips-add--et)","lastModifiedDate":"2022-09-25"},{"lineNumber":11,"author":{"gitId":"seanmanik"},"content":"   * [Saving data](#saving-data)","lastModifiedDate":"2022-09-25"},{"lineNumber":12,"author":{"gitId":"seanmanik"},"content":"   * [Exiting the program: `bye`](#exiting-the-program-bye)","lastModifiedDate":"2022-09-25"},{"lineNumber":13,"author":{"gitId":"-"},"content":"","lastModifiedDate":"2020-05-23"},{"lineNumber":14,"author":{"gitId":"-"},"content":"--------------------------------------------------------------------------------------------------------------------","lastModifiedDate":"2020-05-23"},{"lineNumber":15,"author":{"gitId":"-"},"content":"","lastModifiedDate":"2020-05-23"},{"lineNumber":16,"author":{"gitId":"-"},"content":"## Quick start","lastModifiedDate":"2020-05-23"},{"lineNumber":17,"author":{"gitId":"-"},"content":"","lastModifiedDate":"2020-05-23"},{"lineNumber":18,"author":{"gitId":"-"},"content":"1. Ensure you have Java `11` or above installed in your Computer.","lastModifiedDate":"2020-05-23"},{"lineNumber":19,"author":{"gitId":"-"},"content":"2. Download the latest `addressbook.jar` from [here](https://github.com/se-edu/addressbook-level3/releases).","lastModifiedDate":"2022-09-23"},{"lineNumber":20,"author":{"gitId":"-"},"content":"3. Copy the file to the folder you want to use as the _home folder_ for your AddressBook.","lastModifiedDate":"2022-09-23"},{"lineNumber":21,"author":{"gitId":"-"},"content":"4. Double-click the file to start the app. The GUI similar to the below should appear in a few seconds. Note how the app contains some sample data.\u003cbr\u003e","lastModifiedDate":"2022-09-23"},{"lineNumber":22,"author":{"gitId":"-"},"content":"   ![Ui](images/Ui.png)","lastModifiedDate":"2020-05-23"},{"lineNumber":23,"author":{"gitId":"-"},"content":"5. Type the command in the command box and press Enter to execute it. e.g. typing **`help`** and pressing Enter will open the help window.\u003cbr\u003e","lastModifiedDate":"2022-09-23"},{"lineNumber":24,"author":{"gitId":"-"},"content":"   Some example commands you can try:","lastModifiedDate":"2020-05-23"},{"lineNumber":25,"author":{"gitId":"-"},"content":"","lastModifiedDate":"2020-05-23"},{"lineNumber":26,"author":{"gitId":"-"},"content":"   * **`list -e`** : Lists all events.","lastModifiedDate":"2022-09-23"},{"lineNumber":27,"author":{"gitId":"-"},"content":"","lastModifiedDate":"2020-05-23"},{"lineNumber":28,"author":{"gitId":"-"},"content":"   * **`add`**`-e Sightseeing/20-06-2030/Portugal/Visit Mountains` : Adds an event with the respective date, location, and activity into your event list.","lastModifiedDate":"2022-09-23"},{"lineNumber":29,"author":{"gitId":"-"},"content":"","lastModifiedDate":"2020-05-23"},{"lineNumber":30,"author":{"gitId":"-"},"content":"   * **`delete -e`**`3` : Deletes the 3rd event shown in the current event list.","lastModifiedDate":"2022-09-23"},{"lineNumber":31,"author":{"gitId":"-"},"content":"   ","lastModifiedDate":"2020-05-23"},{"lineNumber":32,"author":{"gitId":"-"},"content":"   * **`bye`** : Exits the app.","lastModifiedDate":"2022-09-23"},{"lineNumber":33,"author":{"gitId":"-"},"content":"6. Refer to the [Features](#features) below for details of each command.","lastModifiedDate":"2022-09-23"},{"lineNumber":34,"author":{"gitId":"-"},"content":"","lastModifiedDate":"2020-05-23"},{"lineNumber":35,"author":{"gitId":"-"},"content":"--------------------------------------------------------------------------------------------------------------------","lastModifiedDate":"2020-05-23"},{"lineNumber":36,"author":{"gitId":"-"},"content":"","lastModifiedDate":"2020-05-23"},{"lineNumber":37,"author":{"gitId":"-"},"content":"## Features","lastModifiedDate":"2020-05-23"},{"lineNumber":38,"author":{"gitId":"-"},"content":"**Notes about the command format:**","lastModifiedDate":"2022-09-23"},{"lineNumber":39,"author":{"gitId":"-"},"content":"Words in UPPER_CASE are the parameters to be supplied by the user.","lastModifiedDate":"2022-09-23"},{"lineNumber":40,"author":{"gitId":"-"},"content":"e.g. in `add -t TITLE`, TITLE is a parameter which can be used as `add -t Switzerland Trip`.","lastModifiedDate":"2022-09-23"},{"lineNumber":41,"author":{"gitId":"-"},"content":"","lastModifiedDate":"2020-05-23"},{"lineNumber":42,"author":{"gitId":"-"},"content":"Items in square brackets are optional.","lastModifiedDate":"2022-09-23"},{"lineNumber":43,"author":{"gitId":"-"},"content":"e.g NAME [TAG] can be used as John Doe/Friend or as John Doe.","lastModifiedDate":"2022-09-23"},{"lineNumber":44,"author":{"gitId":"-"},"content":"","lastModifiedDate":"2020-05-23"},{"lineNumber":45,"author":{"gitId":"-"},"content":"The ‘/’ character is used to separate parameters supplied by the user.","lastModifiedDate":"2022-09-23"},{"lineNumber":46,"author":{"gitId":"-"},"content":"E.g. in `add -e TITLE DATE LOCATION DESCRIPTION`, ‘/’ is used to separate the four parameters supplied which can be used as `add -e Sightseeing/20-06-2030/Taiwan/Visit mountains`.","lastModifiedDate":"2022-09-23"},{"lineNumber":47,"author":{"gitId":"-"},"content":"","lastModifiedDate":"2020-05-23"},{"lineNumber":48,"author":{"gitId":"-"},"content":"Extraneous parameters for commands that do not take in parameters (such as bye) will be ignored.","lastModifiedDate":"2022-09-23"},{"lineNumber":49,"author":{"gitId":"-"},"content":"e.g. if the command specifies `bye 123`, it will be interpreted as `bye`.","lastModifiedDate":"2022-09-23"},{"lineNumber":50,"author":{"gitId":"-"},"content":"","lastModifiedDate":"2020-05-23"},{"lineNumber":51,"author":{"gitId":"-"},"content":"### Adding events: `add -e`","lastModifiedDate":"2022-09-23"},{"lineNumber":52,"author":{"gitId":"-"},"content":"Adds an event to the events list.","lastModifiedDate":"2022-09-23"},{"lineNumber":53,"author":{"gitId":"-"},"content":"","lastModifiedDate":"2022-09-25"},{"lineNumber":54,"author":{"gitId":"-"},"content":"Format: `add -e TITLE DATE LOCATION DESCRIPTION`","lastModifiedDate":"2022-09-23"},{"lineNumber":55,"author":{"gitId":"-"},"content":"","lastModifiedDate":"2022-09-25"},{"lineNumber":56,"author":{"gitId":"-"},"content":"Examples:","lastModifiedDate":"2020-05-23"},{"lineNumber":57,"author":{"gitId":"-"},"content":"- `add -e Skydiving/23-04-2024/Spain/Skydiving with crew`","lastModifiedDate":"2022-09-25"},{"lineNumber":58,"author":{"gitId":"-"},"content":"- `add -e Sailing/20-02-2025/Hungary/Sail in the Danube River`","lastModifiedDate":"2022-09-25"},{"lineNumber":59,"author":{"gitId":"-"},"content":"","lastModifiedDate":"2022-09-23"},{"lineNumber":60,"author":{"gitId":"-"},"content":"### Deleting events: `delete -e`","lastModifiedDate":"2022-09-23"},{"lineNumber":61,"author":{"gitId":"-"},"content":"Deletes the specified person from the events list.","lastModifiedDate":"2022-09-23"},{"lineNumber":62,"author":{"gitId":"-"},"content":"","lastModifiedDate":"2022-09-25"},{"lineNumber":63,"author":{"gitId":"-"},"content":"Format: `delete -e INDEX`","lastModifiedDate":"2022-09-23"},{"lineNumber":64,"author":{"gitId":"-"},"content":"- Deletes the person at the specified INDEX.","lastModifiedDate":"2022-09-23"},{"lineNumber":65,"author":{"gitId":"-"},"content":"- The index refers to the index number shown in the events list.","lastModifiedDate":"2022-09-23"},{"lineNumber":66,"author":{"gitId":"-"},"content":"- The index must be a positive integer 1, 2, 3, …","lastModifiedDate":"2022-09-23"},{"lineNumber":67,"author":{"gitId":"-"},"content":"","lastModifiedDate":"2022-09-25"},{"lineNumber":68,"author":{"gitId":"-"},"content":"Examples:","lastModifiedDate":"2020-05-23"},{"lineNumber":69,"author":{"gitId":"-"},"content":"- `list -e` followed by `delete 2` deletes the 2nd event in the events list.","lastModifiedDate":"2022-09-23"},{"lineNumber":70,"author":{"gitId":"-"},"content":"","lastModifiedDate":"2020-05-23"},{"lineNumber":71,"author":{"gitId":"-"},"content":"### Viewing events list: `list -e`","lastModifiedDate":"2022-09-23"},{"lineNumber":72,"author":{"gitId":"-"},"content":"Shows a list of all events added.","lastModifiedDate":"2022-09-23"},{"lineNumber":73,"author":{"gitId":"-"},"content":"","lastModifiedDate":"2022-09-25"},{"lineNumber":74,"author":{"gitId":"-"},"content":"Format: `list -e`","lastModifiedDate":"2022-09-23"},{"lineNumber":75,"author":{"gitId":"-"},"content":"","lastModifiedDate":"2020-05-23"},{"lineNumber":76,"author":{"gitId":"-"},"content":"### Adding trips: `add -t`","lastModifiedDate":"2022-09-23"},{"lineNumber":77,"author":{"gitId":"-"},"content":"Adds a trip to the trip list.","lastModifiedDate":"2022-09-23"},{"lineNumber":78,"author":{"gitId":"-"},"content":"","lastModifiedDate":"2022-09-25"},{"lineNumber":79,"author":{"gitId":"-"},"content":"Format: `add -t TITLE`","lastModifiedDate":"2022-09-25"},{"lineNumber":80,"author":{"gitId":"-"},"content":"","lastModifiedDate":"2022-09-25"},{"lineNumber":81,"author":{"gitId":"-"},"content":"Examples:","lastModifiedDate":"2020-05-23"},{"lineNumber":82,"author":{"gitId":"-"},"content":"- `add -t Trip to Iceland`","lastModifiedDate":"2022-09-25"},{"lineNumber":83,"author":{"gitId":"-"},"content":"","lastModifiedDate":"2022-09-23"},{"lineNumber":84,"author":{"gitId":"-"},"content":"### Viewing trips list: `list -t`","lastModifiedDate":"2022-09-23"},{"lineNumber":85,"author":{"gitId":"-"},"content":"Shows a list of all trips added.","lastModifiedDate":"2022-09-23"},{"lineNumber":86,"author":{"gitId":"-"},"content":"","lastModifiedDate":"2022-09-25"},{"lineNumber":87,"author":{"gitId":"-"},"content":"Format: `list -t`","lastModifiedDate":"2022-09-23"},{"lineNumber":88,"author":{"gitId":"-"},"content":"","lastModifiedDate":"2022-09-23"},{"lineNumber":89,"author":{"gitId":"-"},"content":"### Adding events to trips: `add -et`","lastModifiedDate":"2022-09-23"},{"lineNumber":90,"author":{"gitId":"-"},"content":"Adds the specified event to the specified trip.","lastModifiedDate":"2022-09-23"},{"lineNumber":91,"author":{"gitId":"-"},"content":"","lastModifiedDate":"2022-09-25"},{"lineNumber":92,"author":{"gitId":"-"},"content":"Format: `add -et EVENT_INDEX TRIP_INDEX`","lastModifiedDate":"2022-09-25"},{"lineNumber":93,"author":{"gitId":"-"},"content":"- Adds the event at the specified EVENT_INDEX","lastModifiedDate":"2022-09-23"},{"lineNumber":94,"author":{"gitId":"-"},"content":"- Event is added to the trip at the specified TRIP_INDEX","lastModifiedDate":"2022-09-23"},{"lineNumber":95,"author":{"gitId":"-"},"content":"- The index refers to the index number shown in the events and trips list.","lastModifiedDate":"2022-09-23"},{"lineNumber":96,"author":{"gitId":"-"},"content":"- The index must be a positive integer 1, 2, 3…","lastModifiedDate":"2022-09-23"},{"lineNumber":97,"author":{"gitId":"-"},"content":"","lastModifiedDate":"2022-09-25"},{"lineNumber":98,"author":{"gitId":"-"},"content":"Examples:","lastModifiedDate":"2020-05-23"},{"lineNumber":99,"author":{"gitId":"-"},"content":"- `add -et 2 3` adds the 2nd event in the events list to the 3rd trip in the trips list.","lastModifiedDate":"2022-09-23"},{"lineNumber":100,"author":{"gitId":"-"},"content":"","lastModifiedDate":"2020-05-23"},{"lineNumber":101,"author":{"gitId":"-"},"content":"### Saving data","lastModifiedDate":"2022-09-23"},{"lineNumber":102,"author":{"gitId":"-"},"content":"Travelr data are saved locally automatically after any command that changes the data. There is no need to save manually.","lastModifiedDate":"2022-09-23"},{"lineNumber":103,"author":{"gitId":"-"},"content":"","lastModifiedDate":"2020-05-23"},{"lineNumber":104,"author":{"gitId":"-"},"content":"### Exiting the program: `bye`","lastModifiedDate":"2022-09-23"},{"lineNumber":105,"author":{"gitId":"-"},"content":"Exits the program.","lastModifiedDate":"2020-05-23"},{"lineNumber":106,"author":{"gitId":"-"},"content":"Format: `bye`","lastModifiedDate":"2022-09-23"},{"lineNumber":107,"author":{"gitId":"-"},"content":"","lastModifiedDate":"2020-05-23"}],"authorContributionMap":{"-":97,"seanmanik":10}}]
