{"authorDailyContributionsMap":{"riccqi":[{"date":"2022-09-28","commitResults":[{"hash":"7dc6ef39e36f4c7ce38cf2445b13cbcd0ae12311","messageTitle":"add PPP and about us section","messageBody":"","fileTypesAndContributionMap":{"docs":{"insertions":25,"deletions":7}}},{"hash":"68ad908d13ea0f3006bf04ddd8a6ce9b1fc9513b","messageTitle":"fix newline checkstyle","messageBody":"fix styling\n","fileTypesAndContributionMap":{"docs":{"insertions":1,"deletions":1}}}]},{"date":"2022-09-29","commitResults":[{"hash":"7eda0cfcb83d369b6fb531b45db8f5a99efdafc9","messageTitle":"update README for Cobb","messageBody":"","fileTypesAndContributionMap":{"docs":{"insertions":7,"deletions":9}}}]},{"date":"2022-10-06","commitResults":[{"hash":"e371da3c21778cd8bcbbbd5b074c6fcf9db25ebe","messageTitle":"add add seller command and parser","messageBody":"","fileTypesAndContributionMap":{"functional-code":{"insertions":224,"deletions":1}}},{"hash":"97896a02c283635bc93a72e139d11460be77b6d4","messageTitle":"fix checkstyle and imports","messageBody":"","fileTypesAndContributionMap":{"functional-code":{"insertions":3,"deletions":29}}},{"hash":"851ee98c6e22df65c8a6c921ad34f0075e53436a","messageTitle":"fix java fxml file","messageBody":"","fileTypesAndContributionMap":{"functional-code":{"insertions":7,"deletions":3}}}]},{"date":"2022-10-07","commitResults":[{"hash":"a513d0aea9b6bebf5e01d427f0ae087e3a7419c6","messageTitle":"fix test stub","messageBody":"","fileTypesAndContributionMap":{"test-code":{"insertions":6,"deletions":0}}}]},{"date":"2022-10-09","commitResults":[{"hash":"fe67b71cfd3560d7ec655ad6253fe63a2450049b","messageTitle":"add seller dependency on addressbook","messageBody":"","fileTypesAndContributionMap":{"functional-code":{"insertions":23,"deletions":14}}},{"hash":"0a76f9ea113c3a292e094928b8735122320825d8","messageTitle":"add tests for add seller command","messageBody":"","fileTypesAndContributionMap":{"functional-code":{"insertions":4,"deletions":2},"test-code":{"insertions":48,"deletions":0}}},{"hash":"bfa17995744dcedd98a2e6b3ccab409a1a9ea580","messageTitle":"fix test style","messageBody":"","fileTypesAndContributionMap":{"test-code":{"insertions":3,"deletions":7}}},{"hash":"c50b2081c938a3872c656d2da0e7b77acff9908b","messageTitle":"fix edit command test","messageBody":"","fileTypesAndContributionMap":{"functional-code":{"insertions":5,"deletions":3}}},{"hash":"879d6742a7dc55e57ec6539f2d2468a64a956c4d","messageTitle":"fix add seller test dependency","messageBody":"","fileTypesAndContributionMap":{"functional-code":{"insertions":10,"deletions":5},"test-code":{"insertions":5,"deletions":1}}},{"hash":"3a8385a94d67d38aa039b956606415700230b95f","messageTitle":"add temp fix for testcases related to adding seller then editing","messageBody":"","fileTypesAndContributionMap":{"functional-code":{"insertions":8,"deletions":1},"test-code":{"insertions":15,"deletions":1}}}]},{"date":"2022-10-13","commitResults":[{"hash":"e3fe5680b4eea34c46b878646d6aa8e482499a01","messageTitle":"add edit property command class","messageBody":"","fileTypesAndContributionMap":{"functional-code":{"insertions":267,"deletions":10},"other":{"insertions":57,"deletions":58},"test-code":{"insertions":10,"deletions":10}}},{"hash":"85ad4b02427bcbfcd04e8f9692e58e048568b1d7","messageTitle":"add edit property parser class","messageBody":"","fileTypesAndContributionMap":{"functional-code":{"insertions":86,"deletions":2},"other":{"insertions":2,"deletions":2}}},{"hash":"46f7716a9da00f9e9b326487f2308190e5de14a4","messageTitle":"add test cases for edit property command","messageBody":"add test for property command\n","fileTypesAndContributionMap":{"functional-code":{"insertions":1,"deletions":2},"other":{"insertions":1,"deletions":1},"test-code":{"insertions":336,"deletions":175}}},{"hash":"b61b51c4d432498d32537b693e8df604141dc0b1","messageTitle":"fix merge conflict errors","messageBody":"","fileTypesAndContributionMap":{"functional-code":{"insertions":21,"deletions":21},"test-code":{"insertions":61,"deletions":40}}},{"hash":"004a91922328d30ba34f7320e58c95c838ff1cb4","messageTitle":"fix rebase errors","messageBody":"","fileTypesAndContributionMap":{"functional-code":{"insertions":0,"deletions":10},"test-code":{"insertions":20,"deletions":20}}},{"hash":"bae73247ac4be94d41096bea527c114b6ec78dc2","messageTitle":"fix edit command tests","messageBody":"fix edit command tests\n","fileTypesAndContributionMap":{"test-code":{"insertions":36,"deletions":41}}},{"hash":"8e6c062de169c4fb88ae94c737b733e377b5e337","messageTitle":"move duplicate code into static ParserUtil class","messageBody":"","fileTypesAndContributionMap":{"functional-code":{"insertions":21,"deletions":33},"test-code":{"insertions":0,"deletions":2}}},{"hash":"a4b74f64816ac6e87e570e3d13bd120b4158520d","messageTitle":"fix checkstyle","messageBody":"","fileTypesAndContributionMap":{"functional-code":{"insertions":0,"deletions":13}}},{"hash":"aa064cf5b0a92360e170b2ef5899a56c39a507e6","messageTitle":"bump cobb version to 1.2","messageBody":"","fileTypesAndContributionMap":{"functional-code":{"insertions":1,"deletions":1}}}]},{"date":"2022-10-20","commitResults":[{"hash":"8aed8ecf57f58f0371b53f75afe1391700e3fa8e","messageTitle":"add owner class","messageBody":"","fileTypesAndContributionMap":{"functional-code":{"insertions":67,"deletions":63}}},{"hash":"828abf7b4860e8bf4782b2fa8cb814349f47ef96","messageTitle":"integrate owner into the different property commands","messageBody":"","fileTypesAndContributionMap":{"functional-code":{"insertions":99,"deletions":65},"test-code":{"insertions":15,"deletions":12}}},{"hash":"a29aa991b6c961395bea7143e03e19fdca3ca25a","messageTitle":"refactor PropertyBuilder","messageBody":"","fileTypesAndContributionMap":{"functional-code":{"insertions":2,"deletions":1},"test-code":{"insertions":3,"deletions":2}}},{"hash":"073f5bb35ee7cac222a1c1a06f4433871c4a41f9","messageTitle":"add json class for parsing owner","messageBody":"","fileTypesAndContributionMap":{"functional-code":{"insertions":68,"deletions":46}}},{"hash":"0342142722bdab01f01520c2f9ff85c4a9ac2ee1","messageTitle":"add owner class design docs to DG","messageBody":"","fileTypesAndContributionMap":{"docs":{"insertions":39,"deletions":0}}},{"hash":"58265fc8233095ff6a59c27b326b71ded0531319","messageTitle":"fix modifiers","messageBody":"","fileTypesAndContributionMap":{"functional-code":{"insertions":22,"deletions":24}}},{"hash":"c39bc191f9224f666f6d2c0295b356fc30e05494","messageTitle":"add filter by owner name, and fix storage","messageBody":"","fileTypesAndContributionMap":{"functional-code":{"insertions":71,"deletions":27}}},{"hash":"c32f47493a5cd6f461545ee0509f8bf45466d488","messageTitle":"fix checkstyle","messageBody":"change comments\n","fileTypesAndContributionMap":{"functional-code":{"insertions":3,"deletions":5}}}]},{"date":"2022-10-25","commitResults":[{"hash":"dcf31023d6c6a3a81a09dbae2837e93fab03fb04","messageTitle":"refactor findbuyer command","messageBody":"refactor findbuyer command\n","fileTypesAndContributionMap":{"functional-code":{"insertions":3,"deletions":3},"other":{"insertions":24,"deletions":24},"test-code":{"insertions":4,"deletions":4}}},{"hash":"49386d084e8112b50775381d583570cbb67a116c","messageTitle":"add findprop command","messageBody":"","fileTypesAndContributionMap":{"functional-code":{"insertions":83,"deletions":7},"other":{"insertions":7,"deletions":3},"test-code":{"insertions":1,"deletions":1}}},{"hash":"6671b14af8d3af8602ec770552d45b518746870d","messageTitle":"fix checkstyle","messageBody":"","fileTypesAndContributionMap":{"functional-code":{"insertions":2,"deletions":3},"test-code":{"insertions":2,"deletions":1}}},{"hash":"82a4d34843ba030d2829002e7ba6402b0927b2ee","messageTitle":"refactor all person to buyer","messageBody":"","fileTypesAndContributionMap":{"functional-code":{"insertions":356,"deletions":356},"other":{"insertions":182,"deletions":182},"docs":{"insertions":48,"deletions":48},"test-code":{"insertions":145,"deletions":145}}},{"hash":"55ce2e89db3d990140e99e5dad5d8614f4b5ab28","messageTitle":"fix imports and checkstyle","messageBody":"","fileTypesAndContributionMap":{"functional-code":{"insertions":53,"deletions":49},"test-code":{"insertions":25,"deletions":20}}},{"hash":"6b82c0c63b49b7826b6627dc68e37158b587e087","messageTitle":"fix license file and refactor editpersondescriptor","messageBody":"","fileTypesAndContributionMap":{"functional-code":{"insertions":31,"deletions":33},"docs":{"insertions":2,"deletions":2},"test-code":{"insertions":41,"deletions":38}}},{"hash":"9054f271b14a7107aa636d8ad6f54de8a9fa030d","messageTitle":"refactor person methods","messageBody":"","fileTypesAndContributionMap":{"functional-code":{"insertions":10,"deletions":10},"other":{"insertions":12,"deletions":12},"test-code":{"insertions":59,"deletions":59}}}]},{"date":"2022-10-27","commitResults":[{"hash":"b57d29530dc842983541b368612faf5f3dc334c5","messageTitle":"add matchbuyer command","messageBody":"","fileTypesAndContributionMap":{"functional-code":{"insertions":140,"deletions":3}}},{"hash":"083dc0ffe172e70f14a891b640af3a27fe6c4103","messageTitle":"fix checkstyle","messageBody":"","fileTypesAndContributionMap":{"functional-code":{"insertions":6,"deletions":3}}},{"hash":"98a2980c5bec94b70f6334df38f5f6802fda10cf","messageTitle":"fix strict check not checking all characteristics","messageBody":"","fileTypesAndContributionMap":{"functional-code":{"insertions":27,"deletions":12},"test-code":{"insertions":4,"deletions":4}}},{"hash":"4cd7d4b824f69c6f760c121306aa8fa9a9a75e6a","messageTitle":"fix checkstyle","messageBody":"","fileTypesAndContributionMap":{"functional-code":{"insertions":2,"deletions":2}}},{"hash":"c5b39bba7e29a899ac6aa1d42c030ddb9c2a6af9","messageTitle":"fix command summary of the user guide","messageBody":"","fileTypesAndContributionMap":{"functional-code":{"insertions":4,"deletions":5},"docs":{"insertions":20,"deletions":20}}},{"hash":"7ba9faa75d5d96b9cfe03a5e45f6f1a73d7f20dd","messageTitle":"update ui","messageBody":"","fileTypesAndContributionMap":{"functional-code":{"insertions":1,"deletions":1},"docs":{"insertions":35,"deletions":52}}}]}],"zsiggg":[{"date":"2022-09-29","commitResults":[{"hash":"8695a6341e205648e251be6ec171713614252fed","messageTitle":"Add skeletal PPP","messageBody":"","fileTypesAndContributionMap":{"docs":{"insertions":21,"deletions":0}}},{"hash":"8fc2e896558f740e362ba342c2538738c733bdaa","messageTitle":"Add a profile picture and update aboutus","messageBody":"","fileTypesAndContributionMap":{"docs":{"insertions":12,"deletions":1}}},{"hash":"9f4167812649a27d0a5131dd9f30a7cb5ab9aaf4","messageTitle":"Add use cases in DG","messageBody":"","fileTypesAndContributionMap":{"docs":{"insertions":79,"deletions":13}}},{"hash":"941f381bc26e58b441a6aa8c1cde0dd304dbae20","messageTitle":"Fix checkstyle errors","messageBody":"","fileTypesAndContributionMap":{"docs":{"insertions":10,"deletions":10}}}]},{"date":"2022-10-05","commitResults":[{"hash":"f9bdd19b3d581b018babd7b7f20f63058e56c290","messageTitle":"Add AddPropertyCommand class","messageBody":"","fileTypesAndContributionMap":{"functional-code":{"insertions":65,"deletions":0}}},{"hash":"3783bcfd3327bcc5cd25a8ddeb2857c0c7e251e5","messageTitle":"Correct property ot AddPropertyCommand class","messageBody":"","fileTypesAndContributionMap":{"functional-code":{"insertions":1,"deletions":2}}},{"hash":"abb664b205b76e3c40a667d56acfa5e5f0816a1f","messageTitle":"Add AddPropertyParser class","messageBody":"","fileTypesAndContributionMap":{"functional-code":{"insertions":53,"deletions":0}}},{"hash":"357aebcf70cf6187ee8b47e2fe165d203129e9f0","messageTitle":"Add parsePrice and parseDescription to ParserUtil","messageBody":"","fileTypesAndContributionMap":{"functional-code":{"insertions":30,"deletions":0}}},{"hash":"c67f2c82c806891cd3da0532260c5310022e9fbb","messageTitle":"Add AddPropertyCommand case to AddressBookParser class","messageBody":"","fileTypesAndContributionMap":{"functional-code":{"insertions":4,"deletions":0}}},{"hash":"74692a5bff5d3ac21aafd87df8e53658123489a0","messageTitle":"Correct equals method in AddPropertyCommand","messageBody":"","fileTypesAndContributionMap":{"functional-code":{"insertions":2,"deletions":2}}},{"hash":"a7dc899498a56ca220e5853c65d1dbdce4bb8d58","messageTitle":"Fix checkstyle errors in AddPropertyCommand","messageBody":"","fileTypesAndContributionMap":{"functional-code":{"insertions":1,"deletions":1}}}]},{"date":"2022-10-06","commitResults":[{"hash":"63a3aade2d3907d58206778a295d6e8f16b79bdc","messageTitle":"Merge master branch from upstream repo to fork","messageBody":"- Prefix refactored  to -\u003cletter\u003e, no space\n- PriceRange and Characteristics class for buyer\n- Renaming of AddCommand to AddPersonCommand\n- arePrefixesPresent implemented in abstract class Parser instead of being overridden in subclass\n","fileTypesAndContributionMap":{"functional-code":{"insertions":369,"deletions":41},"other":{"insertions":54,"deletions":56},"test-code":{"insertions":7,"deletions":7}}},{"hash":"a67ebae4e6f3fcfb2545627901586e10cf74f9cf","messageTitle":"Rename Address and Name class in property package","messageBody":"refactor Name and Address classes to PropertyName and PropertyAddress classes\n        - conflicting names with Name and Address classes from Person package in ParserUtil\n\nupdated methods and fields based on merged files (e.g. Property in model\npackage)\n","fileTypesAndContributionMap":{"functional-code":{"insertions":91,"deletions":30},"other":{"insertions":14,"deletions":14}}}]},{"date":"2022-10-07","commitResults":[{"hash":"8d797c1708d190d6abea170edc1476e8f6c46375","messageTitle":"addprop command: print acknowledgement message","messageBody":"print success message in GUI if command is entered correctly, without\nwriting to storage or adding to the model\n\nTODO: model for properties, storage for properties\n","fileTypesAndContributionMap":{"functional-code":{"insertions":5,"deletions":5}}},{"hash":"5858cd092cae7ae016292c9efd34f292f324c359","messageTitle":"Fix checkstyle errors","messageBody":"","fileTypesAndContributionMap":{"functional-code":{"insertions":2,"deletions":1}}}]},{"date":"2022-10-08","commitResults":[{"hash":"3c58a46dac9abb082c1ce3bf0c16f5c59004866a","messageTitle":"Move Address and PropertyAddress into separate package","messageBody":"PropertyAddress is in the property package as it is a field in Property,\nsince it would not make sense to make use of the original Address\nclass in the person package. it is not named \"Address\" as well, since that\nwould mean conflicting class names in ParserUtil, where both classes\nneed to be imported.\n\nhowever, since both PropertyAddress and Address have the same\nimplementation, it makes sense to have them as one class.\n\nlet\u0027s move both classes out to a separate address package. we then delete the\nPropertyAddress class, and change all references to refer to the Address\nclass\u0027s new location in the address package instead.\n","fileTypesAndContributionMap":{"functional-code":{"insertions":23,"deletions":94},"other":{"insertions":1,"deletions":1},"docs":{"insertions":1,"deletions":1},"test-code":{"insertions":8,"deletions":6}}},{"hash":"71f541fc8a2b715e0733b259a913ea08244fb8bb","messageTitle":"Fix checkstyle errors","messageBody":"","fileTypesAndContributionMap":{"functional-code":{"insertions":1,"deletions":1}}}]},{"date":"2022-10-11","commitResults":[{"hash":"23b469e7ac137e8b3045fb25fdfc250d79011c1a","messageTitle":"Rename AddressBook to PersonsModel","messageBody":"","fileTypesAndContributionMap":{"functional-code":{"insertions":45,"deletions":44},"other":{"insertions":38,"deletions":38},"docs":{"insertions":1,"deletions":1},"test-code":{"insertions":41,"deletions":41}}},{"hash":"b5981d60f09515cdf9bf253c9b80a45e69137d79","messageTitle":"Rename ReadOnlyAddressBook to ReadOnlyPersonsModel","messageBody":"","fileTypesAndContributionMap":{"functional-code":{"insertions":42,"deletions":42},"other":{"insertions":1,"deletions":1},"test-code":{"insertions":16,"deletions":16}}},{"hash":"8c076ad9bb477e4c596fae2f4d61dc3f428fc552","messageTitle":"Rename addressbook.json to personmodel.json","messageBody":"","fileTypesAndContributionMap":{"functional-code":{"insertions":1,"deletions":1},"docs":{"insertions":1,"deletions":1},"test-code":{"insertions":1,"deletions":1}}},{"hash":"24334c550345857cc929f00b72c1ec46f9a399d9","messageTitle":"Add PropertyModel that implements ReadOnlyPropertyModel","messageBody":"","fileTypesAndContributionMap":{"functional-code":{"insertions":138,"deletions":1}}},{"hash":"8ba08abe5cfce098ede5893c2132c629208c80df","messageTitle":"Refactor UserPrefs","messageBody":"there is only one file path (\"addressbook.json\") that stored the data of\nthe persons in the address book.\n\nhowever, since we have two models, PersonModel and PropertyModel, we\nneed to have two JSON files to store each model.\n\nlet\u0027s rename addressBookFilePath to personModelFilePath to better\nexplain the JSON file\u0027s purpose, as well as its associated methods.\nlet\u0027s also add propertyModelFilePath, storing the PropertyModel in\n\"propertymodel.json\".\n","fileTypesAndContributionMap":{"functional-code":{"insertions":29,"deletions":14},"test-code":{"insertions":5,"deletions":5}}},{"hash":"75250bdc21f6f191c074bb195b6abdd2dfa3ef9e","messageTitle":"Refactor previous get and set methods for AddressBookFilePath","messageBody":"addressBookFilePath is now personModelFilePath, but get and set methods have not\nbeen changed accordingly. there is also no corresponding get and set methods for\npropertyModelFilePath.\n\nlet’s add getPropertyModelFilePath and setPropertyModelFilePath methods, while\nrenaming the get and set methods for personModel to getPersonModelFilePath and\nsetPersonModelFilePath in all files.\n","fileTypesAndContributionMap":{"functional-code":{"insertions":30,"deletions":9},"test-code":{"insertions":5,"deletions":5}}},{"hash":"790e5375f10a143298b6e2370d8696f97495847a","messageTitle":"Modify get and set commands in Logic for PersonModel and PropertyModel","messageBody":"","fileTypesAndContributionMap":{"functional-code":{"insertions":14,"deletions":4}}},{"hash":"97ff3812019647c306800636d66157b505fdb8b3","messageTitle":"Add PropertyModel to ModelManager and Model","messageBody":"ModelManager, which implements the Model interface, only contains\nmethods to manage the PersonModel class.\n\nhowever, with the addition of PropertyModel, ModelManager and Model\ninterface should contain methods that allow other classes to manipulate\nthe PropertyModel as well.\n\nlet\u0027s add the same methods and fields that PersonModel has for\nPropertyModel in Model and ModelManager.\n","fileTypesAndContributionMap":{"functional-code":{"insertions":133,"deletions":17}}},{"hash":"9665168066231c35e6fa4aa3f238e5decfddcb1e","messageTitle":"Refactor setAddressBook and getAddressBook methods in Model and ModelManager","messageBody":"","fileTypesAndContributionMap":{"functional-code":{"insertions":37,"deletions":12},"test-code":{"insertions":21,"deletions":21}}},{"hash":"7511d4a717cbf10a59cae42b6588bcf9b781163f","messageTitle":"Fix wrong arguments for ModelManager constructor in MainApp","messageBody":"","fileTypesAndContributionMap":{"functional-code":{"insertions":16,"deletions":12}}},{"hash":"da23f749692fc12e396b8868ed1e6137516472db","messageTitle":"Fix checkstyle errors","messageBody":"","fileTypesAndContributionMap":{"functional-code":{"insertions":9,"deletions":8}}}]},{"date":"2022-10-12","commitResults":[{"hash":"53c1f4dfea3fd1b0b7cb1a4d678b3475994f2eed","messageTitle":"Refactor test cases for new ModelManager constructor","messageBody":"ModelManager now takes in 3 arguments instead of 2.\n\nhowever, test cases for commands are still calling ModelManager\nconstructor with only 2 arguments.\n\nlet\u0027s add the 3rd argument in for all the command test cases, using\ngetTypicalPropertyModel from TypicalProperties class, or\ngetPropertyModel method from Property class. the TypicalProperties class\nis not fully implemented, as it has already been done so in a pending\nPR.\n","fileTypesAndContributionMap":{"functional-code":{"insertions":1,"deletions":1},"test-code":{"insertions":51,"deletions":18}}},{"hash":"02322ac5473bc6e518dc4f651bedfeae99f050aa","messageTitle":"Fix ModelManager constructor in DeleteCommandTest","messageBody":"","fileTypesAndContributionMap":{"test-code":{"insertions":1,"deletions":1}}},{"hash":"1db325ae5e4aa615be33616388f688a354b6cf04","messageTitle":"Add PropertyModelBuilder and PersonModelBuilder","messageBody":"AddressBookBuilder is a utility class used to create AddressBook\nobjects.\n\nhowever, AddressBook has been renamed to PersonModel. PropertyModel has\nalso been added, and does not have a similar builder class that can be\nused in the test classes.\n\nlet\u0027s rename AddressBookBuilder to PersonModelBuilder, and add a\nPropertyModelBuilder.\n","fileTypesAndContributionMap":{"other":{"insertions":5,"deletions":7},"test-code":{"insertions":34,"deletions":2}}},{"hash":"095b2fb40dafaabc6a8829f6bc98e4c16c588a82","messageTitle":"Rename NameContainsKeywordPredicate in Property package","messageBody":"","fileTypesAndContributionMap":{"other":{"insertions":15,"deletions":15}}},{"hash":"272055440c80add02f1c6667caaffbb7d33b88b4","messageTitle":"Add more tests and refactor ModelManagerTest based on new ModelManager","messageBody":"","fileTypesAndContributionMap":{"test-code":{"insertions":65,"deletions":9}}},{"hash":"261e227d93ae094edda20d0c3ecd924fd2d82028","messageTitle":"Fix ModelStub not implementing all methods in Model interface","messageBody":"","fileTypesAndContributionMap":{"test-code":{"insertions":47,"deletions":1}}},{"hash":"13eb6441ba34c2ef8ecb5da080b91683276d3d4a","messageTitle":"Fix checkstyle errors in tests","messageBody":"","fileTypesAndContributionMap":{"test-code":{"insertions":24,"deletions":16}}},{"hash":"af77b0825a43acf2fd3667baac84144b2a091393","messageTitle":"Fix failing test cases for storage package","messageBody":"","fileTypesAndContributionMap":{"functional-code":{"insertions":26,"deletions":26},"test-code":{"insertions":9,"deletions":7}}}]},{"date":"2022-10-13","commitResults":[{"hash":"d5dfc981b3b93d35d5ac94dd487c4972e00a5eb8","messageTitle":"Change PersonModel and PropertyModel to PersonBook and PropertyBook","messageBody":"might still have some remnants of propertyModel and personModel in\nmethod and variable names around the application.\n","fileTypesAndContributionMap":{"functional-code":{"insertions":115,"deletions":115},"other":{"insertions":56,"deletions":56},"docs":{"insertions":1,"deletions":1},"test-code":{"insertions":76,"deletions":76}}},{"hash":"ec79f0d47d49d5178d42e0c8c91fa6d41084fabf","messageTitle":"Fix spelling error for ProportyBook to PropertyBook","messageBody":"","fileTypesAndContributionMap":{"functional-code":{"insertions":22,"deletions":22},"other":{"insertions":8,"deletions":8},"test-code":{"insertions":33,"deletions":33}}},{"hash":"1e4ec99699ec3e76c03f09b50e11cdeb881b88b9","messageTitle":"Fix failed tests","messageBody":"","fileTypesAndContributionMap":{"test-code":{"insertions":15,"deletions":21}}},{"hash":"e2d0b2f7f3fe094a774353736ed52d3b07bee16d","messageTitle":"Change ClearCommand to clear both Person and Property lists","messageBody":"","fileTypesAndContributionMap":{"functional-code":{"insertions":4,"deletions":2},"test-code":{"insertions":2,"deletions":0}}},{"hash":"acd9e9963893c4b6baedd5972a6fb72a2a393023","messageTitle":"Add seller string field into Property","messageBody":"","fileTypesAndContributionMap":{"functional-code":{"insertions":18,"deletions":6}}},{"hash":"284dc4b990e0e6492aec758c2df800c2578ba69e","messageTitle":"Add seller name parameter to AddPropertyCommand","messageBody":"","fileTypesAndContributionMap":{"functional-code":{"insertions":27,"deletions":10},"test-code":{"insertions":13,"deletions":1}}},{"hash":"ce06432cad2be69a6e6588a2fca0e3bffc3cf2db","messageTitle":"Display sample properties instead of an empty list on application start","messageBody":"","fileTypesAndContributionMap":{"functional-code":{"insertions":3,"deletions":2}}},{"hash":"7d0d4c8e6376fd71aa2f1fe884104bb075fdb6ec","messageTitle":"Display seller of property in GUI","messageBody":"","fileTypesAndContributionMap":{"functional-code":{"insertions":4,"deletions":0}}},{"hash":"6c639b4c117f186430d3c2db082bd3e99a12e99d","messageTitle":"Update Property javadoc","messageBody":"Co-authored-by: Chen Hung-Yu \u003c83859498+jchilling@users.noreply.github.com\u003e","fileTypesAndContributionMap":{"functional-code":{"insertions":1,"deletions":1}}},{"hash":"012fe3e34a7211a9f8ec49b695c4cb4a973c0998","messageTitle":"Refactor EditPropertyCommand for new seller field in Property","messageBody":"","fileTypesAndContributionMap":{"functional-code":{"insertions":15,"deletions":2}}}]},{"date":"2022-10-19","commitResults":[{"hash":"102d8eb51537daedd977ddc3dc134c017c94469f","messageTitle":"Add PropertyBookStorage interface and implement methods in StorageManager","messageBody":"","fileTypesAndContributionMap":{"functional-code":{"insertions":81,"deletions":2}}},{"hash":"42fb9b5eed59391a3de2c8e9b2df507667ce27f1","messageTitle":"Add JsonAdaptedProperty","messageBody":"","fileTypesAndContributionMap":{"functional-code":{"insertions":148,"deletions":0}}},{"hash":"bf035e52694b6c6c69d902e05e709882d09f258f","messageTitle":"Add JsonPropertyBookStorage and JsonSerializablePropertyBook","messageBody":"","fileTypesAndContributionMap":{"functional-code":{"insertions":140,"deletions":0}}},{"hash":"d600308ee52e0f4880cfc968365b06da02a91743","messageTitle":"Refactor usages of StorageManager constructor to pass in PropertyBookStorage","messageBody":"","fileTypesAndContributionMap":{"functional-code":{"insertions":6,"deletions":3},"test-code":{"insertions":9,"deletions":3}}},{"hash":"05fa357fd345c29837480849f5091e275b34bc19","messageTitle":"Save property book to storage","messageBody":"Read from storage\u0027s list of properties on application start.\nSave list of properties to storage upon command execution.\n","fileTypesAndContributionMap":{"functional-code":{"insertions":20,"deletions":4}}}]},{"date":"2022-10-20","commitResults":[{"hash":"9c4807c6c4e5cdfc7872528ab95315fb9df923a9","messageTitle":"Rename MESSAGE_DUPLICATE_PESON to MESSAGE_DUPLICATE)PROPERTY","messageBody":"","fileTypesAndContributionMap":{"functional-code":{"insertions":2,"deletions":2}}},{"hash":"75394741157b47f887e88f25fbddb20c9f3def7f","messageTitle":"Add ability to filter buyers by characteristic","messageBody":"","fileTypesAndContributionMap":{"functional-code":{"insertions":25,"deletions":12}}},{"hash":"b353f0ba3c9178ab60c93b7c5f2ff5c08282c810","messageTitle":"Remove Tag from JsonAdaptedProperty","messageBody":"","fileTypesAndContributionMap":{"functional-code":{"insertions":41,"deletions":15}}},{"hash":"94c88786181bcfa79819ae8aecac921565e9d238","messageTitle":"Add ability to filter properties by characteristic","messageBody":"","fileTypesAndContributionMap":{"functional-code":{"insertions":19,"deletions":10}}},{"hash":"e67cdcc1d4ca5ee6c5d185d97579d1c542e9ca87","messageTitle":"Fix checkstyle errors","messageBody":"","fileTypesAndContributionMap":{"functional-code":{"insertions":0,"deletions":1}}},{"hash":"06c01e13a74fec68b618f86ff2e09e48c463792d","messageTitle":"Add writeup for use of arrow keys in CommandBox","messageBody":"","fileTypesAndContributionMap":{"docs":{"insertions":44,"deletions":0}}},{"hash":"ae2f62b3e5adcbf65d3bf3e05d0540223c90b24b","messageTitle":"Refactor according to review comments","messageBody":"","fileTypesAndContributionMap":{"functional-code":{"insertions":12,"deletions":9}}}]},{"date":"2022-10-23","commitResults":[{"hash":"0e89ba5556918c5757819c115d2345501fdce554","messageTitle":"Refactor personModel and propertyModel in main","messageBody":"","fileTypesAndContributionMap":{"functional-code":{"insertions":30,"deletions":30}}},{"hash":"b3d02039a3f36574f511910ce0f96276e899161b","messageTitle":"Refactor \"person model\" and \"property model\" in comments in main","messageBody":"","fileTypesAndContributionMap":{"functional-code":{"insertions":14,"deletions":14}}},{"hash":"d78206c1dbbe33e8f59727b3d155572bcb490858","messageTitle":"Refactor methods in SampleDataUtil","messageBody":"","fileTypesAndContributionMap":{"functional-code":{"insertions":4,"deletions":6}}},{"hash":"78e0b88b8acd1311e0b9d51442545431aed2845f","messageTitle":"Refactor methods in Logic","messageBody":"","fileTypesAndContributionMap":{"functional-code":{"insertions":9,"deletions":9}}},{"hash":"25d96eb0b618cd890df8f12092dde520a1322580","messageTitle":"Refactor methods in Model","messageBody":"","fileTypesAndContributionMap":{"functional-code":{"insertions":26,"deletions":26},"test-code":{"insertions":43,"deletions":43}}},{"hash":"35a53ca2ff73c227bf49bb4cead9a2262ddce011","messageTitle":"Change personmodel.json and propertymodel.json","messageBody":"Need to change file path in preferences.json as well\n","fileTypesAndContributionMap":{"functional-code":{"insertions":2,"deletions":2}}},{"hash":"673a9861ace39ac475bdb7f167a441d2392e22fb","messageTitle":"Refactor json file names in test","messageBody":"","fileTypesAndContributionMap":{"test-code":{"insertions":2,"deletions":2}}},{"hash":"3841a9615990bc56cc8441887781b63b50e5f99d","messageTitle":"Refactor PersonModel and PropertyModel in test","messageBody":"","fileTypesAndContributionMap":{"other":{"insertions":8,"deletions":8},"test-code":{"insertions":8,"deletions":8}}},{"hash":"1c438ec973744306db926d1de997df59eecd4fe3","messageTitle":"Refactor AddressBookStorage to PersonBookStorage","messageBody":"","fileTypesAndContributionMap":{"functional-code":{"insertions":24,"deletions":24},"other":{"insertions":20,"deletions":20},"test-code":{"insertions":24,"deletions":24}}},{"hash":"0da3825566983a92137ae7025e8b75defee1697a","messageTitle":"Refactor JsonSerializableAddressBook","messageBody":"","fileTypesAndContributionMap":{"functional-code":{"insertions":3,"deletions":3},"other":{"insertions":6,"deletions":6},"test-code":{"insertions":7,"deletions":7}}},{"hash":"1b10af6fc26680b9f39c90fa7ada17aabbd042a3","messageTitle":"Refactor AddressBookParser to CobbParser","messageBody":"","fileTypesAndContributionMap":{"functional-code":{"insertions":4,"deletions":4},"other":{"insertions":1,"deletions":1},"test-code":{"insertions":1,"deletions":1}}},{"hash":"eb19e5d4d50164380f0012ced7d3fc3ea27b6856","messageTitle":"Refactor addressBook in variable names","messageBody":"","fileTypesAndContributionMap":{"functional-code":{"insertions":15,"deletions":15}}},{"hash":"fe2788f74c394d2dd271f334ba6835c78433f20a","messageTitle":"Refactor addressbook.log to cobb.log","messageBody":"addressbook.log will continue to store previous logs before this change\n","fileTypesAndContributionMap":{"functional-code":{"insertions":1,"deletions":1}}},{"hash":"d0612cd2d7403ca4ea29539c3be33b4c05d54ad4","messageTitle":"Refactor jsonAddressBook to jsonPersonBook","messageBody":"","fileTypesAndContributionMap":{"functional-code":{"insertions":4,"deletions":4}}},{"hash":"f2407d166be184fd39f6857e896d9c471aed2dd1","messageTitle":"Refactor json file names with \u0027addressbook\u0027 in test","messageBody":"","fileTypesAndContributionMap":{"test-code":{"insertions":6,"deletions":6}}},{"hash":"343d8721f7d14da125c85d12192a7c5c63983221","messageTitle":"Refactor addressBook and AddressBook in test","messageBody":"","fileTypesAndContributionMap":{"test-code":{"insertions":51,"deletions":51}}},{"hash":"ed0925a94d82efbfa79566ca58bab936872c3298","messageTitle":"Refactor \"address book\", mostly in comments","messageBody":"","fileTypesAndContributionMap":{"functional-code":{"insertions":41,"deletions":40},"test-code":{"insertions":10,"deletions":10}}},{"hash":"ea41b329c412fdcca4eda4aa8d74b4fbb41251f6","messageTitle":"Fix checkstyle errors","messageBody":"","fileTypesAndContributionMap":{"functional-code":{"insertions":1,"deletions":1}}},{"hash":"268b1f0e712704510c8802d53b406a2bd8f74b1b","messageTitle":"Refactor \"address book\" in usage messages to \"Cobb\"","messageBody":"","fileTypesAndContributionMap":{"functional-code":{"insertions":6,"deletions":6}}},{"hash":"b271429286a057ffa5057e63debdad7aca3f75ed","messageTitle":"Add onKeyReleased event listener in FXML","messageBody":"","fileTypesAndContributionMap":{"functional-code":{"insertions":1,"deletions":1}}},{"hash":"8298ed8d33e7c540020b42b49668e5ef27088eea","messageTitle":"Add ability to use up/down arrow keys to navigate command history","messageBody":"","fileTypesAndContributionMap":{"functional-code":{"insertions":103,"deletions":1}}}]},{"date":"2022-10-25","commitResults":[{"hash":"1c8d89b33a0f4953a15bae98fcf59d0de9d3486f","messageTitle":"Rename CommandHistory to CommandRetriever","messageBody":"","fileTypesAndContributionMap":{"functional-code":{"insertions":10,"deletions":10}}},{"hash":"65ad4ca4ab0b456bf8a2daed13e9d855d3a20cfb","messageTitle":"Add access modifiers for CommandRetriever","messageBody":"","fileTypesAndContributionMap":{"functional-code":{"insertions":2,"deletions":2}}},{"hash":"cabc9aa31796e59ba1203813db5177decbee42ae","messageTitle":"Use currentCommand field instead of empty string in commandHistory","messageBody":"","fileTypesAndContributionMap":{"functional-code":{"insertions":23,"deletions":16}}}]},{"date":"2022-10-26","commitResults":[{"hash":"93312b55956a478a880064ed7e41f85b3d838ffa","messageTitle":"Fix uncaught merge conflict","messageBody":"","fileTypesAndContributionMap":{"functional-code":{"insertions":1,"deletions":6}}},{"hash":"0d0da4af8db284abc4053ba55fa516989caa49bb","messageTitle":"Change isSameProperty and isSameBuyer conditions","messageBody":"","fileTypesAndContributionMap":{"functional-code":{"insertions":3,"deletions":2},"test-code":{"insertions":24,"deletions":4}}},{"hash":"9a5839983c1a53a7cf36e45c80147a70bb761cd3","messageTitle":"Rename filter predicates and edit filter command javadocs","messageBody":"Currently, we only have one type of predicate for filtering of\ncharacteristics for each of property and buyer. the predicate checks\nwhether the buyer or property contains all the given characteristics\nthat the user is filtering by.\n\nhowever, our matchprop and matchbuyer command will require a different\npredicate that checks whether the buyer or property contains *any* of\nthe given characteristics.\n\nthus, an initial clean up and refactoring of the files is done to\nprevent confusion later on.\n","fileTypesAndContributionMap":{"functional-code":{"insertions":14,"deletions":14},"other":{"insertions":44,"deletions":44}}},{"hash":"3d904a08b8b334d63ffeee1a68dff4844e4872c7","messageTitle":"Refactor matchprop","messageBody":"currently, matchprop only returns buyers that are within the price range\nand matches all the characteristics of the property.\n\nhowever, this might result in little to no buyers matched, as it is not\neasy to satisfy this condition.\n\nthus we loosen the criteria for a buyer to be matched in matchprop. a\nbuyer is matched if it is within the price range, OR contains at least\none of the property\u0027s characteristic.\n","fileTypesAndContributionMap":{"functional-code":{"insertions":61,"deletions":13}}},{"hash":"373bbb1e83060b3fb8985f410d4faad493731776","messageTitle":"Add match all conditions ability in MultiFlagFilterBuyersCommand","messageBody":"initially, MultiFlagFilterBuyersCommand will return buyers that satisfy\nat least 1 of the specified conditions.\n\nhowever, the user might only want buyers that satisfy all the given\nconditions, especially if the list of buyers is very high.\n\nlet\u0027s add the ability to use the -all flag to specify whether we want\nall the conditions to be present in the filtered buyers.\n","fileTypesAndContributionMap":{"functional-code":{"insertions":21,"deletions":12}}},{"hash":"72dabac64e469d7c0b2b8398325b9acf92a11626","messageTitle":"Fix unable to edit characteristics of a property","messageBody":"","fileTypesAndContributionMap":{"functional-code":{"insertions":1,"deletions":1}}},{"hash":"5dfa3124889b08d932f66e676c9d544fac203bc7","messageTitle":"Add match all conditions ability in MultiFlagFilterPropsCommand","messageBody":"","fileTypesAndContributionMap":{"functional-code":{"insertions":27,"deletions":15}}},{"hash":"3474791280fa56be55d414cc1249d4f9ec2cb272","messageTitle":"Add match all conditions ability for matchprop","messageBody":"","fileTypesAndContributionMap":{"functional-code":{"insertions":44,"deletions":17}}},{"hash":"d712754d10b57d214802046cacb14dfac7ae7e88","messageTitle":"Replace filter commands with multiflagfilter commands","messageBody":"","fileTypesAndContributionMap":{"functional-code":{"insertions":79,"deletions":322},"other":{"insertions":5,"deletions":5}}},{"hash":"95a5ef2dc5f84f6036c41af90a6d1af2eef2ac37","messageTitle":"Fix checkstyle errors","messageBody":"","fileTypesAndContributionMap":{"functional-code":{"insertions":5,"deletions":4}}}]},{"date":"2022-10-27","commitResults":[{"hash":"9fa370174591776b252d200cedcdbc59033da5c0","messageTitle":"Change -all flag to -fuzzy flag","messageBody":"the default behaviour for filter (without -fuzzy) will now filter for\nbuyers/properties that satisfy ALL conditions.\n","fileTypesAndContributionMap":{"functional-code":{"insertions":19,"deletions":19}}},{"hash":"1f8d47e1ffa9a54118b07c1b13c841a189852388","messageTitle":"Change fuzzy filtering behaviour for characteristics","messageBody":"currently, if -fuzzy is passed in for the filter commands, the filtered\nlist will only contain buyers/properties that satisfy all the\ncharacteristics, or at least one of the other conditions (e.g. price).\n\nhowever, each characteristic should be seen as a condition by itself,\nand thus the filtered list should also contain buyers/properties that\ncontain at least 1 but not all of the given characteristics.\n","fileTypesAndContributionMap":{"functional-code":{"insertions":50,"deletions":2}}},{"hash":"1919bb05b7dc9d817a3ba15130d05ba4f930ac2f","messageTitle":"Refactor Optional for combinedPredicate in filter command and matchprop","messageBody":"","fileTypesAndContributionMap":{"functional-code":{"insertions":21,"deletions":22}}},{"hash":"8e11f423ba6ca63ea002c29819540676d7790a32","messageTitle":"Fix checkstyle errors","messageBody":"","fileTypesAndContributionMap":{"functional-code":{"insertions":0,"deletions":1}}},{"hash":"1a0c13ecf2cbe8aa7cc666f507b8cb0a9a6863ee","messageTitle":"Update DG for CommandRetriever","messageBody":"","fileTypesAndContributionMap":{"docs":{"insertions":124,"deletions":20}}},{"hash":"7e0e124a021a7f6a42e3f8494da3a9ebaf000fe4","messageTitle":"Fix checkstyle errors","messageBody":"","fileTypesAndContributionMap":{"docs":{"insertions":6,"deletions":6}}},{"hash":"db014956f036dc63ba9b43ee97153c526f4fc6e9","messageTitle":"Fix checkstyle errors","messageBody":"","fileTypesAndContributionMap":{"docs":{"insertions":27,"deletions":20}}},{"hash":"432ea0e2d7d832f2300da74ee166902064f62fb8","messageTitle":"Fix checkstyle errors","messageBody":"","fileTypesAndContributionMap":{"docs":{"insertions":10,"deletions":10}}},{"hash":"69ce0ed7ce0daf44b3d861674f03c5f570c134ca","messageTitle":"Fix checkstyle errors","messageBody":"","fileTypesAndContributionMap":{"docs":{"insertions":5,"deletions":5}}}]}],"chngchngchng":[{"date":"2022-09-29","commitResults":[{"hash":"9db988c6a9329d72b12db97dfd2d660e4a0d6d7f","messageTitle":"Update UserGuide.md to match new functionality","messageBody":"The User Guide is an important interface that a user is likely to access\nwhen they encounter problems using the application, or when they simply\nneed some help.\n\nLet\u0027s update the existing user guide with new information that is more\nrelavant to Cobb.\n","fileTypesAndContributionMap":{"docs":{"insertions":204,"deletions":83}}},{"hash":"25415e6627ab3bb570d03912901d7c69cd2626fb","messageTitle":"Add personal info to AboutUs.md","messageBody":"","fileTypesAndContributionMap":{"docs":{"insertions":10,"deletions":0}}},{"hash":"8dcaa7227b3bd62b11a28c98bde0acdde0a71e26","messageTitle":"Fix checkstyle issues for CI","messageBody":"","fileTypesAndContributionMap":{"docs":{"insertions":22,"deletions":22}}},{"hash":"822e82c35c04ee1a5d1f75f50b625bcb91ab2d48","messageTitle":"Add personal info to AboutUs.md","messageBody":"","fileTypesAndContributionMap":{"docs":{"insertions":10,"deletions":0}}},{"hash":"b7b178058409d1fff4863675646565b004b9ac4c","messageTitle":"Fix AboutUs and image naming issues","messageBody":"","fileTypesAndContributionMap":{"docs":{"insertions":1,"deletions":1}}}]},{"date":"2022-09-30","commitResults":[{"hash":"3041f39b89f4c0ee2275ebf52059ed0064eaaa17","messageTitle":"Remove duplicate entry in AboutUs.md","messageBody":"","fileTypesAndContributionMap":{"docs":{"insertions":0,"deletions":10}}},{"hash":"90123049bbf2f8084a86d951b0c1e09959f04358","messageTitle":"Update PPP to reflect username","messageBody":"","fileTypesAndContributionMap":{"docs":{"insertions":2,"deletions":2}}}]},{"date":"2022-10-05","commitResults":[{"hash":"82c5f7b3b5e55c3d80bb83082516a32579118c59","messageTitle":"Add attribute classes for buyer and seller","messageBody":"In the spirit of AB3, let\u0027s add individualised classes for unique\nattributes that buyers and sellers possess.\n\nFor buyers, this includes:\n1. Price range\n2. Desired Characteristics\n\nFor sellers, this includes:\n1. Property list\n","fileTypesAndContributionMap":{"functional-code":{"insertions":329,"deletions":0}}}]},{"date":"2022-10-06","commitResults":[{"hash":"886a088c17e7ebda4a69f8a3b6e0266d48e4b15d","messageTitle":"Fix checkstyle issues","messageBody":"","fileTypesAndContributionMap":{"functional-code":{"insertions":19,"deletions":19}}}]},{"date":"2022-10-10","commitResults":[{"hash":"fae5c76d7a3b3bbcf4504ec935c3c4f688023849","messageTitle":"Fix bugs for CI tests","messageBody":"","fileTypesAndContributionMap":{"functional-code":{"insertions":2,"deletions":2}}}]},{"date":"2022-10-11","commitResults":[{"hash":"4f3a0724af5cc47e7cf31bf36e0c8243440bb146","messageTitle":"Add properties to UI","messageBody":"","fileTypesAndContributionMap":{"functional-code":{"insertions":277,"deletions":22}}},{"hash":"1a8d7e89450c048a1993bef95feceb3d43dc38c4","messageTitle":"Add padding to list title","messageBody":"","fileTypesAndContributionMap":{"functional-code":{"insertions":13,"deletions":0}}},{"hash":"701e08a728319189675fc3aa90f47086761fe455","messageTitle":"Fix checkstyle violations","messageBody":"","fileTypesAndContributionMap":{"functional-code":{"insertions":9,"deletions":10},"test-code":{"insertions":17,"deletions":2}}}]},{"date":"2022-10-12","commitResults":[{"hash":"f59b9b10c62fa37f08cbd7cd0fde0b9680bd67e2","messageTitle":"Fix JavaDoc for public methods","messageBody":"","fileTypesAndContributionMap":{"functional-code":{"insertions":7,"deletions":8}}}]},{"date":"2022-10-18","commitResults":[{"hash":"bbf2ee8222a41560bbcb6ae901b03d0c236c5d79","messageTitle":"Add filterbuyer command and relevant predicates","messageBody":"","fileTypesAndContributionMap":{"functional-code":{"insertions":227,"deletions":25}}},{"hash":"25f87a6b2931ac89edf845037659c431cf5d3af6","messageTitle":"Checkstyle fixes","messageBody":"","fileTypesAndContributionMap":{"functional-code":{"insertions":44,"deletions":18}}},{"hash":"0b99a23b3b0720257b459795b56498cf4f35a95c","messageTitle":"Modify predicate constructors to prevent null inputs","messageBody":"","fileTypesAndContributionMap":{"functional-code":{"insertions":10,"deletions":3}}},{"hash":"c24a2124a50bbf323b6ed615a9cf1877c44ec865","messageTitle":"Checkstyle fixes","messageBody":"","fileTypesAndContributionMap":{"functional-code":{"insertions":8,"deletions":0}}}]},{"date":"2022-10-20","commitResults":[{"hash":"b8899efb4b4a460e3f09f97a2982ba6aaad6c7c4","messageTitle":"Update User Guide","messageBody":"","fileTypesAndContributionMap":{"docs":{"insertions":134,"deletions":112}}},{"hash":"ca453d5774274ffef0a30a3959d9f067523ed7f1","messageTitle":"Update user guide","messageBody":"","fileTypesAndContributionMap":{"docs":{"insertions":134,"deletions":112}}}]},{"date":"2022-10-25","commitResults":[{"hash":"d78e931e9bed364ffc3f554cdedcd928a11c279d","messageTitle":"Add multi filter command for buyers and properties","messageBody":"","fileTypesAndContributionMap":{"functional-code":{"insertions":259,"deletions":19}}},{"hash":"f3f2c08fefc2f583783ed379bd0f80d515692c12","messageTitle":"Add matchprop command","messageBody":"","fileTypesAndContributionMap":{"functional-code":{"insertions":4,"deletions":0}}},{"hash":"5050ff7885e3dc18c80b2d94579cc3e1b1beb608","messageTitle":"Fix checkstyle issues","messageBody":"","fileTypesAndContributionMap":{"functional-code":{"insertions":141,"deletions":19}}},{"hash":"fb6bf5a9acf11693fe1a9e74c032cb9f6199800f","messageTitle":"Update user guide to reflect new commands","messageBody":"","fileTypesAndContributionMap":{"docs":{"insertions":75,"deletions":40}}},{"hash":"3aef5b10751ff7c6f7303e2b37fc45c2fde3da6d","messageTitle":"Fix Javadoc","messageBody":"","fileTypesAndContributionMap":{"functional-code":{"insertions":1,"deletions":1}}}]},{"date":"2022-10-26","commitResults":[{"hash":"b4d9bad24e588f8e0df963299a73705b372e314d","messageTitle":"Update predicate generation method","messageBody":"","fileTypesAndContributionMap":{"functional-code":{"insertions":9,"deletions":9}}}]}],"jchilling":[{"date":"2022-09-29","commitResults":[{"hash":"86de2f625a4977dbd679672436844dd02b2031d5","messageTitle":"Update AboutUs.md and profile picture","messageBody":"","fileTypesAndContributionMap":{"docs":{"insertions":7,"deletions":7}}},{"hash":"91ef218bd21707578342020637dff227ac8b6cd2","messageTitle":"Create Project Portfolio Page skeleton","messageBody":"","fileTypesAndContributionMap":{"docs":{"insertions":18,"deletions":46}}},{"hash":"78167046ed133186d48fb52c2cad3e9a3f14d45d","messageTitle":"Update DeveloperGuide.md","messageBody":"","fileTypesAndContributionMap":{"docs":{"insertions":5,"deletions":2}}}]},{"date":"2022-09-30","commitResults":[{"hash":"aeb55509d48c449d2c0578bdff4e8566df536415","messageTitle":"Update index.md","messageBody":"","fileTypesAndContributionMap":{"docs":{"insertions":4,"deletions":4}}}]},{"date":"2022-10-04","commitResults":[{"hash":"ff6e1f7f7792bf5012284417bcdb621455b7ee44","messageTitle":"Add Property package","messageBody":"","fileTypesAndContributionMap":{"functional-code":{"insertions":544,"deletions":2},"test-code":{"insertions":0,"deletions":6}}},{"hash":"2c5d70f18d0899443d41946f20af00c951adc371","messageTitle":"Fix JUnit test cases","messageBody":"","fileTypesAndContributionMap":{"test-code":{"insertions":6,"deletions":0}}}]},{"date":"2022-10-05","commitResults":[{"hash":"087446e26df8a7c4873d6b334fddc56872aad47a","messageTitle":"Update src/main/java/seedu/address/model/property/Description.java","messageBody":"Co-authored-by: Chng Ian \u003c88586264+chngchngchng@users.noreply.github.com\u003e","fileTypesAndContributionMap":{"functional-code":{"insertions":1,"deletions":1}}},{"hash":"2b5c2efa25ceefac954f880500531617a0e58913","messageTitle":"Delete tags when comparing properties","messageBody":"","fileTypesAndContributionMap":{"functional-code":{"insertions":1,"deletions":2}}}]},{"date":"2022-10-09","commitResults":[{"hash":"72a67f4f3bd7cc9f85502ab4bc1200a2a5013a78","messageTitle":"Add JUnit tests for Property Package","messageBody":"","fileTypesAndContributionMap":{"functional-code":{"insertions":2,"deletions":2},"test-code":{"insertions":542,"deletions":0}}},{"hash":"db05b81760b83f8884c2d21545291fd291f34c55","messageTitle":"Fix merge conflicts","messageBody":"","fileTypesAndContributionMap":{"test-code":{"insertions":0,"deletions":3}}},{"hash":"8ad76e4b686a2da93b0dbed23c7ba15416336c7d","messageTitle":"Fix merge conflicts","messageBody":"","fileTypesAndContributionMap":{"test-code":{"insertions":0,"deletions":3}}},{"hash":"4a5fda68d69654049101078c714718360c28f7a1","messageTitle":"Fix CI","messageBody":"","fileTypesAndContributionMap":{"test-code":{"insertions":0,"deletions":1}}},{"hash":"1773c5e16bd011a16df1b67d580db8b886901ab3","messageTitle":"Fix minor CI problem","messageBody":"","fileTypesAndContributionMap":{"test-code":{"insertions":1,"deletions":0}}},{"hash":"163684096a215604d71329c4041c0f196597cd25","messageTitle":"Fix CI","messageBody":"","fileTypesAndContributionMap":{"other":{"insertions":5,"deletions":2},"test-code":{"insertions":5,"deletions":5}}}]},{"date":"2022-10-12","commitResults":[{"hash":"c4e168d55137cba70b39ebffec9b252fef96d4ad","messageTitle":"Refactor List command and add List Property command","messageBody":"","fileTypesAndContributionMap":{"functional-code":{"insertions":50,"deletions":5},"other":{"insertions":30,"deletions":22},"test-code":{"insertions":142,"deletions":52}}}]},{"date":"2022-10-13","commitResults":[{"hash":"493fad8eb567da3950d67a2c0a40c44007d625a8","messageTitle":"Refactor Delete and add Delete Property command","messageBody":"","fileTypesAndContributionMap":{"functional-code":{"insertions":128,"deletions":6},"other":{"insertions":31,"deletions":31},"test-code":{"insertions":183,"deletions":11}}},{"hash":"62214bd69344e441a00bc7753895da6e9dfe8f4d","messageTitle":"Resolve merge conflicts","messageBody":"","fileTypesAndContributionMap":{"functional-code":{"insertions":1,"deletions":31}}},{"hash":"82c5ca91c1ad8edc8e8830c1f3e67848c5e87da2","messageTitle":"Fix checkstyle errors","messageBody":"","fileTypesAndContributionMap":{"functional-code":{"insertions":4,"deletions":7},"test-code":{"insertions":9,"deletions":17}}},{"hash":"9ba7ee8a7c5e9dbc65cd1d231b170ed22477d9c9","messageTitle":"Fix Delete Property test cases fail","messageBody":"","fileTypesAndContributionMap":{"functional-code":{"insertions":1,"deletions":1},"test-code":{"insertions":2,"deletions":2}}}]},{"date":"2022-10-19","commitResults":[{"hash":"cb9c7249d93f8b90b4026443f3c875ad1d008032","messageTitle":"Refactor tags to priority","messageBody":"","fileTypesAndContributionMap":{"functional-code":{"insertions":157,"deletions":144},"other":{"insertions":9,"deletions":8},"test-code":{"insertions":40,"deletions":40}}},{"hash":"3ec45e0b515ad7a905f7884a59aed526aca22618","messageTitle":"Minor fixes","messageBody":"","fileTypesAndContributionMap":{"functional-code":{"insertions":8,"deletions":7}}},{"hash":"8b1e05ee231c6f9b20dba8b7c4763045bf1002d4","messageTitle":"Refactor Set\u003cTag\u003e to Priority and fix FXML","messageBody":"","fileTypesAndContributionMap":{"functional-code":{"insertions":64,"deletions":102},"test-code":{"insertions":6,"deletions":24}}},{"hash":"6e99c5e138daa6acb239a897bed751ffd1c2fb16","messageTitle":"Fix Main checkstyle errors","messageBody":"","fileTypesAndContributionMap":{"functional-code":{"insertions":15,"deletions":52}}},{"hash":"919bc5c606d7f5c7b022475a5ea6bf056da8b254","messageTitle":"Fix JUnit test cases","messageBody":"","fileTypesAndContributionMap":{"functional-code":{"insertions":1,"deletions":1},"test-code":{"insertions":110,"deletions":192}}},{"hash":"48976757cd21342df167b0b34733b4890139ea34","messageTitle":"Fix test checkstyle errors","messageBody":"","fileTypesAndContributionMap":{"test-code":{"insertions":21,"deletions":45}}},{"hash":"316038b00cf5401b9a757d73062f35c0fd299440","messageTitle":"Fix minor checkstyle error","messageBody":"","fileTypesAndContributionMap":{"test-code":{"insertions":1,"deletions":1}}}]},{"date":"2022-10-20","commitResults":[{"hash":"886600cf1eb7a0ea92ddc6e9efacee2f980de2ff","messageTitle":"Refactor PREFIX_TAG to PREFIX_PRIORITY","messageBody":"","fileTypesAndContributionMap":{"functional-code":{"insertions":24,"deletions":84},"other":{"insertions":2,"deletions":2},"test-code":{"insertions":25,"deletions":28}}},{"hash":"2efdf35ae97391e477feea9205b012ea35c7f014","messageTitle":"Update Developer Guide with Property details","messageBody":"","fileTypesAndContributionMap":{"docs":{"insertions":17,"deletions":3}}},{"hash":"f98b3400b1bb8efbf39b9715d1c90ecf3952e5e8","messageTitle":"Fix conflicts","messageBody":"","fileTypesAndContributionMap":{"functional-code":{"insertions":3,"deletions":22}}},{"hash":"49f923f7b20a3a848c13420d5cade1276ab4d090","messageTitle":"Add Property class diagram","messageBody":"","fileTypesAndContributionMap":{"docs":{"insertions":2,"deletions":0}}}]},{"date":"2022-10-21","commitResults":[{"hash":"a3beee701be21c0b009dc28cdf1df0860ceb2038","messageTitle":"Allow filter buyers by Priority","messageBody":"","fileTypesAndContributionMap":{"functional-code":{"insertions":42,"deletions":2},"test-code":{"insertions":97,"deletions":4}}},{"hash":"dbf03c862f9f6c152719b32d464a4d138407c304","messageTitle":"Add test cases for FilterBuyerByPricePredicate","messageBody":"","fileTypesAndContributionMap":{"functional-code":{"insertions":0,"deletions":1},"test-code":{"insertions":94,"deletions":1}}},{"hash":"506c37ccf7ffb0252f3e20b7c92fdf1043c32e3d","messageTitle":"Remove redundant JsonAdaptedTag class","messageBody":"","fileTypesAndContributionMap":{"functional-code":{"insertions":0,"deletions":48}}},{"hash":"e6fa7fe4fc77f922558de4b9421616305dbbe0dc","messageTitle":"Add filter property test cases","messageBody":"","fileTypesAndContributionMap":{"test-code":{"insertions":281,"deletions":3}}},{"hash":"77589ee7676e360762cfd695da74bce27962b339","messageTitle":"Fix checkstyle errors","messageBody":"","fileTypesAndContributionMap":{"functional-code":{"insertions":1,"deletions":1},"test-code":{"insertions":36,"deletions":32}}},{"hash":"7a03fb9d375f989c31bdf164593f84b1edd7a601","messageTitle":"Update predicate to return false when characteristics is empty","messageBody":"","fileTypesAndContributionMap":{"functional-code":{"insertions":3,"deletions":3},"test-code":{"insertions":7,"deletions":8}}}]},{"date":"2022-10-22","commitResults":[{"hash":"31a5ec8b6cc87bda5c7db7f8bd1ff4ea90a17257","messageTitle":"Enable assertions","messageBody":"","fileTypesAndContributionMap":{"other":{"insertions":4,"deletions":0}}}]},{"date":"2022-10-23","commitResults":[{"hash":"0addc9deeafdb5036cd3d51b01b67d8d9fae3d3b","messageTitle":"Fix find characteristics\u0027 unintended behavior","messageBody":"","fileTypesAndContributionMap":{"functional-code":{"insertions":7,"deletions":11},"test-code":{"insertions":13,"deletions":13}}}]},{"date":"2022-10-27","commitResults":[{"hash":"4b25695729ecb6b1fc3c7f92c81cf2c2fdb102cd","messageTitle":"Add sort properties","messageBody":"","fileTypesAndContributionMap":{"functional-code":{"insertions":372,"deletions":14}}},{"hash":"5f6cea9fed33e6b3e54fb20dc3989420cdb6e158","messageTitle":"Fix sort command to enable filter then sort","messageBody":"","fileTypesAndContributionMap":{"functional-code":{"insertions":88,"deletions":186},"other":{"insertions":16,"deletions":16},"test-code":{"insertions":30,"deletions":20}}},{"hash":"70a14a3231d2c38c31ebbf3a7ce1afb3d6191794","messageTitle":"Add sort buyers by priority","messageBody":"","fileTypesAndContributionMap":{"functional-code":{"insertions":76,"deletions":11}}},{"hash":"3c378fc37bed621af2632c5fbe05a85fa647debf","messageTitle":"Fix checkstyle issues","messageBody":"","fileTypesAndContributionMap":{"functional-code":{"insertions":87,"deletions":87},"other":{"insertions":16,"deletions":16},"test-code":{"insertions":45,"deletions":61}}},{"hash":"9fbb31b812a57522d82d24b73749e48bfab44bff","messageTitle":"Revert implementation","messageBody":"","fileTypesAndContributionMap":{"functional-code":{"insertions":131,"deletions":19}}},{"hash":"1812e423c75d9d0c2ddf4cfebe08004bf026e2d9","messageTitle":"Revert \"Revert implementation\"","messageBody":"This reverts commit 9fbb31b812a57522d82d24b73749e48bfab44bff.\n","fileTypesAndContributionMap":{"functional-code":{"insertions":19,"deletions":131}}},{"hash":"58210f60ed63e50dcb0d65a41ce948280d133457","messageTitle":"Add entry time to property and buyer","messageBody":"","fileTypesAndContributionMap":{"functional-code":{"insertions":219,"deletions":44}}},{"hash":"1fe20db8b1dfb60773689fcf2e070cbbe845a65f","messageTitle":"Update UG to include sortbuyers and sortprops","messageBody":"","fileTypesAndContributionMap":{"docs":{"insertions":43,"deletions":2}}},{"hash":"468176ca4ef688b40901a7b56305abcd7c287923","messageTitle":"Fix checkstyle main","messageBody":"","fileTypesAndContributionMap":{"functional-code":{"insertions":13,"deletions":52},"test-code":{"insertions":139,"deletions":128}}},{"hash":"be77c3f84e5110583b94086d6ddfab0886783c99","messageTitle":"Fix checkstyle test","messageBody":"","fileTypesAndContributionMap":{"test-code":{"insertions":130,"deletions":145}}},{"hash":"73ca4d5d34533ed877f11108075fe3bce6883459","messageTitle":"Fix JavaDoc","messageBody":"","fileTypesAndContributionMap":{"functional-code":{"insertions":3,"deletions":3}}}]}],"ChryslineLim":[{"date":"2022-09-29","commitResults":[{"hash":"eaa1a4ec9c340a65c9f3f14e9c3e5695be53cac5","messageTitle":"Create Project Portfolio Page skeleton","messageBody":"","fileTypesAndContributionMap":{"docs":{"insertions":13,"deletions":0}}},{"hash":"3bd4be2d8bbefc3b09c581005b778433ffe24874","messageTitle":"Update AboutUs.md","messageBody":"","fileTypesAndContributionMap":{"docs":{"insertions":6,"deletions":6}}},{"hash":"921265aa2814b8c08a43b04245d9ff6f8bd7e777","messageTitle":"Update DeveloperGuide.md","messageBody":"- Target user profile\r\n- Value proposition","fileTypesAndContributionMap":{"docs":{"insertions":12,"deletions":9}}},{"hash":"fded42387abdf40c36ff428a7609d461f5ea8737","messageTitle":"Update DeveloperGuide.md","messageBody":"- User stories","fileTypesAndContributionMap":{"docs":{"insertions":20,"deletions":9}}},{"hash":"c07603d184d266aa031488db4101d116eb756c58","messageTitle":"Update chryslinelim.md","messageBody":"","fileTypesAndContributionMap":{"docs":{"insertions":6,"deletions":1}}},{"hash":"8ef7ebdfcbf7899c1384c907e973af2b4cbff812","messageTitle":"Update chryslinelim.md","messageBody":"","fileTypesAndContributionMap":{"docs":{"insertions":1,"deletions":1}}}]},{"date":"2022-10-05","commitResults":[{"hash":"b482cffccf41180852acf819c0dd4b84ddce3cba","messageTitle":"Create draft of Add Buyer Command","messageBody":"","fileTypesAndContributionMap":{"functional-code":{"insertions":279,"deletions":23},"other":{"insertions":46,"deletions":55},"test-code":{"insertions":7,"deletions":7}}},{"hash":"0d6ffbffc867f01b16affb85f822c0c9c14f0984","messageTitle":"Clean up code","messageBody":"","fileTypesAndContributionMap":{"functional-code":{"insertions":41,"deletions":27},"test-code":{"insertions":7,"deletions":0}}}]},{"date":"2022-10-06","commitResults":[{"hash":"cec18d4e2956ab4dfb10e61e859fa815bc9b7463","messageTitle":"Fix CheckStyle violations","messageBody":"","fileTypesAndContributionMap":{"functional-code":{"insertions":87,"deletions":39}}},{"hash":"e4c0402a8ec4f6fee6370fbbb46a06266450fece","messageTitle":"Add JavaDoc","messageBody":"","fileTypesAndContributionMap":{"functional-code":{"insertions":30,"deletions":7}}},{"hash":"4f337bba3d260cc601e8ad757f68b9d0566d9253","messageTitle":"Refine according to PR review comments","messageBody":"","fileTypesAndContributionMap":{"functional-code":{"insertions":28,"deletions":29},"other":{"insertions":44,"deletions":32},"test-code":{"insertions":343,"deletions":1}}},{"hash":"656fbfb91d7015752fb36b8af221d72515f3efa7","messageTitle":"Fix CheckStyle violations","messageBody":"","fileTypesAndContributionMap":{"test-code":{"insertions":7,"deletions":12}}},{"hash":"5934cdacc5511766a974c1373a95cfbea8d461e9","messageTitle":"Remove undone tests","messageBody":"","fileTypesAndContributionMap":{"test-code":{"insertions":0,"deletions":337}}}]},{"date":"2022-10-11","commitResults":[{"hash":"2b2cd5f6f17e27df0661c410f3f624ca701b5ac0","messageTitle":"Refactor AddPerson and Edit","messageBody":"","fileTypesAndContributionMap":{"functional-code":{"insertions":203,"deletions":558},"other":{"insertions":4,"deletions":6},"test-code":{"insertions":4,"deletions":4}}},{"hash":"df0a096988ecab3121fd728b049a80019026cc19","messageTitle":"Fix feature bugs","messageBody":"","fileTypesAndContributionMap":{"functional-code":{"insertions":1,"deletions":1},"test-code":{"insertions":0,"deletions":2}}}]},{"date":"2022-10-12","commitResults":[{"hash":"7323a5dfcd00a9826a130ad157422752406dd497","messageTitle":"Fix command parser bug","messageBody":"","fileTypesAndContributionMap":{"functional-code":{"insertions":65,"deletions":43},"test-code":{"insertions":30,"deletions":0}}},{"hash":"0b149ef272d7d81c05a580e65653efea3cfe4cc0","messageTitle":"Add and edit test cases","messageBody":"","fileTypesAndContributionMap":{"functional-code":{"insertions":9,"deletions":2},"test-code":{"insertions":425,"deletions":182}}},{"hash":"5855fef342ae199984247392c3fbd5814ac6a5cb","messageTitle":"Fix checkstyle errors","messageBody":"","fileTypesAndContributionMap":{"functional-code":{"insertions":85,"deletions":58}}},{"hash":"0016cb45897bae8bf93c301c57905bf352b746b4","messageTitle":"Fix merging error","messageBody":"","fileTypesAndContributionMap":{"functional-code":{"insertions":0,"deletions":6},"test-code":{"insertions":0,"deletions":2}}},{"hash":"6364cc01d6df0743f73c4024c2a6ba5f0f76a34f","messageTitle":"Fix more checkstyle errors","messageBody":"","fileTypesAndContributionMap":{"test-code":{"insertions":172,"deletions":70}}},{"hash":"9a596b05b1cf4ec9aeae5ff24377cb81fc7160c2","messageTitle":"Change Price Range validity conditions, fix parsing decimal to storage problem","messageBody":"","fileTypesAndContributionMap":{"functional-code":{"insertions":21,"deletions":9}}}]},{"date":"2022-10-19","commitResults":[{"hash":"9af51e783b865232e1c6c8b727d99d8ec56b9ec2","messageTitle":"Refactor desiredCharacteristics to characteristics and add Characteristics to property","messageBody":"","fileTypesAndContributionMap":{"functional-code":{"insertions":189,"deletions":143},"test-code":{"insertions":82,"deletions":62}}},{"hash":"e13f48fd84907798212d7e1567823e853407bdba","messageTitle":"Fix GUI bug and refactor EditProperty","messageBody":"","fileTypesAndContributionMap":{"functional-code":{"insertions":28,"deletions":16}}},{"hash":"422a51f1ad7fdda6e1377b2d7f7196e797191c5e","messageTitle":"Fix checkstyle violations","messageBody":"","fileTypesAndContributionMap":{"functional-code":{"insertions":2,"deletions":4}}},{"hash":"79291397fab6e151fb98f164e2b23d9bbbef774c","messageTitle":"Add filterprops by price range","messageBody":"","fileTypesAndContributionMap":{"functional-code":{"insertions":207,"deletions":26}}},{"hash":"abf1163bcda95749be15f30eca35e3783226b72e","messageTitle":"Edit based on comments","messageBody":"","fileTypesAndContributionMap":{"functional-code":{"insertions":6,"deletions":6}}},{"hash":"b873c04bf51ead221f9eb4a816c749fc67e4eca7","messageTitle":"Fix checkstyle violations","messageBody":"","fileTypesAndContributionMap":{"functional-code":{"insertions":23,"deletions":38}}},{"hash":"c4d404015348db245b3b53d41eb3ba15d52e2081","messageTitle":"Add TODOs","messageBody":"","fileTypesAndContributionMap":{"functional-code":{"insertions":7,"deletions":0}}}]},{"date":"2022-10-20","commitResults":[{"hash":"04a406ae371a6c64cc6797a83bd2a9991e051333","messageTitle":"Update Developer Guide with Buyer details","messageBody":"","fileTypesAndContributionMap":{"docs":{"insertions":13,"deletions":0}}},{"hash":"7629f8caee9def07680958f04ed6c3e0b226f230","messageTitle":"Fix formatting","messageBody":"","fileTypesAndContributionMap":{"docs":{"insertions":5,"deletions":4}}},{"hash":"4350ae6443e8e329c5ed6e97e63d65526bb08f34","messageTitle":"Update Developer Guide with filterprops feature","messageBody":"","fileTypesAndContributionMap":{"docs":{"insertions":9,"deletions":0}}},{"hash":"64c04ec7ff03bd1242e4fc7d6095a95ebda6ac35","messageTitle":"Edit according to review comments","messageBody":"","fileTypesAndContributionMap":{"functional-code":{"insertions":12,"deletions":11}}}]},{"date":"2022-10-25","commitResults":[{"hash":"402e3f2d8eade5ef1961abfb5b8d3b253cdf1f53","messageTitle":"Sort buyers by name feature","messageBody":"","fileTypesAndContributionMap":{"functional-code":{"insertions":303,"deletions":4}}},{"hash":"1882a66ddaa2dca3f2a9404d10e2ef3e5b24d8e9","messageTitle":"Display success message","messageBody":"","fileTypesAndContributionMap":{"functional-code":{"insertions":8,"deletions":8},"other":{"insertions":21,"deletions":7}}}]},{"date":"2022-10-26","commitResults":[{"hash":"92caa56a2a41aacc647b04e9f62b076ca2626c30","messageTitle":"Adapt commands and UI to 2 different lists; filtered and sorted","messageBody":"","fileTypesAndContributionMap":{"functional-code":{"insertions":69,"deletions":18}}},{"hash":"2ea46410f898aa43c53e2d91b9189399268b2dd7","messageTitle":"Attempt to fix bug","messageBody":"","fileTypesAndContributionMap":{"functional-code":{"insertions":15,"deletions":11}}},{"hash":"ff67c6cce9ff6adf02711dd11e7947bc5c58efaf","messageTitle":"Fixed bug","messageBody":"","fileTypesAndContributionMap":{"functional-code":{"insertions":3,"deletions":2}}},{"hash":"99fb27a65baa22d7428441691ce36b9717027df0","messageTitle":"Rename boolean variable","messageBody":"","fileTypesAndContributionMap":{"functional-code":{"insertions":9,"deletions":9}}},{"hash":"e0ee9b1e2608e3f0f0da6c4e83375333e884759a","messageTitle":"Remove test cases and fix checkstyle","messageBody":"","fileTypesAndContributionMap":{"functional-code":{"insertions":63,"deletions":60},"test-code":{"insertions":285,"deletions":251}}},{"hash":"40ccf688e6b28db30f8fc9a43a884dbe3b542372","messageTitle":"Fix test case checkstye errors","messageBody":"","fileTypesAndContributionMap":{"test-code":{"insertions":259,"deletions":305}}}]},{"date":"2022-10-27","commitResults":[{"hash":"cb3424847ffab0d5bc41af316d06f0190829ee9e","messageTitle":"Fix sorting in descending order bug","messageBody":"","fileTypesAndContributionMap":{"functional-code":{"insertions":6,"deletions":2}}}]}]},"authorFileTypeContributionMap":{"riccqi":{"docs":167,"functional-code":1296,"test-code":723},"zsiggg":{"docs":261,"functional-code":1408,"test-code":355},"chngchngchng":{"docs":202,"functional-code":643,"test-code":5},"jchilling":{"docs":85,"functional-code":1282,"test-code":1273,"other":5},"ChryslineLim":{"docs":69,"functional-code":726,"test-code":592}},"authorContributionVariance":{"riccqi":149114.73,"zsiggg":70909.35,"chngchngchng":20825.734,"jchilling":170561.14,"ChryslineLim":119575.64},"authorDisplayNameMap":{"riccqi":"CS2103T-F12-1 QI Z.. ZHI","zsiggg":"CS2103T-F12-1 ZSIG..IYOU","chngchngchng":"CS2103T-F12-1 CHNG.. IAN","jchilling":"CS2103T-F12-1 CHEN..G-YU","ChryslineLim":"CS2103T-F12-1 CHRY.. HUI"}}
