[{"path":"docs/AboutUs.md","fileType":"docs","lines":[{"lineNumber":1,"author":{"gitId":"-"},"content":"---","lastModifiedDate":"2020-05-23"},{"lineNumber":2,"author":{"gitId":"-"},"content":"layout: page","lastModifiedDate":"2020-05-23"},{"lineNumber":3,"author":{"gitId":"-"},"content":"title: About Us","lastModifiedDate":"2020-05-23"},{"lineNumber":4,"author":{"gitId":"-"},"content":"---","lastModifiedDate":"2020-05-23"},{"lineNumber":5,"author":{"gitId":"-"},"content":"","lastModifiedDate":"2020-05-23"},{"lineNumber":6,"author":{"gitId":"-"},"content":"We are a team based in the [School of Computing, National University of Singapore](http://www.comp.nus.edu.sg).","lastModifiedDate":"2020-05-23"},{"lineNumber":7,"author":{"gitId":"-"},"content":"","lastModifiedDate":"2020-05-23"},{"lineNumber":8,"author":{"gitId":"-"},"content":"You can reach us at the email `seer[at]comp.nus.edu.sg`","lastModifiedDate":"2020-06-17"},{"lineNumber":9,"author":{"gitId":"-"},"content":"","lastModifiedDate":"2020-06-17"},{"lineNumber":10,"author":{"gitId":"-"},"content":"## Project team","lastModifiedDate":"2020-06-07"},{"lineNumber":11,"author":{"gitId":"-"},"content":"","lastModifiedDate":"2020-05-23"},{"lineNumber":12,"author":{"gitId":"lfrostbytee"},"content":"### Ong Wee Marcus","lastModifiedDate":"2022-09-23"},{"lineNumber":13,"author":{"gitId":"-"},"content":"","lastModifiedDate":"2020-05-23"},{"lineNumber":14,"author":{"gitId":"lfrostbytee"},"content":"\u003cimg src\u003d\"images/lfrostbytee.png\" width\u003d\"200px\"\u003e","lastModifiedDate":"2022-09-23"},{"lineNumber":15,"author":{"gitId":"-"},"content":"","lastModifiedDate":"2020-05-23"},{"lineNumber":16,"author":{"gitId":"lfrostbytee"},"content":"[[github](https://github.com/lfrostbytee)]","lastModifiedDate":"2022-09-23"},{"lineNumber":17,"author":{"gitId":"lfrostbytee"},"content":"[[portfolio](team/lfrostbytee.md)]","lastModifiedDate":"2022-09-23"},{"lineNumber":18,"author":{"gitId":"-"},"content":"","lastModifiedDate":"2020-05-23"},{"lineNumber":19,"author":{"gitId":"lfrostbytee"},"content":"* Role: Team Lead","lastModifiedDate":"2022-09-23"},{"lineNumber":20,"author":{"gitId":"lfrostbytee"},"content":"* Responsibilities: Deliverables, Scheduling and Tracking","lastModifiedDate":"2022-09-23"},{"lineNumber":21,"author":{"gitId":"-"},"content":"","lastModifiedDate":"2020-05-23"},{"lineNumber":22,"author":{"gitId":"Benjamin-Sim"},"content":"### Benjamin Sim","lastModifiedDate":"2022-09-22"},{"lineNumber":23,"author":{"gitId":"-"},"content":"","lastModifiedDate":"2020-05-23"},{"lineNumber":24,"author":{"gitId":"Benjamin-Sim"},"content":"\u003cimg src\u003d\"images/benjamin-sim.png\" width\u003d\"200px\"\u003e","lastModifiedDate":"2022-09-22"},{"lineNumber":25,"author":{"gitId":"-"},"content":"","lastModifiedDate":"2020-05-23"},{"lineNumber":26,"author":{"gitId":"Benjamin-Sim"},"content":"[[github](https://github.com/Benjamin-Sim)]","lastModifiedDate":"2022-09-22"},{"lineNumber":27,"author":{"gitId":"Benjamin-Sim"},"content":"[[portfolio](team/benjamin-sim.md)]","lastModifiedDate":"2022-09-22"},{"lineNumber":28,"author":{"gitId":"-"},"content":"","lastModifiedDate":"2020-05-23"},{"lineNumber":29,"author":{"gitId":"Benjamin-Sim"},"content":"* Role: Developer","lastModifiedDate":"2022-09-22"},{"lineNumber":30,"author":{"gitId":"Benjamin-Sim"},"content":"* Responsibilities: Code Quality","lastModifiedDate":"2022-09-22"},{"lineNumber":31,"author":{"gitId":"-"},"content":"","lastModifiedDate":"2020-05-23"},{"lineNumber":32,"author":{"gitId":"-"},"content":"### Johnny Doe","lastModifiedDate":"2020-05-23"},{"lineNumber":33,"author":{"gitId":"-"},"content":"","lastModifiedDate":"2020-05-23"},{"lineNumber":34,"author":{"gitId":"-"},"content":"\u003cimg src\u003d\"images/johndoe.png\" width\u003d\"200px\"\u003e","lastModifiedDate":"2020-06-17"},{"lineNumber":35,"author":{"gitId":"-"},"content":"","lastModifiedDate":"2020-05-23"},{"lineNumber":36,"author":{"gitId":"-"},"content":"[[github](http://github.com/johndoe)] [[portfolio](team/johndoe.md)]","lastModifiedDate":"2020-06-17"},{"lineNumber":37,"author":{"gitId":"-"},"content":"","lastModifiedDate":"2020-05-23"},{"lineNumber":38,"author":{"gitId":"-"},"content":"* Role: Developer","lastModifiedDate":"2020-05-23"},{"lineNumber":39,"author":{"gitId":"-"},"content":"* Responsibilities: Data","lastModifiedDate":"2020-05-23"},{"lineNumber":40,"author":{"gitId":"-"},"content":"","lastModifiedDate":"2020-05-23"},{"lineNumber":41,"author":{"gitId":"-"},"content":"### Jean Doe","lastModifiedDate":"2020-06-17"},{"lineNumber":42,"author":{"gitId":"-"},"content":"","lastModifiedDate":"2020-05-23"},{"lineNumber":43,"author":{"gitId":"-"},"content":"\u003cimg src\u003d\"images/johndoe.png\" width\u003d\"200px\"\u003e","lastModifiedDate":"2020-06-17"},{"lineNumber":44,"author":{"gitId":"-"},"content":"","lastModifiedDate":"2020-05-23"},{"lineNumber":45,"author":{"gitId":"-"},"content":"[[github](http://github.com/johndoe)]","lastModifiedDate":"2020-06-17"},{"lineNumber":46,"author":{"gitId":"-"},"content":"[[portfolio](team/johndoe.md)]","lastModifiedDate":"2020-05-23"},{"lineNumber":47,"author":{"gitId":"-"},"content":"","lastModifiedDate":"2020-05-23"},{"lineNumber":48,"author":{"gitId":"-"},"content":"* Role: Developer","lastModifiedDate":"2020-05-23"},{"lineNumber":49,"author":{"gitId":"-"},"content":"* Responsibilities: Dev Ops + Threading","lastModifiedDate":"2020-05-23"},{"lineNumber":50,"author":{"gitId":"-"},"content":"","lastModifiedDate":"2020-05-23"},{"lineNumber":51,"author":{"gitId":"-"},"content":"### James Doe","lastModifiedDate":"2020-06-17"},{"lineNumber":52,"author":{"gitId":"-"},"content":"","lastModifiedDate":"2020-05-23"},{"lineNumber":53,"author":{"gitId":"-"},"content":"\u003cimg src\u003d\"images/johndoe.png\" width\u003d\"200px\"\u003e","lastModifiedDate":"2020-06-17"},{"lineNumber":54,"author":{"gitId":"-"},"content":"","lastModifiedDate":"2020-05-23"},{"lineNumber":55,"author":{"gitId":"-"},"content":"[[github](http://github.com/johndoe)]","lastModifiedDate":"2020-06-17"},{"lineNumber":56,"author":{"gitId":"-"},"content":"[[portfolio](team/johndoe.md)]","lastModifiedDate":"2020-05-23"},{"lineNumber":57,"author":{"gitId":"-"},"content":"","lastModifiedDate":"2020-05-23"},{"lineNumber":58,"author":{"gitId":"-"},"content":"* Role: Developer","lastModifiedDate":"2020-05-23"},{"lineNumber":59,"author":{"gitId":"-"},"content":"* Responsibilities: UI","lastModifiedDate":"2020-05-23"}],"authorContributionMap":{"Benjamin-Sim":6,"lfrostbytee":6,"-":47}},{"path":"docs/UserGuide.md","fileType":"docs","lines":[{"lineNumber":1,"author":{"gitId":"-"},"content":"---","lastModifiedDate":"2020-05-23"},{"lineNumber":2,"author":{"gitId":"-"},"content":"layout: page","lastModifiedDate":"2020-05-23"},{"lineNumber":3,"author":{"gitId":"-"},"content":"title: User Guide","lastModifiedDate":"2020-05-23"},{"lineNumber":4,"author":{"gitId":"-"},"content":"---","lastModifiedDate":"2020-05-23"},{"lineNumber":5,"author":{"gitId":"-"},"content":"","lastModifiedDate":"2020-05-23"},{"lineNumber":6,"author":{"gitId":"-"},"content":"AddressBook Level 3 (AB3) is a **desktop app for managing contacts, optimized for use via a Command Line Interface** (CLI) while still having the benefits of a Graphical User Interface (GUI). If you can type fast, AB3 can get your contact management tasks done faster than traditional GUI apps.","lastModifiedDate":"2020-05-23"},{"lineNumber":7,"author":{"gitId":"-"},"content":"","lastModifiedDate":"2020-05-23"},{"lineNumber":8,"author":{"gitId":"-"},"content":"* Table of Contents","lastModifiedDate":"2020-05-23"},{"lineNumber":9,"author":{"gitId":"-"},"content":"{:toc}","lastModifiedDate":"2020-05-23"},{"lineNumber":10,"author":{"gitId":"-"},"content":"","lastModifiedDate":"2020-05-23"},{"lineNumber":11,"author":{"gitId":"-"},"content":"--------------------------------------------------------------------------------------------------------------------","lastModifiedDate":"2020-05-23"},{"lineNumber":12,"author":{"gitId":"-"},"content":"","lastModifiedDate":"2020-05-23"},{"lineNumber":13,"author":{"gitId":"-"},"content":"## Quick start","lastModifiedDate":"2020-05-23"},{"lineNumber":14,"author":{"gitId":"-"},"content":"","lastModifiedDate":"2020-05-23"},{"lineNumber":15,"author":{"gitId":"-"},"content":"1. Ensure you have Java `11` or above installed in your Computer.","lastModifiedDate":"2020-05-23"},{"lineNumber":16,"author":{"gitId":"-"},"content":"","lastModifiedDate":"2020-05-23"},{"lineNumber":17,"author":{"gitId":"-"},"content":"1. Download the latest `addressbook.jar` from [here](https://github.com/se-edu/addressbook-level3/releases).","lastModifiedDate":"2020-05-23"},{"lineNumber":18,"author":{"gitId":"-"},"content":"","lastModifiedDate":"2020-05-23"},{"lineNumber":19,"author":{"gitId":"-"},"content":"1. Copy the file to the folder you want to use as the _home folder_ for your AddressBook.","lastModifiedDate":"2020-05-23"},{"lineNumber":20,"author":{"gitId":"-"},"content":"","lastModifiedDate":"2020-05-23"},{"lineNumber":21,"author":{"gitId":"-"},"content":"1. Double-click the file to start the app. The GUI similar to the below should appear in a few seconds. Note how the app contains some sample data.\u003cbr\u003e","lastModifiedDate":"2020-05-23"},{"lineNumber":22,"author":{"gitId":"-"},"content":"   ![Ui](images/Ui.png)","lastModifiedDate":"2020-05-23"},{"lineNumber":23,"author":{"gitId":"-"},"content":"","lastModifiedDate":"2020-05-23"},{"lineNumber":24,"author":{"gitId":"-"},"content":"1. Type the command in the command box and press Enter to execute it. e.g. typing **`help`** and pressing Enter will open the help window.\u003cbr\u003e","lastModifiedDate":"2020-05-23"},{"lineNumber":25,"author":{"gitId":"-"},"content":"   Some example commands you can try:","lastModifiedDate":"2020-05-23"},{"lineNumber":26,"author":{"gitId":"-"},"content":"","lastModifiedDate":"2020-05-23"},{"lineNumber":27,"author":{"gitId":"-"},"content":"   * **`list`** : Lists all contacts.","lastModifiedDate":"2020-05-23"},{"lineNumber":28,"author":{"gitId":"-"},"content":"","lastModifiedDate":"2020-05-23"},{"lineNumber":29,"author":{"gitId":"-"},"content":"   * **`add`**`n/John Doe p/98765432 e/johnd@example.com a/John street, block 123, #01-01` : Adds a contact named `John Doe` to the Address Book.","lastModifiedDate":"2020-05-23"},{"lineNumber":30,"author":{"gitId":"-"},"content":"","lastModifiedDate":"2020-05-23"},{"lineNumber":31,"author":{"gitId":"-"},"content":"   * **`delete`**`3` : Deletes the 3rd contact shown in the current list.","lastModifiedDate":"2020-05-23"},{"lineNumber":32,"author":{"gitId":"-"},"content":"","lastModifiedDate":"2020-05-23"},{"lineNumber":33,"author":{"gitId":"-"},"content":"   * **`clear`** : Deletes all contacts.","lastModifiedDate":"2020-05-23"},{"lineNumber":34,"author":{"gitId":"-"},"content":"","lastModifiedDate":"2020-05-23"},{"lineNumber":35,"author":{"gitId":"-"},"content":"   * **`exit`** : Exits the app.","lastModifiedDate":"2020-05-23"},{"lineNumber":36,"author":{"gitId":"-"},"content":"","lastModifiedDate":"2020-05-23"},{"lineNumber":37,"author":{"gitId":"-"},"content":"1. Refer to the [Features](#features) below for details of each command.","lastModifiedDate":"2020-05-23"},{"lineNumber":38,"author":{"gitId":"-"},"content":"","lastModifiedDate":"2020-05-23"},{"lineNumber":39,"author":{"gitId":"-"},"content":"--------------------------------------------------------------------------------------------------------------------","lastModifiedDate":"2020-05-23"},{"lineNumber":40,"author":{"gitId":"-"},"content":"","lastModifiedDate":"2020-05-23"},{"lineNumber":41,"author":{"gitId":"-"},"content":"## Features","lastModifiedDate":"2020-05-23"},{"lineNumber":42,"author":{"gitId":"-"},"content":"","lastModifiedDate":"2020-05-23"},{"lineNumber":43,"author":{"gitId":"-"},"content":"\u003cdiv markdown\u003d\"block\" class\u003d\"alert alert-info\"\u003e","lastModifiedDate":"2020-05-23"},{"lineNumber":44,"author":{"gitId":"-"},"content":"","lastModifiedDate":"2020-05-23"},{"lineNumber":45,"author":{"gitId":"-"},"content":"**:information_source: Notes about the command format:**\u003cbr\u003e","lastModifiedDate":"2020-05-23"},{"lineNumber":46,"author":{"gitId":"-"},"content":"","lastModifiedDate":"2020-05-23"},{"lineNumber":47,"author":{"gitId":"-"},"content":"* Words in `UPPER_CASE` are the parameters to be supplied by the user.\u003cbr\u003e","lastModifiedDate":"2020-05-23"},{"lineNumber":48,"author":{"gitId":"-"},"content":"  e.g. in `add n/NAME`, `NAME` is a parameter which can be used as `add n/John Doe`.","lastModifiedDate":"2020-05-23"},{"lineNumber":49,"author":{"gitId":"-"},"content":"","lastModifiedDate":"2020-05-23"},{"lineNumber":50,"author":{"gitId":"-"},"content":"* Items in square brackets are optional.\u003cbr\u003e","lastModifiedDate":"2020-05-23"},{"lineNumber":51,"author":{"gitId":"-"},"content":"  e.g `n/NAME [t/TAG]` can be used as `n/John Doe t/friend` or as `n/John Doe`.","lastModifiedDate":"2020-05-23"},{"lineNumber":52,"author":{"gitId":"-"},"content":"","lastModifiedDate":"2020-05-23"},{"lineNumber":53,"author":{"gitId":"-"},"content":"* Items with `…`​ after them can be used multiple times including zero times.\u003cbr\u003e","lastModifiedDate":"2020-05-23"},{"lineNumber":54,"author":{"gitId":"-"},"content":"  e.g. `[t/TAG]…​` can be used as ` ` (i.e. 0 times), `t/friend`, `t/friend t/family` etc.","lastModifiedDate":"2020-05-23"},{"lineNumber":55,"author":{"gitId":"-"},"content":"","lastModifiedDate":"2020-05-23"},{"lineNumber":56,"author":{"gitId":"-"},"content":"* Parameters can be in any order.\u003cbr\u003e","lastModifiedDate":"2020-05-23"},{"lineNumber":57,"author":{"gitId":"-"},"content":"  e.g. if the command specifies `n/NAME p/PHONE_NUMBER`, `p/PHONE_NUMBER n/NAME` is also acceptable.","lastModifiedDate":"2020-05-23"},{"lineNumber":58,"author":{"gitId":"-"},"content":"","lastModifiedDate":"2020-05-23"},{"lineNumber":59,"author":{"gitId":"-"},"content":"* If a parameter is expected only once in the command but you specified it multiple times, only the last occurrence of the parameter will be taken.\u003cbr\u003e","lastModifiedDate":"2021-02-04"},{"lineNumber":60,"author":{"gitId":"-"},"content":"  e.g. if you specify `p/12341234 p/56785678`, only `p/56785678` will be taken.","lastModifiedDate":"2021-02-04"},{"lineNumber":61,"author":{"gitId":"-"},"content":"","lastModifiedDate":"2021-02-04"},{"lineNumber":62,"author":{"gitId":"-"},"content":"* Extraneous parameters for commands that do not take in parameters (such as `help`, `list`, `exit` and `clear`) will be ignored.\u003cbr\u003e","lastModifiedDate":"2021-02-03"},{"lineNumber":63,"author":{"gitId":"-"},"content":"  e.g. if the command specifies `help 123`, it will be interpreted as `help`.","lastModifiedDate":"2021-02-03"},{"lineNumber":64,"author":{"gitId":"-"},"content":"","lastModifiedDate":"2021-02-03"},{"lineNumber":65,"author":{"gitId":"-"},"content":"\u003c/div\u003e","lastModifiedDate":"2020-05-23"},{"lineNumber":66,"author":{"gitId":"-"},"content":"","lastModifiedDate":"2020-05-23"},{"lineNumber":67,"author":{"gitId":"lfrostbytee"},"content":"### Instantaneous launching","lastModifiedDate":"2022-09-23"},{"lineNumber":68,"author":{"gitId":"lfrostbytee"},"content":"Users that have Java 11 or above installed in their computers can launch the Duke The Market program ","lastModifiedDate":"2022-09-23"},{"lineNumber":69,"author":{"gitId":"lfrostbytee"},"content":"by double clicking on the file.","lastModifiedDate":"2022-09-23"},{"lineNumber":70,"author":{"gitId":"lfrostbytee"},"content":"","lastModifiedDate":"2022-09-23"},{"lineNumber":71,"author":{"gitId":"lfrostbytee"},"content":"### Saving the data","lastModifiedDate":"2022-09-23"},{"lineNumber":72,"author":{"gitId":"lfrostbytee"},"content":"Duke The Market data are saved in the hard disk automatically after any command that changes the data. ","lastModifiedDate":"2022-09-23"},{"lineNumber":73,"author":{"gitId":"lfrostbytee"},"content":"There is no need to save manually.","lastModifiedDate":"2022-09-23"},{"lineNumber":74,"author":{"gitId":"lfrostbytee"},"content":"","lastModifiedDate":"2022-09-23"},{"lineNumber":75,"author":{"gitId":"-"},"content":"### Viewing help : `help`","lastModifiedDate":"2020-05-23"},{"lineNumber":76,"author":{"gitId":"-"},"content":"","lastModifiedDate":"2020-05-23"},{"lineNumber":77,"author":{"gitId":"-"},"content":"Shows a message explaning how to access the help page.","lastModifiedDate":"2020-05-23"},{"lineNumber":78,"author":{"gitId":"-"},"content":"","lastModifiedDate":"2020-05-23"},{"lineNumber":79,"author":{"gitId":"-"},"content":"![help message](images/helpMessage.png)","lastModifiedDate":"2020-05-23"},{"lineNumber":80,"author":{"gitId":"-"},"content":"","lastModifiedDate":"2020-05-23"},{"lineNumber":81,"author":{"gitId":"-"},"content":"Format: `help`","lastModifiedDate":"2020-05-23"},{"lineNumber":82,"author":{"gitId":"-"},"content":"","lastModifiedDate":"2020-05-23"},{"lineNumber":83,"author":{"gitId":"Qiaoran-M"},"content":"### Adding a contact: `add`","lastModifiedDate":"2022-09-22"},{"lineNumber":84,"author":{"gitId":"-"},"content":"","lastModifiedDate":"2020-05-23"},{"lineNumber":85,"author":{"gitId":"Qiaoran-M"},"content":"Adds a contact to the address book.","lastModifiedDate":"2022-09-22"},{"lineNumber":86,"author":{"gitId":"-"},"content":"","lastModifiedDate":"2020-05-23"},{"lineNumber":87,"author":{"gitId":"Qiaoran-M"},"content":"Format: `add n/NAME p/PHONE_NUMBER e/EMAIL a/ADDRESS [g/GENDER] [d/DOB] [ph/NEW_PURCHASE_DETAIL] [t/TAG]`","lastModifiedDate":"2022-09-22"},{"lineNumber":88,"author":{"gitId":"-"},"content":"","lastModifiedDate":"2020-05-23"},{"lineNumber":89,"author":{"gitId":"Qiaoran-M"},"content":"- The compulsory parameters are: name (`n`), phone number (`p`), email (`e`), address (`a`)","lastModifiedDate":"2022-09-23"},{"lineNumber":90,"author":{"gitId":"Qiaoran-M"},"content":"- The parameters in [ ] are optional parameters, including gender (`g`), date of birth (`d`), purchase history (`ph`), tag (`t`).","lastModifiedDate":"2022-09-23"},{"lineNumber":91,"author":{"gitId":"Qiaoran-M"},"content":"- A person in the contact list can have more than 1 tag.","lastModifiedDate":"2022-09-22"},{"lineNumber":92,"author":{"gitId":"-"},"content":"","lastModifiedDate":"2020-05-23"},{"lineNumber":93,"author":{"gitId":"Qiaoran-M"},"content":"Examples:","lastModifiedDate":"2022-09-22"},{"lineNumber":94,"author":{"gitId":"Qiaoran-M"},"content":"* `add n/John Doe p/98765432 e/johnd@example.com a/John street, block 123, #01-01 g/m d/20 MAR 2002","lastModifiedDate":"2022-09-22"},{"lineNumber":95,"author":{"gitId":"Qiaoran-M"},"content":"  ph/[12.04.2022, 101.25, 3, Orange, Umbrella, Soap]`","lastModifiedDate":"2022-09-22"},{"lineNumber":96,"author":{"gitId":"Qiaoran-M"},"content":"* `add n/Betsy Crowe e/betsycrowe@example.com a/Newgate Prison p/1234567 t/friend t/criminal g/f g/14.12.1998","lastModifiedDate":"2022-09-22"},{"lineNumber":97,"author":{"gitId":"Qiaoran-M"},"content":"  ph/[13.05.2021 12.25, 3, Sweets, Banana, Battery]`","lastModifiedDate":"2022-09-22"},{"lineNumber":98,"author":{"gitId":"Qiaoran-M"},"content":"","lastModifiedDate":"2022-09-22"},{"lineNumber":99,"author":{"gitId":"Qiaoran-M"},"content":"__Optional Parameter 1: Gender__","lastModifiedDate":"2022-09-22"},{"lineNumber":100,"author":{"gitId":"Qiaoran-M"},"content":"","lastModifiedDate":"2022-09-22"},{"lineNumber":101,"author":{"gitId":"Qiaoran-M"},"content":"Format: `add n/NAME p/PHONE_NUMBER e/EMAIL a/ADDRESS [g/GENDER]`","lastModifiedDate":"2022-09-22"},{"lineNumber":102,"author":{"gitId":"Qiaoran-M"},"content":"","lastModifiedDate":"2022-09-22"},{"lineNumber":103,"author":{"gitId":"Qiaoran-M"},"content":"- Adds gender to a person in the contact list. The genders accepted by the contact list are: `M`/`m` for male,  `F`/`f` for female.","lastModifiedDate":"2022-09-23"},{"lineNumber":104,"author":{"gitId":"Qiaoran-M"},"content":"- NAME can contain more than 1 word.","lastModifiedDate":"2022-09-22"},{"lineNumber":105,"author":{"gitId":"-"},"content":"","lastModifiedDate":"2020-05-23"},{"lineNumber":106,"author":{"gitId":"-"},"content":"Examples:","lastModifiedDate":"2020-05-23"},{"lineNumber":107,"author":{"gitId":"Qiaoran-M"},"content":"* `add n/John Wang p/98765432 e/johnwang@example.com a/John street, block 123, #01-01 g/M`","lastModifiedDate":"2022-09-22"},{"lineNumber":108,"author":{"gitId":"Qiaoran-M"},"content":"* `add n/John p/92781123 e/john@example.com a/Donald street, block 248, #02-04 g/m`","lastModifiedDate":"2022-09-22"},{"lineNumber":109,"author":{"gitId":"Qiaoran-M"},"content":"* `add n/Charlotte p/81286623 e/charlotte@example.com a/Charity street, block 101, #10-82  g/F`","lastModifiedDate":"2022-09-22"},{"lineNumber":110,"author":{"gitId":"-"},"content":"","lastModifiedDate":"2020-05-23"},{"lineNumber":111,"author":{"gitId":"-"},"content":"### Listing all persons : `list`","lastModifiedDate":"2020-05-23"},{"lineNumber":112,"author":{"gitId":"-"},"content":"","lastModifiedDate":"2020-05-23"},{"lineNumber":113,"author":{"gitId":"-"},"content":"Shows a list of all persons in the address book.","lastModifiedDate":"2020-05-23"},{"lineNumber":114,"author":{"gitId":"-"},"content":"","lastModifiedDate":"2020-05-23"},{"lineNumber":115,"author":{"gitId":"-"},"content":"Format: `list`","lastModifiedDate":"2020-05-23"},{"lineNumber":116,"author":{"gitId":"-"},"content":"","lastModifiedDate":"2020-05-23"},{"lineNumber":117,"author":{"gitId":"Qiaoran-M"},"content":"### Editing a contact : `edit`","lastModifiedDate":"2022-09-22"},{"lineNumber":118,"author":{"gitId":"-"},"content":"","lastModifiedDate":"2020-05-23"},{"lineNumber":119,"author":{"gitId":"Qiaoran-M"},"content":"Edits an existing contact in the address book.","lastModifiedDate":"2022-09-22"},{"lineNumber":120,"author":{"gitId":"-"},"content":"","lastModifiedDate":"2020-05-23"},{"lineNumber":121,"author":{"gitId":"Qiaoran-M"},"content":"Format: `edit INDEX [n/NAME] [p/PHONE] [e/EMAIL] [a/ADDRESS] [g/GENDER] [d/DOB] [ph/PURCHASE_INDEX,UPDATED_PURCHASE_DETAIL] [t/TAG]`","lastModifiedDate":"2022-09-22"},{"lineNumber":122,"author":{"gitId":"-"},"content":"","lastModifiedDate":"2020-05-23"},{"lineNumber":123,"author":{"gitId":"Qiaoran-M"},"content":"- Edits the person at the specified `INDEX`. The index refers to the index number shown in the displayed person list.","lastModifiedDate":"2022-09-22"},{"lineNumber":124,"author":{"gitId":"Qiaoran-M"},"content":"  The index must be **a positive integer** 1, 2, 3, …​, and it must be within the range of the contact list index.","lastModifiedDate":"2022-09-22"},{"lineNumber":125,"author":{"gitId":"Qiaoran-M"},"content":"- At least one of the optional fields must be provided.","lastModifiedDate":"2022-09-22"},{"lineNumber":126,"author":{"gitId":"Qiaoran-M"},"content":"- Existing values will be updated to the input values.","lastModifiedDate":"2022-09-22"},{"lineNumber":127,"author":{"gitId":"Qiaoran-M"},"content":"- When editing tags, the existing tags of the person will be removed (i.e adding of tags is not cumulative).","lastModifiedDate":"2022-09-22"},{"lineNumber":128,"author":{"gitId":"Qiaoran-M"},"content":"- You can remove all the person’s tags by typing t/ without specifying any tags after it.","lastModifiedDate":"2022-09-22"},{"lineNumber":129,"author":{"gitId":"-"},"content":"","lastModifiedDate":"2020-05-23"},{"lineNumber":130,"author":{"gitId":"-"},"content":"Examples:","lastModifiedDate":"2020-05-23"},{"lineNumber":131,"author":{"gitId":"Qiaoran-M"},"content":"*  `edit 1 p/91234567 e/johndoe@example.com` Edits the phone number and email address of the 1st person to be","lastModifiedDate":"2022-09-22"},{"lineNumber":132,"author":{"gitId":"Qiaoran-M"},"content":"   `91234567` and `johndoe@example.com` respectively.","lastModifiedDate":"2022-09-22"},{"lineNumber":133,"author":{"gitId":"-"},"content":"*  `edit 2 n/Betsy Crower t/` Edits the name of the 2nd person to be `Betsy Crower` and clears all existing tags.","lastModifiedDate":"2020-05-23"},{"lineNumber":134,"author":{"gitId":"Qiaoran-M"},"content":"*  `edit 3 n/Charlotte g/F d/3.4.1998 ph/3,[20.03.2022, 101.25, Chair, Table, Banana]` Edits the 3rd person’s contact:","lastModifiedDate":"2022-09-22"},{"lineNumber":135,"author":{"gitId":"Qiaoran-M"},"content":"   edits name to be `Charlotte`, edits gender to be `Female`, edits date of birth to be `3.4.1998`,","lastModifiedDate":"2022-09-22"},{"lineNumber":136,"author":{"gitId":"Qiaoran-M"},"content":"   edits the purchase history to be `3,[20.03.2022, 101.25, Chair, Table, Banana]`.","lastModifiedDate":"2022-09-22"},{"lineNumber":137,"author":{"gitId":"Qiaoran-M"},"content":"","lastModifiedDate":"2022-09-22"},{"lineNumber":138,"author":{"gitId":"Qiaoran-M"},"content":"__Optional Parameter 1: Gender__","lastModifiedDate":"2022-09-22"},{"lineNumber":139,"author":{"gitId":"Qiaoran-M"},"content":"","lastModifiedDate":"2022-09-22"},{"lineNumber":140,"author":{"gitId":"Qiaoran-M"},"content":"Format: `edit INDEX [g/GENDER]`","lastModifiedDate":"2022-09-22"},{"lineNumber":141,"author":{"gitId":"Qiaoran-M"},"content":"","lastModifiedDate":"2022-09-22"},{"lineNumber":142,"author":{"gitId":"Qiaoran-M"},"content":"- Edits the gender of a person in the contact list. The genders accepted by the contact list are: `M`/`m` for male,  `F`/`f` for female.","lastModifiedDate":"2022-09-23"},{"lineNumber":143,"author":{"gitId":"Qiaoran-M"},"content":"- `INDEX` must be **a positive integer** (i.e 1,2,3…)","lastModifiedDate":"2022-09-23"},{"lineNumber":144,"author":{"gitId":"Qiaoran-M"},"content":"- `INDEX` must be within the range of the contact list index (i.e from 1 to size of contact list).","lastModifiedDate":"2022-09-23"},{"lineNumber":145,"author":{"gitId":"Qiaoran-M"},"content":"","lastModifiedDate":"2022-09-22"},{"lineNumber":146,"author":{"gitId":"Qiaoran-M"},"content":"Examples:","lastModifiedDate":"2022-09-22"},{"lineNumber":147,"author":{"gitId":"Qiaoran-M"},"content":"* `edit 1 g/M`","lastModifiedDate":"2022-09-22"},{"lineNumber":148,"author":{"gitId":"Qiaoran-M"},"content":"* `edit 2 g/f`","lastModifiedDate":"2022-09-22"},{"lineNumber":149,"author":{"gitId":"Qiaoran-M"},"content":"* `edit 3 g/F`","lastModifiedDate":"2022-09-22"},{"lineNumber":150,"author":{"gitId":"-"},"content":"","lastModifiedDate":"2020-05-23"},{"lineNumber":151,"author":{"gitId":"-"},"content":"### Locating persons by name: `find`","lastModifiedDate":"2020-05-23"},{"lineNumber":152,"author":{"gitId":"-"},"content":"","lastModifiedDate":"2020-05-23"},{"lineNumber":153,"author":{"gitId":"-"},"content":"Finds persons whose names contain any of the given keywords.","lastModifiedDate":"2020-05-23"},{"lineNumber":154,"author":{"gitId":"-"},"content":"","lastModifiedDate":"2020-05-23"},{"lineNumber":155,"author":{"gitId":"-"},"content":"Format: `find KEYWORD [MORE_KEYWORDS]`","lastModifiedDate":"2020-05-23"},{"lineNumber":156,"author":{"gitId":"-"},"content":"","lastModifiedDate":"2020-05-23"},{"lineNumber":157,"author":{"gitId":"-"},"content":"* The search is case-insensitive. e.g `hans` will match `Hans`","lastModifiedDate":"2020-05-23"},{"lineNumber":158,"author":{"gitId":"-"},"content":"* The order of the keywords does not matter. e.g. `Hans Bo` will match `Bo Hans`","lastModifiedDate":"2020-05-23"},{"lineNumber":159,"author":{"gitId":"-"},"content":"* Only the name is searched.","lastModifiedDate":"2020-05-23"},{"lineNumber":160,"author":{"gitId":"-"},"content":"* Only full words will be matched e.g. `Han` will not match `Hans`","lastModifiedDate":"2020-05-23"},{"lineNumber":161,"author":{"gitId":"-"},"content":"* Persons matching at least one keyword will be returned (i.e. `OR` search).","lastModifiedDate":"2020-05-23"},{"lineNumber":162,"author":{"gitId":"-"},"content":"  e.g. `Hans Bo` will return `Hans Gruber`, `Bo Yang`","lastModifiedDate":"2020-05-23"},{"lineNumber":163,"author":{"gitId":"-"},"content":"","lastModifiedDate":"2020-05-23"},{"lineNumber":164,"author":{"gitId":"-"},"content":"Examples:","lastModifiedDate":"2020-05-23"},{"lineNumber":165,"author":{"gitId":"-"},"content":"* `find John` returns `john` and `John Doe`","lastModifiedDate":"2020-05-23"},{"lineNumber":166,"author":{"gitId":"-"},"content":"* `find alex david` returns `Alex Yeoh`, `David Li`\u003cbr\u003e","lastModifiedDate":"2020-05-23"},{"lineNumber":167,"author":{"gitId":"-"},"content":"  ![result for \u0027find alex david\u0027](images/findAlexDavidResult.png)","lastModifiedDate":"2020-05-23"},{"lineNumber":168,"author":{"gitId":"-"},"content":"","lastModifiedDate":"2020-05-23"},{"lineNumber":169,"author":{"gitId":"-"},"content":"### Deleting a person : `delete`","lastModifiedDate":"2020-05-23"},{"lineNumber":170,"author":{"gitId":"-"},"content":"","lastModifiedDate":"2020-05-23"},{"lineNumber":171,"author":{"gitId":"-"},"content":"Deletes the specified person from the address book.","lastModifiedDate":"2020-05-23"},{"lineNumber":172,"author":{"gitId":"-"},"content":"","lastModifiedDate":"2020-05-23"},{"lineNumber":173,"author":{"gitId":"-"},"content":"Format: `delete INDEX`","lastModifiedDate":"2020-05-23"},{"lineNumber":174,"author":{"gitId":"-"},"content":"","lastModifiedDate":"2020-05-23"},{"lineNumber":175,"author":{"gitId":"-"},"content":"* Deletes the person at the specified `INDEX`.","lastModifiedDate":"2020-05-23"},{"lineNumber":176,"author":{"gitId":"-"},"content":"* The index refers to the index number shown in the displayed person list.","lastModifiedDate":"2020-05-23"},{"lineNumber":177,"author":{"gitId":"-"},"content":"* The index **must be a positive integer** 1, 2, 3, …​","lastModifiedDate":"2020-05-23"},{"lineNumber":178,"author":{"gitId":"-"},"content":"","lastModifiedDate":"2020-05-23"},{"lineNumber":179,"author":{"gitId":"-"},"content":"Examples:","lastModifiedDate":"2020-05-23"},{"lineNumber":180,"author":{"gitId":"-"},"content":"* `list` followed by `delete 2` deletes the 2nd person in the address book.","lastModifiedDate":"2020-05-23"},{"lineNumber":181,"author":{"gitId":"-"},"content":"* `find Betsy` followed by `delete 1` deletes the 1st person in the results of the `find` command.","lastModifiedDate":"2020-05-23"},{"lineNumber":182,"author":{"gitId":"-"},"content":"","lastModifiedDate":"2020-05-23"},{"lineNumber":183,"author":{"gitId":"-"},"content":"### Clearing all entries : `clear`","lastModifiedDate":"2020-05-23"},{"lineNumber":184,"author":{"gitId":"-"},"content":"","lastModifiedDate":"2020-05-23"},{"lineNumber":185,"author":{"gitId":"-"},"content":"Clears all entries from the address book.","lastModifiedDate":"2020-05-23"},{"lineNumber":186,"author":{"gitId":"-"},"content":"","lastModifiedDate":"2020-05-23"},{"lineNumber":187,"author":{"gitId":"-"},"content":"Format: `clear`","lastModifiedDate":"2020-05-23"},{"lineNumber":188,"author":{"gitId":"-"},"content":"","lastModifiedDate":"2020-05-23"},{"lineNumber":189,"author":{"gitId":"-"},"content":"### Exiting the program : `exit`","lastModifiedDate":"2020-05-23"},{"lineNumber":190,"author":{"gitId":"-"},"content":"","lastModifiedDate":"2020-05-23"},{"lineNumber":191,"author":{"gitId":"-"},"content":"Exits the program.","lastModifiedDate":"2020-05-23"},{"lineNumber":192,"author":{"gitId":"-"},"content":"","lastModifiedDate":"2020-05-23"},{"lineNumber":193,"author":{"gitId":"-"},"content":"Format: `exit`","lastModifiedDate":"2020-05-23"},{"lineNumber":194,"author":{"gitId":"-"},"content":"","lastModifiedDate":"2020-05-23"},{"lineNumber":195,"author":{"gitId":"-"},"content":"### Editing the data file","lastModifiedDate":"2021-02-04"},{"lineNumber":196,"author":{"gitId":"-"},"content":"","lastModifiedDate":"2021-02-04"},{"lineNumber":197,"author":{"gitId":"-"},"content":"AddressBook data are saved as a JSON file `[JAR file location]/data/addressbook.json`. Advanced users are welcome to update data directly by editing that data file.","lastModifiedDate":"2021-02-04"},{"lineNumber":198,"author":{"gitId":"-"},"content":"","lastModifiedDate":"2021-02-04"},{"lineNumber":199,"author":{"gitId":"-"},"content":"\u003cdiv markdown\u003d\"span\" class\u003d\"alert alert-warning\"\u003e:exclamation: **Caution:**","lastModifiedDate":"2021-02-04"},{"lineNumber":200,"author":{"gitId":"-"},"content":"If your changes to the data file makes its format invalid, AddressBook will discard all data and start with an empty data file at the next run.","lastModifiedDate":"2021-02-04"},{"lineNumber":201,"author":{"gitId":"-"},"content":"\u003c/div\u003e","lastModifiedDate":"2021-02-04"},{"lineNumber":202,"author":{"gitId":"-"},"content":"","lastModifiedDate":"2021-02-04"},{"lineNumber":203,"author":{"gitId":"-"},"content":"### Archiving data files `[coming in v2.0]`","lastModifiedDate":"2020-05-23"},{"lineNumber":204,"author":{"gitId":"-"},"content":"","lastModifiedDate":"2020-05-23"},{"lineNumber":205,"author":{"gitId":"-"},"content":"_Details coming soon ..._","lastModifiedDate":"2021-02-04"},{"lineNumber":206,"author":{"gitId":"-"},"content":"","lastModifiedDate":"2020-05-23"},{"lineNumber":207,"author":{"gitId":"-"},"content":"--------------------------------------------------------------------------------------------------------------------","lastModifiedDate":"2020-05-23"},{"lineNumber":208,"author":{"gitId":"-"},"content":"","lastModifiedDate":"2020-05-23"},{"lineNumber":209,"author":{"gitId":"-"},"content":"## FAQ","lastModifiedDate":"2020-05-23"},{"lineNumber":210,"author":{"gitId":"-"},"content":"","lastModifiedDate":"2020-05-23"},{"lineNumber":211,"author":{"gitId":"-"},"content":"**Q**: How do I transfer my data to another Computer?\u003cbr\u003e","lastModifiedDate":"2020-05-23"},{"lineNumber":212,"author":{"gitId":"-"},"content":"**A**: Install the app in the other computer and overwrite the empty data file it creates with the file that contains the data of your previous AddressBook home folder.","lastModifiedDate":"2020-05-23"},{"lineNumber":213,"author":{"gitId":"-"},"content":"","lastModifiedDate":"2020-05-23"},{"lineNumber":214,"author":{"gitId":"-"},"content":"--------------------------------------------------------------------------------------------------------------------","lastModifiedDate":"2020-05-23"},{"lineNumber":215,"author":{"gitId":"-"},"content":"","lastModifiedDate":"2020-05-23"},{"lineNumber":216,"author":{"gitId":"-"},"content":"## Command summary","lastModifiedDate":"2020-05-23"},{"lineNumber":217,"author":{"gitId":"-"},"content":"","lastModifiedDate":"2020-05-23"},{"lineNumber":218,"author":{"gitId":"Qiaoran-M"},"content":"| Action     | Format, Examples                                                                                                                                                      |","lastModifiedDate":"2022-09-22"},{"lineNumber":219,"author":{"gitId":"Qiaoran-M"},"content":"|------------|-----------------------------------------------------------------------------------------------------------------------------------------------------------------------|","lastModifiedDate":"2022-09-22"},{"lineNumber":220,"author":{"gitId":"Qiaoran-M"},"content":"| **Add**    | `add n/NAME p/PHONE_NUMBER e/EMAIL a/ADDRESS [t/TAG]…​` \u003cbr\u003e e.g., `add n/James Ho p/22224444 e/jamesho@example.com a/123, Clementi Rd, 1234665 t/friend t/colleague` |","lastModifiedDate":"2022-09-22"},{"lineNumber":221,"author":{"gitId":"Qiaoran-M"},"content":"| **Clear**  | `clear`                                                                                                                                                               |","lastModifiedDate":"2022-09-22"},{"lineNumber":222,"author":{"gitId":"Qiaoran-M"},"content":"| **Delete** | `delete INDEX`\u003cbr\u003e e.g., `delete 3`                                                                                                                                   |","lastModifiedDate":"2022-09-22"},{"lineNumber":223,"author":{"gitId":"Qiaoran-M"},"content":"| **Edit**   | `edit INDEX [n/NAME] [p/PHONE_NUMBER] [e/EMAIL] [a/ADDRESS] [t/TAG]…​`\u003cbr\u003e e.g.,`edit 2 n/James Lee e/jameslee@example.com`                                           |","lastModifiedDate":"2022-09-22"},{"lineNumber":224,"author":{"gitId":"Qiaoran-M"},"content":"| **Find**   | `find KEYWORD [MORE_KEYWORDS]`\u003cbr\u003e e.g., `find James Jake`                                                                                                            |","lastModifiedDate":"2022-09-22"},{"lineNumber":225,"author":{"gitId":"Qiaoran-M"},"content":"| **List**   | `list`                                                                                                                                                                |","lastModifiedDate":"2022-09-22"},{"lineNumber":226,"author":{"gitId":"Qiaoran-M"},"content":"| **Help**   | `help`                                                                                                                                                                |","lastModifiedDate":"2022-09-22"}],"authorContributionMap":{"lfrostbytee":8,"Qiaoran-M":57,"-":161}},{"path":"docs/_sass/minima/_base.scss","fileType":"other","lines":[{"lineNumber":1,"author":{"gitId":"-"},"content":"html {","lastModifiedDate":"2020-05-23"},{"lineNumber":2,"author":{"gitId":"-"},"content":"  font-size: $base-font-size;","lastModifiedDate":"2020-05-23"},{"lineNumber":3,"author":{"gitId":"-"},"content":"}","lastModifiedDate":"2020-05-23"},{"lineNumber":4,"author":{"gitId":"-"},"content":"","lastModifiedDate":"2020-05-23"},{"lineNumber":5,"author":{"gitId":"-"},"content":"/**","lastModifiedDate":"2020-05-23"},{"lineNumber":6,"author":{"gitId":"-"},"content":" * Reset some basic elements","lastModifiedDate":"2020-05-23"},{"lineNumber":7,"author":{"gitId":"-"},"content":" */","lastModifiedDate":"2020-05-23"},{"lineNumber":8,"author":{"gitId":"-"},"content":"body, h1, h2, h3, h4, h5, h6,","lastModifiedDate":"2020-05-23"},{"lineNumber":9,"author":{"gitId":"-"},"content":"p, blockquote, pre, hr,","lastModifiedDate":"2020-05-23"},{"lineNumber":10,"author":{"gitId":"-"},"content":"dl, dd, ol, ul, figure {","lastModifiedDate":"2020-05-23"},{"lineNumber":11,"author":{"gitId":"-"},"content":"  margin: 0;","lastModifiedDate":"2020-05-23"},{"lineNumber":12,"author":{"gitId":"-"},"content":"  padding: 0;","lastModifiedDate":"2020-05-23"},{"lineNumber":13,"author":{"gitId":"-"},"content":"","lastModifiedDate":"2020-05-23"},{"lineNumber":14,"author":{"gitId":"-"},"content":"}","lastModifiedDate":"2020-05-23"},{"lineNumber":15,"author":{"gitId":"-"},"content":"","lastModifiedDate":"2020-05-23"},{"lineNumber":16,"author":{"gitId":"-"},"content":"","lastModifiedDate":"2020-05-23"},{"lineNumber":17,"author":{"gitId":"-"},"content":"","lastModifiedDate":"2020-05-23"},{"lineNumber":18,"author":{"gitId":"-"},"content":"/**","lastModifiedDate":"2020-05-23"},{"lineNumber":19,"author":{"gitId":"-"},"content":" * Basic styling","lastModifiedDate":"2020-05-23"},{"lineNumber":20,"author":{"gitId":"-"},"content":" */","lastModifiedDate":"2020-05-23"},{"lineNumber":21,"author":{"gitId":"-"},"content":"body {","lastModifiedDate":"2020-05-23"},{"lineNumber":22,"author":{"gitId":"-"},"content":"  font: $base-font-weight #{$base-font-size}/#{$base-line-height} $base-font-family;","lastModifiedDate":"2020-05-23"},{"lineNumber":23,"author":{"gitId":"-"},"content":"  color: $text-color;","lastModifiedDate":"2020-05-23"},{"lineNumber":24,"author":{"gitId":"-"},"content":"  background-color: $background-color;","lastModifiedDate":"2020-05-23"},{"lineNumber":25,"author":{"gitId":"-"},"content":"  -webkit-text-size-adjust: 100%;","lastModifiedDate":"2020-05-23"},{"lineNumber":26,"author":{"gitId":"-"},"content":"  -webkit-font-feature-settings: \"kern\" 1;","lastModifiedDate":"2020-05-23"},{"lineNumber":27,"author":{"gitId":"-"},"content":"     -moz-font-feature-settings: \"kern\" 1;","lastModifiedDate":"2020-05-23"},{"lineNumber":28,"author":{"gitId":"-"},"content":"       -o-font-feature-settings: \"kern\" 1;","lastModifiedDate":"2020-05-23"},{"lineNumber":29,"author":{"gitId":"-"},"content":"          font-feature-settings: \"kern\" 1;","lastModifiedDate":"2020-05-23"},{"lineNumber":30,"author":{"gitId":"-"},"content":"  font-kerning: normal;","lastModifiedDate":"2020-05-23"},{"lineNumber":31,"author":{"gitId":"-"},"content":"  display: flex;","lastModifiedDate":"2020-05-23"},{"lineNumber":32,"author":{"gitId":"-"},"content":"  min-height: 100vh;","lastModifiedDate":"2020-05-23"},{"lineNumber":33,"author":{"gitId":"-"},"content":"  flex-direction: column;","lastModifiedDate":"2020-05-23"},{"lineNumber":34,"author":{"gitId":"-"},"content":"  overflow-wrap: break-word;","lastModifiedDate":"2020-05-23"},{"lineNumber":35,"author":{"gitId":"-"},"content":"}","lastModifiedDate":"2020-05-23"},{"lineNumber":36,"author":{"gitId":"-"},"content":"","lastModifiedDate":"2020-05-23"},{"lineNumber":37,"author":{"gitId":"-"},"content":"","lastModifiedDate":"2020-05-23"},{"lineNumber":38,"author":{"gitId":"-"},"content":"","lastModifiedDate":"2020-05-23"},{"lineNumber":39,"author":{"gitId":"-"},"content":"/**","lastModifiedDate":"2020-05-23"},{"lineNumber":40,"author":{"gitId":"-"},"content":" * Set `margin-bottom` to maintain vertical rhythm","lastModifiedDate":"2020-05-23"},{"lineNumber":41,"author":{"gitId":"-"},"content":" */","lastModifiedDate":"2020-05-23"},{"lineNumber":42,"author":{"gitId":"-"},"content":"h1, h2, h3, h4, h5, h6,","lastModifiedDate":"2020-05-23"},{"lineNumber":43,"author":{"gitId":"-"},"content":"p, blockquote, pre,","lastModifiedDate":"2020-05-23"},{"lineNumber":44,"author":{"gitId":"-"},"content":"ul, ol, dl, figure,","lastModifiedDate":"2020-05-23"},{"lineNumber":45,"author":{"gitId":"-"},"content":"%vertical-rhythm {","lastModifiedDate":"2020-05-23"},{"lineNumber":46,"author":{"gitId":"-"},"content":"  margin-bottom: $spacing-unit / 2;","lastModifiedDate":"2020-05-23"},{"lineNumber":47,"author":{"gitId":"-"},"content":"}","lastModifiedDate":"2020-05-23"},{"lineNumber":48,"author":{"gitId":"-"},"content":"","lastModifiedDate":"2020-05-23"},{"lineNumber":49,"author":{"gitId":"-"},"content":"hr {","lastModifiedDate":"2020-05-23"},{"lineNumber":50,"author":{"gitId":"-"},"content":"  margin-top: $spacing-unit;","lastModifiedDate":"2020-05-23"},{"lineNumber":51,"author":{"gitId":"-"},"content":"  margin-bottom: $spacing-unit;","lastModifiedDate":"2020-05-23"},{"lineNumber":52,"author":{"gitId":"-"},"content":"}","lastModifiedDate":"2020-05-23"},{"lineNumber":53,"author":{"gitId":"-"},"content":"","lastModifiedDate":"2020-05-23"},{"lineNumber":54,"author":{"gitId":"-"},"content":"/**","lastModifiedDate":"2020-05-23"},{"lineNumber":55,"author":{"gitId":"-"},"content":" * `main` element","lastModifiedDate":"2020-05-23"},{"lineNumber":56,"author":{"gitId":"-"},"content":" */","lastModifiedDate":"2020-05-23"},{"lineNumber":57,"author":{"gitId":"-"},"content":"main {","lastModifiedDate":"2020-05-23"},{"lineNumber":58,"author":{"gitId":"-"},"content":"  display: block; /* Default value of `display` of `main` element is \u0027inline\u0027 in IE 11. */","lastModifiedDate":"2020-05-23"},{"lineNumber":59,"author":{"gitId":"-"},"content":"}","lastModifiedDate":"2020-05-23"},{"lineNumber":60,"author":{"gitId":"-"},"content":"","lastModifiedDate":"2020-05-23"},{"lineNumber":61,"author":{"gitId":"-"},"content":"","lastModifiedDate":"2020-05-23"},{"lineNumber":62,"author":{"gitId":"-"},"content":"","lastModifiedDate":"2020-05-23"},{"lineNumber":63,"author":{"gitId":"-"},"content":"/**","lastModifiedDate":"2020-05-23"},{"lineNumber":64,"author":{"gitId":"-"},"content":" * Images","lastModifiedDate":"2020-05-23"},{"lineNumber":65,"author":{"gitId":"-"},"content":" */","lastModifiedDate":"2020-05-23"},{"lineNumber":66,"author":{"gitId":"-"},"content":"img {","lastModifiedDate":"2020-05-23"},{"lineNumber":67,"author":{"gitId":"-"},"content":"  max-width: 100%;","lastModifiedDate":"2020-05-23"},{"lineNumber":68,"author":{"gitId":"-"},"content":"  vertical-align: middle;","lastModifiedDate":"2020-05-23"},{"lineNumber":69,"author":{"gitId":"-"},"content":"}","lastModifiedDate":"2020-05-23"},{"lineNumber":70,"author":{"gitId":"-"},"content":"","lastModifiedDate":"2020-05-23"},{"lineNumber":71,"author":{"gitId":"-"},"content":"","lastModifiedDate":"2020-05-23"},{"lineNumber":72,"author":{"gitId":"-"},"content":"","lastModifiedDate":"2020-05-23"},{"lineNumber":73,"author":{"gitId":"-"},"content":"/**","lastModifiedDate":"2020-05-23"},{"lineNumber":74,"author":{"gitId":"-"},"content":" * Figures","lastModifiedDate":"2020-05-23"},{"lineNumber":75,"author":{"gitId":"-"},"content":" */","lastModifiedDate":"2020-05-23"},{"lineNumber":76,"author":{"gitId":"-"},"content":"figure \u003e img {","lastModifiedDate":"2020-05-23"},{"lineNumber":77,"author":{"gitId":"-"},"content":"  display: block;","lastModifiedDate":"2020-05-23"},{"lineNumber":78,"author":{"gitId":"-"},"content":"}","lastModifiedDate":"2020-05-23"},{"lineNumber":79,"author":{"gitId":"-"},"content":"","lastModifiedDate":"2020-05-23"},{"lineNumber":80,"author":{"gitId":"-"},"content":"figcaption {","lastModifiedDate":"2020-05-23"},{"lineNumber":81,"author":{"gitId":"-"},"content":"  font-size: $small-font-size;","lastModifiedDate":"2020-05-23"},{"lineNumber":82,"author":{"gitId":"-"},"content":"}","lastModifiedDate":"2020-05-23"},{"lineNumber":83,"author":{"gitId":"-"},"content":"","lastModifiedDate":"2020-05-23"},{"lineNumber":84,"author":{"gitId":"-"},"content":"","lastModifiedDate":"2020-05-23"},{"lineNumber":85,"author":{"gitId":"-"},"content":"","lastModifiedDate":"2020-05-23"},{"lineNumber":86,"author":{"gitId":"-"},"content":"/**","lastModifiedDate":"2020-05-23"},{"lineNumber":87,"author":{"gitId":"-"},"content":" * Lists","lastModifiedDate":"2020-05-23"},{"lineNumber":88,"author":{"gitId":"-"},"content":" */","lastModifiedDate":"2020-05-23"},{"lineNumber":89,"author":{"gitId":"-"},"content":"ul, ol {","lastModifiedDate":"2020-05-23"},{"lineNumber":90,"author":{"gitId":"-"},"content":"  margin-left: $spacing-unit;","lastModifiedDate":"2020-05-23"},{"lineNumber":91,"author":{"gitId":"-"},"content":"}","lastModifiedDate":"2020-05-23"},{"lineNumber":92,"author":{"gitId":"-"},"content":"","lastModifiedDate":"2020-05-23"},{"lineNumber":93,"author":{"gitId":"-"},"content":"li {","lastModifiedDate":"2020-05-23"},{"lineNumber":94,"author":{"gitId":"-"},"content":"  \u003e ul,","lastModifiedDate":"2020-05-23"},{"lineNumber":95,"author":{"gitId":"-"},"content":"  \u003e ol {","lastModifiedDate":"2020-05-23"},{"lineNumber":96,"author":{"gitId":"-"},"content":"    margin-bottom: 0;","lastModifiedDate":"2020-05-23"},{"lineNumber":97,"author":{"gitId":"-"},"content":"  }","lastModifiedDate":"2020-05-23"},{"lineNumber":98,"author":{"gitId":"-"},"content":"}","lastModifiedDate":"2020-05-23"},{"lineNumber":99,"author":{"gitId":"-"},"content":"","lastModifiedDate":"2020-05-23"},{"lineNumber":100,"author":{"gitId":"-"},"content":"","lastModifiedDate":"2020-05-23"},{"lineNumber":101,"author":{"gitId":"-"},"content":"","lastModifiedDate":"2020-05-23"},{"lineNumber":102,"author":{"gitId":"-"},"content":"/**","lastModifiedDate":"2020-05-23"},{"lineNumber":103,"author":{"gitId":"-"},"content":" * Headings","lastModifiedDate":"2020-05-23"},{"lineNumber":104,"author":{"gitId":"-"},"content":" */","lastModifiedDate":"2020-05-23"},{"lineNumber":105,"author":{"gitId":"-"},"content":"h1, h2, h3, h4, h5, h6 {","lastModifiedDate":"2020-05-23"},{"lineNumber":106,"author":{"gitId":"-"},"content":"  font-weight: $base-font-weight;","lastModifiedDate":"2020-05-23"},{"lineNumber":107,"author":{"gitId":"-"},"content":"}","lastModifiedDate":"2020-05-23"},{"lineNumber":108,"author":{"gitId":"-"},"content":"","lastModifiedDate":"2020-05-23"},{"lineNumber":109,"author":{"gitId":"-"},"content":"","lastModifiedDate":"2020-05-23"},{"lineNumber":110,"author":{"gitId":"-"},"content":"","lastModifiedDate":"2020-05-23"},{"lineNumber":111,"author":{"gitId":"-"},"content":"/**","lastModifiedDate":"2020-05-23"},{"lineNumber":112,"author":{"gitId":"-"},"content":" * Links","lastModifiedDate":"2020-05-23"},{"lineNumber":113,"author":{"gitId":"-"},"content":" */","lastModifiedDate":"2020-05-23"},{"lineNumber":114,"author":{"gitId":"-"},"content":"a {","lastModifiedDate":"2020-05-23"},{"lineNumber":115,"author":{"gitId":"-"},"content":"  color: $link-base-color;","lastModifiedDate":"2020-05-23"},{"lineNumber":116,"author":{"gitId":"-"},"content":"  text-decoration: none;","lastModifiedDate":"2020-05-23"},{"lineNumber":117,"author":{"gitId":"-"},"content":"","lastModifiedDate":"2020-05-23"},{"lineNumber":118,"author":{"gitId":"-"},"content":"  \u0026:visited {","lastModifiedDate":"2020-05-23"},{"lineNumber":119,"author":{"gitId":"-"},"content":"    color: $link-visited-color;","lastModifiedDate":"2020-05-23"},{"lineNumber":120,"author":{"gitId":"-"},"content":"  }","lastModifiedDate":"2020-05-23"},{"lineNumber":121,"author":{"gitId":"-"},"content":"","lastModifiedDate":"2020-05-23"},{"lineNumber":122,"author":{"gitId":"-"},"content":"  \u0026:hover {","lastModifiedDate":"2020-05-23"},{"lineNumber":123,"author":{"gitId":"-"},"content":"    color: $text-color;","lastModifiedDate":"2020-05-23"},{"lineNumber":124,"author":{"gitId":"-"},"content":"    text-decoration: underline;","lastModifiedDate":"2020-05-23"},{"lineNumber":125,"author":{"gitId":"-"},"content":"  }","lastModifiedDate":"2020-05-23"},{"lineNumber":126,"author":{"gitId":"-"},"content":"","lastModifiedDate":"2020-05-23"},{"lineNumber":127,"author":{"gitId":"-"},"content":"  .social-media-list \u0026:hover {","lastModifiedDate":"2020-05-23"},{"lineNumber":128,"author":{"gitId":"-"},"content":"    text-decoration: none;","lastModifiedDate":"2020-05-23"},{"lineNumber":129,"author":{"gitId":"-"},"content":"","lastModifiedDate":"2020-05-23"},{"lineNumber":130,"author":{"gitId":"-"},"content":"    .username {","lastModifiedDate":"2020-05-23"},{"lineNumber":131,"author":{"gitId":"-"},"content":"      text-decoration: underline;","lastModifiedDate":"2020-05-23"},{"lineNumber":132,"author":{"gitId":"-"},"content":"    }","lastModifiedDate":"2020-05-23"},{"lineNumber":133,"author":{"gitId":"-"},"content":"  }","lastModifiedDate":"2020-05-23"},{"lineNumber":134,"author":{"gitId":"-"},"content":"}","lastModifiedDate":"2020-05-23"},{"lineNumber":135,"author":{"gitId":"-"},"content":"","lastModifiedDate":"2020-05-23"},{"lineNumber":136,"author":{"gitId":"-"},"content":"","lastModifiedDate":"2020-05-23"},{"lineNumber":137,"author":{"gitId":"-"},"content":"/**","lastModifiedDate":"2020-05-23"},{"lineNumber":138,"author":{"gitId":"-"},"content":" * Blockquotes","lastModifiedDate":"2020-05-23"},{"lineNumber":139,"author":{"gitId":"-"},"content":" */","lastModifiedDate":"2020-05-23"},{"lineNumber":140,"author":{"gitId":"-"},"content":"blockquote {","lastModifiedDate":"2020-05-23"},{"lineNumber":141,"author":{"gitId":"-"},"content":"  color: $brand-color;","lastModifiedDate":"2020-05-23"},{"lineNumber":142,"author":{"gitId":"-"},"content":"  border-left: 4px solid $brand-color-light;","lastModifiedDate":"2020-05-23"},{"lineNumber":143,"author":{"gitId":"-"},"content":"  padding-left: $spacing-unit / 2;","lastModifiedDate":"2020-05-23"},{"lineNumber":144,"author":{"gitId":"-"},"content":"  @include relative-font-size(1.125);","lastModifiedDate":"2020-05-23"},{"lineNumber":145,"author":{"gitId":"-"},"content":"  font-style: italic;","lastModifiedDate":"2020-05-23"},{"lineNumber":146,"author":{"gitId":"-"},"content":"","lastModifiedDate":"2020-05-23"},{"lineNumber":147,"author":{"gitId":"-"},"content":"  \u003e :last-child {","lastModifiedDate":"2020-05-23"},{"lineNumber":148,"author":{"gitId":"-"},"content":"    margin-bottom: 0;","lastModifiedDate":"2020-05-23"},{"lineNumber":149,"author":{"gitId":"-"},"content":"  }","lastModifiedDate":"2020-05-23"},{"lineNumber":150,"author":{"gitId":"-"},"content":"","lastModifiedDate":"2020-05-23"},{"lineNumber":151,"author":{"gitId":"-"},"content":"  i, em {","lastModifiedDate":"2020-05-23"},{"lineNumber":152,"author":{"gitId":"-"},"content":"    font-style: normal;","lastModifiedDate":"2020-05-23"},{"lineNumber":153,"author":{"gitId":"-"},"content":"  }","lastModifiedDate":"2020-05-23"},{"lineNumber":154,"author":{"gitId":"-"},"content":"}","lastModifiedDate":"2020-05-23"},{"lineNumber":155,"author":{"gitId":"-"},"content":"","lastModifiedDate":"2020-05-23"},{"lineNumber":156,"author":{"gitId":"-"},"content":"","lastModifiedDate":"2020-05-23"},{"lineNumber":157,"author":{"gitId":"-"},"content":"","lastModifiedDate":"2020-05-23"},{"lineNumber":158,"author":{"gitId":"-"},"content":"/**","lastModifiedDate":"2020-05-23"},{"lineNumber":159,"author":{"gitId":"-"},"content":" * Code formatting","lastModifiedDate":"2020-05-23"},{"lineNumber":160,"author":{"gitId":"-"},"content":" */","lastModifiedDate":"2020-05-23"},{"lineNumber":161,"author":{"gitId":"-"},"content":"pre,","lastModifiedDate":"2020-05-23"},{"lineNumber":162,"author":{"gitId":"-"},"content":"code {","lastModifiedDate":"2020-05-23"},{"lineNumber":163,"author":{"gitId":"-"},"content":"  font-family: $code-font-family;","lastModifiedDate":"2020-05-23"},{"lineNumber":164,"author":{"gitId":"-"},"content":"  font-size: 0.9375em;","lastModifiedDate":"2020-05-23"},{"lineNumber":165,"author":{"gitId":"-"},"content":"  border: 1px solid $brand-color-light;","lastModifiedDate":"2020-05-23"},{"lineNumber":166,"author":{"gitId":"-"},"content":"  border-radius: 3px;","lastModifiedDate":"2020-05-23"},{"lineNumber":167,"author":{"gitId":"-"},"content":"  background-color: $code-background-color;","lastModifiedDate":"2020-05-23"},{"lineNumber":168,"author":{"gitId":"-"},"content":"}","lastModifiedDate":"2020-05-23"},{"lineNumber":169,"author":{"gitId":"-"},"content":"","lastModifiedDate":"2020-05-23"},{"lineNumber":170,"author":{"gitId":"-"},"content":"code {","lastModifiedDate":"2020-05-23"},{"lineNumber":171,"author":{"gitId":"-"},"content":"  padding: 1px 5px;","lastModifiedDate":"2020-05-23"},{"lineNumber":172,"author":{"gitId":"-"},"content":"}","lastModifiedDate":"2020-05-23"},{"lineNumber":173,"author":{"gitId":"-"},"content":"","lastModifiedDate":"2020-05-23"},{"lineNumber":174,"author":{"gitId":"-"},"content":"pre {","lastModifiedDate":"2020-05-23"},{"lineNumber":175,"author":{"gitId":"-"},"content":"  padding: 8px 12px;","lastModifiedDate":"2020-05-23"},{"lineNumber":176,"author":{"gitId":"-"},"content":"  overflow-x: auto;","lastModifiedDate":"2020-05-23"},{"lineNumber":177,"author":{"gitId":"-"},"content":"","lastModifiedDate":"2020-05-23"},{"lineNumber":178,"author":{"gitId":"-"},"content":"  \u003e code {","lastModifiedDate":"2020-05-23"},{"lineNumber":179,"author":{"gitId":"-"},"content":"    border: 0;","lastModifiedDate":"2020-05-23"},{"lineNumber":180,"author":{"gitId":"-"},"content":"    padding-right: 0;","lastModifiedDate":"2020-05-23"},{"lineNumber":181,"author":{"gitId":"-"},"content":"    padding-left: 0;","lastModifiedDate":"2020-05-23"},{"lineNumber":182,"author":{"gitId":"-"},"content":"  }","lastModifiedDate":"2020-05-23"},{"lineNumber":183,"author":{"gitId":"-"},"content":"}","lastModifiedDate":"2020-05-23"},{"lineNumber":184,"author":{"gitId":"-"},"content":"","lastModifiedDate":"2020-05-23"},{"lineNumber":185,"author":{"gitId":"-"},"content":".highlight {","lastModifiedDate":"2020-05-23"},{"lineNumber":186,"author":{"gitId":"-"},"content":"  border-radius: 3px;","lastModifiedDate":"2020-05-23"},{"lineNumber":187,"author":{"gitId":"-"},"content":"  background: $code-background-color;","lastModifiedDate":"2020-05-23"},{"lineNumber":188,"author":{"gitId":"-"},"content":"  @extend %vertical-rhythm;","lastModifiedDate":"2020-05-23"},{"lineNumber":189,"author":{"gitId":"-"},"content":"","lastModifiedDate":"2020-05-23"},{"lineNumber":190,"author":{"gitId":"-"},"content":"  .highlighter-rouge \u0026 {","lastModifiedDate":"2020-05-23"},{"lineNumber":191,"author":{"gitId":"-"},"content":"    background: $code-background-color;","lastModifiedDate":"2020-05-23"},{"lineNumber":192,"author":{"gitId":"-"},"content":"  }","lastModifiedDate":"2020-05-23"},{"lineNumber":193,"author":{"gitId":"-"},"content":"}","lastModifiedDate":"2020-05-23"},{"lineNumber":194,"author":{"gitId":"-"},"content":"","lastModifiedDate":"2020-05-23"},{"lineNumber":195,"author":{"gitId":"-"},"content":"","lastModifiedDate":"2020-05-23"},{"lineNumber":196,"author":{"gitId":"-"},"content":"","lastModifiedDate":"2020-05-23"},{"lineNumber":197,"author":{"gitId":"-"},"content":"/**","lastModifiedDate":"2020-05-23"},{"lineNumber":198,"author":{"gitId":"-"},"content":" * Wrapper","lastModifiedDate":"2020-05-23"},{"lineNumber":199,"author":{"gitId":"-"},"content":" */","lastModifiedDate":"2020-05-23"},{"lineNumber":200,"author":{"gitId":"-"},"content":".wrapper {","lastModifiedDate":"2020-05-23"},{"lineNumber":201,"author":{"gitId":"-"},"content":"  max-width: calc(#{$content-width} - (#{$spacing-unit}));","lastModifiedDate":"2020-05-23"},{"lineNumber":202,"author":{"gitId":"-"},"content":"  margin-right: auto;","lastModifiedDate":"2020-05-23"},{"lineNumber":203,"author":{"gitId":"-"},"content":"  margin-left: auto;","lastModifiedDate":"2020-05-23"},{"lineNumber":204,"author":{"gitId":"-"},"content":"  padding-right: $spacing-unit / 2;","lastModifiedDate":"2020-05-23"},{"lineNumber":205,"author":{"gitId":"-"},"content":"  padding-left: $spacing-unit / 2;","lastModifiedDate":"2020-05-23"},{"lineNumber":206,"author":{"gitId":"-"},"content":"  @extend %clearfix;","lastModifiedDate":"2020-05-23"},{"lineNumber":207,"author":{"gitId":"-"},"content":"","lastModifiedDate":"2020-05-23"},{"lineNumber":208,"author":{"gitId":"-"},"content":"  @media screen and (min-width: $on-large) {","lastModifiedDate":"2020-05-23"},{"lineNumber":209,"author":{"gitId":"-"},"content":"    max-width: calc(#{$content-width} - (#{$spacing-unit} * 2));","lastModifiedDate":"2020-05-23"},{"lineNumber":210,"author":{"gitId":"-"},"content":"    padding-right: $spacing-unit;","lastModifiedDate":"2020-05-23"},{"lineNumber":211,"author":{"gitId":"-"},"content":"    padding-left: $spacing-unit;","lastModifiedDate":"2020-05-23"},{"lineNumber":212,"author":{"gitId":"-"},"content":"  }","lastModifiedDate":"2020-05-23"},{"lineNumber":213,"author":{"gitId":"-"},"content":"}","lastModifiedDate":"2020-05-23"},{"lineNumber":214,"author":{"gitId":"-"},"content":"","lastModifiedDate":"2020-05-23"},{"lineNumber":215,"author":{"gitId":"-"},"content":"","lastModifiedDate":"2020-05-23"},{"lineNumber":216,"author":{"gitId":"-"},"content":"","lastModifiedDate":"2020-05-23"},{"lineNumber":217,"author":{"gitId":"-"},"content":"/**","lastModifiedDate":"2020-05-23"},{"lineNumber":218,"author":{"gitId":"-"},"content":" * Clearfix","lastModifiedDate":"2020-05-23"},{"lineNumber":219,"author":{"gitId":"-"},"content":" */","lastModifiedDate":"2020-05-23"},{"lineNumber":220,"author":{"gitId":"-"},"content":"%clearfix:after {","lastModifiedDate":"2020-05-23"},{"lineNumber":221,"author":{"gitId":"-"},"content":"  content: \"\";","lastModifiedDate":"2020-05-23"},{"lineNumber":222,"author":{"gitId":"-"},"content":"  display: table;","lastModifiedDate":"2020-05-23"},{"lineNumber":223,"author":{"gitId":"-"},"content":"  clear: both;","lastModifiedDate":"2020-05-23"},{"lineNumber":224,"author":{"gitId":"-"},"content":"}","lastModifiedDate":"2020-05-23"},{"lineNumber":225,"author":{"gitId":"-"},"content":"","lastModifiedDate":"2020-05-23"},{"lineNumber":226,"author":{"gitId":"-"},"content":"","lastModifiedDate":"2020-05-23"},{"lineNumber":227,"author":{"gitId":"-"},"content":"","lastModifiedDate":"2020-05-23"},{"lineNumber":228,"author":{"gitId":"-"},"content":"/**","lastModifiedDate":"2020-05-23"},{"lineNumber":229,"author":{"gitId":"-"},"content":" * Icons","lastModifiedDate":"2020-05-23"},{"lineNumber":230,"author":{"gitId":"-"},"content":" */","lastModifiedDate":"2020-05-23"},{"lineNumber":231,"author":{"gitId":"-"},"content":"","lastModifiedDate":"2020-05-23"},{"lineNumber":232,"author":{"gitId":"-"},"content":".orange {","lastModifiedDate":"2020-05-23"},{"lineNumber":233,"author":{"gitId":"-"},"content":"  color: #f66a0a;","lastModifiedDate":"2020-05-23"},{"lineNumber":234,"author":{"gitId":"-"},"content":"}","lastModifiedDate":"2020-05-23"},{"lineNumber":235,"author":{"gitId":"-"},"content":"","lastModifiedDate":"2020-05-23"},{"lineNumber":236,"author":{"gitId":"-"},"content":".grey {","lastModifiedDate":"2020-05-23"},{"lineNumber":237,"author":{"gitId":"-"},"content":"  color: #828282;","lastModifiedDate":"2020-05-23"},{"lineNumber":238,"author":{"gitId":"-"},"content":"}","lastModifiedDate":"2020-05-23"},{"lineNumber":239,"author":{"gitId":"-"},"content":"","lastModifiedDate":"2020-05-23"},{"lineNumber":240,"author":{"gitId":"-"},"content":"/**","lastModifiedDate":"2020-05-23"},{"lineNumber":241,"author":{"gitId":"-"},"content":" * Tables","lastModifiedDate":"2020-05-23"},{"lineNumber":242,"author":{"gitId":"-"},"content":" */","lastModifiedDate":"2020-05-23"},{"lineNumber":243,"author":{"gitId":"-"},"content":"table {","lastModifiedDate":"2020-05-23"},{"lineNumber":244,"author":{"gitId":"-"},"content":"  margin-bottom: $spacing-unit;","lastModifiedDate":"2020-05-23"},{"lineNumber":245,"author":{"gitId":"-"},"content":"  width: 100%;","lastModifiedDate":"2020-05-23"},{"lineNumber":246,"author":{"gitId":"-"},"content":"  text-align: $table-text-align;","lastModifiedDate":"2020-05-23"},{"lineNumber":247,"author":{"gitId":"-"},"content":"  color: $table-text-color;","lastModifiedDate":"2020-05-23"},{"lineNumber":248,"author":{"gitId":"-"},"content":"  border-collapse: collapse;","lastModifiedDate":"2020-05-23"},{"lineNumber":249,"author":{"gitId":"-"},"content":"  border: 1px solid $table-border-color;","lastModifiedDate":"2020-05-23"},{"lineNumber":250,"author":{"gitId":"-"},"content":"  tr {","lastModifiedDate":"2020-05-23"},{"lineNumber":251,"author":{"gitId":"-"},"content":"    \u0026:nth-child(even) {","lastModifiedDate":"2020-05-23"},{"lineNumber":252,"author":{"gitId":"-"},"content":"      background-color: $table-zebra-color;","lastModifiedDate":"2020-05-23"},{"lineNumber":253,"author":{"gitId":"-"},"content":"    }","lastModifiedDate":"2020-05-23"},{"lineNumber":254,"author":{"gitId":"-"},"content":"  }","lastModifiedDate":"2020-05-23"},{"lineNumber":255,"author":{"gitId":"-"},"content":"  th, td {","lastModifiedDate":"2020-05-23"},{"lineNumber":256,"author":{"gitId":"-"},"content":"    padding: ($spacing-unit / 3) ($spacing-unit / 2);","lastModifiedDate":"2020-05-23"},{"lineNumber":257,"author":{"gitId":"-"},"content":"  }","lastModifiedDate":"2020-05-23"},{"lineNumber":258,"author":{"gitId":"-"},"content":"  th {","lastModifiedDate":"2020-05-23"},{"lineNumber":259,"author":{"gitId":"-"},"content":"    background-color: $table-header-bg-color;","lastModifiedDate":"2020-05-23"},{"lineNumber":260,"author":{"gitId":"-"},"content":"    border: 1px solid $table-header-border;","lastModifiedDate":"2020-05-23"},{"lineNumber":261,"author":{"gitId":"-"},"content":"  }","lastModifiedDate":"2020-05-23"},{"lineNumber":262,"author":{"gitId":"-"},"content":"  td {","lastModifiedDate":"2020-05-23"},{"lineNumber":263,"author":{"gitId":"-"},"content":"    border: 1px solid $table-border-color;","lastModifiedDate":"2020-05-23"},{"lineNumber":264,"author":{"gitId":"-"},"content":"  }","lastModifiedDate":"2020-05-23"},{"lineNumber":265,"author":{"gitId":"-"},"content":"","lastModifiedDate":"2020-05-23"},{"lineNumber":266,"author":{"gitId":"-"},"content":"  @include media-query($on-laptop) {","lastModifiedDate":"2020-05-23"},{"lineNumber":267,"author":{"gitId":"-"},"content":"    display: block;","lastModifiedDate":"2020-05-23"},{"lineNumber":268,"author":{"gitId":"-"},"content":"    overflow-x: auto;","lastModifiedDate":"2020-05-23"},{"lineNumber":269,"author":{"gitId":"-"},"content":"    -webkit-overflow-scrolling: touch;","lastModifiedDate":"2020-05-23"},{"lineNumber":270,"author":{"gitId":"-"},"content":"            -ms-overflow-style: -ms-autohiding-scrollbar;","lastModifiedDate":"2020-05-23"},{"lineNumber":271,"author":{"gitId":"-"},"content":"  }","lastModifiedDate":"2020-05-23"},{"lineNumber":272,"author":{"gitId":"-"},"content":"}","lastModifiedDate":"2020-05-23"},{"lineNumber":273,"author":{"gitId":"-"},"content":"","lastModifiedDate":"2021-01-11"},{"lineNumber":274,"author":{"gitId":"-"},"content":"@media print {","lastModifiedDate":"2021-01-12"},{"lineNumber":275,"author":{"gitId":"-"},"content":"  /**","lastModifiedDate":"2021-01-11"},{"lineNumber":276,"author":{"gitId":"-"},"content":"  * Prevents page break from cutting through content when printing","lastModifiedDate":"2021-01-12"},{"lineNumber":277,"author":{"gitId":"-"},"content":"  */","lastModifiedDate":"2021-01-11"},{"lineNumber":278,"author":{"gitId":"-"},"content":"  body {","lastModifiedDate":"2021-01-11"},{"lineNumber":279,"author":{"gitId":"-"},"content":"    display: block;","lastModifiedDate":"2021-01-11"},{"lineNumber":280,"author":{"gitId":"-"},"content":"  }","lastModifiedDate":"2021-01-11"},{"lineNumber":281,"author":{"gitId":"-"},"content":"  /**","lastModifiedDate":"2021-01-12"},{"lineNumber":282,"author":{"gitId":"-"},"content":"  * Replaces the top navigation menu with the project name when printing","lastModifiedDate":"2021-01-12"},{"lineNumber":283,"author":{"gitId":"-"},"content":"  */","lastModifiedDate":"2021-01-12"},{"lineNumber":284,"author":{"gitId":"-"},"content":"  .site-header .wrapper {","lastModifiedDate":"2021-01-12"},{"lineNumber":285,"author":{"gitId":"-"},"content":"    display: none;","lastModifiedDate":"2021-01-12"},{"lineNumber":286,"author":{"gitId":"-"},"content":"  }","lastModifiedDate":"2021-01-12"},{"lineNumber":287,"author":{"gitId":"-"},"content":"  .site-header {","lastModifiedDate":"2021-01-12"},{"lineNumber":288,"author":{"gitId":"-"},"content":"    text-align: center;","lastModifiedDate":"2021-01-12"},{"lineNumber":289,"author":{"gitId":"-"},"content":"  }","lastModifiedDate":"2021-01-12"},{"lineNumber":290,"author":{"gitId":"-"},"content":"  .site-header:before {","lastModifiedDate":"2021-01-12"},{"lineNumber":291,"author":{"gitId":"Benjamin-Sim"},"content":"    content: \"Duke The Market\";","lastModifiedDate":"2022-09-24"},{"lineNumber":292,"author":{"gitId":"-"},"content":"    font-size: 32px;","lastModifiedDate":"2021-01-12"},{"lineNumber":293,"author":{"gitId":"-"},"content":"  }","lastModifiedDate":"2021-01-11"},{"lineNumber":294,"author":{"gitId":"-"},"content":"}","lastModifiedDate":"2021-01-12"},{"lineNumber":295,"author":{"gitId":"-"},"content":"","lastModifiedDate":"2021-01-12"}],"authorContributionMap":{"Benjamin-Sim":1,"-":294}},{"path":"docs/team/benjamin-sim.md","fileType":"docs","lines":[{"lineNumber":1,"author":{"gitId":"Benjamin-Sim"},"content":"---","lastModifiedDate":"2022-09-22"},{"lineNumber":2,"author":{"gitId":"Benjamin-Sim"},"content":"layout: page","lastModifiedDate":"2022-09-22"},{"lineNumber":3,"author":{"gitId":"Benjamin-Sim"},"content":"title: Benjamin Sim\u0027s Project Portfolio Page","lastModifiedDate":"2022-09-22"},{"lineNumber":4,"author":{"gitId":"Benjamin-Sim"},"content":"---","lastModifiedDate":"2022-09-22"},{"lineNumber":5,"author":{"gitId":"Benjamin-Sim"},"content":"","lastModifiedDate":"2022-09-22"},{"lineNumber":6,"author":{"gitId":"Benjamin-Sim"},"content":"### Project: Duke The Market","lastModifiedDate":"2022-09-24"},{"lineNumber":7,"author":{"gitId":"Benjamin-Sim"},"content":"","lastModifiedDate":"2022-09-22"},{"lineNumber":8,"author":{"gitId":"Benjamin-Sim"},"content":"Duke The Market is a desktop address book application used for teaching Software Engineering principles. The user interacts with it using a CLI, and it has a GUI created with JavaFX. It is written in Java, and has about 10 kLoC.","lastModifiedDate":"2022-09-24"},{"lineNumber":9,"author":{"gitId":"Benjamin-Sim"},"content":"","lastModifiedDate":"2022-09-22"},{"lineNumber":10,"author":{"gitId":"Benjamin-Sim"},"content":"Given below are my contributions to the project.","lastModifiedDate":"2022-09-22"},{"lineNumber":11,"author":{"gitId":"Benjamin-Sim"},"content":"","lastModifiedDate":"2022-09-22"},{"lineNumber":12,"author":{"gitId":"Benjamin-Sim"},"content":"* **New Feature**: Added the ability to undo/redo previous commands.","lastModifiedDate":"2022-09-22"},{"lineNumber":13,"author":{"gitId":"Benjamin-Sim"},"content":"  * What it does: allows the user to undo all previous commands one at a time. Preceding undo commands can be reversed by using the redo command.","lastModifiedDate":"2022-09-22"},{"lineNumber":14,"author":{"gitId":"Benjamin-Sim"},"content":"  * Justification: This feature improves the product significantly because a user can make mistakes in commands and the app should provide a convenient way to rectify them.","lastModifiedDate":"2022-09-22"},{"lineNumber":15,"author":{"gitId":"Benjamin-Sim"},"content":"  * Highlights: This enhancement affects existing commands and commands to be added in future. It required an in-depth analysis of design alternatives. The implementation too was challenging as it required changes to existing commands.","lastModifiedDate":"2022-09-22"},{"lineNumber":16,"author":{"gitId":"Benjamin-Sim"},"content":"  * Credits: *{mention here if you reused any code/ideas from elsewhere or if a third-party library is heavily used in the feature so that a reader can make a more accurate judgement of how much effort went into the feature}*","lastModifiedDate":"2022-09-22"},{"lineNumber":17,"author":{"gitId":"Benjamin-Sim"},"content":"","lastModifiedDate":"2022-09-22"},{"lineNumber":18,"author":{"gitId":"Benjamin-Sim"},"content":"* **New Feature**: Added a history command that allows the user to navigate to previous commands using up/down keys.","lastModifiedDate":"2022-09-22"},{"lineNumber":19,"author":{"gitId":"Benjamin-Sim"},"content":"","lastModifiedDate":"2022-09-22"},{"lineNumber":20,"author":{"gitId":"Benjamin-Sim"},"content":"* **Code contributed**: [RepoSense link]()","lastModifiedDate":"2022-09-22"},{"lineNumber":21,"author":{"gitId":"Benjamin-Sim"},"content":"","lastModifiedDate":"2022-09-22"},{"lineNumber":22,"author":{"gitId":"Benjamin-Sim"},"content":"* **Project management**:","lastModifiedDate":"2022-09-22"},{"lineNumber":23,"author":{"gitId":"Benjamin-Sim"},"content":"  * Managed releases `v1.3` - `v1.5rc` (3 releases) on GitHub","lastModifiedDate":"2022-09-22"},{"lineNumber":24,"author":{"gitId":"Benjamin-Sim"},"content":"","lastModifiedDate":"2022-09-22"},{"lineNumber":25,"author":{"gitId":"Benjamin-Sim"},"content":"* **Enhancements to existing features**:","lastModifiedDate":"2022-09-22"},{"lineNumber":26,"author":{"gitId":"Benjamin-Sim"},"content":"  * Updated the GUI color scheme (Pull requests [\\#33](), [\\#34]())","lastModifiedDate":"2022-09-22"},{"lineNumber":27,"author":{"gitId":"Benjamin-Sim"},"content":"  * Wrote additional tests for existing features to increase coverage from 88% to 92% (Pull requests [\\#36](), [\\#38]())","lastModifiedDate":"2022-09-22"},{"lineNumber":28,"author":{"gitId":"Benjamin-Sim"},"content":"","lastModifiedDate":"2022-09-22"},{"lineNumber":29,"author":{"gitId":"Benjamin-Sim"},"content":"* **Documentation**:","lastModifiedDate":"2022-09-22"},{"lineNumber":30,"author":{"gitId":"Benjamin-Sim"},"content":"  * User Guide:","lastModifiedDate":"2022-09-22"},{"lineNumber":31,"author":{"gitId":"Benjamin-Sim"},"content":"    * Added documentation for the features `delete` and `find` [\\#72]()","lastModifiedDate":"2022-09-22"},{"lineNumber":32,"author":{"gitId":"Benjamin-Sim"},"content":"    * Did cosmetic tweaks to existing documentation of features `clear`, `exit`: [\\#74]()","lastModifiedDate":"2022-09-22"},{"lineNumber":33,"author":{"gitId":"Benjamin-Sim"},"content":"  * Developer Guide:","lastModifiedDate":"2022-09-22"},{"lineNumber":34,"author":{"gitId":"Benjamin-Sim"},"content":"    * Added implementation details of the `delete` feature.","lastModifiedDate":"2022-09-22"},{"lineNumber":35,"author":{"gitId":"Benjamin-Sim"},"content":"","lastModifiedDate":"2022-09-22"},{"lineNumber":36,"author":{"gitId":"Benjamin-Sim"},"content":"* **Community**:","lastModifiedDate":"2022-09-22"},{"lineNumber":37,"author":{"gitId":"Benjamin-Sim"},"content":"  * PRs reviewed (with non-trivial review comments): [\\#12](), [\\#32](), [\\#19](), [\\#42]()","lastModifiedDate":"2022-09-22"},{"lineNumber":38,"author":{"gitId":"Benjamin-Sim"},"content":"  * Contributed to forum discussions (examples: [1](), [2](), [3](), [4]())","lastModifiedDate":"2022-09-22"},{"lineNumber":39,"author":{"gitId":"Benjamin-Sim"},"content":"  * Reported bugs and suggestions for other teams in the class (examples: [1](), [2](), [3]())","lastModifiedDate":"2022-09-22"},{"lineNumber":40,"author":{"gitId":"Benjamin-Sim"},"content":"  * Some parts of the history feature I added was adopted by several other class mates ([1](), [2]())","lastModifiedDate":"2022-09-22"},{"lineNumber":41,"author":{"gitId":"Benjamin-Sim"},"content":"","lastModifiedDate":"2022-09-22"},{"lineNumber":42,"author":{"gitId":"Benjamin-Sim"},"content":"* **Tools**:","lastModifiedDate":"2022-09-22"},{"lineNumber":43,"author":{"gitId":"Benjamin-Sim"},"content":"  * Integrated a third party library (Natty) to the project ([\\#42]())","lastModifiedDate":"2022-09-22"},{"lineNumber":44,"author":{"gitId":"Benjamin-Sim"},"content":"  * Integrated a new Github plugin (CircleCI) to the team repo","lastModifiedDate":"2022-09-22"},{"lineNumber":45,"author":{"gitId":"Benjamin-Sim"},"content":"","lastModifiedDate":"2022-09-22"},{"lineNumber":46,"author":{"gitId":"Benjamin-Sim"},"content":"* _{you can add/remove categories in the list above}_","lastModifiedDate":"2022-09-22"}],"authorContributionMap":{"Benjamin-Sim":46}},{"path":"docs/team/lfrostbytee.md","fileType":"docs","lines":[{"lineNumber":1,"author":{"gitId":"lfrostbytee"},"content":"---","lastModifiedDate":"2022-09-23"},{"lineNumber":2,"author":{"gitId":"lfrostbytee"},"content":"layout: page","lastModifiedDate":"2022-09-23"},{"lineNumber":3,"author":{"gitId":"lfrostbytee"},"content":"title: Ong Wee Marcus\u0027s Project Portfolio Page","lastModifiedDate":"2022-09-23"},{"lineNumber":4,"author":{"gitId":"lfrostbytee"},"content":"---","lastModifiedDate":"2022-09-23"},{"lineNumber":5,"author":{"gitId":"lfrostbytee"},"content":"","lastModifiedDate":"2022-09-23"},{"lineNumber":6,"author":{"gitId":"lfrostbytee"},"content":"### Project: Duke The Market","lastModifiedDate":"2022-09-23"},{"lineNumber":7,"author":{"gitId":"lfrostbytee"},"content":"","lastModifiedDate":"2022-09-23"},{"lineNumber":8,"author":{"gitId":"lfrostbytee"},"content":"Duke The Market is a desktop contact management system application ","lastModifiedDate":"2022-09-23"},{"lineNumber":9,"author":{"gitId":"lfrostbytee"},"content":"used for managing customer contacts in department stores. The user interacts with it using a CLI, ","lastModifiedDate":"2022-09-23"},{"lineNumber":10,"author":{"gitId":"lfrostbytee"},"content":"and it has a GUI created with JavaFX. It is written in Java, and has about 10 kLoC.","lastModifiedDate":"2022-09-23"},{"lineNumber":11,"author":{"gitId":"lfrostbytee"},"content":"","lastModifiedDate":"2022-09-23"},{"lineNumber":12,"author":{"gitId":"lfrostbytee"},"content":"Given below are my contributions to the project.","lastModifiedDate":"2022-09-23"},{"lineNumber":13,"author":{"gitId":"lfrostbytee"},"content":"","lastModifiedDate":"2022-09-23"},{"lineNumber":14,"author":{"gitId":"lfrostbytee"},"content":"* **Code contributed**: to be added soon","lastModifiedDate":"2022-09-23"},{"lineNumber":15,"author":{"gitId":"lfrostbytee"},"content":"","lastModifiedDate":"2022-09-23"},{"lineNumber":16,"author":{"gitId":"lfrostbytee"},"content":"* **Enhancements implemented**:","lastModifiedDate":"2022-09-23"},{"lineNumber":17,"author":{"gitId":"lfrostbytee"},"content":"  * to be added soon","lastModifiedDate":"2022-09-23"},{"lineNumber":18,"author":{"gitId":"lfrostbytee"},"content":"","lastModifiedDate":"2022-09-23"},{"lineNumber":19,"author":{"gitId":"lfrostbytee"},"content":"* **Documentation**:","lastModifiedDate":"2022-09-23"},{"lineNumber":20,"author":{"gitId":"lfrostbytee"},"content":"  * Contributions to the User Guide:","lastModifiedDate":"2022-09-23"},{"lineNumber":21,"author":{"gitId":"lfrostbytee"},"content":"    * to be added soon","lastModifiedDate":"2022-09-23"},{"lineNumber":22,"author":{"gitId":"lfrostbytee"},"content":"  * Contributions to the Developer Guide:","lastModifiedDate":"2022-09-23"},{"lineNumber":23,"author":{"gitId":"lfrostbytee"},"content":"    * to be added soon","lastModifiedDate":"2022-09-23"},{"lineNumber":24,"author":{"gitId":"lfrostbytee"},"content":"","lastModifiedDate":"2022-09-23"},{"lineNumber":25,"author":{"gitId":"lfrostbytee"},"content":"* **Contributions to team-based tasks**:","lastModifiedDate":"2022-09-23"},{"lineNumber":26,"author":{"gitId":"lfrostbytee"},"content":"  * to be added soon","lastModifiedDate":"2022-09-23"},{"lineNumber":27,"author":{"gitId":"lfrostbytee"},"content":"","lastModifiedDate":"2022-09-23"},{"lineNumber":28,"author":{"gitId":"lfrostbytee"},"content":"* **Community**:","lastModifiedDate":"2022-09-23"},{"lineNumber":29,"author":{"gitId":"lfrostbytee"},"content":"    * Review/Mentoring contributions:","lastModifiedDate":"2022-09-23"},{"lineNumber":30,"author":{"gitId":"lfrostbytee"},"content":"      * to be added soon","lastModifiedDate":"2022-09-23"},{"lineNumber":31,"author":{"gitId":"lfrostbytee"},"content":"    * Contributions beyond the project team:","lastModifiedDate":"2022-09-23"},{"lineNumber":32,"author":{"gitId":"lfrostbytee"},"content":"      * to be added soon","lastModifiedDate":"2022-09-23"}],"authorContributionMap":{"lfrostbytee":32}},{"path":"docs/team/vinod.md","fileType":"docs","lines":[{"lineNumber":1,"author":{"gitId":"Vinodjayakumar124"},"content":"---","lastModifiedDate":"2022-09-25"},{"lineNumber":2,"author":{"gitId":"Vinodjayakumar124"},"content":"layout: page","lastModifiedDate":"2022-09-25"},{"lineNumber":3,"author":{"gitId":"Vinodjayakumar124"},"content":"title: Vinod s/o Jaya Kumar\u0027s Project Portfolio Page","lastModifiedDate":"2022-09-25"},{"lineNumber":4,"author":{"gitId":"Vinodjayakumar124"},"content":"---","lastModifiedDate":"2022-09-25"},{"lineNumber":5,"author":{"gitId":"Vinodjayakumar124"},"content":"","lastModifiedDate":"2022-09-25"},{"lineNumber":6,"author":{"gitId":"Vinodjayakumar124"},"content":"### Project: Duke The Market","lastModifiedDate":"2022-09-25"},{"lineNumber":7,"author":{"gitId":"Vinodjayakumar124"},"content":"","lastModifiedDate":"2022-09-25"},{"lineNumber":8,"author":{"gitId":"Vinodjayakumar124"},"content":"Duke The Market is a desktop contact management system application","lastModifiedDate":"2022-09-25"},{"lineNumber":9,"author":{"gitId":"Vinodjayakumar124"},"content":"used for managing customer contacts in department stores. The user interacts with it using a CLI,","lastModifiedDate":"2022-09-25"},{"lineNumber":10,"author":{"gitId":"Vinodjayakumar124"},"content":"and it has a GUI created with JavaFX. It is written in Java, and has about 10 kLoC.","lastModifiedDate":"2022-09-25"},{"lineNumber":11,"author":{"gitId":"Vinodjayakumar124"},"content":"","lastModifiedDate":"2022-09-25"},{"lineNumber":12,"author":{"gitId":"Vinodjayakumar124"},"content":"Given below are my contributions to the project.","lastModifiedDate":"2022-09-25"},{"lineNumber":13,"author":{"gitId":"Vinodjayakumar124"},"content":"","lastModifiedDate":"2022-09-25"},{"lineNumber":14,"author":{"gitId":"Vinodjayakumar124"},"content":"* **Code contributed**: ","lastModifiedDate":"2022-09-25"},{"lineNumber":15,"author":{"gitId":"Vinodjayakumar124"},"content":"  * to be added soon [RepoSense link]()","lastModifiedDate":"2022-09-25"},{"lineNumber":16,"author":{"gitId":"Vinodjayakumar124"},"content":"","lastModifiedDate":"2022-09-25"},{"lineNumber":17,"author":{"gitId":"Vinodjayakumar124"},"content":"* **Enhancements implemented**:","lastModifiedDate":"2022-09-25"},{"lineNumber":18,"author":{"gitId":"Vinodjayakumar124"},"content":"    * to be added soon","lastModifiedDate":"2022-09-25"},{"lineNumber":19,"author":{"gitId":"Vinodjayakumar124"},"content":"","lastModifiedDate":"2022-09-25"},{"lineNumber":20,"author":{"gitId":"Vinodjayakumar124"},"content":"* **Documentation**:","lastModifiedDate":"2022-09-25"},{"lineNumber":21,"author":{"gitId":"Vinodjayakumar124"},"content":"    * Contributions to the User Guide:","lastModifiedDate":"2022-09-25"},{"lineNumber":22,"author":{"gitId":"Vinodjayakumar124"},"content":"        * to be added soon","lastModifiedDate":"2022-09-25"},{"lineNumber":23,"author":{"gitId":"Vinodjayakumar124"},"content":"    * Contributions to the Developer Guide:","lastModifiedDate":"2022-09-25"},{"lineNumber":24,"author":{"gitId":"Vinodjayakumar124"},"content":"        * to be added soon","lastModifiedDate":"2022-09-25"},{"lineNumber":25,"author":{"gitId":"Vinodjayakumar124"},"content":"","lastModifiedDate":"2022-09-25"},{"lineNumber":26,"author":{"gitId":"Vinodjayakumar124"},"content":"* **Contributions to team-based tasks**:","lastModifiedDate":"2022-09-25"},{"lineNumber":27,"author":{"gitId":"Vinodjayakumar124"},"content":"    * to be added soon","lastModifiedDate":"2022-09-25"},{"lineNumber":28,"author":{"gitId":"Vinodjayakumar124"},"content":"","lastModifiedDate":"2022-09-25"},{"lineNumber":29,"author":{"gitId":"Vinodjayakumar124"},"content":"* **Review/Mentoring contributions**:","lastModifiedDate":"2022-09-25"},{"lineNumber":30,"author":{"gitId":"Vinodjayakumar124"},"content":"    * to be added soon","lastModifiedDate":"2022-09-25"},{"lineNumber":31,"author":{"gitId":"Vinodjayakumar124"},"content":"","lastModifiedDate":"2022-09-25"},{"lineNumber":32,"author":{"gitId":"Vinodjayakumar124"},"content":"* **Contributions beyond the project team**:","lastModifiedDate":"2022-09-25"},{"lineNumber":33,"author":{"gitId":"Vinodjayakumar124"},"content":"    * to be added soon","lastModifiedDate":"2022-09-25"}],"authorContributionMap":{"Vinodjayakumar124":33}}]
