{"authorDailyContributionsMap":{"Vinodjayakumar124":[{"date":"2022-09-25","commitResults":[{"hash":"8a0ed9b75c56ad7d9aa30c6660161f0ed3719070","messageTitle":"Update AboutUs.md with profile picture","messageBody":"","fileTypesAndContributionMap":{"docs":{"insertions":4,"deletions":4}}},{"hash":"8534b65e8a0b8bc3ef755680941f86254346d339","messageTitle":"Add vinod.md file","messageBody":"Create new file for PPP updates\n","fileTypesAndContributionMap":{"docs":{"insertions":33,"deletions":0}}},{"hash":"455cb8e15baf03eca081fd889b0ebf23a0185527","messageTitle":"Update User Guide: Purchase History parameter for Add and Edit commands","messageBody":"","fileTypesAndContributionMap":{"docs":{"insertions":34,"deletions":0}}}]},{"date":"2022-09-28","commitResults":[{"hash":"d85431c86d4122695c8256f76d5ad2be245992ed","messageTitle":"Edit UserGuide.md: Remove purchase history parameter","messageBody":"","fileTypesAndContributionMap":{"docs":{"insertions":1,"deletions":32}}},{"hash":"240dcb00913bc266729afaf18341250a1ef329d0","messageTitle":"Edit UserGuide.md: new create, remove and display functions for events","messageBody":"","fileTypesAndContributionMap":{"docs":{"insertions":34,"deletions":0}}},{"hash":"47779412dd62cf959ae004493a694e8ab69573cf","messageTitle":"Update README.md: Change text to our group\u0027s use case","messageBody":"","fileTypesAndContributionMap":{"docs":{"insertions":9,"deletions":11}}},{"hash":"e7445b495629fe3bef9635f4ce3d829f630ba30b","messageTitle":"Update README.md: Show updated and new UIs","messageBody":"","fileTypesAndContributionMap":{"docs":{"insertions":4,"deletions":0}}},{"hash":"83a66ee4543d9ed491bc148bfea8dc5d6bf9a843","messageTitle":"Add trailing whitespace to README.md","messageBody":"","fileTypesAndContributionMap":{"docs":{"insertions":1,"deletions":1}}},{"hash":"f0adcd0588a657deb2fa7e490ca8c54a72d13ede","messageTitle":"Edit AboutUs.md: Replace placeholder for my portfolio with relative location to portfolio","messageBody":"","fileTypesAndContributionMap":{"docs":{"insertions":1,"deletions":1}}}]},{"date":"2022-09-29","commitResults":[{"hash":"9590a6bb77c9ba718fdf60038168b0361653ad2d","messageTitle":"Edit AboutUs.md: Change profile pic label to lowercase","messageBody":"","fileTypesAndContributionMap":{"docs":{"insertions":1,"deletions":1}}},{"hash":"f332ee0aa87f3dccc85c8501a6a6311476594b44","messageTitle":"Update UserGuide.md: Minor formatting issues","messageBody":"","fileTypesAndContributionMap":{"docs":{"insertions":5,"deletions":5}}},{"hash":"a3fbe9f071eb5f805c6b6a6f0e4f8b2047e6540c","messageTitle":"Update README.md: edit name of project; Update Ui.png","messageBody":"","fileTypesAndContributionMap":{"docs":{"insertions":3,"deletions":3}}},{"hash":"042f75d96e499d543ede700adb3ac088e92f4edb","messageTitle":"Edit AboutUs.md: change ppp to lowercase","messageBody":"","fileTypesAndContributionMap":{"docs":{"insertions":1,"deletions":1}}}]},{"date":"2022-09-30","commitResults":[{"hash":"435ac34506256f90abe45e406bfb53ece01955a6","messageTitle":"Rename PPP doc","messageBody":"","fileTypesAndContributionMap":{"docs":{"insertions":2,"deletions":2}}},{"hash":"e4ff99c96f24afe2e60920036faaa634a0a3ec2b","messageTitle":"Edit AboutUs.md: Remove placeholder Jean Doe","messageBody":"","fileTypesAndContributionMap":{"docs":{"insertions":0,"deletions":10}}}]}],"tanhl2000":[{"date":"2022-09-28","commitResults":[{"hash":"44878a50b21a69c394bf08438f85d8d110a9741c","messageTitle":"Updated About us page and added image","messageBody":"","fileTypesAndContributionMap":{"docs":{"insertions":5,"deletions":5}}}]},{"date":"2022-09-29","commitResults":[{"hash":"66cac7b1b03833bf74d23635ea3b7bc2812cc83a","messageTitle":"Added skeleton PPP, tanhl2000.md","messageBody":"","fileTypesAndContributionMap":{"docs":{"insertions":33,"deletions":0}}},{"hash":"d6469d7410471ebe93ff1a2096caca03d269562d","messageTitle":"Added newline at end of tanhl2000.md for git CI check","messageBody":"","fileTypesAndContributionMap":{"docs":{"insertions":1,"deletions":1}}},{"hash":"d2788a2773d23dba96fcb46a244dab699580caad","messageTitle":"Update tanhl2000.md","messageBody":"","fileTypesAndContributionMap":{"docs":{"insertions":2,"deletions":1}}},{"hash":"ae3eeea6a675a749c2d0a7571b5ce02b4e98bbd8","messageTitle":"Update docs/AboutUs.md","messageBody":"Co-authored-by: Vinodjayakumar124 \u003c60294470+Vinodjayakumar124@users.noreply.github.com\u003e","fileTypesAndContributionMap":{"docs":{"insertions":2,"deletions":2}}}]},{"date":"2022-09-30","commitResults":[{"hash":"eed27ddc433e65a9107e7e43d8a25503b0634c08","messageTitle":"Update docs/team/tanhl2000.md","messageBody":"Co-authored-by: Vinodjayakumar124 \u003c60294470+Vinodjayakumar124@users.noreply.github.com\u003e","fileTypesAndContributionMap":{"docs":{"insertions":1,"deletions":1}}}]}],"Benjamin-Sim":[{"date":"2022-09-22","commitResults":[{"hash":"ac0ed5266404d0eacfcf4ed20b8c3e677e8f6628","messageTitle":"Update Benjamin\u0027s info in AboutUs.md","messageBody":"","fileTypesAndContributionMap":{"docs":{"insertions":6,"deletions":6}}},{"hash":"797478dc37814c37583f877ccd93076cccdd28a0","messageTitle":"Update List feature in UserGuide.md","messageBody":"","fileTypesAndContributionMap":{"docs":{"insertions":15,"deletions":1}}},{"hash":"4b59c2eeb97f6a04002c8ac2fd941973bda224da","messageTitle":"Update UserGuide.md","messageBody":"","fileTypesAndContributionMap":{"docs":{"insertions":2,"deletions":2}}},{"hash":"d385cf127f9bb3b7aa7787766ea8f6a573e99bb0","messageTitle":"Add Benjamin\u0027s Project Portfolio Page","messageBody":"","fileTypesAndContributionMap":{"docs":{"insertions":46,"deletions":0}}}]},{"date":"2022-09-23","commitResults":[{"hash":"08c4539a093082aa21d14c86c47b2ab6c9659741","messageTitle":"Update benjamin-sim.md","messageBody":"","fileTypesAndContributionMap":{"docs":{"insertions":2,"deletions":2}}}]},{"date":"2022-09-24","commitResults":[{"hash":"0e1c09ef603bacfd16d372305952ebeb0174bcde","messageTitle":"Update product name in benjamin-sim.md","messageBody":"","fileTypesAndContributionMap":{"docs":{"insertions":2,"deletions":2}}}]},{"date":"2022-09-27","commitResults":[{"hash":"f2d00baad55b53cd7abf0dabb6c786f17c77f315","messageTitle":"Remove purchase history from list command","messageBody":"","fileTypesAndContributionMap":{"docs":{"insertions":2,"deletions":3}}}]}],"lfrostbytee":[{"date":"2022-09-23","commitResults":[{"hash":"d965252034a725fef9d2febff6b2b85774c68398","messageTitle":"Update Marcus\u0027 Info in AboutUs.md","messageBody":"","fileTypesAndContributionMap":{"docs":{"insertions":6,"deletions":5}}},{"hash":"7536121a2d87c94cefb75fa039482250c5a05cc6","messageTitle":"Add Marcus\u0027 Project Portfolio Page","messageBody":"","fileTypesAndContributionMap":{"docs":{"insertions":32,"deletions":0}}},{"hash":"2f684cb8fb4f42dd132054106fbbfc394237ce32","messageTitle":"Update launching, saving data and help features in UserGuide.md","messageBody":"","fileTypesAndContributionMap":{"docs":{"insertions":8,"deletions":4}}}]},{"date":"2022-09-24","commitResults":[{"hash":"c8b3f7adb4ba4fbe2259c0cb0d2828e29e12ec6a","messageTitle":"Remove homepage link in AboutUs.md","messageBody":"","fileTypesAndContributionMap":{"docs":{"insertions":0,"deletions":1}}}]},{"date":"2022-09-29","commitResults":[{"hash":"842c43d6c6f7923fb7b55470dd3e45118c7865eb","messageTitle":"Update DeveloperGuide.md for V1.1","messageBody":"","fileTypesAndContributionMap":{"docs":{"insertions":115,"deletions":23}}},{"hash":"f640b000013dcda1eef4553fe9da6a394cadb409","messageTitle":"Update docs/DeveloperGuide.md","messageBody":"Co-authored-by: Benjamin-Sim \u003cbenjamin.sim@u.nus.edu\u003e","fileTypesAndContributionMap":{"docs":{"insertions":1,"deletions":1}}},{"hash":"0b32f2cc21217cefd5cbe1227a340a019ccd2020","messageTitle":"Update docs/DeveloperGuide.md","messageBody":"Co-authored-by: Benjamin-Sim \u003cbenjamin.sim@u.nus.edu\u003e","fileTypesAndContributionMap":{"docs":{"insertions":1,"deletions":1}}},{"hash":"a2ececca838d2cd847f183002405c898f1c72b3f","messageTitle":"Update docs/DeveloperGuide.md","messageBody":"Co-authored-by: Benjamin-Sim \u003cbenjamin.sim@u.nus.edu\u003e","fileTypesAndContributionMap":{"docs":{"insertions":1,"deletions":1}}},{"hash":"c0d1611784a12232ad5364a5a71e0b67fbf5d0c3","messageTitle":"Update docs/DeveloperGuide.md","messageBody":"Co-authored-by: Benjamin-Sim \u003cbenjamin.sim@u.nus.edu\u003e","fileTypesAndContributionMap":{"docs":{"insertions":1,"deletions":1}}},{"hash":"6df9d937c9c9b8dc783c1f9814fafdfc7c13232e","messageTitle":"Update docs/DeveloperGuide.md","messageBody":"Co-authored-by: Benjamin-Sim \u003cbenjamin.sim@u.nus.edu\u003e","fileTypesAndContributionMap":{"docs":{"insertions":1,"deletions":1}}},{"hash":"a3426b5795ed044cece3e66fce4f59af296f951d","messageTitle":"Apply suggestions from code review","messageBody":"Fix formatting and grammar errors.\n\nCo-authored-by: Benjamin-Sim \u003cbenjamin.sim@u.nus.edu\u003e","fileTypesAndContributionMap":{"docs":{"insertions":3,"deletions":3}}},{"hash":"ae74798877bf9a9b38007090cb2c12438904e693","messageTitle":"Improve formatting and user stories in DeveloperGuide.md","messageBody":"","fileTypesAndContributionMap":{"docs":{"insertions":24,"deletions":25}}}]},{"date":"2022-09-30","commitResults":[{"hash":"04bdef40fc5ecff2f4341399b332d6bd2115d505","messageTitle":"Update DeveloperGuide.md based on new code review","messageBody":"","fileTypesAndContributionMap":{"docs":{"insertions":3,"deletions":3}}}]}],"Qiaoran-M":[{"date":"2022-09-22","commitResults":[{"hash":"a83a1f7d9efad315d96bf0d552742dcde162e5a5","messageTitle":"Update add and edit gender feature of UserGuide.md.","messageBody":"","fileTypesAndContributionMap":{"docs":{"insertions":57,"deletions":27}}},{"hash":"eacc8f52a89a3f82c55144b6fb26872d407062d6","messageTitle":"Update add and edit gender feature of UserGuide.md.","messageBody":"","fileTypesAndContributionMap":{"docs":{"insertions":2,"deletions":2}}}]},{"date":"2022-09-23","commitResults":[{"hash":"a7b6f1660fa47ecfb4ba99eaca2fe25594c98cbb","messageTitle":"Fix formatting issues.","messageBody":"","fileTypesAndContributionMap":{"docs":{"insertions":6,"deletions":6}}}]},{"date":"2022-09-24","commitResults":[{"hash":"0de251ea6d7920476dcdbe80caece6f143225777","messageTitle":"Add Project portfolio page.","messageBody":"","fileTypesAndContributionMap":{"docs":{"insertions":32,"deletions":0}}},{"hash":"b9f4bbef551f841495e4dff9ee27a763d78b5e81","messageTitle":"Update AboutUs.md.","messageBody":"","fileTypesAndContributionMap":{"docs":{"insertions":6,"deletions":6}}},{"hash":"7ea52494420ee8949435f28a449158d75ad797ce","messageTitle":"Fix UserGuide error to pass merging check.","messageBody":"","fileTypesAndContributionMap":{"docs":{"insertions":9,"deletions":9}}}]},{"date":"2022-09-25","commitResults":[{"hash":"e1a1b8e80d221e7041a82add4538b4dbd2938821","messageTitle":"add new line at the end of file.","messageBody":"","fileTypesAndContributionMap":{"docs":{"insertions":1,"deletions":1}}}]},{"date":"2022-09-27","commitResults":[{"hash":"889932c0495dfff5950687cf610064094cbe6c98","messageTitle":"change portfolio file name to lower case.","messageBody":"","fileTypesAndContributionMap":{"docs":{"insertions":1,"deletions":1}}},{"hash":"eee4fd4b36676afe11abdee19fb2ea331d7baa1a","messageTitle":"change profile image name to lower case.","messageBody":"","fileTypesAndContributionMap":{"docs":{"insertions":1,"deletions":1}}},{"hash":"df145d637d39fe5f868f5d2985dbee89ee545b14","messageTitle":"Change portfolio file name to lower case.","messageBody":"","fileTypesAndContributionMap":{"docs":{"insertions":0,"deletions":0}}}]},{"date":"2022-09-28","commitResults":[{"hash":"74201a674579da8e4859b901601a2746d32ec0b0","messageTitle":"Undo UserGuide.md change.","messageBody":"","fileTypesAndContributionMap":{"docs":{"insertions":9,"deletions":9}}},{"hash":"0a8cbf61e735f4dfd867ad4a08718a090d026a86","messageTitle":"Undo UserGuide.md change.","messageBody":"","fileTypesAndContributionMap":{"docs":{"insertions":1,"deletions":1}}}]}]},"authorFileTypeContributionMap":{"Vinodjayakumar124":{"docs":86,"functional-code":0,"test-code":0},"tanhl2000":{"docs":38,"functional-code":0,"test-code":0},"Benjamin-Sim":{"docs":63,"functional-code":0,"test-code":0,"other":1},"lfrostbytee":{"docs":145,"functional-code":0,"test-code":0},"Qiaoran-M":{"docs":95,"functional-code":0,"test-code":0}},"authorContributionVariance":{"Vinodjayakumar124":831.44006,"tanhl2000":111.57335,"Benjamin-Sim":372.59564,"lfrostbytee":2639.2888,"Qiaoran-M":653.04877},"authorDisplayNameMap":{"Vinodjayakumar124":"CS2103-F09-2 VINO..UMAR","tanhl2000":"CS2103-F09-2 TAN ..IANG","Benjamin-Sim":"CS2103-F09-2 SIM ..AMIN","lfrostbytee":"CS2103-F09-2 ONG ..RCUS","Qiaoran-M":"CS2103-F09-2 MENG..ORAN"}}
