{"authorDailyContributionsMap":{"drkkjh":[{"date":"2022-09-26","commitResults":[{"hash":"7b17cac4d0645dc9c5584241dcb18de902badaa4","messageTitle":"Add profile picture","messageBody":"","fileTypesAndContributionMap":{"docs":{"insertions":3,"deletions":3}}},{"hash":"0232a144f2c7aa02b3b534a3dd6c531cc1e82d57","messageTitle":"Fix codecov error","messageBody":"","fileTypesAndContributionMap":{"docs":{"insertions":1,"deletions":1}}}]},{"date":"2022-09-27","commitResults":[{"hash":"85be3d5326e91f63b679d70b15adcaf32215ec5a","messageTitle":"Update user guide","messageBody":"","fileTypesAndContributionMap":{"docs":{"insertions":6,"deletions":4}}},{"hash":"eaa5e14360e5d04d8a1894a72692870247cf6c4d","messageTitle":"Add skeletal Project Portfolio Page(PPP)","messageBody":"","fileTypesAndContributionMap":{"docs":{"insertions":31,"deletions":0}}}]},{"date":"2022-10-01","commitResults":[{"hash":"c494b11d5d1cbbd39bd6d71e2c3a4a4835f60400","messageTitle":"Update developer guide with user stories","messageBody":"","fileTypesAndContributionMap":{"docs":{"insertions":12,"deletions":11}}}]},{"date":"2022-10-05","commitResults":[{"hash":"56cfeb20379d46e31241fd9d2b5f93bc686760d1","messageTitle":"Add jsonadaptedmodule in storage","messageBody":"","fileTypesAndContributionMap":{"functional-code":{"insertions":125,"deletions":1}}},{"hash":"aed4fdf37dc9f0eaa300a71bb5bc322457021e43","messageTitle":"Fix checkstyle errors","messageBody":"","fileTypesAndContributionMap":{"functional-code":{"insertions":14,"deletions":9}}}]},{"date":"2022-10-09","commitResults":[{"hash":"9e324b3b7ae886b9b7ebae1b13826521cb07f101","messageTitle":"Add add module command and tests","messageBody":"","fileTypesAndContributionMap":{"functional-code":{"insertions":180,"deletions":11},"test-code":{"insertions":612,"deletions":0}}},{"hash":"407e8003e219b24646d4d9dd09b1bc70daa148e6","messageTitle":"Fix checkstyle errors","messageBody":"","fileTypesAndContributionMap":{"functional-code":{"insertions":3,"deletions":4}}},{"hash":"d669af3ca391ecbdcd8dc5d4f1acbd9f9cbc0c43","messageTitle":"Fix gradle compile error","messageBody":"","fileTypesAndContributionMap":{"test-code":{"insertions":16,"deletions":0}}}]},{"date":"2022-10-10","commitResults":[{"hash":"2aaf2a69625cab4af802c536a6683adefea6145d","messageTitle":"Edit javadocs comments","messageBody":"","fileTypesAndContributionMap":{"functional-code":{"insertions":3,"deletions":3},"test-code":{"insertions":6,"deletions":2}}},{"hash":"cf19873c410d85f3d9d8a0005ff577de03bf8c97","messageTitle":"Add DeleteModuleCommand and update UserGuide","messageBody":"","fileTypesAndContributionMap":{"functional-code":{"insertions":119,"deletions":0},"docs":{"insertions":16,"deletions":0}}},{"hash":"9ec60d2753b45f6bd12994b730f54b166716e37f","messageTitle":"Add tests","messageBody":"","fileTypesAndContributionMap":{"test-code":{"insertions":116,"deletions":0}}},{"hash":"62ba3e746f272dec235d2904e979786dddcce7d6","messageTitle":"Add JUnit tests for DeleteModuleCommand","messageBody":"","fileTypesAndContributionMap":{"functional-code":{"insertions":31,"deletions":0},"test-code":{"insertions":115,"deletions":42}}},{"hash":"d73394a39f1674c520ec6568067362ce97e01858","messageTitle":"Fix checkstyle errors","messageBody":"","fileTypesAndContributionMap":{"functional-code":{"insertions":9,"deletions":10},"test-code":{"insertions":6,"deletions":0}}},{"hash":"3d12519ee7ca0f9abe7080c442502574fb0af6cc","messageTitle":"Change module to check for same module by module code","messageBody":"","fileTypesAndContributionMap":{"functional-code":{"insertions":1,"deletions":1}}},{"hash":"e058bc28f73eafe513805964d13dc9313414636e","messageTitle":"Update user guide with madd and mdel","messageBody":"","fileTypesAndContributionMap":{"docs":{"insertions":14,"deletions":3}}},{"hash":"f7881c07709d48e1724effb861e284e54b04532e","messageTitle":"Refactor module commands and edit madd and mdel","messageBody":"","fileTypesAndContributionMap":{"functional-code":{"insertions":6,"deletions":5},"other":{"insertions":9,"deletions":4},"test-code":{"insertions":2,"deletions":0}}},{"hash":"3a5401887df0089026a7b8af403a24671542fbac","messageTitle":"Refactor AddModuleCommandTest and DeleteModuleCommandTest","messageBody":"","fileTypesAndContributionMap":{"other":{"insertions":3,"deletions":2}}}]},{"date":"2022-10-11","commitResults":[{"hash":"cc9c5342b5f289741c7a0d3d9c8c68cc7477b958","messageTitle":"Fix checkstyle errors","messageBody":"","fileTypesAndContributionMap":{"functional-code":{"insertions":2,"deletions":2},"test-code":{"insertions":0,"deletions":2}}},{"hash":"d254f601ce754c8e8339bea3ee09a46cc39fb0f4","messageTitle":"Add some JUnit tests for Module","messageBody":"","fileTypesAndContributionMap":{"test-code":{"insertions":199,"deletions":0}}},{"hash":"fccc329c2f53be485b2166e286101a90fda0d996","messageTitle":"Fix checkstyle errors","messageBody":"","fileTypesAndContributionMap":{"test-code":{"insertions":4,"deletions":3}}},{"hash":"266588e64eda9632a0a1f3f075f06c1a156cb8a9","messageTitle":"Add more automated tests for Module","messageBody":"","fileTypesAndContributionMap":{"test-code":{"insertions":262,"deletions":0}}},{"hash":"b94c8d8ec5258412ceac53efb2cbaf102fc21b5e","messageTitle":"Fix checkstyle errors","messageBody":"","fileTypesAndContributionMap":{"test-code":{"insertions":3,"deletions":3}}},{"hash":"5ad146beaf6bab2a80b6a1911ec6c9c8f58f7e91","messageTitle":"Edit comment on test code","messageBody":"","fileTypesAndContributionMap":{"test-code":{"insertions":1,"deletions":1}}}]},{"date":"2022-10-15","commitResults":[{"hash":"fbf281c48d4cf51f7e79f59f19b43c96d5e79b84","messageTitle":"Add EditModuleCommand","messageBody":"","fileTypesAndContributionMap":{"functional-code":{"insertions":361,"deletions":35},"test-code":{"insertions":64,"deletions":85}}}]},{"date":"2022-10-16","commitResults":[{"hash":"4a534e1719168999599a3c60b07b5c141442a274","messageTitle":"Add tests for EditModuleCommand","messageBody":"","fileTypesAndContributionMap":{"test-code":{"insertions":248,"deletions":7}}},{"hash":"74559b97232d48cfe8f9261a2d9c1c2d7a50313c","messageTitle":"Rename variables of person to module","messageBody":"","fileTypesAndContributionMap":{"test-code":{"insertions":4,"deletions":4}}},{"hash":"dbba0e19a22c9b9bfe182ac90622bc48e7d9648e","messageTitle":"Fix testcases not passing after merge","messageBody":"","fileTypesAndContributionMap":{"test-code":{"insertions":9,"deletions":6}}},{"hash":"16d1075d08e970c5a9032193dff63195f137248f","messageTitle":"Fix checkstyle and edit tests for EditModuleCommand","messageBody":"","fileTypesAndContributionMap":{"test-code":{"insertions":5,"deletions":4}}},{"hash":"f3652f608c942416ff991c9224355abb4422d7b5","messageTitle":"Fix checkstyle errors","messageBody":"","fileTypesAndContributionMap":{"test-code":{"insertions":2,"deletions":2}}}]},{"date":"2022-10-17","commitResults":[{"hash":"41e1d6b75f9a6cba5a7369e90a3910fa18e6c78d","messageTitle":"Enable assertions for tP","messageBody":"","fileTypesAndContributionMap":{"other":{"insertions":4,"deletions":0}}},{"hash":"09696a9215caa205ba11b5ccae7b26c4aa76cac8","messageTitle":"Fix javadoc naming error","messageBody":"","fileTypesAndContributionMap":{"test-code":{"insertions":1,"deletions":1}}}]},{"date":"2022-10-20","commitResults":[{"hash":"c10109c8cb95f42cb97ce8c4f15b9e9b79b9dd9b","messageTitle":"Edit UI for mlist tab","messageBody":"","fileTypesAndContributionMap":{"functional-code":{"insertions":240,"deletions":26}}},{"hash":"8183e730c6665dc8b75e493d8e4a62b480b4cdfa","messageTitle":"Add logging information to mlist command","messageBody":"","fileTypesAndContributionMap":{"functional-code":{"insertions":2,"deletions":4}}},{"hash":"cfe2338378494c913855b74ee848e35091d376ee","messageTitle":"Fix checkstyle errors","messageBody":"","fileTypesAndContributionMap":{"functional-code":{"insertions":0,"deletions":4}}},{"hash":"3d5a19dc4b5b67184f5e84e069f7197735472e20","messageTitle":"Add puml diagrams for DG","messageBody":"","fileTypesAndContributionMap":{"docs":{"insertions":121,"deletions":0}}},{"hash":"4f32f1e0808329f077be494b49eb1a3a802ede79","messageTitle":"Update DG","messageBody":"","fileTypesAndContributionMap":{"docs":{"insertions":28,"deletions":0}}},{"hash":"82e134c77ebc24b333a4bacb021320fa45a00850","messageTitle":"Fix bug in DG -findmod to mview","messageBody":"","fileTypesAndContributionMap":{"docs":{"insertions":1,"deletions":1}}},{"hash":"6207c834b98d9b65d41bd483093ceaa3667b4e99","messageTitle":"Fix whitespace bug","messageBody":"","fileTypesAndContributionMap":{"docs":{"insertions":1,"deletions":1}}},{"hash":"d5b85aa24b78b4fe0e550de82188eca33a87448c","messageTitle":"Add EOF line to EditModuleSequenceDiagram.puml","messageBody":"","fileTypesAndContributionMap":{"docs":{"insertions":1,"deletions":1}}}]}],"lizekai-richard":[{"date":"2022-09-27","commitResults":[{"hash":"e0768b178669c08be9896ca95bbcad9fc7c2cb24","messageTitle":"Add my photo","messageBody":"","fileTypesAndContributionMap":{"docs":{"insertions":5,"deletions":3}}},{"hash":"b78982ca992817705fc904857e900a8bd78a08de","messageTitle":"Update user guide","messageBody":"","fileTypesAndContributionMap":{"docs":{"insertions":33,"deletions":0}}},{"hash":"3d5bb149d3e7611b83e51e088aac32dee982697e","messageTitle":"Add skeletal PPP","messageBody":"","fileTypesAndContributionMap":{"docs":{"insertions":16,"deletions":46}}},{"hash":"2d696063e1eba2a95eecea4d494adbc5bcdd8190","messageTitle":"Modify AboutUs.md","messageBody":"","fileTypesAndContributionMap":{"docs":{"insertions":2,"deletions":2}}}]},{"date":"2022-10-01","commitResults":[{"hash":"cf9bb1d83d91af6ccd54cdc0f2565a4f4567d991","messageTitle":"Add NFR to DG","messageBody":"","fileTypesAndContributionMap":{"docs":{"insertions":5,"deletions":2}}}]},{"date":"2022-10-05","commitResults":[{"hash":"f58a00371d25b56956230b4429caed6c3f9c2560","messageTitle":"Add schedule package","messageBody":"","fileTypesAndContributionMap":{"functional-code":{"insertions":209,"deletions":0}}},{"hash":"185f519d51260c1d955e0943bccf359213d686d2","messageTitle":"Fix checkstyle problem","messageBody":"","fileTypesAndContributionMap":{"functional-code":{"insertions":9,"deletions":7}}}]},{"date":"2022-10-09","commitResults":[{"hash":"5cd673e42833adfd0b73e02f7fa578d409123ece","messageTitle":"Finish AddScheduleCommand","messageBody":"","fileTypesAndContributionMap":{"functional-code":{"insertions":535,"deletions":128},"test-code":{"insertions":15,"deletions":0}}}]},{"date":"2022-10-10","commitResults":[{"hash":"4dd794b04cab5d0ba52d2113d72db22741d736a6","messageTitle":"Fix add schedule bugs","messageBody":"","fileTypesAndContributionMap":{"functional-code":{"insertions":9,"deletions":4}}},{"hash":"9e34b01c9af4c2c36b3448db3dd65236da1a7bd7","messageTitle":"Fix some bugs","messageBody":"","fileTypesAndContributionMap":{"functional-code":{"insertions":10,"deletions":3}}}]},{"date":"2022-10-11","commitResults":[{"hash":"8b1471ce9074af711a4cb06440cd31bf30f104da","messageTitle":"Fix schedule conflict bugs","messageBody":"","fileTypesAndContributionMap":{"functional-code":{"insertions":6,"deletions":2}}},{"hash":"b90de562fa4ee1294c06f2fc663f36c6c16dc42b","messageTitle":"Add test for AddScheduleCommand and Schedule","messageBody":"","fileTypesAndContributionMap":{"functional-code":{"insertions":3,"deletions":4},"test-code":{"insertions":484,"deletions":0}}}]},{"date":"2022-10-15","commitResults":[{"hash":"31957a50d595c2af8d04346ee4c8e2f2cc00cf21","messageTitle":"Finish edit schedule but need further discussion.","messageBody":"","fileTypesAndContributionMap":{"functional-code":{"insertions":191,"deletions":16},"test-code":{"insertions":38,"deletions":13}}},{"hash":"2494a2994387bbf1e90712a60f0c89b543bd5dc7","messageTitle":"Finish edit schedule functionality","messageBody":"","fileTypesAndContributionMap":{"functional-code":{"insertions":219,"deletions":72},"test-code":{"insertions":427,"deletions":30}}}]},{"date":"2022-10-16","commitResults":[{"hash":"7f6fb187eee1bebe699e1800ff02fb376c80e770","messageTitle":"Finish DeleteSchedule and fix schedule bugs","messageBody":"","fileTypesAndContributionMap":{"functional-code":{"insertions":113,"deletions":10},"test-code":{"insertions":85,"deletions":0}}},{"hash":"99ee1cad6e4c0e7bb395de9a5d6b84ee1a8d8206","messageTitle":"Update UserGuide","messageBody":"","fileTypesAndContributionMap":{"docs":{"insertions":55,"deletions":1}}},{"hash":"fc0d9068a680fe5d12ce91481a72b2bbfccb2df3","messageTitle":"Modify comments","messageBody":"","fileTypesAndContributionMap":{"functional-code":{"insertions":29,"deletions":29}}},{"hash":"e3a42698c5de0ac3e427785c139d2f86e0165d2d","messageTitle":"Fix some bugs","messageBody":"","fileTypesAndContributionMap":{"test-code":{"insertions":9,"deletions":4}}}]},{"date":"2022-10-18","commitResults":[{"hash":"080b7263701b1b67695ac13a397cd9f5107b5075","messageTitle":"Fix typos","messageBody":"","fileTypesAndContributionMap":{"docs":{"insertions":9,"deletions":9}}}]},{"date":"2022-10-19","commitResults":[{"hash":"a283c17e71e644d4f442cda057e0ee7f3ea9118b","messageTitle":"Add logging","messageBody":"","fileTypesAndContributionMap":{"functional-code":{"insertions":29,"deletions":1}}}]},{"date":"2022-10-20","commitResults":[{"hash":"56e09054c2d3601d3251a1c8b8c954ac24610760","messageTitle":"Fix edit schedule bugs","messageBody":"","fileTypesAndContributionMap":{"functional-code":{"insertions":31,"deletions":4},"test-code":{"insertions":20,"deletions":0}}},{"hash":"a42bb02895498e8855a433d431b3b6bcd92a8985","messageTitle":"Update DG with add and edit schedule","messageBody":"","fileTypesAndContributionMap":{"docs":{"insertions":58,"deletions":2}}},{"hash":"214fe133e56cf662fd450b072798a1c18e55882b","messageTitle":"Avoid merge conflict","messageBody":"","fileTypesAndContributionMap":{"docs":{"insertions":0,"deletions":84}}},{"hash":"4abe4dd4f499454b2bf9f334de5a58004ba38753","messageTitle":"Fix merge conflict","messageBody":"","fileTypesAndContributionMap":{"docs":{"insertions":30,"deletions":0}}},{"hash":"38abb2d1e9e24afe93bc1086782a68918f88ca0a","messageTitle":"Fix typo and diagram","messageBody":"","fileTypesAndContributionMap":{"docs":{"insertions":1,"deletions":1}}}]}],"myangat0343":[{"date":"2022-09-27","commitResults":[{"hash":"e8de746956fcf0c9a535d0deb92bc965f74eace6","messageTitle":"Update AboutUs.md with myangat0343 info","messageBody":"","fileTypesAndContributionMap":{"docs":{"insertions":3,"deletions":3}}}]},{"date":"2022-09-28","commitResults":[{"hash":"ce67dfbeb14daf3273ac87ec63c736b5e0a4cff6","messageTitle":"Update UserGuide.md with new feature find","messageBody":"","fileTypesAndContributionMap":{"docs":{"insertions":20,"deletions":2}}},{"hash":"655c301e398413eb0b40bb6cf84b9b4a2ee0767a","messageTitle":"Add skeletal PPP","messageBody":"","fileTypesAndContributionMap":{"docs":{"insertions":31,"deletions":0}}}]},{"date":"2022-10-01","commitResults":[{"hash":"414a73a1df5052ac1f239376a80ac868a4c3ecdf","messageTitle":"Update UG with new Command Summary","messageBody":"","fileTypesAndContributionMap":{"docs":{"insertions":34,"deletions":51}}},{"hash":"be08b519bf2051dc6bcc31adf18ccadab300d448","messageTitle":"Revert \"Update UG with new Command Summary\"","messageBody":"This reverts commit a88785d21910ee34ea92b95401bdcda011d6fc6e.\n","fileTypesAndContributionMap":{"docs":{"insertions":51,"deletions":34}}},{"hash":"89529916e715a251fb1a0c1fc8f7b1c283d3529f","messageTitle":"Update UG with new Command Summary","messageBody":"","fileTypesAndContributionMap":{"docs":{"insertions":17,"deletions":9}}},{"hash":"fffc896dfcc29669f10a5f50ecd3662ccf3f958b","messageTitle":"Update DG with Glossary","messageBody":"","fileTypesAndContributionMap":{"docs":{"insertions":6,"deletions":2}}}]},{"date":"2022-10-05","commitResults":[{"hash":"e629cfdf251882f59423ad6e16cdb20c8b4d37ac","messageTitle":"Add ViewSchedule Command class","messageBody":"","fileTypesAndContributionMap":{"functional-code":{"insertions":45,"deletions":0}}}]},{"date":"2022-10-09","commitResults":[{"hash":"4b687cc8c07c4526ec9438e78a3457209ec29e4f","messageTitle":"no message","messageBody":"","fileTypesAndContributionMap":{"functional-code":{"insertions":1,"deletions":2}}},{"hash":"297873c9be6dc1b0e41a1755fc6b1c6c21b79b27","messageTitle":"Fix a bug in AddStuCommand.java","messageBody":"","fileTypesAndContributionMap":{"functional-code":{"insertions":1,"deletions":1}}},{"hash":"3105a5137a62bde45a7f87618d0fe59fbb645d0a","messageTitle":"Set up ViewScheduleCommand.java","messageBody":"","fileTypesAndContributionMap":{"functional-code":{"insertions":67,"deletions":13}}}]},{"date":"2022-10-10","commitResults":[{"hash":"8f821b050cbb32d91333d70b528e157ca80ac145","messageTitle":"Finish ViewScheduleCommand v0.1","messageBody":"","fileTypesAndContributionMap":{"functional-code":{"insertions":15,"deletions":5}}},{"hash":"90ff395337fcfdaa014fc6a9d05cd95342ce8c93","messageTitle":"Set up ViewScheduleCommand v0.2","messageBody":"","fileTypesAndContributionMap":{"functional-code":{"insertions":92,"deletions":15}}},{"hash":"452c59610eac057c2b887df970d10fd5df7d2465","messageTitle":"Add AddScheduleCommand into AddressBookParser.java","messageBody":"","fileTypesAndContributionMap":{"functional-code":{"insertions":5,"deletions":1}}},{"hash":"87e5023dab211a9ba924cfdb39f8c49d8db1027b","messageTitle":"Fix checkstyle errors","messageBody":"","fileTypesAndContributionMap":{"functional-code":{"insertions":0,"deletions":4}}},{"hash":"1952be2c9ba5c88bd48565da1da51a789e9e3a34","messageTitle":"Fix checkstyle errors","messageBody":"","fileTypesAndContributionMap":{"functional-code":{"insertions":9,"deletions":20},"test-code":{"insertions":34,"deletions":0}}}]},{"date":"2022-10-11","commitResults":[{"hash":"391306b45558ea2a8ce81fd15de268d416a3732b","messageTitle":"Fix some bugs in AddScheduleCommand.java","messageBody":"","fileTypesAndContributionMap":{"functional-code":{"insertions":1,"deletions":1}}},{"hash":"12a146f213f37ee518f2dc79455075b14cf6c586","messageTitle":"Add ui for ViewScheduleCommand","messageBody":"","fileTypesAndContributionMap":{"functional-code":{"insertions":247,"deletions":15},"test-code":{"insertions":18,"deletions":14}}},{"hash":"09ebddf3ad08fb696b76098b1257d72b9d003800","messageTitle":"Fix checkstyle errors","messageBody":"","fileTypesAndContributionMap":{"functional-code":{"insertions":2,"deletions":2}}},{"hash":"987ead02e17f8766f0f8437970256f0b2afaff70","messageTitle":"Fix checkstyle errors","messageBody":"","fileTypesAndContributionMap":{"functional-code":{"insertions":1,"deletions":1}}},{"hash":"175bac29fd99d631d37940bf7efcde855a68aa41","messageTitle":"Fix some bugs","messageBody":"","fileTypesAndContributionMap":{"functional-code":{"insertions":12,"deletions":1}}}]},{"date":"2022-10-16","commitResults":[{"hash":"038c4c047a8d69eb2a1af3f1f698a1247d9a955e","messageTitle":"Improve ViewScheduleCommand by adding constraints on weekdays","messageBody":"","fileTypesAndContributionMap":{"functional-code":{"insertions":61,"deletions":38}}},{"hash":"2c2b063e0e7d3bff7b87d346b961970ae3a14b32","messageTitle":"Finish viewScheduleCommand with keyword constraints","messageBody":"","fileTypesAndContributionMap":{"functional-code":{"insertions":132,"deletions":60},"other":{"insertions":11,"deletions":5}}},{"hash":"eb9f6d8a6e67a0b075575d9292e8324c58021f60","messageTitle":"Fix bugs of Schedule button on menubar by using new function handleShowTabAllSchedule() instead of handleShowTabSchedule()","messageBody":"","fileTypesAndContributionMap":{"functional-code":{"insertions":24,"deletions":1}}},{"hash":"de2b300b60c391488fe1679cb1ee2766a322e61b","messageTitle":"Add test for ViewModuleScheduleCommand","messageBody":"","fileTypesAndContributionMap":{"functional-code":{"insertions":12,"deletions":2},"test-code":{"insertions":126,"deletions":0}}},{"hash":"e05acf7b16555d3022995e1939fd29326f7652e5","messageTitle":"Fix some checkstyle errors","messageBody":"","fileTypesAndContributionMap":{"test-code":{"insertions":0,"deletions":17}}}]},{"date":"2022-10-19","commitResults":[{"hash":"1ee079ea0206df115d3d8497201aa45fb2e25f62","messageTitle":"Fix bugs for updateFilteredScheduleList in ModelManager.java","messageBody":"","fileTypesAndContributionMap":{"functional-code":{"insertions":5,"deletions":2}}},{"hash":"47dc3d2fe588239c22f78fabe8e249a153bf6c22","messageTitle":"Fix some checkstyle errors","messageBody":"","fileTypesAndContributionMap":{"test-code":{"insertions":2,"deletions":2}}},{"hash":"7e19a1add20772d055c19173d67cab52e3d27846","messageTitle":"Fix bugs of \"Students\", \"Modules\" on the  menubar","messageBody":"","fileTypesAndContributionMap":{"functional-code":{"insertions":69,"deletions":33},"test-code":{"insertions":1,"deletions":0}}}]},{"date":"2022-10-20","commitResults":[{"hash":"a1e83628ba73de7b31793f45960383d21736a313","messageTitle":"Add ClearScheduleCommand","messageBody":"","fileTypesAndContributionMap":{"functional-code":{"insertions":149,"deletions":21},"other":{"insertions":17,"deletions":9},"test-code":{"insertions":11,"deletions":7}}},{"hash":"8370817894aeb7c48a7acad4bdb47a51780b52ce","messageTitle":"Fix some bugs for AddScheduleCommand","messageBody":"","fileTypesAndContributionMap":{"functional-code":{"insertions":6,"deletions":3}}},{"hash":"b75cece1931eb2daef88464ce4c30052185622d0","messageTitle":"Fix bugs in EditScheduleCommand","messageBody":"","fileTypesAndContributionMap":{"functional-code":{"insertions":52,"deletions":15}}},{"hash":"848ae4a744dfba21b2d114bcbee2c4ee2503809b","messageTitle":"Fix some bugs for ViewScheduleCommand","messageBody":"","fileTypesAndContributionMap":{"functional-code":{"insertions":2,"deletions":3}}},{"hash":"437536afb6512b41d01749f3c91205e0c1011f07","messageTitle":"Add Clear selected Schedule Command","messageBody":"","fileTypesAndContributionMap":{"functional-code":{"insertions":113,"deletions":18}}},{"hash":"9d3fdb60225ae0b3a973d70d78fb7b5d67224d2e","messageTitle":"Fix some checkstyle bugs","messageBody":"","fileTypesAndContributionMap":{"functional-code":{"insertions":17,"deletions":23},"test-code":{"insertions":82,"deletions":1}}}]}],"leongdl135":[{"date":"2022-09-26","commitResults":[{"hash":"5b4da6f5d6c1c43736ddafb9a68fea7ef2af6ccb","messageTitle":"Update AboutUs.md","messageBody":"","fileTypesAndContributionMap":{"docs":{"insertions":3,"deletions":3}}}]},{"date":"2022-09-27","commitResults":[{"hash":"1ecbd8d025aaef3ab2312fa2ba19713707b8e922","messageTitle":"Update UG","messageBody":"","fileTypesAndContributionMap":{"docs":{"insertions":13,"deletions":3}}},{"hash":"17d83330ddcba19cea9db72e8375e77a4fd455d8","messageTitle":"Add skeletal PPP","messageBody":"","fileTypesAndContributionMap":{"docs":{"insertions":31,"deletions":0}}}]},{"date":"2022-09-30","commitResults":[{"hash":"60c7ee6cb576270af5b10ff3e33395b639e5b31c","messageTitle":"Update DG user proifile and value proposition","messageBody":"","fileTypesAndContributionMap":{"docs":{"insertions":4,"deletions":2}}},{"hash":"f7dfffade6f00feac141cdc680ddd3dbda747f3f","messageTitle":"Update README","messageBody":"","fileTypesAndContributionMap":{"docs":{"insertions":9,"deletions":11}}},{"hash":"34e69284ea61cf4c1f01e35b3edd0119a9187855","messageTitle":"Fix spelling mistake","messageBody":"","fileTypesAndContributionMap":{"docs":{"insertions":2,"deletions":2}}},{"hash":"1bd2fd5e3ea4cf38313dfc9eaaa474d7f37fe336","messageTitle":"Fix header","messageBody":"","fileTypesAndContributionMap":{"docs":{"insertions":1,"deletions":1}}}]},{"date":"2022-10-01","commitResults":[{"hash":"3983868fd68fbaab574efb450c62dbc0ebff29a1","messageTitle":"Update UG to remove traces of AB3","messageBody":"","fileTypesAndContributionMap":{"docs":{"insertions":13,"deletions":15}}},{"hash":"bcac753160931cfcf28c3367f4ae34bc6874167d","messageTitle":"Update AboutUS portfolio link","messageBody":"","fileTypesAndContributionMap":{"docs":{"insertions":5,"deletions":5}}},{"hash":"96255d96483f735dab6e248843a100dc5ebc466a","messageTitle":"Update github link","messageBody":"","fileTypesAndContributionMap":{"docs":{"insertions":1,"deletions":1}}}]},{"date":"2022-10-05","commitResults":[{"hash":"84dac8a5c2b1e3b8d882b03bf25d1106be37ebcf","messageTitle":"Add Student Class","messageBody":"","fileTypesAndContributionMap":{"functional-code":{"insertions":345,"deletions":1}}}]},{"date":"2022-10-09","commitResults":[{"hash":"b2a1f626441c3338e0dc7b83e388ef3ee0f407eb","messageTitle":"Update Storage and basic UI","messageBody":"","fileTypesAndContributionMap":{"functional-code":{"insertions":130,"deletions":2}}},{"hash":"4b1b8e195323af4158ff4b570348aebc84af4e90","messageTitle":"Improve basic UI","messageBody":"","fileTypesAndContributionMap":{"functional-code":{"insertions":20,"deletions":22}}}]},{"date":"2022-10-10","commitResults":[{"hash":"b7a4e8d11a0bbeb488d872d5e1ff01dd38d9309e","messageTitle":"Update Sample Data for ProfNUS","messageBody":"","fileTypesAndContributionMap":{"functional-code":{"insertions":23,"deletions":16}}},{"hash":"67be7a72e81cfacac93b7eca2af03fbe506fce52","messageTitle":"Remove Add Command","messageBody":"","fileTypesAndContributionMap":{"functional-code":{"insertions":0,"deletions":4}}},{"hash":"61e0cc663cf08da5728c74f64064b3711aef59aa","messageTitle":"Update test cases for Students","messageBody":"","fileTypesAndContributionMap":{"test-code":{"insertions":220,"deletions":24}}},{"hash":"6d340535e7f620fd782bfec1831be330c9b749e2","messageTitle":"Add StudentId class and Telegram Handle class","messageBody":"","fileTypesAndContributionMap":{"functional-code":{"insertions":162,"deletions":26},"test-code":{"insertions":103,"deletions":11}}}]},{"date":"2022-10-11","commitResults":[{"hash":"d485babb2fb1c23d1f0194b328c7d48cda8bbf3f","messageTitle":"Add ModuleCode collection to student class","messageBody":"","fileTypesAndContributionMap":{"functional-code":{"insertions":154,"deletions":33},"test-code":{"insertions":24,"deletions":19}}},{"hash":"d4ebd8c536b8f29f815f18b8eb04418916b90d27","messageTitle":"Update sample data util","messageBody":"","fileTypesAndContributionMap":{"functional-code":{"insertions":32,"deletions":7}}},{"hash":"8f5f985deffd0d826f9380169a619b4d1904e180","messageTitle":"Revert \"Update sample data util\"","messageBody":"This reverts commit d4ebd8c536b8f29f815f18b8eb04418916b90d27.\n","fileTypesAndContributionMap":{"functional-code":{"insertions":7,"deletions":32}}}]},{"date":"2022-10-12","commitResults":[{"hash":"5c770c3c528338f5d9fd418075fba3bd771283e2","messageTitle":"Update app title","messageBody":"","fileTypesAndContributionMap":{"functional-code":{"insertions":1,"deletions":1}}}]},{"date":"2022-10-14","commitResults":[{"hash":"f7d65c0c598e26e615cf7f7d109ddb26c95f7a9d","messageTitle":"Add TA field in student class","messageBody":"","fileTypesAndContributionMap":{"functional-code":{"insertions":55,"deletions":15},"test-code":{"insertions":68,"deletions":1}}},{"hash":"3f60d762e4656bd6e2ffd3597d650357db616984","messageTitle":"Update help url","messageBody":"","fileTypesAndContributionMap":{"functional-code":{"insertions":1,"deletions":1}}}]},{"date":"2022-10-15","commitResults":[{"hash":"e0786efce365771a79e80b6bd0515e25bdd66e10","messageTitle":"Update Prefix for module code","messageBody":"","fileTypesAndContributionMap":{"functional-code":{"insertions":6,"deletions":7},"test-code":{"insertions":4,"deletions":4}}},{"hash":"76a15373d08c4cb5a7f347f589793893dd0c6892","messageTitle":"Update constant name","messageBody":"","fileTypesAndContributionMap":{"functional-code":{"insertions":3,"deletions":3},"test-code":{"insertions":1,"deletions":1}}}]},{"date":"2022-10-17","commitResults":[{"hash":"47a0681e12f9bd210bc7e0e918096b08bbb78805","messageTitle":"Add tests for editstu command","messageBody":"","fileTypesAndContributionMap":{"functional-code":{"insertions":480,"deletions":5},"test-code":{"insertions":471,"deletions":31}}},{"hash":"20cf130f638222d7bc5e1b2e5fb265f8798ea54c","messageTitle":"Update parser test case and remove edit command","messageBody":"","fileTypesAndContributionMap":{"functional-code":{"insertions":21,"deletions":333},"other":{"insertions":77,"deletions":33},"test-code":{"insertions":77,"deletions":371}}},{"hash":"5767bded31b1b641f903e225139f82bedb0982ca","messageTitle":"Update AddressBookParse","messageBody":"","fileTypesAndContributionMap":{"functional-code":{"insertions":1,"deletions":1}}}]},{"date":"2022-10-18","commitResults":[{"hash":"ab737479c730417ba5fd1247f7f78702844cfd38","messageTitle":"Update minor javadoc\u0027s issues","messageBody":"","fileTypesAndContributionMap":{"functional-code":{"insertions":3,"deletions":3}}},{"hash":"9a8548bf32fde282b977ead8b858e90cc9904a70","messageTitle":"Update UI for mview command","messageBody":"","fileTypesAndContributionMap":{"functional-code":{"insertions":72,"deletions":41}}},{"hash":"29dd119caf9871f541a5aa7b47a2487989885841","messageTitle":"Fix editstu bug","messageBody":"","fileTypesAndContributionMap":{"functional-code":{"insertions":7,"deletions":0}}}]},{"date":"2022-10-19","commitResults":[{"hash":"3b6db92a7403c293ef1a3fc10cefd112206e1102","messageTitle":"Add editta method","messageBody":"","fileTypesAndContributionMap":{"functional-code":{"insertions":227,"deletions":3}}},{"hash":"6af6849b1f2bbe2ee388f0893137bd9db76b022a","messageTitle":"Fix checkstyle issues","messageBody":"","fileTypesAndContributionMap":{"functional-code":{"insertions":19,"deletions":20}}}]},{"date":"2022-10-20","commitResults":[{"hash":"960482c19c4e50ea0256e9df3c8c03a552197064","messageTitle":"Update colour for student card","messageBody":"","fileTypesAndContributionMap":{"functional-code":{"insertions":8,"deletions":1}}},{"hash":"9573ee1953d6c9a32100c420b3c6ecac4db91dce","messageTitle":"Update javadoc issues","messageBody":"","fileTypesAndContributionMap":{"functional-code":{"insertions":11,"deletions":5}}},{"hash":"d0302fa98d42a54adb92b218a1f3b1f7387be7db","messageTitle":"Update DG","messageBody":"","fileTypesAndContributionMap":{"docs":{"insertions":92,"deletions":0}}},{"hash":"640a4b77c465c9dbd7d48658f35a7771cf888655","messageTitle":"Update Student class in DG","messageBody":"","fileTypesAndContributionMap":{"docs":{"insertions":16,"deletions":3}}}]},{"date":"2022-10-21","commitResults":[{"hash":"eb3a17b249c10fadde740c990e6c2f8a3de89fea","messageTitle":"Update DG","messageBody":"","fileTypesAndContributionMap":{"functional-code":{"insertions":1,"deletions":1},"docs":{"insertions":161,"deletions":74}}},{"hash":"8d68bd1b180e9cae525cc4881e0ab0c300c16646","messageTitle":"Fix bug","messageBody":"","fileTypesAndContributionMap":{"docs":{"insertions":74,"deletions":74}}},{"hash":"a72fa2153e7308879260c05fccbac20821ffd268","messageTitle":"Fix Bug","messageBody":"","fileTypesAndContributionMap":{"docs":{"insertions":2,"deletions":0}}},{"hash":"6aeb229fdfdfb3b625075e2624157606e78695bd","messageTitle":"Fix Sample data util bug","messageBody":"","fileTypesAndContributionMap":{"functional-code":{"insertions":7,"deletions":7},"other":{"insertions":1,"deletions":1}}},{"hash":"53a8c74b06d2c41598b6ce6609f7e6f4083f45fc","messageTitle":"Update css","messageBody":"","fileTypesAndContributionMap":{"functional-code":{"insertions":0,"deletions":2}}}]}],"bryanngzh":[{"date":"2022-09-26","commitResults":[{"hash":"47de971845a9348fb2b4eebdbacd01dba0118582","messageTitle":"Add profile picture in AboutUs","messageBody":"","fileTypesAndContributionMap":{"docs":{"insertions":3,"deletions":4}}}]},{"date":"2022-09-27","commitResults":[{"hash":"d7e3a399759c338d673b03ec478a6fbc6e96c067","messageTitle":"Add mlist to UG","messageBody":"","fileTypesAndContributionMap":{"docs":{"insertions":10,"deletions":1}}},{"hash":"a4f8f787775af11fb25ef1e8ccbf02423aa8d371","messageTitle":"Add skeletal PPP","messageBody":"","fileTypesAndContributionMap":{"docs":{"insertions":31,"deletions":0}}}]},{"date":"2022-09-30","commitResults":[{"hash":"7f35fcbcc37822758774e7a878c6da9d212d9604","messageTitle":"Update use cases","messageBody":"","fileTypesAndContributionMap":{"docs":{"insertions":112,"deletions":7}}}]},{"date":"2022-10-02","commitResults":[{"hash":"ecbe104db3260f0f71aeb4be70640c7932a81bb3","messageTitle":"Add module class","messageBody":"","fileTypesAndContributionMap":{"functional-code":{"insertions":261,"deletions":0}}},{"hash":"a04444ab39510e46e7d7c77c931338b1687d4ca6","messageTitle":"Fix checkstyle","messageBody":"","fileTypesAndContributionMap":{"functional-code":{"insertions":0,"deletions":3}}}]},{"date":"2022-10-05","commitResults":[{"hash":"223e86e008144c91c92725c320b90609dea03af0","messageTitle":"Update module class","messageBody":"","fileTypesAndContributionMap":{"functional-code":{"insertions":340,"deletions":2}}},{"hash":"09c32b0df951e24f4907a1c10245efde64e1f506","messageTitle":"Fix checkstyle","messageBody":"","fileTypesAndContributionMap":{"functional-code":{"insertions":1,"deletions":1}}},{"hash":"bd96c12a64a682ea2fda9b374541049248a99e3f","messageTitle":"Fix checkstyle","messageBody":"","fileTypesAndContributionMap":{"test-code":{"insertions":1,"deletions":1}}}]},{"date":"2022-10-10","commitResults":[{"hash":"06adb24862d59377f0e89236833821efd5551f1e","messageTitle":"Add mlist command","messageBody":"","fileTypesAndContributionMap":{"functional-code":{"insertions":302,"deletions":11},"test-code":{"insertions":50,"deletions":7}}},{"hash":"a78eb77e868bd91b0052ee0f0321a74cbe3b7cb2","messageTitle":"Fix CommandResultTest test cases","messageBody":"","fileTypesAndContributionMap":{"functional-code":{"insertions":4,"deletions":2}}},{"hash":"dc1db002218a1778eccff50ae24e1959ae000f31","messageTitle":"Fix ModuleListCommand and ListCommand test cases","messageBody":"","fileTypesAndContributionMap":{"test-code":{"insertions":10,"deletions":3}}}]},{"date":"2022-10-11","commitResults":[{"hash":"2271d2f85e0775488afdbb3771f4ef18aaab1861","messageTitle":"Add mview command","messageBody":"","fileTypesAndContributionMap":{"functional-code":{"insertions":229,"deletions":17},"test-code":{"insertions":24,"deletions":0}}},{"hash":"c3e78aa742e04e55d8132a96a35c42e25821271a","messageTitle":"Fix StudentContainsModulePredicate javadocs","messageBody":"","fileTypesAndContributionMap":{"functional-code":{"insertions":1,"deletions":1}}},{"hash":"32d294b2fac20c69a4034f4c54e6e0a9c3944760","messageTitle":"Merge with schedule code","messageBody":"","fileTypesAndContributionMap":{"test-code":{"insertions":6,"deletions":0}}}]},{"date":"2022-10-15","commitResults":[{"hash":"14c41c7fc23a9e40d4d1cb0d0d12c40ac400170b","messageTitle":"Update GUI to show correct page for each command","messageBody":"","fileTypesAndContributionMap":{"functional-code":{"insertions":22,"deletions":8},"test-code":{"insertions":51,"deletions":20}}}]},{"date":"2022-10-16","commitResults":[{"hash":"c26147920b8fca700f4c4024e4a6ef52a1b5c5fe","messageTitle":"Add test cases for Module in logic package","messageBody":"","fileTypesAndContributionMap":{"test-code":{"insertions":137,"deletions":0}}},{"hash":"a9f43de86713a2870cdcc53b1f4a5fbd4ad5ac7c","messageTitle":"Fix typo in javadocs","messageBody":"","fileTypesAndContributionMap":{"test-code":{"insertions":1,"deletions":1}}}]},{"date":"2022-10-17","commitResults":[{"hash":"1280b3aa02b376ed6f816a9a688e5a181016f70a","messageTitle":"Add tutorlist to show on mview page","messageBody":"","fileTypesAndContributionMap":{"functional-code":{"insertions":608,"deletions":25},"test-code":{"insertions":161,"deletions":0}}}]},{"date":"2022-10-18","commitResults":[{"hash":"1218337354ea83eff9d5840b7c391a7dea07a933","messageTitle":"Add test cases for tutors","messageBody":"","fileTypesAndContributionMap":{"test-code":{"insertions":370,"deletions":0}}},{"hash":"20ac5a9b33c49024a5da548248ef8cc3139eabf9","messageTitle":"Fix javadoc comments","messageBody":"","fileTypesAndContributionMap":{"functional-code":{"insertions":3,"deletions":3}}}]},{"date":"2022-10-20","commitResults":[{"hash":"bf825deba03cd908efa9e551411da6980b380a6f","messageTitle":"Add DG with mview implementation","messageBody":"","fileTypesAndContributionMap":{"docs":{"insertions":110,"deletions":72}}},{"hash":"b8c2e415e5c407e087c4a778c873af055667f827","messageTitle":"Fix whitspaces for checkstyle","messageBody":"","fileTypesAndContributionMap":{"docs":{"insertions":22,"deletions":23}}}]}]},"authorFileTypeContributionMap":{"drkkjh":{"docs":221,"functional-code":1006,"test-code":1496,"other":3},"lizekai-richard":{"docs":162,"functional-code":1101,"test-code":1036},"myangat0343":{"docs":77,"functional-code":872,"test-code":236},"leongdl135":{"docs":246,"functional-code":1557,"test-code":1004,"other":1},"bryanngzh":{"docs":247,"functional-code":1736,"test-code":839}},"authorContributionVariance":{"drkkjh":41037.14,"lizekai-richard":46461.15,"myangat0343":17460.447,"leongdl135":109072.47,"bryanngzh":28416.682},"authorDisplayNameMap":{"drkkjh":"CS2103T-W11-2 KHOO..RICK","lizekai-richard":"CS2103T-W11-2 LI Z..EKAI","myangat0343":"CS2103T-W11-2 YANG..YANG","leongdl135":"CS2103T-W11-2 LEON..NIEL","bryanngzh":"CS2103T-W11-2 BRYA.. HAO"}}
